tree
version=v4
num_class=1
num_tree_per_iteration=1
label_index=0
max_feature_idx=16
objective=binary sigmoid:1
feature_names=timeline_elapsed_fraction physical_progress_pct financial_progress_pct cost_revision_ratio schedule_variance_ratio milestone_completion_ratio complexity_index funding_stability agency_track_record land_acquisition_ease monsoon_exposure contractor_concentration state_project_load sector_risk_factor original_duration_days days_elapsed budget_utilization_ratio
feature_infos=[0.016949152542372801:1] [0:1] [0:1.5] [1:2.8736208179800604] [0:2.391783324816469] [0:1] [0.21499698906828171:0.98526970948528825] [0.18990811385480821:1] [0.26973030104552831:1] [0.094628220438093394:0.8723117987626432] [0.0094654099132994995:0.75384491693491673] [0.032974040368781501:0.75915141550295451] [0.051150598167189802:0.9468937066415708] [0.369042389747333:0.90550677910428123] [1490:2222] [25:2222] [0:1.0671509308542175]
tree_sizes=3323 3370 3364 3361 3365 3354 3369 3361 3361 3366 3386 3372 3364 3367 3362 3375 3373 3378 3368 3368 3372 3397 3383 3385 3384 3395 3383 3380 3385 3385 3390 3388 3395 3405 3405 3409 3408 3404 3407 3410 3423 3410 3415 3418 3421 3424 3419 3421 3436 3458 3416 3440 3437 3435 3442 3448 3448 3461 3471 3464 3480 3464 3475 3485 3478 3492 3489 3482 3482 3485 3493 3494 3488 3505 3504 3514 3507 3523 3526 3517 3522 3527 3534 3540 3539 3541 3554 3543 3557 3544 3545 3567 3570 3571 3574 3574 3568 3579 3583 3595

Tree=0
num_leaves=31
num_cat=0
split_feature=14 3 6 9 13 6 8 3 13 11 3 9 6 11 3 6 6 13 9 12 11 6 6 9 6 6 12 4 6 7
split_gain=8401.32 3781.64 1485.32 401.169 382.071 142.614 177.149 164.454 104.922 103.781 92.1539 45.9492 61.5589 159.072 175.091 36.9867 201.731 36.9113 131.563 46.2575 35.1536 57.3606 20.8636 128.175 102.882 45.22 13.7956 9.3034 5.42836 1.98421
threshold=2061.0000000000005 1.2311298316144719 0.75151815862880977 0.31995449794228076 0.59489630784267056 0.70510798320188051 0.70707033421145393 1.0002466771110343 0.76902929127982855 0.75107877218269092 1.0002720006616583 0.46838279998027149 0.56348206296185543 0.19405599448881908 1.0003701833543546 0.47237988841394524 0.44318908101480253 0.5608885728417331 0.44800758077884245 0.52352485115783931 0.19314591542385567 0.59145745509731806 0.64433494122081492 0.5266490001452292 0.66462849728986706 0.64610412089135416 0.81468257033920433 0.098856338560489462 0.56348206296185543 0.95726887691796414
decision_type=2 2 2 2 2 2 2 2 2 2 2 2 2 2 2 2 2 2 2 2 2 2 2 2 2 2 2 2 2 2
left_child=15 2 3 -2 28 9 7 -7 10 11 -4 12 26 14 -14 16 -1 18 19 -15 21 -6 29 24 -24 -25 -5 -28 -3 -13
right_child=1 4 8 5 20 6 -8 -9 -10 -11 -12 22 13 17 -16 -17 -18 -19 -20 -21 -22 -23 23 25 -26 -27 27 -29 -30 -31
leaf_value=-0.71677142593951881 -0.71677142593951881 -0.8293557184582605 -1.2301557998249808 -1.257176030029479 -1.2571760300294788 -1.2571760300294788 -1.257176030029479 -0.71677142593951881 -1.257176030029479 -0.71677142593951881 -0.71677142593951881 -1.2559016215506449 -1.2571760300294788 -1.257176030029479 -0.71677142593951881 -0.71677142593951881 -1.257176030029479 -1.257176030029479 -0.71677142593951881 -0.95319844022887634 -1.257176030029479 -0.81213694430833527 -1.257176030029479 -0.99427649290463349 -0.71677142593951881 -1.257176030029479 -1.0723007707355452 -1.257176030029479 -0.71736074393743587 -1.2343741480003667
leaf_weight=40.525191977620125 14.618676558136938 4.4411169290542594 3.7009307742118827 169.31758292019367 5.3663496226072329 8.3270942419767398 27.386887729167938 17.394374638795853 4.2560703903436652 3.7009307742118827 63.285916239023209 1804.758892044425 9.9925130903720873 32.383144274353981 14.988769635558127 404.69678016006947 8.3270942419767362 69.392452016472816 6.2915823161602011 5.9214892387390128 12.768211171030996 6.291582316160202 5.9214892387390128 6.8467219322919837 8.6971873193979246 147.29704481363297 7.031768471002577 4.4411169290542603 169.68767599761486 43.85602967441082
leaf_count=219 79 24 20 915 29 45 148 94 23 20 342 9753 54 175 81 2187 45 375 34 32 69 34 32 37 47 796 38 24 917 237
internal_value=-1.1247 -1.1921 -1.22572 -1.23903 -0.772172 -1.24222 -1.08018 -0.891723 -0.775725 -1.2459 -0.745135 -1.24674 -1.21152 -1.16147 -0.932933 -0.726693 -0.808886 -1.21156 -1.14057 -1.21018 -1.14254 -1.017 -1.25232 -1.21866 -0.935669 -1.2455 -1.24999 -1.14387 -0.720217 -1.25539
internal_weight=3131.91 2678.36 2479.81 2408.57 198.555 2393.95 53.1084 25.7215 71.2429 2340.84 66.9868 2337.14 319.76 138.97 24.9813 453.549 48.8523 113.989 44.5962 38.3046 24.4261 11.6579 2017.38 168.762 14.6187 154.144 180.79 11.4729 174.129 1848.61
internal_count=16925 14474 13401 13016 1073 12937 287 139 385 12650 362 12630 1728 751 135 2451 264 616 241 207 132 63 10902 912 79 833 977 62 941 9990
is_linear=0
shrinkage=1


Tree=1
num_leaves=31
num_cat=0
split_feature=14 3 6 9 13 11 9 6 13 8 8 8 12 12 11 6 13 4 6 6 6 9 12 6 6 9 8 2 6 3
split_gain=5847.83 2822.48 1122.19 297.143 268.147 115.607 91.7318 107.526 138.711 110.344 91.9086 78.5874 64.0544 65.461 33.5601 40.0835 24.4341 22.4834 18.0624 125.458 16.5526 61.1221 106.563 39.4456 15.1079 67.898 13.7411 9.3374 9.04761 2.42595
threshold=2061.0000000000005 1.2182695848680105 0.74411930287437345 0.31995449794228076 0.59489630784267056 0.10559491418142726 0.46838279998027149 0.56348206296185543 0.5031449976707919 0.67313742076591432 0.57690060879519545 0.66911299530007551 0.23725296678605509 0.68411627850879186 0.19314591542385567 0.59145745509731806 0.76902929127982855 0.013870284570537452 0.47237988841394524 0.44318908101480253 0.64433494122081492 0.5266490001452292 0.37418562813651329 0.64610412089135416 0.67658375378527491 0.45076856119741632 0.77357963100597937 0.28911569314173918 0.56348206296185543 1.1984424831133145
decision_type=2 2 2 2 2 2 2 2 2 2 2 2 2 2 2 2 2 2 2 2 2 2 2 2 2 2 2 2 2 2
left_child=18 2 3 -2 28 11 7 26 9 17 -10 -4 -12 24 15 -6 -7 -9 19 -1 29 22 -22 -23 -14 -26 -5 -28 -3 -8
right_child=1 4 5 6 14 16 20 8 10 -11 12 -13 13 -15 -16 -17 -18 -19 -20 -21 21 23 -24 -25 25 -27 27 -29 -30 -31
leaf_value=0.30478111296430543 0.30478111296430543 0.17850606636906341 0.30478111296430538 -0.12861959106118423 -0.12844562102587229 0.30512325517638217 -0.12680595762226748 0.13581495887750356 0.30478111296430543 0.31416913663961499 0.30478111296430543 -0.1286451961050826 -0.12844562102587234 0.30478111296430543 -0.12844888300631616 0.23581470797290063 0.13615786286258225 -0.13072450805532809 0.30478111296430543 -0.12844562102587234 0.30478111296430538 0.10978376844922851 -0.12844562102587234 -0.12844562102587234 -0.12844562102587231 0.30478111296430543 0.11838632116589985 -0.076775413871404061 0.30369407107378382 -0.064239035459051227
leaf_weight=48.278960958123207 16.974794492125511 5.9386480450630179 6.1726525425910959 157.68167155981064 5.0000549703836459 70.278705194592476 1715.3375569432974 4.675254449248313 6.6135562956333152 21.030519649386406 4.1885856539010993 12.980439320206642 82.414699167013168 3.9681337773799887 15.345975592732428 7.6321083903312683 9.7453458160161954 9.7953478246927244 482.12825395166874 7.7587059885263434 9.9203344434499758 7.2938610762357703 13.276008024811743 147.58782947063446 16.551906108856205 4.6294894069433203 3.6061966419219953 7.6564604640007019 207.08797061443329 6.2196354269981375
leaf_count=219 77 29 28 912 29 319 9939 23 30 97 19 75 478 18 89 36 49 55 2187 45 45 37 77 856 96 21 20 44 940 36
internal_value=-0.00130765 -0.0638619 -0.0974414 -0.112019 0.261978 0.231727 -0.115203 -0.0659188 -0.00544317 0.167928 -0.0574415 0.0110393 -0.0788779 -0.0938178 -0.0290815 0.0916334 0.284547 -0.0446092 0.298535 0.244799 -0.123578 -0.0945539 0.0568316 -0.117227 -0.109086 -0.0337579 -0.120998 -0.0142865 0.300204 -0.12658
internal_weight=3117.77 2579.6 2338.6 2239.42 241.005 99.1771 2222.45 322.812 153.867 35.5011 118.366 19.1531 111.753 107.564 27.9781 12.6322 80.0241 14.4706 538.166 56.0377 1899.64 178.078 23.1963 154.882 103.596 21.1814 168.944 11.2627 213.027 1721.56
internal_count=16925 14474 13351 12880 1123 471 12803 1813 837 175 662 103 632 613 154 65 368 78 2451 264 10990 1015 122 893 595 117 976 64 969 9975
is_linear=0
shrinkage=0.1


Tree=2
num_leaves=31
num_cat=0
split_feature=14 3 6 13 9 11 9 6 13 3 8 8 12 12 6 6 13 7 12 4 6 9 12 6 6 9 12 6 6 16
split_gain=4454.68 2273.96 865.261 255.733 226.146 81.0917 78.316 89.0694 107.328 76.9167 71.1607 56.6343 46.4337 44.3186 38.6563 36.7602 23.872 20.8518 14.594 14.3154 12.1217 46.4548 75.3585 25.9622 12.0839 49.1749 11.6006 11.0312 89.5438 9.27851
threshold=2061.0000000000005 1.1872213772209419 0.74411930287437345 0.59489630784267056 0.31995449794228076 0.10559491418142726 0.46838279998027149 0.56348206296185543 0.5031449976707919 1.0003701833543546 0.57690060879519545 0.66911299530007551 0.23725296678605509 0.68411627850879186 0.74411930287437345 0.53387135968422139 0.6105078905990805 0.64805348406480323 0.72575068183327041 0.037965519330288709 0.64433494122081492 0.5266490001452292 0.37418562813651329 0.64610412089135416 0.67658375378527491 0.45076856119741632 0.81468257033920433 0.47237988841394524 0.44318908101480253 0.37135614178371007
decision_type=2 2 2 2 2 2 2 2 2 2 2 2 2 2 2 2 2 2 2 2 2 2 2 2 2 2 2 2 2 2
left_child=27 2 4 15 -2 11 7 26 9 -9 -10 -4 -12 24 16 -3 -5 19 -11 -7 -8 22 -22 -23 -14 -26 -6 28 -1 -28
right_child=1 3 5 14 6 17 20 8 10 18 12 -13 13 -15 -16 -17 -18 -19 -20 -21 21 23 -24 -25 25 -27 29 -29 -30 -31
leaf_value=0.25098196712729992 0.25098196712729992 0.011213420234113791 0.25098196712729987 0.077537262610252178 -0.12517041389745695 0.19572682628494475 -0.12328047759362144 -0.12614728992461929 0.25098196712729992 0.2604694562635077 0.25098196712729992 -0.12518747201774208 -0.12501682220926344 0.25098196712729992 0.2068883845562085 0.2492244062238741 -0.12547058807017181 0.2532772488836324 0.089818374118088573 -0.043134667862375312 0.25098196712729987 0.072002307694012599 -0.12501682220926344 -0.12501682220926344 -0.12501682220926344 0.25098196712729992 0.07860403565643595 0.25098196712729992 -0.12501682220926344 -0.10820225484595364
leaf_weight=52.490916877985001 17.257287740707397 6.6702554225921622 5.9921137988567361 7.5566289126873007 145.30301848053932 6.4400964230298978 1591.4167721569538 8.3307460397481901 6.950852006673812 21.256755933165554 4.0746373832225791 12.0527313798666 74.590093374252319 3.5952682793140402 5.5811437517404547 238.92688611149788 24.811561077833176 71.412527695298195 6.5572749078273764 4.1104990541934967 9.5873820781707781 7.0325243175029746 12.004843354225157 136.69514966011047 14.725941181182863 4.5540064871311179 5.1950305849313718 524.1901151239872 7.2029060125350943 5.446342721581459
leaf_count=219 72 35 25 37 905 28 9922 51 29 90 17 75 466 15 26 1002 154 299 30 21 40 34 75 854 92 19 28 2187 45 33
internal_value=-0.00195064 -0.0609284 -0.0956591 0.205429 -0.109509 0.191639 -0.112533 -0.0653646 -0.00884076 0.140402 -0.0585624 -0.000273677 -0.0797521 -0.0935788 -0.0361674 0.24276 -0.0780767 0.23389 0.220238 0.102667 -0.120603 -0.0948306 0.0419342 -0.115377 -0.106776 -0.0362043 -0.117789 0.246344 0.205612 -0.017005
internal_weight=3042.01 2458.13 2174.58 283.546 2074.57 100.008 2057.32 300.58 144.636 36.1448 108.491 18.0448 101.54 97.4653 37.9493 245.597 32.3682 81.9631 27.814 10.5506 1756.74 165.32 21.5922 143.728 93.87 19.2799 155.944 583.884 59.6938 10.6414
internal_count=16925 14474 13220 1254 12772 448 12700 1775 809 171 638 100 609 592 217 1037 191 348 120 49 10925 1003 115 888 577 111 966 2451 264 61
is_linear=0
shrinkage=0.1


Tree=3
num_leaves=31
num_cat=0
split_feature=14 6 3 9 3 13 11 10 6 12 7 6 9 13 10 6 3 11 7 7 16 8 6 6 8 3 12 6 6 9
split_gain=3553.38 1889.37 768.422 190.056 116.846 100.051 53.4232 50.4113 42.9345 122.812 69.9035 34.4927 73.6012 82.6501 84.2046 85.7861 70.569 49.8269 15.0212 58.5384 8.29379 7.92824 7.54263 68.4662 6.35383 10.0848 6.20326 23.1607 4.84883 2.07602
threshold=2061.0000000000005 0.70510798320188051 1.2476453896658557 0.31995449794228076 1.0002466771110343 0.61574095724430145 0.75107877218269092 0.7289567180112273 0.76840133973610147 0.41322511889933156 0.6138681376613786 0.56348206296185543 0.52570328268383848 0.5608885728417331 0.26743070011405456 0.66462849728986706 1.0003701833543546 0.21631192568892588 0.55674469929331505 0.54549638757514485 0.68734739610757656 0.67850312236992705 0.47237988841394524 0.44318908101480253 0.69209022131667453 1.0480715876649989 0.84301939105352497 0.53387135968422139 0.6199196593005557 0.56135987980397861
decision_type=2 2 2 2 2 2 2 2 2 2 2 2 2 2 2 2 2 2 2 2 2 2 2 2 2 2 2 2 2 2
left_child=22 2 3 -2 -3 20 7 11 9 10 -6 26 13 14 16 -16 -13 -15 19 -14 -4 28 23 -1 -11 -26 -5 -28 -18 -20
right_child=1 4 5 6 8 -7 -8 -9 -10 24 -12 12 18 17 15 -17 21 -19 29 -21 -22 -23 -24 -25 25 -27 27 -29 -30 -31
leaf_value=0.21746948458427384 0.21751830968463307 -0.12221334608170834 0.21799668198657512 -0.1214218397739862 0.21773285734314651 -0.12267648606235233 0.21750687296936497 0.21534153897169947 0.21828820691071318 0.22362937276678166 -0.12460217466871155 -0.12304178081462572 -0.12212333585971376 0.2211119657380746 -0.12341079906882657 0.21750086201121174 0.11924601885464775 -0.12215810712385276 -0.1037435982625184 0.31893280860824236 0.082327041883180407 0.31458636569993276 0.21746948458427384 -0.12207689842496257 -0.00043621843173206713 0.21766494269722914 -0.12217979919969919 0.11438606766825997 0.21675867007651994 -0.12248816607336328
leaf_weight=54.396696209907532 17.883243650197983 12.491640195250509 85.159001246094704 1305.8815559446812 8.1952733397483843 9.9959458410739881 4.9676070511341086 4.7258847355842581 187.13352619111538 58.2747712880373 21.916077375411987 7.8659477829933158 13.498737528920175 4.4552124738693228 37.502722531557083 9.1901111304759961 7.3032749295234742 83.1170923858881 73.130630627274513 3.8724922835826865 4.7577054202556601 6.1375091671943656 543.22180187702179 6.6662804782390586 3.464288190007208 5.4637666493654251 18.869595631957058 5.3012405931949607 16.898078739643097 307.6497714817524
leaf_count=219 72 84 345 8775 33 67 20 19 754 236 141 52 91 18 248 37 35 560 489 18 21 29 2187 45 20 22 127 31 68 2062
internal_value=-0.00231546 -0.0584632 -0.0929553 -0.106967 0.177126 0.177453 -0.110004 -0.110858 0.190272 0.136396 -0.0314304 -0.111669 -0.0911021 -0.0365344 0.033773 -0.0563124 0.143873 -0.104694 -0.11474 -0.0238006 0.210818 0.213075 0.213724 0.180401 0.211594 0.133037 -0.120493 -0.0702953 0.187332 -0.118888
internal_weight=2929.39 2325.1 2028.16 1928.25 296.939 99.9127 1910.37 1905.4 284.448 97.3142 30.1114 1900.67 570.622 172.47 84.8976 46.6928 38.2048 87.5723 398.152 17.3712 89.9167 30.3389 604.285 61.063 67.2028 8.92805 1330.05 24.1708 24.2014 380.78
internal_count=16925 14474 13184 12751 1290 433 12679 12659 1206 452 174 12640 3707 1047 469 285 184 578 2660 109 366 132 2451 264 278 42 8933 158 103 2551
is_linear=0
shrinkage=0.1


Tree=4
num_leaves=31
num_cat=0
split_feature=14 6 3 9 3 13 9 6 11 3 8 13 6 9 6 12 7 6 9 6 6 16 3 6 6 3 3 0 7 7
split_gain=2916.11 1599.15 658.019 162.167 93.5893 79.372 46.3396 51.4876 65.0317 54.0905 54.066 39.3213 45.8442 64.3226 32.4938 96.0079 58.6865 16.4714 66.0007 31.4249 27.202 6.99037 12.5635 5.52095 54.5525 5.15381 2.48276 62.9313 0.984856 5.23577
threshold=2061.0000000000005 0.70510798320188051 1.2476453896658557 0.31995449794228076 1.0002466771110343 0.61574095724430145 0.46838279998027149 0.56348206296185543 0.19405599448881908 1.0003701833543546 0.85568008247624761 0.5608885728417331 0.59580501800135299 0.44800758077884245 0.76840133973610147 0.41322511889933156 0.6138681376613786 0.64433494122081492 0.5266490001452292 0.66462849728986706 0.64610412089135416 0.62791216450432097 1.5475954049679717 0.47237988841394524 0.44318908101480253 1.0104624936819859 1.0975855257992129 0.6066017316017317 0.95726887691796414 0.96894072999049963
decision_type=2 2 2 2 2 2 2 2 2 2 2 2 2 2 2 2 2 2 2 2 2 2 2 2 2 2 2 2 2 2
left_child=23 2 3 -2 -3 21 7 10 9 -9 -5 12 -10 -14 15 16 -6 26 19 -19 -20 -4 -23 24 -1 -17 28 -28 -8 -30
right_child=1 4 5 6 14 -7 17 8 11 -11 -12 -13 13 -15 -16 25 -18 18 20 -21 -22 22 -24 -25 -26 -27 27 -29 29 -31
leaf_value=0.19451031898873838 0.19454499808296866 -0.11965800069470454 0.19814546240306849 -0.11991656731704597 0.19469730784863162 -0.12007770985187079 -0.11865276713815645 -0.11951377294650312 0.19995268826696361 0.19629092729634981 0.32779168312668983 -0.11959599489292748 -0.12130268831346586 0.19458534865624202 0.19510445196117504 0.11279984456797261 -0.12175022057663559 -0.11951377294650307 0.070211137243713598 0.19456786135557028 -0.1196312736812085 -0.0086715111177019504 0.20489087249084445 0.19451031898873838 -0.11953982492602816 0.19844730157284851 0.30416241109357173 -0.12064620041326915 -0.011170722268400119 -0.12006190710717463
leaf_weight=54.706388533115387 17.985842749476433 11.531797662377356 79.553126007318497 133.65918911993504 8.2438745647668856 9.2303310632705671 1274.1333936303854 7.3773303329944637 9.7398560494184476 20.479000017046928 2.7528860718011847 52.301696866750717 26.742009967565536 8.4934162199497205 188.32487317919731 7.9592234939336768 20.270951613783836 4.3717513084411648 8.1084794849157316 11.740838766098021 109.13147820532322 4.7961030900478345 6.4714599847793579 546.31448274850845 6.1532986164093009 59.912747889757156 3.6718566417694083 69.351510375738144 5.4003655016422298 24.216464400291443
leaf_count=219 72 84 319 968 33 67 9277 54 39 82 13 382 189 34 754 38 141 32 37 47 796 21 26 2187 45 240 23 495 37 174
internal_value=-0.00254662 -0.0563975 -0.0902625 -0.104215 0.159624 0.15931 -0.107248 -0.0683865 -0.0220612 0.112655 -0.110882 -0.0606387 0.00792273 -0.0451586 0.170936 0.123714 -0.0302626 -0.113978 -0.0804209 0.10935 -0.106502 0.187704 0.113987 0.191328 0.162758 0.188404 -0.117229 -0.0992854 -0.118234 -0.100207
internal_weight=2793.13 2185.95 1889.71 1789.66 296.243 100.051 1771.67 261.545 125.133 27.8563 136.412 97.277 44.9753 35.2354 284.712 96.3868 28.5148 1510.13 133.353 16.1126 117.24 90.8207 11.2676 607.174 60.8597 67.872 1376.77 73.0234 1303.75 29.6168
internal_count=16925 14474 13184 12751 1290 433 12679 1761 780 136 981 644 262 223 1206 452 174 10918 912 79 833 366 47 2451 264 278 10006 518 9488 211
is_linear=0
shrinkage=0.1


Tree=5
num_leaves=31
num_cat=0
split_feature=14 6 3 9 3 13 9 6 11 3 8 13 6 9 6 12 7 6 9 6 6 16 8 3 6 6 7 7 0 3
split_gain=2439.56 1370.53 569.827 132.47 76.8509 73.5616 42.1812 45.8754 54.5014 44.5536 43.4765 35.0233 37.9765 55.025 25.852 76.9265 50.0317 15.4712 57.5482 26.0194 24.577 11.2348 5.11633 7.91077 4.2284 44.6668 2.39081 11.6817 4.68514 1.12762
threshold=2061.0000000000005 0.70510798320188051 1.2390000898492741 0.31995449794228076 1.0002466771110343 0.61574095724430145 0.46838279998027149 0.56348206296185543 0.19405599448881908 1.0003701833543546 0.85568008247624761 0.5608885728417331 0.59580501800135299 0.44800758077884245 0.76840133973610147 0.41322511889933156 0.6138681376613786 0.64433494122081492 0.5266490001452292 0.66462849728986706 0.64610412089135416 0.70762594483953389 0.69209022131667453 1.0480715876649989 0.47237988841394524 0.44318908101480253 0.95726887691796414 0.96894072999049963 0.45049019607843138 1.0975855257992129
decision_type=2 2 2 2 2 2 2 2 2 2 2 2 2 2 2 2 2 2 2 2 2 2 2 2 2 2 2 2 2 2
left_child=24 2 3 -2 -3 21 7 10 9 -9 -5 12 -10 -14 15 16 -6 26 19 -19 -20 -4 -17 -24 25 -1 29 28 -28 -8
right_child=1 4 5 6 14 -7 17 8 11 -11 -12 -13 13 -15 -16 22 -18 18 20 -21 -22 -23 23 -25 -26 -27 27 -29 -30 -31
leaf_value=0.17780445125813013 0.17781647843159021 -0.11744111210136975 0.17731164151923504 -0.11766944894687506 0.17794383248299095 -0.11775122254114825 -0.11636515744049361 -0.11731558739824466 0.18187198585699157 0.17916424303705369 0.26444711169994334 -0.1173882701251457 -0.11890018121130611 0.17786038863529985 0.17825728349597511 0.18183726117131518 -0.1192815525556455 -0.11731558739824471 0.061747527215239843 0.17784735306303096 -0.11741840867069991 0.017464100312563558 -0.01316219651068456 0.17761263500741287 0.17780445125813013 -0.11733824733243262 0.11683311374127206 -0.11799982048336131 -0.056947295978907353 -0.10257390097800552
leaf_weight=53.896841704845428 16.735411196947098 10.621201246976851 87.474874377250671 123.00459690392017 8.1232433617115039 9.887529253959654 1174.379502505064 6.7939064204692867 9.64100234210491 19.959837764501572 3.0514441281557074 47.791184276342392 24.660845205187798 8.368293344974516 185.62691132724285 58.288960129022598 18.701904267072678 4.0260186195373526 8.2875911742448789 11.567694202065466 100.51115690171719 4.6296764761209479 3.6321963071823102 5.4126061648130417 538.23010414838791 5.6668089330196372 3.2915045768022564 25.267536774277687 2.9345224648714066 62.438399404287338
leaf_count=219 68 84 355 967 33 78 9277 54 39 81 13 379 189 34 754 236 141 32 37 47 796 21 20 22 2187 45 21 196 20 480
internal_value=-0.00269746 -0.0546411 -0.0879444 -0.102101 0.146585 0.141451 -0.104964 -0.0665446 -0.0215111 0.103875 -0.10842 -0.058594 0.00725653 -0.0437126 0.156608 0.113928 -0.0292752 -0.111675 -0.0780204 0.101642 -0.103771 0.169277 0.170979 0.101002 0.175007 0.149725 -0.114976 -0.0877678 0.0349249 -0.115669
internal_weight=2642.9 2045.11 1754.7 1652.71 290.407 101.992 1635.98 243.271 117.215 26.7537 126.056 90.4613 42.6701 33.0291 279.786 94.1589 26.8251 1392.7 124.392 15.5937 108.799 92.1046 67.3338 9.0448 597.794 59.5637 1268.31 31.4936 6.22603 1236.82
internal_count=16925 14474 13184 12730 1290 454 12662 1756 776 135 980 641 262 223 1206 452 174 10906 912 79 833 376 278 42 2451 264 9994 237 41 9757
is_linear=0
shrinkage=0.1


Tree=6
num_leaves=31
num_cat=0
split_feature=14 3 6 13 9 0 6 10 11 3 11 6 9 0 13 3 11 11 10 10 6 11 8 7 10 11 6 11 16 12
split_gain=2069.16 1186.91 460.043 127.946 99.843 65.3785 32.9461 29.2152 27.843 27.2446 24.9153 21.038 43.3238 44.3592 51.0939 39.4021 23.5906 19.9641 19.5479 18.1261 28.3858 17.1213 10.7329 10.6339 34.8159 8.47914 23.5518 8.18484 7.96785 3.91993
threshold=2061.0000000000005 1.1677197295093269 0.70510798320188051 0.59489630784267056 0.31995449794228076 0.41742424242424242 0.53387135968422139 0.7289567180112273 0.75107877218269092 1.0002466771110343 0.19314591542385567 0.56348206296185543 0.52570328268383848 0.45049019607843138 0.5608885728417331 1.0003129563271911 0.21631192568892588 0.095411007887807611 0.18109440637033888 0.26743070011405456 0.66462849728986706 0.35498797263941129 0.67714496633406263 0.55674469929331505 0.09192859159907936 0.49250989166810227 0.81607124471542292 0.046738232178512508 0.73478546880730555 0.84301939105352497
decision_type=2 2 2 2 2 2 2 2 2 2 2 2 2 2 2 2 2 2 2 2 2 2 2 2 2 2 2 2 2 2
left_child=-1 2 4 6 -2 9 21 8 11 -4 17 29 13 14 15 -13 -16 -5 -7 -17 -21 -3 -19 24 -14 27 -27 -11 -8 -6
right_child=1 3 5 10 7 18 28 -9 -10 25 -12 12 23 -15 16 19 -18 22 -20 20 -22 -23 -24 -25 -26 26 -28 -29 -30 -31
leaf_value=0.16261074305229836 0.16512436799705932 -0.12500957868293641 -0.11549502282066765 -0.13093693765697817 -0.11469807021342418 0.17223788926174197 0.16507466469565418 0.16384806313357805 0.164511725849944 0.036709141520723444 -0.11678508313676597 -0.11588666321628255 0.24356228790330658 -0.11314754572410449 0.16469030878904972 0.17236794491327143 -0.11544812777088434 -0.013855194165035528 -0.10866135093542895 -0.11760882053988381 0.16512142465744029 0.16712444705994575 0.18351987025913272 -0.1122343513688534 -0.11546196173694033 -0.1189464471356579 0.16483795583225558 0.16535212061317742 0.028963509283695312 -0.069945529748579371
leaf_weight=579.88775876909494 13.853170216083525 6.194360598921774 4.1814948022365561 4.5409391224384335 1010.9870743229985 2.9167324900627163 245.26446310430765 4.0430957823991767 3.8138616085052481 5.2831612676382056 20.418972387909889 8.8278183043003065 3.6300411075353614 50.109617993235588 3.339113473892211 23.6497403383255 30.13507878780365 4.2254066541790944 16.448327422142029 6.823657274246214 7.4042100012302399 2.967190332710743 7.9174873828887939 293.28276731073856 10.554180853068827 4.3729221522808066 8.8291031271219236 77.457345798611641 4.377607747912406 19.958764463663101
leaf_count=2451 58 45 36 33 8672 12 1028 17 16 33 169 75 15 425 14 102 260 29 134 56 31 15 32 2500 91 34 37 324 25 156
internal_value=-0.00279102 -0.0531185 -0.086952 0.130955 -0.102088 0.101842 0.155853 -0.104595 -0.105332 0.134373 -0.042712 -0.106033 -0.0876658 -0.0393386 0.00678955 0.0743704 -0.0875038 0.0479444 -0.0663528 0.118712 0.0295246 -0.0303949 0.114839 -0.108145 -0.0235801 0.145263 0.0708397 0.157138 0.162688 -0.113832
internal_weight=2485.7 1905.81 1609.9 295.906 1490.41 119.489 258.804 1476.56 1472.52 100.124 37.1028 1468.7 437.756 130.289 80.1796 46.7054 33.4742 16.6838 19.3651 37.8776 14.2279 9.16155 12.1429 307.467 14.1842 95.9425 13.202 82.7405 249.642 1030.95
internal_count=16925 14474 13098 1376 12488 610 1113 12430 12413 464 263 12397 3569 963 538 264 274 94 146 189 87 60 61 2606 106 428 71 357 1053 8828
is_linear=0
shrinkage=0.1


Tree=7
num_leaves=31
num_cat=0
split_feature=3 14 6 16 13 3 9 14 9 0 3 11 13 8 6 0 3 15 3 6 13 11 6 9 12 7 6 7 6 13
split_gain=1770.71 916.771 309.543 165.107 155.783 141.916 78.9338 32.8806 31.955 41.7754 51.5649 27.8844 23.3099 21.5014 18.2676 16.2836 26.0507 7.0957 14.3465 6.51426 29.0316 13.7386 5.23715 18.4124 25.2327 11.0247 20.0575 4.69987 2.86325 9.36941
threshold=1.1018447956972997 2061.0000000000005 0.74411930287437345 0.60589022935275361 0.69866201145429541 1.3654505878942931 0.31995449794228076 2206.5000000000005 0.46838279998027149 0.34654631083202514 1.0197495010107107 0.10559491418142726 0.6105078905990805 0.66911299530007551 0.74411930287437345 0.14415584415584412 1.0041819498565812 119.50000000000001 1.0003701833543546 0.53387135968422139 0.55942303261756965 0.3516139296291983 0.64433494122081492 0.5266490001452292 0.37418562813651329 0.61028769509860414 0.65154114973199573 0.64805348406480323 0.47237988841394524 0.57081327914535784
decision_type=2 2 2 2 2 2 2 2 2 2 2 2 2 2 2 2 2 2 2 2 2 2 2 2 2 2 2 2 2 2
left_child=1 28 6 4 7 -5 -3 19 9 10 15 13 -12 -4 -6 16 17 18 -8 20 21 -2 -10 24 -24 26 -25 -13 29 -1
right_child=3 2 11 5 14 -7 8 -9 22 -11 12 27 -14 -15 -16 -17 -18 -19 -20 -21 -22 -23 23 25 -26 -27 -28 -29 -30 -31
leaf_value=0.012730346228679232 -0.11555832196488347 0.15520553970277742 0.15916273937202605 -0.11397550198207468 -0.11427892318346762 0.15942463977855567 -0.11438794811781022 -0.11420708331554306 -0.11189188054761004 -0.11135597007111264 0.16050220035672258 0.066899398296523915 -0.11373797692199886 -0.11449678335967217 0.083976444891679866 -0.1104740317393957 0.12842268104458029 -0.10694939462830129 0.10693461507138241 0.15544953862592858 0.15219765157811482 0.15653389730745845 0.1550429583126752 0.21252854102844246 -0.11371910042659178 -0.11528672874847737 -0.11373430550190289 0.15692620405999985 0.15535591051888667 0.15535591051888667
leaf_weight=6.2310215979814556 6.7883257716894132 11.91712701320648 4.4301290214061728 50.615792766213417 25.578536234796051 30.382440745830536 5.8872778490185755 4.6626460552215567 1021.7724794000387 96.233529925346375 18.656425714492801 6.5637811869382849 3.7168910205364218 8.1583471670746786 5.6796145737171164 33.035966746509075 9.5458447188138944 15.825726859271525 5.8283182680606842 579.58809839934111 45.951091691851616 2.5538450554013252 6.8693721294403058 2.9895747900009138 7.107637956738472 85.231207944452763 5.0964170694351196 49.759481206536293 154.58535534143448 17.660344749689102
leaf_count=38 59 52 19 437 236 131 54 43 9530 895 81 34 35 74 29 304 47 142 31 2536 203 16 30 12 67 775 48 216 674 77
internal_value=-0.00285275 -0.0630559 -0.0902917 0.123439 0.139724 -0.0114231 -0.101001 0.150378 -0.103318 -0.0652307 -0.0172418 0.116362 0.114943 -0.0181907 -0.0782559 -0.0594162 -0.0139356 -0.0632772 -0.00428358 0.152321 0.119526 -0.0411772 -0.109685 -0.0886676 0.0183711 -0.1047 0.00689248 0.146435 0.150377 0.118158
internal_weight=2328.9 1577.1 1398.63 751.8 670.802 80.9982 1329.71 639.544 1317.8 188.73 92.4965 68.9117 22.3733 12.5885 31.2582 70.1231 37.0872 27.5413 11.7156 634.881 55.2933 9.34217 1129.07 107.294 13.977 93.3172 8.08599 56.3233 178.477 23.8914
internal_count=16925 13235 12446 3690 3122 568 12103 2857 12051 1589 694 343 116 93 265 578 274 227 85 2814 278 75 10462 932 97 835 60 250 789 115
is_linear=0
shrinkage=0.1


Tree=8
num_leaves=31
num_cat=0
split_feature=3 14 6 16 13 3 9 0 14 9 0 3 3 6 13 0 3 10 6 13 10 6 9 10 7 6 11 6 11 0
split_gain=1534.83 801.816 274.502 139.553 132.661 123.194 59.6377 53.7205 28.0083 17.5073 24.5373 37.4945 16.7691 16.2125 11.3904 10.2368 18.495 6.03403 5.67396 24.8966 13.618 5.60687 23.4993 14.1793 9.91827 16.7723 5.50599 9.21352 5.32519 5.12547
threshold=1.1018447956972997 2061.0000000000005 0.70510798320188051 0.60589022935275361 0.69866201145429541 1.3654505878942931 0.31995449794228076 0.35450268817204306 2206.5000000000005 0.46838279998027149 0.34654631083202514 1.0223033929562433 1.0002466771110343 0.74411930287437345 0.58171428314754181 0.15655637254901963 1.0051202155943313 0.18328669232549022 0.53387135968422139 0.55942303261756965 0.12543100455264272 0.64433494122081492 0.5266490001452292 0.3904794974674784 0.61028769509860414 0.65154114973199573 0.49250989166810227 0.82083779521417422 0.046738232178512508 0.07207792207792206
decision_type=2 2 2 2 2 2 2 2 2 2 2 2 2 2 2 2 2 2 2 2 2 2 2 2 2 2 2 2 2 2
left_child=1 -1 6 4 8 -5 -3 12 18 10 11 15 -4 -6 -13 16 29 -9 19 20 -2 -11 23 -23 25 -24 28 -28 -14 -8
right_child=3 2 7 5 13 -7 9 17 -10 21 -12 14 26 -15 -16 -17 -18 -19 -20 -21 -22 22 24 -25 -26 -27 27 -29 -30 -31
leaf_value=0.14239528260568413 0.16345515221128723 0.14727440301817157 -0.1123068455019741 -0.11171011350268847 -0.11274288778565865 0.15075956986305783 -0.026265798518103314 0.057832660153574036 -0.11267623532580613 -0.11023271849968136 -0.1094746136066144 0.15489324622795186 0.026359862597549456 0.075365426292146265 -0.03466288249051324 -0.11273571307768121 0.11099330831507746 -0.11336820526964884 0.14723317691969426 0.14391344799445221 -0.11446926134003138 0.14713763977779024 0.19098351225001078 -0.11225074307117588 -0.11352209916261878 -0.11225780186321724 -0.050542508499614239 0.14699902070415302 0.14735678562708368 -0.1131144069388797
leaf_weight=170.07863596081734 2.4171528071165067 9.5901226401329023 3.0245157107710829 46.68038097769022 23.4435358196497 28.987194448709488 13.846032336354257 2.441341206431388 4.2733102589845648 937.74100271612406 86.799911990761757 11.754614472389223 3.8904047310352317 5.6947587877511969 4.3406406044960013 27.704369813203812 7.2371424511075011 13.135419800877569 552.14621695131063 43.844881758093834 6.5148363262414932 6.5318979620933515 2.9933134317398062 3.1112318783998489 71.33757745474577 4.6689659357070923 4.310972295701502 5.2200086116790771 55.922542080283165 13.344404846429823
leaf_count=789 15 44 31 437 236 131 111 13 43 9530 878 53 26 29 37 279 38 129 2536 203 60 30 12 32 712 48 33 24 254 132
internal_value=-0.00289218 -0.0616838 -0.0886124 0.117245 0.132467 -0.0111616 -0.1011 0.0819254 0.142437 -0.1031 -0.0728684 -0.0322505 0.118185 -0.0759792 0.103773 -0.0674873 -0.0310753 -0.0865359 0.144239 0.112913 -0.039258 -0.10796 -0.0839209 0.0634493 -0.10191 0.00620516 0.128239 0.0576487 0.139487 -0.068889
internal_weight=2173.03 1459.03 1288.95 714.002 638.335 75.6676 1201 87.9452 609.196 1191.41 165.027 78.2272 72.3684 29.1383 16.0953 62.1319 34.4276 15.5768 604.923 52.7769 8.93199 1026.38 88.643 9.64313 78.9999 7.66228 69.3439 9.53098 59.8129 27.1904
internal_count=16925 13235 12446 3690 3122 568 11936 510 2857 11892 1528 650 368 265 90 560 281 142 2814 278 75 10364 834 62 772 60 337 57 280 243
is_linear=0
shrinkage=0.1


Tree=9
num_leaves=31
num_cat=0
split_feature=3 14 6 16 13 3 9 0 14 9 0 3 6 3 13 0 3 10 6 13 10 6 12 6 9 10 7 6 6 0
split_gain=1337.63 699.52 243.135 124.727 115.779 109.02 50.4234 45.6771 28.497 16.33 22.6512 31.7381 14.5038 14.3332 9.87334 9.65916 15.9447 5.45309 5.18556 21.9129 11.4108 5.16441 17.0751 4.94432 20.0308 12.2 9.00718 14.2556 4.60699 4.33224
threshold=1.099695565524911 2061.0000000000005 0.70510798320188051 0.60589022935275361 0.69866201145429541 1.3654505878942931 0.31995449794228076 0.35450268817204306 2206.5000000000005 0.46838279998027149 0.34654631083202514 1.0223033929562433 0.74411930287437345 1.0002466771110343 0.58171428314754181 0.15655637254901963 1.0041819498565812 0.18328669232549022 0.53387135968422139 0.55942303261756965 0.12543100455264272 0.76840133973610147 0.41322511889933156 0.64433494122081492 0.5266490001452292 0.3904794974674784 0.61028769509860414 0.65154114973199573 0.74188943261495344 0.067989214175654802
decision_type=2 2 2 2 2 2 2 2 2 2 2 2 2 2 2 2 2 2 2 2 2 2 2 2 2 2 2 2 2 2
left_child=1 -1 6 4 8 -5 -3 13 18 10 11 15 -6 -4 -13 16 29 -9 19 20 -2 22 28 -11 25 -25 27 -26 -15 -8
right_child=3 2 7 5 12 -7 9 17 -10 23 -12 14 -14 21 -16 -17 -18 -19 -20 -21 -22 -23 -24 24 26 -27 -28 -29 -30 -31
leaf_value=0.13530939194302338 0.13959021359301493 0.14080050520664919 -0.11099951656235998 -0.10964493145029219 -0.11138411331555416 0.14372982033963408 -0.027931685158528494 0.051961719409562783 -0.11130538287470429 -0.10883892588920935 -0.1085896196205301 0.14750116170206695 0.067760649398271589 0.055652138541939358 -0.031698579372952236 -0.11138217449136806 0.089458969832855284 -0.1119531261002073 0.14058302648988449 0.1369979508992499 -0.11288629177982271 0.1421080690621131 0.13759281520839217 0.14069293072451644 0.17516568444766317 -0.11094995987009651 -0.1121105119513177 -0.11095618754006041 -0.11650105117979533 -0.11183291655702066
leaf_weight=160.23980285227299 2.5400864481925947 8.6438339352607709 2.7672729417681685 44.545945592224598 21.816317372024063 27.443736806511879 12.28654992580414 2.4452303797006598 4.634929157793521 857.78778876364231 78.760659702122211 10.946568250656126 5.7001246511936179 2.4835409298539188 4.2754740789532653 25.356944173574448 8.4200944527983648 11.939845263957976 525.26927131414413 41.569730386137962 6.0627156719565392 42.399882182478905 16.635188981890678 5.9616999179124814 2.9396985769271842 2.8464702516794205 65.055554658174515 4.2716703414916992 4.1554441601037979 12.330541700124739
leaf_count=783 15 42 31 454 240 131 101 13 51 9510 869 52 29 17 37 279 47 128 2551 203 61 204 78 29 12 32 709 48 36 133
internal_value=-0.00291548 -0.0607665 -0.0873319 0.111406 0.126153 -0.013054 -0.099774 0.0778923 0.13566 -0.10168 -0.0713146 -0.0314346 -0.0742737 0.111938 0.0971686 -0.0649586 -0.0293273 -0.0840903 0.137649 0.106934 -0.0383394 0.121332 0.0834824 -0.106608 -0.0830032 0.0593714 -0.100356 0.00568076 -0.0521012 -0.0699573
internal_weight=2022.53 1342.95 1182.71 679.583 607.593 71.9897 1099.88 82.8264 580.077 1091.24 152.377 73.6162 27.5164 68.4413 15.222 58.3941 33.0372 14.3851 575.442 50.1725 8.6028 65.6741 23.2742 938.863 81.0751 8.80817 72.2669 7.21137 6.63899 24.6171
internal_count=16925 13190 12407 3735 3150 585 11900 507 2881 11858 1518 649 269 366 89 560 281 141 2830 279 76 335 131 10340 830 61 769 60 53 234
is_linear=0
shrinkage=0.1


Tree=10
num_leaves=31
num_cat=0
split_feature=3 14 6 16 13 3 9 0 14 9 0 3 6 3 6 11 13 13 4 6 13 12 10 3 6 9 9 6 7 10
split_gain=1170.39 615.274 216.448 107.315 102.779 80.3132 44.6859 39.5959 29.1133 15.6522 20.9451 27.3896 13.0793 12.4031 9.22706 10.7762 8.67431 6.29479 6.09782 5.727 22.3548 14.2499 4.95437 4.77698 4.68919 16.8926 22.1075 14.4022 4.97608 15.241
threshold=1.099695565524911 2061.0000000000005 0.70510798320188051 0.61952402544589524 0.69866201145429541 1.2895930345369191 0.31995449794228076 0.35450268817204306 2206.5000000000005 0.46838279998027149 0.34654631083202514 1.0223033929562433 0.74411930287437345 1.0002466771110343 0.56348206296185543 0.19405599448881908 0.58171428314754181 0.5608885728417331 0.0095927914225555026 0.53387135968422139 0.55942303261756965 0.66429844468105348 0.18328669232549022 1.0015499097078264 0.58225841425355507 0.52570328268383848 0.51983029548160575 0.66462849728986706 0.55674469929331505 0.09192859159907936
decision_type=2 2 2 2 2 2 2 2 2 2 2 2 2 2 2 2 2 2 2 2 2 2 2 2 2 2 2 2 2 2
left_child=1 -1 6 4 8 -5 -3 13 19 10 11 14 -6 -4 -8 -16 -13 18 23 20 21 -2 -9 -17 -11 26 27 -26 29 -27
right_child=3 2 7 5 12 -7 9 22 -10 24 -12 16 -14 -15 15 17 -18 -19 -20 -21 -22 -23 -24 -25 25 28 -28 -29 -30 -31
leaf_value=0.12925008740921759 -0.11198279567727026 0.13544187627805118 -0.10984391936338696 -0.11289507231071116 -0.11017740119884055 0.12951494071773104 -0.10253762890946153 0.046719380427776305 -0.11026990358365336 -0.10897119980785804 -0.10708898222200346 0.14128119106723833 0.061000305667314458 0.11609135599297182 0.089553003558039357 -0.045260907198473616 -0.028948028542115995 -0.11130452721116951 -0.1106107399815076 0.13464042793841799 0.13112234485793917 0.18711797551045029 -0.11069553074965094 0.12863475081718767 -0.10990274570577206 0.16308790547425589 0.22542202363699687 0.13545512443891042 -0.10558772841618591 -0.10986345325481545
leaf_weight=151.43280793726444 6.9493991211056692 8.1144678890705091 2.5289238169789305 36.519081503152847 20.596236996352676 21.841740041971207 28.091286398470402 2.44750952720642 5.0279237404465666 685.75898471474648 72.213394336402416 10.317987427115439 5.6986827105283728 61.959854111075401 6.6779455393552807 2.6984745785594004 4.2167661041021338 10.371185071766375 3.2836530059576035 500.15235541015863 39.409228920936584 2.0665132701396942 10.920061357319353 3.8102424591779709 10.575840167701246 2.8463208675384504 3.5585493147373191 3.0917761325836173 146.85624938458204 7.2727420926094055
leaf_count=783 75 42 31 410 248 112 319 13 60 8310 869 52 29 335 42 24 37 117 39 2586 204 11 128 19 129 12 19 16 1765 89
internal_value=-0.00293016 -0.0596002 -0.0858947 0.107082 0.120091 -0.0221723 -0.098282 0.0747628 0.129266 -0.100175 -0.069378 -0.0301765 -0.0730795 0.107231 -0.0624756 -0.0205481 0.091895 -0.0570124 0.000488839 0.131461 0.0986244 -0.0434267 -0.081874 0.0565387 -0.105249 -0.0905984 0.00340519 -0.0543999 -0.100914 -0.0330869
internal_weight=1877.31 1239.05 1087.61 638.261 579.9 58.3608 1009.76 77.8563 553.605 1001.64 141.681 69.4675 26.2949 64.4888 54.9328 26.8415 14.5348 20.1636 9.79237 548.577 48.4251 9.01591 13.3676 6.50872 859.96 174.201 17.2262 13.6676 156.975 10.1191
internal_count=16925 13190 12407 3735 3213 522 11900 507 2936 11858 1518 649 277 366 560 241 89 199 82 2876 290 86 141 43 10340 2030 164 145 1866 101
is_linear=0
shrinkage=0.1


Tree=11
num_leaves=31
num_cat=0
split_feature=3 14 6 16 13 3 9 0 14 6 0 3 13 3 6 9 13 3 6 13 7 0 6 12 6 6 12 3 9 12
split_gain=1028.57 515.445 181.19 119.134 93.1538 91.4785 36.1316 35.2426 25.3132 14.0125 13.9412 83.1699 17.3205 10.4536 8.77343 13.8999 13.4393 13.4477 6.89733 23.5783 18.723 6.8032 5.79089 15.8945 4.16631 20.1911 3.66187 3.59099 3.3735 2.21119
threshold=1.0880730321935899 2061.0000000000005 0.70510798320188051 0.60589022935275361 0.69866201145429541 1.3654505878942931 0.31995449794228076 0.35450268817204306 2206.5000000000005 0.74411930287437345 0.31643132220795894 1.0223033929562433 0.61574095724430145 1.0002466771110343 0.56348206296185543 0.52570328268383848 0.5608885728417331 1.0003129563271911 0.53387135968422139 0.55942303261756965 0.86496133237185024 0.13536417773705908 0.76840133973610147 0.41322511889933156 0.47237988841394524 0.44318908101480253 0.62924666767095261 1.0144195220525727 0.49359878873050139 0.35794438765933895
decision_type=2 2 2 2 2 2 2 2 2 2 2 2 2 2 2 2 2 2 2 2 2 2 2 2 2 2 2 2 2 2
left_child=1 24 6 4 8 -5 -3 13 18 -6 11 14 28 -4 -8 16 17 -16 19 20 -2 -19 23 29 25 -1 -18 -17 -13 -15
right_child=3 2 7 5 9 -7 10 -9 -10 -11 -12 12 -14 22 15 27 26 21 -20 -21 -22 -23 -24 -25 -26 -27 -28 -29 -30 -31
leaf_value=0.13223614248989191 -0.11184125528711775 0.13095245014276533 -0.10881991802283236 -0.10694595301961239 -0.10910675743496363 0.13333999395203652 -0.106436409133464 -0.09541664275475252 -0.10903869661672755 0.059806250541647447 -0.10860512027635925 0.13743987976398003 -0.11042101961302001 0.0052863347833037398 -0.11050693453624111 -0.10188400284265969 -0.10971038439317107 0.1252775196896366 0.12972358460363467 0.12586318441539901 0.22820533585495864 -0.033110577965061325 0.13253066322096693 0.12482615397542321 0.1315468190833908 -0.12760157397188809 0.045282189561687232 0.047040388936127164 0.23796265393147298 -0.11360092127547866
leaf_weight=15.095187872648241 8.207772493362425 6.8588505387306204 2.3086946010589591 45.680363401770592 20.086945161223415 24.257403761148453 205.94633869826794 10.967772603034971 4.6204733476042739 6.500633016228675 584.43833554536104 9.6393181085586566 2.5411320179700843 2.6751144677400616 4.6423815265297916 59.823818691074848 12.557753570377823 10.736350461840628 477.13796086609364 38.959814801812172 2.0171283408999434 3.6283347159624091 35.981035903096199 14.349434942007063 113.75735807418823 3.7294466793537131 1.7349338456988341 1.6641744524240483 5.1074093133211127 3.7679445371031761
leaf_count=82 94 38 31 557 265 131 2708 130 61 33 7727 51 30 16 55 779 159 60 2638 215 11 36 195 74 624 22 13 20 34 36
internal_value=-0.00294477 -0.0607101 -0.0857607 0.0994225 0.114855 -0.0236045 -0.0976989 0.0692096 0.124002 -0.0678077 -0.0994367 -0.0825876 0.130705 0.0997702 -0.0948488 -0.0696724 -0.0176362 0.037453 0.126048 0.0903931 -0.0447582 0.0852707 0.108252 0.0662395 0.124336 0.0807583 -0.0908964 -0.0978534 0.172255 -0.0642397
internal_weight=1739.42 1111.95 979.369 627.468 557.531 69.9378 909.319 70.05 530.943 26.5876 902.46 318.022 17.2879 59.0822 300.734 94.7877 33.2998 19.0071 526.323 49.1847 10.2249 14.3647 56.7735 20.7925 132.582 18.8246 14.2927 61.488 14.7467 6.44306
internal_count=16925 12920 12192 4005 3317 688 11710 482 3019 298 11672 3945 115 352 3830 1122 323 151 2958 320 105 96 321 126 728 104 172 799 85 52
is_linear=0
shrinkage=0.1


Tree=12
num_leaves=31
num_cat=0
split_feature=3 14 6 16 3 13 9 0 0 3 3 0 7 3 16 3 9 6 12 15 3 13 6 13 3 0 12 0 3 13
split_gain=906.264 457.181 162.043 103.742 99.9652 78.7569 32.1738 30.7317 13.2277 73.964 12.5284 34.9268 12.1861 9.12238 7.7636 36.1238 6.84689 5.3041 13.723 4.87277 31.9411 10.2323 3.65063 17.7079 2.44837 14.584 2.05986 1.6302 1.52064 1.43491
threshold=1.0880730321935899 2061.0000000000005 0.70510798320188051 0.58622856671011137 1.2895930345369191 0.69866201145429541 0.31995449794228076 0.35450268817204306 0.31643132220795894 1.0296048581010331 1.0111252082521587 0.19326542161856253 0.77967538881525045 1.0002466771110343 0.52108288490951693 1.1872213772209419 0.49359878873050139 0.76840133973610147 0.41322511889933156 244.00000000000003 1.0018709116917033 0.60893372614871255 0.47237988841394524 0.55942303261756965 1.0003701833543546 0.042109929078014162 0.35794438765933895 0.084039548022598873 1.1924587048371766 0.5159106121923408
decision_type=2 2 2 2 2 2 2 2 2 2 2 2 2 2 2 2 2 2 2 2 2 2 2 2 2 2 2 2 2 2
left_child=1 22 6 5 -5 14 -3 13 9 10 19 29 -7 -4 -2 -16 -11 18 26 20 24 27 23 -1 -8 -26 -15 -22 -14 -12
right_child=3 2 7 4 -6 12 8 -9 -10 16 11 -13 28 17 15 -17 -18 -19 -20 -21 21 -23 -24 -25 25 -27 -28 -29 -30 -31
leaf_value=-0.12429500938660876 0.12562027139944351 0.12715332583536723 -0.10791052287976786 -0.10747961948811252 0.12223409436641726 -0.1105786400570038 -0.10767317391898371 -0.092547532304289234 -0.10761656757578107 0.11350790589804301 0.22058758835241737 -0.10851678602931872 0.0082352911856201343 0.0047557508440399911 -0.10012991508703424 0.12376791798273308 0.27840634928022989 0.12850325616340591 0.11922882427928126 -0.10774057301486142 0.19686942787917847 -0.10825693602394329 0.12765830735122638 0.12824676923165157 0.14363017260913422 -0.10052370854780224 -0.11214264834192407 0.1013017711544083 0.10900365650979667 0.12793159912059493
leaf_weight=3.4596518278121975 435.28863568603992 6.3819178342819205 2.1056967675685874 45.21549566835165 32.604659244418144 17.106283888220791 65.424469999969006 10.216133736073969 533.43123739212751 8.027389779686926 3.0899425521492985 13.464179404079912 3.2406529188156119 2.6761543899774578 8.7802609056234342 40.190025307238102 3.6688799411058417 33.524161413311958 13.561750397086142 164.62398358434439 3.9211808145046216 1.8868113979697225 105.90390944480896 14.061426326632498 2.8103272542357471 18.89881407469511 3.4514344334602356 3.276288278400898 2.7840849086642265 3.640681579709053
leaf_count=22 2597 38 31 600 191 229 932 130 7727 50 18 188 32 16 98 241 24 195 74 2360 21 27 624 82 17 259 36 27 17 22
internal_value=-0.00295152 -0.0597966 -0.0845975 0.0962738 -0.0112354 0.112763 -0.0965152 0.0668019 -0.098243 -0.081162 -0.0914166 -0.0155351 -0.0675036 0.0962299 0.121373 0.0836235 0.165233 0.104308 0.0631116 -0.0972914 -0.0794135 0.0990275 0.120663 0.0783807 -0.0980172 -0.0689171 -0.0610886 0.153367 0.0548012 0.170469
internal_weight=1606.72 1021.51 898.081 585.21 77.8202 507.39 832.546 65.5353 826.164 292.733 281.037 20.1948 23.131 55.3192 484.259 48.9703 11.6963 53.2135 19.6893 260.842 96.2179 9.08428 123.425 17.5211 87.1336 21.7091 6.12759 7.19747 6.02474 6.73062
internal_count=16925 12920 12192 4005 791 3214 11710 482 11672 3945 3871 228 278 352 2936 339 74 321 126 3643 1283 75 728 104 1208 276 52 48 49 40
is_linear=0
shrinkage=0.1


Tree=13
num_leaves=31
num_cat=0
split_feature=3 14 6 16 3 13 9 0 14 0 3 13 7 6 3 12 6 9 0 3 13 6 13 7 9 0 11 6 6 6
split_gain=800.148 406.604 145.265 90.6703 72.2565 71.3746 28.7208 26.8561 20.696 12.2741 65.593 17.4599 12.2413 9.6237 8.14824 7.33789 6.68636 10.8768 12.4534 16.6413 8.99816 6.60451 20.4986 14.9457 5.92117 4.29956 4.09924 5.22537 3.21156 15.5899
threshold=1.0880730321935899 2061.0000000000005 0.70510798320188051 0.60589022935275361 1.3654505878942931 0.69866201145429541 0.31995449794228076 0.35450268817204306 2206.5000000000005 0.31643132220795894 1.0192974833736999 0.6105078905990805 0.77967538881525045 0.74411930287437345 1.0010582918509754 0.6205220401890027 0.56348206296185543 0.58058917347220007 0.13536417773705908 1.0014498808424011 0.58171428314754181 0.53387135968422139 0.55942303261756965 0.86496133237185024 0.43500722116472118 0.031754032258064509 0.49250989166810227 0.82083779521417422 0.47237988841394524 0.44318908101480253
decision_type=2 2 2 2 2 2 2 2 2 2 2 2 2 2 2 2 2 2 2 2 2 2 2 2 2 2 2 2 2 2
left_child=1 28 6 5 -5 8 -3 14 21 10 16 15 -7 -14 24 -12 -8 18 19 25 -21 22 23 -2 -4 -18 -16 -28 29 -1
right_child=3 2 7 4 -6 12 9 -9 -10 -11 11 -13 13 -15 26 -17 17 -19 -20 20 -22 -23 -24 -25 -26 -27 27 -29 -30 -31
leaf_value=0.12484974232838023 -0.11121038917873723 0.12391117410105452 0.11161388190973787 -0.10431725934573594 0.1258868362996223 -0.10940849089693104 -0.10422771703808509 -0.089640466399537572 -0.10793392147324712 -0.10672257939734658 0.11481728467163572 -0.10863316008981201 -0.10832689271021008 0.1429601110349564 0.11893046595497825 0.28490557139645206 0.024465524036298616 -0.10755859203040286 -0.097144696641929748 0.15293598189264707 -0.054731694759105956 0.12217069637192274 0.11777827692758457 0.19500939289126928 -0.10389098940492586 -0.10450163486111611 -0.052644333230684862 0.12414059719046855 0.12434357700384634 -0.12145539170185866
leaf_weight=13.051503673195841 7.6396771259605867 5.9178462326526633 2.0443000756204119 38.574264448136091 21.089309900999069 16.580114357173446 171.48436684161425 9.5285435542464239 4.0806521996855727 486.50547982752323 11.067798115313055 3.0788405351340762 2.3930746465921393 4.1969180256128311 39.542295053601265 3.2905234545469275 3.6797449998557594 38.24204159155488 17.622771438211203 8.4907493665814382 2.7662601768970481 414.36111772060394 34.023394174873829 2.0140477940440178 3.387770414352417 8.6892770975828153 3.4000993072986594 3.2895731627941132 98.247650384902954 3.1998199224472037
leaf_count=82 94 38 13 557 131 244 2698 130 61 7727 77 43 34 20 248 21 35 599 260 54 35 2638 215 11 41 123 29 21 624 22
internal_value=-0.00295762 -0.0590181 -0.0836094 0.0933849 -0.0229469 0.107687 -0.0955312 0.0646194 0.116275 -0.0972514 -0.0800847 0.10746 -0.063584 0.0517083 0.09307 0.153797 -0.0931149 -0.0691413 -0.0335243 0.0139305 0.101904 0.118272 0.0812866 -0.047324 -0.0227881 -0.0661343 0.106683 0.0342877 0.117532 0.0763533
internal_weight=1481.48 936.527 822.028 544.953 59.6636 485.289 760.836 61.1926 462.119 754.918 268.412 17.4372 23.1701 6.58999 51.664 14.3583 250.975 79.4908 41.2488 23.626 11.257 458.038 43.6771 9.65372 5.43207 12.369 46.232 6.68967 114.499 16.2513
internal_count=16925 12920 12192 4005 688 3317 11710 482 3019 11672 3945 141 298 54 352 98 3804 1106 507 247 89 2958 320 105 54 158 298 50 728 104
is_linear=0
shrinkage=0.1


Tree=14
num_leaves=31
num_cat=0
split_feature=3 14 6 16 3 13 9 15 6 9 0 13 3 13 3 16 3 8 6 6 12 7 7 13 6 6 6 8 9 6
split_gain=708.5 380.088 138.87 62.713 68.4413 58.0428 28.1763 22.45 11.8229 22.3309 22.1451 20.4206 16.2353 9.13122 7.76183 5.51765 30.0153 5.26446 11.4587 5.00057 12.1478 3.90361 10.1829 3.8105 3.52856 3.44875 15.9534 3.16695 2.58164 5.35719
threshold=1.099695565524911 2061.0000000000005 0.70510798320188051 0.59490578933386584 1.3374471320600141 0.69866201145429541 0.31995449794228076 818.50000000000011 0.56348206296185543 0.52570328268383848 0.38138528138528138 0.6105078905990805 1.0003129563271911 0.83420090190653606 1.0002466771110343 0.5106422000790255 1.1872213772209419 0.67313742076591432 0.67658375378527491 0.76840133973610147 0.41322511889933156 0.55674469929331505 0.54549638757514485 0.7757737727457088 0.74188943261495344 0.47237988841394524 0.44318908101480253 0.73905072173650976 0.46763181153130345 0.66462849728986706
decision_type=2 2 2 2 2 2 2 2 2 2 2 2 2 2 2 2 2 2 2 2 2 2 2 2 2 2 2 2 2 2
left_child=1 25 6 5 -5 15 -3 14 -8 10 11 12 -10 -7 -4 -2 -17 18 -14 20 24 22 -11 -9 -16 26 -1 -19 -29 -30
right_child=3 2 7 4 -6 13 8 23 9 21 -12 -13 17 -15 19 16 -18 27 -20 -21 -22 -23 -24 -25 -26 -27 -28 28 29 -31
leaf_value=0.12200456781460456 0.12031903907512531 0.12113364210279627 -0.10648036998009891 -0.10163362690157048 0.12276257934878615 -0.1086826202610781 -0.10407764732829056 -0.10837099889978481 -0.10746450025693854 -0.10676446009404841 -0.10667712639918957 -0.10759978597008196 -0.10932919516242534 0.045966986562632733 0.0435527550216857 -0.088662852843763365 0.11771727177887925 0.14990514014854081 0.12308950081577437 0.12246649425520782 0.11253518361312764 -0.10170666086615204 0.14231266088583081 0.059408227988599904 -0.11480570872922727 0.12150663791881539 -0.11984667265152858 0.12535051841515679 -0.10666426636471496 0.12027243064233109
leaf_weight=13.280115887522699 352.11227439343929 6.0491378009319297 1.9403499290347088 31.640093006193638 23.828462094068527 13.350087709724905 493.02448822930455 7.6937321648001653 5.2470868006348601 5.1927771866321555 23.036751464009285 10.341213494539259 3.820622846484186 5.3471857793629161 2.1824857220053699 8.3236715309321863 45.947474457323551 10.700302466750147 4.7691012248396873 30.510306566953659 12.79798039793968 136.3851808719337 2.3999326825141907 1.64265726134181 3.960334163159132 97.30793334543705 3.4323838651180258 3.9089038223028165 1.9854023754596708 2.1850620061159134
leaf_count=90 2424 42 34 480 160 211 8554 118 83 89 397 163 54 51 17 92 317 61 33 205 79 2337 12 15 39 668 25 25 34 16
internal_value=-0.00295832 -0.0560959 -0.0813351 0.0947687 -0.00523637 0.107818 -0.0937653 0.0637977 -0.0956145 -0.0757427 -0.0275738 0.0148466 0.0536689 -0.0644548 0.0897131 0.115744 0.0860643 0.0845603 0.019712 0.0974113 0.0570518 -0.0978216 -0.0280352 -0.0788517 -0.0585424 0.114299 0.0723336 0.114222 0.0669625 0.0122363
internal_weight=1364.34 883.794 769.774 480.549 55.4686 425.081 709.046 60.7278 702.997 209.972 65.9944 42.9577 32.6165 18.6973 51.3915 406.383 54.2711 27.3694 8.58972 49.4511 18.9408 143.978 7.59271 9.33639 6.14282 114.02 16.7125 18.7797 8.07937 4.17046
internal_count=16925 13190 12407 3735 640 3095 11900 507 11858 3304 866 469 306 262 374 2833 409 223 87 340 135 2438 101 133 56 783 115 136 75 50
is_linear=0
shrinkage=0.1


Tree=15
num_leaves=31
num_cat=0
split_feature=3 14 6 16 3 13 9 16 0 3 3 0 10 3 15 9 15 3 13 0 3 12 6 6 13 12 6 6 8 13
split_gain=628.293 322.692 116.728 71.9448 87.5607 49.7378 22.9289 20.9256 11.1452 54.9452 10.0772 26.7872 9.54223 6.17667 5.79555 5.62746 4.31681 25.5708 8.5891 4.67392 7.25465 3.87088 9.95905 3.36551 13.9569 5.39056 2.50692 12.1898 1.99893 1.63052
threshold=1.0880730321935899 2061.0000000000005 0.70510798320188051 0.55507675793464017 1.2895930345369191 0.69866201145429541 0.31995449794228076 0.33250663945544673 0.31643132220795894 1.0296048581010331 1.0111252082521587 0.19326542161856253 0.071058488557587965 1.0005424719430749 1404.5000000000002 0.49359878873050139 244.00000000000003 1.0014498808424011 0.60893372614871255 0.084039548022598873 1.0061414482588964 0.4076487208529736 0.77025192968544343 0.53387135968422139 0.55942303261756965 0.57927767748534398 0.47237988841394524 0.44318908101480253 0.77191386064199075 0.59489630784267056
decision_type=2 2 2 2 2 2 2 2 2 2 2 2 2 2 2 2 2 2 2 2 2 2 2 2 2 2 2 2 2 2
left_child=1 26 6 5 14 23 -3 13 9 10 16 -12 -7 -4 -5 -11 17 -8 19 -19 -21 22 28 24 25 -2 27 -1 -15 -6
right_child=3 2 7 4 29 12 8 -9 -10 15 11 -13 -14 21 -16 -17 -18 18 -20 20 -22 -23 -24 -25 -26 -27 -28 -29 -30 -31
leaf_value=0.11941783769448522 -0.11088666512834262 0.11871454375929205 -0.051123658949297879 0.059469473870214756 0.11955052121656151 0.058499015764103414 -0.097553744990378555 -0.085753941360997635 -0.1052317486829572 0.10190325875988425 0.16466712736945757 -0.106409019735761 -0.1081259054149151 -0.11409065492021886 -0.10509518059883399 0.26389497171803883 -0.10540055847107499 0.20245701754937043 -0.10622278534675365 -0.089952225399145824 0.1891867346763404 0.11852775326549705 0.11972001597083191 0.11722169015978492 0.11432707173230863 0.093360630900545624 0.11903763597447888 -0.11685544795416519 0.010457351286530994 0.039378055025591767
leaf_weight=11.145655333995817 4.4066534973680964 5.0460918843746176 3.0047816634178153 2.2608435153961173 34.680710256099701 4.7920372225344208 65.007137108594179 8.2627546638250333 404.64338317885995 6.4848854318261129 5.6039605960249927 10.430453293025492 12.153893686830996 2.7519388608634463 40.050927191972733 3.20406623929739 125.33389595150948 3.8840675726532918 2.0209615156054497 1.9159263744950297 1.8112355917692182 28.19732891023159 8.6199800223112089 337.00398321822286 28.217136029154062 1.8282870501279829 83.835684299468994 2.7155953645706168 2.4233778901398182 2.7369359657168379
leaf_count=82 57 38 41 22 254 45 1178 129 7727 50 40 188 206 28 667 24 2360 25 37 31 12 198 63 2509 208 16 624 22 23 21
internal_value=-0.0029485 -0.057553 -0.0816815 0.0887733 0.00224715 0.106535 -0.0936013 0.0605207 -0.095301 -0.0774965 -0.0879462 -0.011669 -0.0610071 0.0873807 -0.096302 0.155473 -0.0940623 -0.0750233 0.0770338 0.125693 0.0456969 0.0972914 0.0538847 0.114178 0.0844081 -0.0509947 0.112524 0.0731289 -0.0557702 0.113686
internal_weight=1254.47 786.343 688.646 468.131 79.7294 388.402 635.386 53.2602 630.34 225.697 216.008 16.0344 16.9459 44.9974 42.3118 9.68895 199.973 74.6393 9.63219 7.61123 3.72716 41.9926 13.7953 371.456 34.4521 6.23494 97.6969 13.8613 5.17532 37.4176
internal_count=16925 12920 12192 4005 964 3041 11710 482 11672 3945 3871 228 251 353 689 74 3643 1283 105 68 43 312 114 2790 281 73 728 104 51 275
is_linear=0
shrinkage=0.1


Tree=16
num_leaves=31
num_cat=0
split_feature=3 14 6 16 3 13 9 0 15 3 7 3 15 13 9 3 15 0 3 6 12 3 15 13 3 0 6 6 6 13
split_gain=557.689 288.072 104.945 63.4393 77.4253 44.1225 20.5265 18.5506 10.4686 49.9181 8.70964 7.80234 34.8677 9.90704 6.76086 5.73003 5.25879 3.55685 20.5297 3.41042 8.1519 3.34352 29.9942 3.22201 2.83348 7.82185 2.61565 2.22492 10.8238 2.15129
threshold=1.0880730321935899 2061.0000000000005 0.70510798320188051 0.55507675793464017 1.2895930345369191 0.69866201145429541 0.31995449794228076 0.32109164420485176 730.50000000000011 1.0296048581010331 0.77967538881525045 1.0051202155943313 366.50000000000006 0.59489630784267056 0.51983029548160575 1.0002466771110343 1404.5000000000002 0.067989214175654802 1.0011448325212582 0.76840133973610147 0.41322511889933156 1.1298924434505178 1130.5000000000002 0.51260144885352288 1.0003129563271911 0.031754032258064509 0.60226096634056059 0.47237988841394524 0.44318908101480253 0.54702225851517239
decision_type=2 2 2 2 2 2 2 2 2 2 2 2 2 2 2 2 2 2 2 2 2 2 2 2 2 2 2 2 2 2
left_child=1 27 6 5 16 21 -3 15 9 11 -7 17 13 26 29 -4 -5 18 24 20 -17 22 -2 -9 -8 -26 -13 28 -1 -11
right_child=3 2 7 4 -6 10 8 23 -10 14 -12 12 -14 -15 -16 19 -18 -19 -20 -21 -22 -23 -24 -25 25 -27 -28 -29 -30 -31
leaf_value=0.11723358618261182 0.12025351244947201 0.11661967557981212 -0.10550824724294072 0.053903185129365032 0.11075623780456452 -0.10731929255345772 -0.10558878496895152 -0.10756626027301207 -0.105081092658434 0.12510588672712916 0.054763637281244906 0.24269036289676571 -0.10017054517947449 -0.054339071901056371 0.27297157429932106 -0.050792926520234954 -0.1037361789223652 -0.10519791333352294 0.17324992097680325 0.11777341843583455 0.10819485971928473 0.11526245001721983 -0.11761810357431216 0.025531910488235655 0.1367408490979525 -0.10611996480005065 0.12032781521873791 0.11690112428688725 -0.11499652838368274 0.012990768679133022
leaf_weight=10.263208724558352 35.979162335395813 4.6436808705329886 1.4819111116230477 2.2457273527979842 34.713536359369755 11.133687697350977 29.092600584030151 6.5561134070157987 355.41669446974993 5.2690668925642949 4.7211569547653189 3.4344149492681009 30.441121555864811 2.4191735200583935 2.6726374514400959 4.7628028802573672 36.690413158386946 130.94735126197338 3.1679007634520522 24.389970719814301 9.9884136915206891 301.36037138849497 6.2168905474245539 2.5170768089592457 1.917583480477332 4.2997955158352852 3.5555201917886734 77.172528147697449 2.4948468208312979 2.5348264537751675
leaf_count=82 281 38 30 22 275 207 588 120 7469 41 44 27 614 35 19 47 667 2708 24 192 71 2436 73 22 10 82 27 624 22 28
internal_value=-0.00294157 -0.0569116 -0.0808286 0.0867183 0.00216796 0.104044 -0.0927822 0.0586354 -0.0944728 -0.0773155 -0.0590552 -0.0879793 -0.0481661 0.120083 0.135701 0.0875097 -0.094644 -0.0973437 -0.0706145 0.0948175 0.0568616 0.111571 0.0852071 -0.0706423 -0.0924932 -0.0312161 0.180449 0.110506 0.0718208 0.0886891
internal_weight=1152.5 719.439 629.509 433.061 73.6497 359.411 579.812 49.6963 575.169 219.752 15.8548 209.275 39.8502 9.40911 10.4765 40.6231 38.9361 169.425 38.4779 39.1412 14.7512 343.556 42.1961 9.07319 35.31 6.21738 6.98994 89.9306 12.7581 7.80389
internal_count=16925 12920 12192 4005 964 3041 11710 482 11672 4203 251 4115 703 89 88 340 689 3412 704 310 118 2790 354 142 680 92 54 728 104 69
is_linear=0
shrinkage=0.1


Tree=17
num_leaves=31
num_cat=0
split_feature=3 14 6 16 3 13 9 16 15 3 10 3 15 13 9 3 15 6 13 12 0 3 3 13 3 0 12 6 12 8
split_gain=495.989 257.553 94.4236 56.3548 68.3074 39.3086 18.3984 16.3271 9.79274 44.0614 8.02431 7.31581 30.6679 8.62441 6.02419 5.07963 4.78652 3.27115 12.0267 5.66623 3.26836 18.0935 3.12308 2.64594 2.58337 6.94121 2.56099 6.75467 2.10775 2.07647
threshold=1.0880730321935899 2061.0000000000005 0.70510798320188051 0.55507675793464017 1.2895930345369191 0.69866201145429541 0.31995449794228076 0.31811988613656189 730.50000000000011 1.0296048581010331 0.071058488557587965 1.0051202155943313 366.50000000000006 0.59489630784267056 0.52307731876671115 1.0005424719430749 1404.5000000000002 0.53387135968422139 0.55942303261756965 0.57993707685918705 0.067989214175654802 1.0011448325212582 1.0536871926248097 0.55340941278930733 1.0003129563271911 0.031754032258064509 0.4076487208529736 0.77025192968544343 0.35794438765933895 0.69777976611342318
decision_type=2 2 2 2 2 2 2 2 2 2 2 2 2 2 2 2 2 2 2 2 2 2 2 2 2 2 2 2 2 2
left_child=1 -1 6 5 16 17 -3 15 9 11 -7 20 13 29 23 -4 -5 18 19 -2 21 24 -9 -11 -8 -26 27 28 -17 -13
right_child=3 2 7 4 -6 10 8 22 -10 14 -12 12 -14 -15 -16 26 -18 -19 -20 -21 -22 -23 -24 -25 25 -27 -28 -29 -30 -31
leaf_value=0.10874422129111616 -0.11018973933096524 0.11479023155805296 -0.047389153786216165 0.048791655506002063 0.1075353423479276 0.051914316940707743 -0.10503000982614685 -0.10786709930942401 -0.10452378132253093 0.12184990862173209 -0.10668643814695607 0.22646360647153735 -0.098714481727333825 -0.050480455082242984 0.26989948218530968 0.030593918573016788 -0.10238268594196952 0.11264677199097779 0.10915191448544524 0.11171798887099663 -0.10461289563933962 0.16443812271725228 0.026627414128914659 -0.0088538212944048889 0.1321080396546806 -0.10550707030773435 0.11410569482781352 0.11555990536019355 -0.10873413946432658 0.11409284437067269
leaf_weight=82.622403301298618 4.2847162336111095 4.2652924805879584 2.6936131641268721 2.2335807569324961 32.30296466499567 4.6402962617576113 26.456971939653158 5.985361482948063 323.22165074944496 5.5835446789860708 10.207068815827368 3.4391285851597768 27.930258676409721 2.347564410418272 2.3017446659505367 2.0876055881381017 33.615669209510088 286.84923996031284 24.108799513429403 1.5731338225305078 119.11494408920407 3.012178234755992 2.4264684244990349 2.1433903388679028 1.7927682399749745 3.9120624102652073 23.497819855809212 7.2965832650661469 2.2625538669526577 3.151225745677948
leaf_count=728 61 38 40 22 275 45 588 111 7469 47 206 28 614 35 14 14 667 2509 208 12 2708 24 29 27 10 82 193 63 32 26
internal_value=-0.00294188 -0.056348 -0.0800735 0.084891 0.00206931 0.10191 -0.0920602 0.0569431 -0.0937426 -0.0764218 -0.0571184 -0.0871408 -0.0471208 0.114105 0.127895 0.0849573 -0.0929638 0.109363 0.0779245 -0.0505961 -0.0967038 -0.0699202 -0.0690709 0.0855937 -0.0918695 -0.0308355 0.0951009 0.0567578 -0.0418718 0.172733
internal_weight=1057.36 657.545 574.923 399.815 68.1522 331.663 528.673 46.25 524.407 201.186 14.8474 191.157 36.8682 8.93792 10.0287 37.8382 35.8492 316.816 29.9666 5.85785 154.289 35.174 8.41183 7.72694 32.1618 5.70483 35.1446 11.6467 4.35016 6.59035
internal_count=16925 12920 12192 4005 964 3041 11710 482 11672 4203 251 4115 703 89 88 342 689 2790 281 73 3412 704 140 74 680 92 302 109 46 54
is_linear=0
shrinkage=0.1


Tree=18
num_leaves=31
num_cat=0
split_feature=3 14 6 14 13 9 0 16 0 3 6 3 3 0 10 3 6 13 10 0 3 3 0 15 9 11 6 6 6 9
split_gain=442.089 254.656 96.4346 38.5112 34.5696 19.6943 13.795 11.7973 10.6723 53.1017 8.91152 7.45916 7.41939 27.7758 5.96828 5.86925 4.915 13.5203 8.58146 4.29136 21.0045 4.78617 11.8412 4.28903 3.74548 3.41483 6.8294 3.02242 12.0419 2.1236
threshold=1.1134441523702872 2061.0000000000005 0.70510798320188051 2206.5000000000005 0.69866201145429541 0.31995449794228076 0.38529014844804316 0.69596501770985963 0.38138528138528138 1.0373317000816324 0.74411930287437345 1.4750806984662996 1.0136885861786806 0.21103238866396759 0.18109440637033888 1.0010582918509754 0.53387135968422139 0.55942303261756965 0.12173794878782336 0.12613636363636363 1.0051202155943313 1.0014498808424011 0.07207792207792206 91.500000000000014 0.52307731876671115 0.49250989166810227 0.81607124471542292 0.47237988841394524 0.44318908101480253 0.46763181153130345
decision_type=2 2 2 2 2 2 2 2 2 2 2 2 2 2 2 2 2 2 2 2 2 2 2 2 2 2 2 2 2 2
left_child=1 27 5 4 7 -3 15 16 9 12 -6 -9 19 29 -8 23 17 18 -2 20 21 -7 -23 -4 -11 -17 -27 28 -1 -14
right_child=3 2 6 -5 10 8 14 11 -10 24 -12 -13 13 -15 -16 25 -18 -19 -20 -21 -22 22 -24 -25 -26 26 -28 -29 -30 -31
leaf_value=0.11379107349452976 0.14057713722103329 0.11319867855915747 0.079810745523787557 -0.10878524867750959 -0.10489797004132001 -0.09551195068417645 0.1399410081993144 -0.10538950376139028 -0.10410709473297437 0.10441954731722206 0.065388704717745841 0.11707834018755831 0.10874221947053607 -0.1022153157924371 -0.10609739790028822 0.10760967239560425 0.11091970523302504 0.1084179378394601 -0.10824932388750037 -0.10417242705847647 0.16296608402463353 0.16833555463416283 -0.10475255821568895 -0.11864003600171512 0.23746671767483618 -0.11192327241190612 0.11452974120546065 0.11347821432155342 -0.11547436058227914 0.23881204684651891
leaf_weight=9.9910930022597295 1.8317512422800089 4.7380980402231208 2.007795598357915 9.3865551538765413 10.205981660634277 55.307404078543186 1.1716163456439961 4.3306597024202338 288.86384879425168 8.2266820184886438 4.3973022028803816 2.3116350546479225 2.4797367639839676 13.037333078682421 6.2206122912466526 30.758665420114994 271.74947477132082 21.086206618696451 5.6958269216120243 114.50409933924675 3.5929130762815467 2.4689912796020499 4.4486533179879189 2.3800408057868481 2.8485580645501605 2.249366905540227 3.2646090015769005 75.672989010810852 2.9725623577833167 2.5419033095240593
leaf_count=94 11 46 18 189 240 1318 6 97 7257 82 29 19 24 303 131 281 2587 194 99 2865 29 21 105 40 16 27 30 723 26 18
internal_value=-0.00294431 -0.0514854 -0.0767877 0.0908759 0.0967032 -0.0897161 0.0585588 0.103854 -0.0916455 -0.0744595 -0.0536217 -0.0279668 -0.0863564 -0.0252465 -0.067102 0.0814044 0.106769 0.0673471 -0.0477002 -0.0924765 -0.072129 -0.0857035 -0.0072841 -0.0278325 0.138639 0.0946186 0.0221507 0.105835 0.0612206 0.174582
internal_weight=970.743 639.748 551.111 330.995 321.609 503.058 48.0527 307.006 498.32 209.456 14.6033 6.64229 198.381 18.059 7.39223 40.6605 300.363 28.6138 7.52758 180.322 65.818 62.225 6.91764 4.38784 11.0752 36.2726 5.51398 88.6366 12.9637 5.02164
internal_count=16925 13460 12617 3465 3276 12084 533 3007 12038 4781 269 116 4683 345 137 396 2891 304 110 4338 1473 1444 126 58 98 338 57 843 120 42
is_linear=0
shrinkage=0.1


Tree=19
num_leaves=31
num_cat=0
split_feature=14 6 3 9 13 3 6 9 0 3 0 3 14 11 6 0 3 13 11 6 12 7 7 9 6 6 6 11 13 13
split_gain=395.244 251.121 108.963 22.9563 20.7969 12.2163 11.7224 19.8335 24.113 20.0065 10.6588 11.1942 9.47246 6.68928 18.9517 5.56299 6.25934 5.22223 5.00959 7.55902 4.46685 22.5454 20.4422 3.6245 2.90059 2.66268 17.1737 2.08015 1.68761 1.51752
threshold=2061.0000000000005 0.70510798320188051 1.1872213772209419 0.31995449794228076 0.6105078905990805 1.0002466771110343 0.56348206296185543 0.58058917347220007 0.47871376811594207 1.0512933981332189 0.23956521739130437 1.0059296610940061 2206.5000000000005 0.49250989166810227 0.81607124471542292 0.067989214175654802 1.0003129563271911 0.58171428314754181 0.046738232178512508 0.86704235016907738 0.72575068183327041 0.86496133237185024 0.92931160796433232 0.60462376667655693 0.53387135968422139 0.47237988841394524 0.44318908101480253 0.27197001418514405 0.53066176147111888 0.57520613091258643
decision_type=2 2 2 2 2 2 2 2 2 2 2 2 2 2 2 2 2 2 2 2 2 2 2 2 2 2 2 2 2 2
left_child=25 2 3 -2 12 -3 20 8 9 10 11 15 24 18 -15 16 -8 -13 19 -7 -5 -22 -23 -20 -4 26 -1 -19 -18 -11
right_child=1 5 4 6 -6 13 7 -9 -10 29 -12 17 -14 14 -16 -17 28 27 23 -21 21 22 -24 -25 -26 -27 -28 -29 -30 -31
leaf_value=0.1130846698815504 0.11182173859090383 -0.10413679239361198 0.0073658235665010402 -0.10401857269423771 -0.10496574373849921 -0.10664245954953261 -0.10468266578689914 -0.10438035303915989 -0.10360144607869436 0.13722896945457105 -0.098860288548256001 0.13391241024355385 -0.11787912418629838 -0.11032477879012159 0.11228808703087111 -0.093162881875532622 0.14622751121507269 0.078786669620371577 0.11379285619692983 0.11308664689986132 -0.10420708319351812 0.23897621539674227 -0.1038433533596138 -0.004082039230274807 0.1096470337844556 0.11201495589078864 -0.11214319354953735 -0.10466047278128109 0.02656613130953734 0.051728245874017399
leaf_weight=21.670337975025181 5.7669716253876677 3.1875284239649764 2.9843967370688906 285.88443226367235 6.0905655287206164 2.7431979402899733 2.4676528051495614 72.858180373907089 30.445356085896492 9.7954289391636831 13.401902642101048 7.6609865948557836 2.0473718643188468 5.7994896061718491 11.228482216596602 9.0550984218716604 2.5833948403596878 1.0345754846930506 88.98783078789711 3.6472308784723282 31.324962273240089 4.0847232565283766 3.0293729677796364 2.6873617246747008 39.077647294849157 209.34199216216803 4.0123038180172435 1.535561319440603 2.1674053631722927 2.6340599581599227
leaf_count=219 61 84 34 7924 152 54 59 1972 748 86 349 79 26 87 116 221 20 11 886 36 839 21 85 27 394 2187 45 38 28 37
internal_value=-0.0029444 -0.0429041 -0.0720103 -0.0865061 0.0682488 0.088976 -0.0888891 -0.0663293 -0.0328395 0.00832464 -0.026181 0.0105688 0.092166 0.0943243 0.0364693 -0.0409607 0.0245236 0.0925313 0.10437 0.0187643 -0.0997153 -0.0677101 0.0929944 0.110337 0.10239 0.108287 0.0778982 -0.0308162 0.0916357 0.11911
internal_weight=889.236 654.211 535.93 485.73 50.2 118.281 479.963 155.64 82.7814 52.3361 39.9066 26.5047 44.1094 115.094 17.028 16.2736 7.21845 10.2311 98.0656 6.39043 324.323 38.4391 7.1141 91.6752 42.062 235.025 25.6826 2.57014 4.7508 12.4295
internal_count=16925 14474 13184 12578 606 1290 12517 3648 1676 928 805 456 454 1206 203 328 107 128 1003 90 8869 945 106 913 428 2451 264 49 48 123
is_linear=0
shrinkage=0.1


Tree=20
num_leaves=31
num_cat=0
split_feature=14 6 3 9 13 3 6 9 0 3 0 3 14 11 6 4 0 3 12 7 7 11 6 13 13 12 6 6 6 13
split_gain=353.665 224.804 97.808 20.597 18.4432 11.0991 10.9838 18.2925 21.6402 17.5519 10.3929 9.64886 8.37297 5.72143 16.2262 5.18481 4.83284 4.94281 4.15209 20.1082 17.1211 4.08752 6.33143 3.86832 3.78015 2.9219 2.82056 2.38866 15.3442 1.79159
threshold=2061.0000000000005 0.70510798320188051 1.1872213772209419 0.31995449794228076 0.6105078905990805 1.0010582918509754 0.56348206296185543 0.58058917347220007 0.47871376811594207 1.0416291359945806 0.22318007662835249 1.0059296610940061 2206.5000000000005 0.49250989166810227 0.81607124471542292 0.00045421448330245007 0.07207792207792206 1.0003129563271911 0.72575068183327041 0.86496133237185024 0.92931160796433232 0.046738232178512508 0.86704235016907738 0.58171428314754181 0.58171428314754181 0.68411627850879186 0.53387135968422139 0.47237988841394524 0.44318908101480253 0.5484977166316406
decision_type=2 2 2 2 2 2 2 2 2 2 2 2 2 2 2 2 2 2 2 2 2 2 2 2 2 2 2 2 2 2
left_child=27 2 3 -2 12 15 18 8 9 10 11 16 26 21 -15 -3 17 -8 -5 -20 -21 22 -7 -11 -13 -25 -4 28 -1 -19
right_child=1 5 4 6 -6 13 7 -9 -10 23 -12 24 -14 14 -16 -17 -18 29 19 20 -22 -23 -24 25 -26 -27 -28 -29 -30 -31
leaf_value=0.11171704978758489 0.11057104994468248 0.1056120713797729 0.0066219331892413058 -0.10362708614094036 -0.10447970760940312 -0.10597471125640637 -0.10420920357485626 -0.10395847328862562 -0.10250484844408608 0.13023371351581767 -0.10383182288337621 0.13637385984078154 -0.11619941990132066 -0.10917653959743701 0.11093439951228704 -0.11130713592171387 -0.095596390451027899 0.11891282169056992 -0.10379377141654156 0.22095672434671496 -0.103464277338773 0.11047289760985105 0.11160642379508484 -0.10386557865087481 -0.01897425242758825 0.1196602294329626 0.10774401715917095 0.11074188833484411 -0.11087092284956711 -0.0018320545749950089
leaf_weight=19.83585307747126 5.2741672918200484 1.5271695069968689 2.9875171892344943 259.6063660569489 5.5353009663522235 2.2822450734674922 2.2758797071874159 66.178705332800746 27.828048324212432 11.048327688127754 12.166738774627445 6.168316859751938 1.8779474534094323 4.9967232458293429 10.157084651291369 3.9568239040672779 7.3347387537360191 3.1985496133565903 28.451110165566206 3.9812219887971869 2.7506209202110767 82.332539696246386 3.2304094284772873 1.3902896605432025 2.0995371788740158 1.009387195110321 35.951715752482414 191.4862794354558 3.6700066290795794 1.9955200031399725
leaf_count=219 61 14 34 7924 152 50 60 1972 748 106 352 67 26 83 115 93 197 29 839 21 85 900 35 39 40 8 394 2187 45 30
internal_value=-0.00294117 -0.0425116 -0.0713968 -0.0858658 0.0668103 0.0877216 -0.088234 -0.0654595 -0.0321615 0.00804442 -0.0290467 0.0103894 0.0900393 0.0951022 0.0383564 -0.0509 -0.0379373 0.0186782 -0.099258 -0.06702 0.0883988 0.104891 0.0215276 0.105238 0.0969248 -0.00984288 0.0999857 0.107049 0.076964 0.0725236
internal_weight=812.585 597.593 489.11 442.758 46.3525 108.483 437.483 142.694 76.5153 48.6873 35.2393 23.0725 40.8172 102.999 15.1538 5.48399 14.8047 7.46995 294.789 35.183 6.73184 87.8452 5.51265 13.448 8.26785 2.39968 38.9392 214.992 23.5059 5.19407
internal_count=16925 14474 13184 12578 606 1290 12517 3648 1676 928 775 423 454 1183 198 107 316 119 8869 945 106 985 85 153 107 47 428 2451 264 59
is_linear=0
shrinkage=0.1


Tree=21
num_leaves=31
num_cat=0
split_feature=14 3 6 13 9 15 6 0 3 11 6 9 9 11 4 3 0 3 4 1 11 6 11 13 8 16 6 13 13 7
split_gain=316.804 201.581 77.3834 24.0841 15.9457 10.5474 10.3674 9.11718 41.3035 8.43391 5.65254 8.01184 8.80701 5.34392 4.93454 4.67972 4.17144 4.46201 3.45732 3.23629 2.83424 5.51825 2.33675 2.29532 2.19322 2.19063 2.14506 13.7277 1.95275 1.74908
threshold=2061.0000000000005 1.1433623633822243 0.70510798320188051 0.59489630784267056 0.31995449794228076 931.50000000000011 0.53387135968422139 0.40651483050847464 1.0407266954030499 0.19314591542385567 0.58225841425355507 0.58058917347220007 0.56021787576095472 0.095411007887807611 0.14059211428022791 1.0010582918509754 0.21913109756097562 1.0076111299370327 0.00055375499051170016 0.010842409437749003 0.49250989166810227 0.81607124471542292 0.046738232178512508 0.57520613091258643 0.67714496633406263 0.72584974567308624 0.47237988841394524 0.55942303261756965 0.7757737727457088 0.86496133237185024
decision_type=2 2 2 2 2 2 2 2 2 2 2 2 2 2 2 2 2 2 2 2 2 2 2 2 2 2 2 2 2 2
left_child=26 2 4 6 -2 15 14 8 10 13 29 12 16 -5 -3 18 17 19 -4 -12 22 -22 -17 -10 -15 -8 27 -1 -7 -6
right_child=1 3 5 9 7 28 25 -9 23 -11 11 -13 -14 24 -16 20 -18 -19 -20 -21 21 -23 -24 -25 -26 -27 -28 -29 -30 -31
leaf_value=-0.10974289117373544 0.10944878763068877 0.103600297035853 0.080550217283206549 -0.11253575142753787 -0.10017071737245248 -0.10495741832047933 0.10675734643798879 -0.10232674564111327 0.13888882275816669 -0.10513946694422385 0.066799923661522084 -0.10333202212202096 0.16420907553820352 -0.0082973587064631323 -0.10654055705190653 -0.0020870342166364321 -0.10354631417595417 0.07857000051214523 -0.11584075450578933 -0.069470390987489958 -0.10848043031172952 0.11030573144760654 0.11051645980268771 0.027051364274512598 0.12160882764133905 0.0020563701792136839 0.10961593349975328 0.11050578606474946 0.043967030895889977 -0.06314789943476988
leaf_weight=3.3531438745558289 4.1015786901116362 1.6259844955056895 1.5949418097734445 1.8119492270052449 103.38031279481947 4.1864063106477252 88.53485244140029 217.7610440980643 8.7391613218933326 8.3459772653877717 2.1921677086502376 17.90715004876256 2.4638419151306143 1.8552375417202709 3.5728534087538719 1.9884863048791945 6.3318038005381814 4.3518982939422122 2.0466466397047043 8.5017659123986942 1.9876353628933419 2.7447859644889832 25.176052629947662 2.3229349460452786 4.3397009819746017 2.0444751773029557 174.95246021449566 18.13486885279417 1.1149641480296848 14.557432707399128
leaf_count=45 52 16 18 41 3410 113 1084 7198 86 229 26 593 31 38 84 27 198 62 43 209 32 33 291 39 34 35 2187 219 16 436
internal_value=-0.00293955 -0.0421473 -0.0730637 0.0773622 -0.0866911 0.0579428 0.0965121 -0.0887618 -0.071462 -0.0347981 -0.0844069 -0.0527847 -0.0148189 0.0385222 -0.0408171 0.0775708 -0.0354525 -0.00679628 -0.0298255 -0.0415361 0.0898319 0.0184147 0.102274 0.115404 0.082705 0.104394 0.105954 0.0761366 -0.0736362 -0.0956009
internal_weight=742.023 545.582 433.451 112.131 392.611 40.8399 95.7782 388.51 170.748 16.3529 159.686 41.7486 23.8415 8.00689 5.19884 35.5385 21.3776 15.0458 3.64159 10.6939 31.897 4.73242 27.1645 11.0621 6.19494 90.5793 196.44 21.488 5.30137 117.938
internal_count=16925 14474 12913 1561 12340 573 1219 12288 5090 342 4965 1119 526 113 100 444 495 297 61 235 383 65 318 125 72 1119 2451 264 129 3846
is_linear=0
shrinkage=0.1


Tree=22
num_leaves=31
num_cat=0
split_feature=14 6 3 9 13 6 9 0 3 3 0 3 14 0 3 11 6 4 12 7 7 11 6 0 16 3 6 13 13 3
split_gain=283.587 180.453 78.4583 16.5454 14.7374 9.81261 15.9425 18.0845 13.8506 8.88632 8.10414 8.13252 6.77373 5.14408 5.51459 4.59214 13.1619 4.18911 4.11077 18.0427 13.8254 3.39215 5.34957 2.97227 2.75942 5.74148 1.92804 12.2957 1.88442 1.3059
threshold=2061.0000000000005 0.70510798320188051 1.1872213772209419 0.31995449794228076 0.6105078905990805 0.56348206296185543 0.58058917347220007 0.47871376811594207 1.0512933981332189 1.0010582918509754 0.23956521739130437 1.0129639843032912 2206.5000000000005 0.12613636363636363 1.0014498808424011 0.49250989166810227 0.81607124471542292 0.00045421448330245007 0.72575068183327041 0.86496133237185024 0.92931160796433232 0.046738232178512508 0.86704235016907738 0.031754032258064509 0.64056997767432278 1.3887948390382003 0.47237988841394524 0.55942303261756965 0.53066176147111888 1.1772299398445962
decision_type=2 2 2 2 2 2 2 2 2 2 2 2 2 2 2 2 2 2 2 2 2 2 2 2 2 2 2 2 2 2
left_child=26 2 3 -2 12 18 7 8 10 17 11 13 24 14 23 21 -17 -3 -5 -20 -21 22 -11 -7 -4 -26 27 -1 -16 -9
right_child=1 9 4 5 -6 6 -8 29 -10 15 -12 -13 -14 -15 28 16 -18 -19 19 20 -22 -23 -24 -25 25 -27 -28 -29 -30 -31
leaf_value=-0.10874061043003458 0.10848676974983545 0.098820520715373866 0.10779975947968126 -0.10297089055125348 -0.10370645794877607 0.04124504808129547 -0.10325512788611727 -0.1054475055565936 0.11107194333146375 -0.10530936230438644 -0.096812661247000581 0.11959657168421085 -0.11332006076418971 -0.10383527171334701 0.14652245960034913 -0.10744881457154234 0.10878834484258958 -0.10959690238738098 -0.1031003268061621 0.20653415631865757 -0.10290025952885402 0.10776352643883627 0.10980055181035937 -0.09768620904437951 -0.11738397364561677 0.11185596215698118 0.10861768799853988 0.10943021563827027 0.025625642937826244 0.026563285712650958
leaf_weight=3.0605836771428612 4.3984949216246596 1.3603922091424454 28.530893739312887 214.68219755962491 4.6179535537958136 2.4410135969519668 54.64623193256557 22.548992862924937 10.052022902294992 1.9765614382922638 10.25167556107044 5.2381760757416478 1.6187477353960265 5.3746971432119599 2.8212920762598515 4.2117819767445317 8.4868999719619733 3.3130227271467447 23.51824209839106 3.8151587992906562 2.3231349047273397 69.313198834657669 2.7851875349879265 4.1713175401091576 1.7639158442616452 2.8705505803227425 159.68389952927828 16.562129832804203 2.3742928486317396 0.77511916682124038
leaf_count=45 61 14 370 7924 152 35 1972 733 123 50 349 67 26 164 29 83 115 93 839 21 85 900 35 118 26 32 2187 219 43 15
internal_value=-0.00291934 -0.0415927 -0.0699971 -0.0843037 0.0641415 -0.0866268 -0.0632988 -0.0302403 0.00842176 0.0853955 -0.0231596 0.0105175 0.0864251 -0.0227357 0.014179 0.0926298 0.0370688 -0.0489283 -0.09815 -0.0632518 0.0894238 0.102155 0.0205103 -0.0463982 0.0961743 0.0246054 0.104983 0.0754018 0.0912747 -0.10106
internal_weight=679.588 500.281 408.834 369.432 39.4021 365.034 120.695 66.0486 42.7245 91.447 32.6725 22.4208 34.7841 17.1826 11.8079 86.7736 12.6987 4.67341 244.339 29.6565 6.13829 74.0749 4.76175 6.61233 33.1654 4.63447 179.307 19.6227 5.19558 23.3241
internal_count=16925 14474 13184 12578 606 12517 3648 1676 928 1290 805 456 454 389 225 1183 198 107 8869 945 106 985 85 153 428 58 2451 264 72 748
is_linear=0
shrinkage=0.1


Tree=23
num_leaves=31
num_cat=0
split_feature=14 6 3 9 13 6 9 0 3 3 4 0 3 14 0 3 12 7 7 11 6 0 16 3 13 13 6 6 11 8
split_gain=254.468 161.747 70.4531 14.8566 13.187 9.25635 14.7484 16.2952 12.3889 8.0945 8.97258 7.88676 6.80857 6.04805 4.25158 4.69535 3.80523 16.1401 11.7933 3.45541 10.1808 2.64932 2.45616 5.13279 2.26435 1.76104 1.73435 11.0246 1.47462 3.44054
threshold=2061.0000000000005 0.70510798320188051 1.1872213772209419 0.31995449794228076 0.6105078905990805 0.56348206296185543 0.58058917347220007 0.45889639639639646 1.0407266954030499 1.0084747625122727 0.003945187833653151 0.21913109756097562 1.0129639843032912 2206.5000000000005 0.12613636363636363 1.0014498808424011 0.72575068183327041 0.86496133237185024 0.92931160796433232 0.49250989166810227 0.81607124471542292 0.031754032258064509 0.64056997767432278 1.3887948390382003 0.6051063846839887 0.53066176147111888 0.47237988841394524 0.44318908101480253 0.046738232178512508 0.74095403017429906
decision_type=2 2 2 2 2 2 2 2 2 2 2 2 2 2 2 2 2 2 2 2 2 2 2 2 2 2 2 2 2 2
left_child=26 2 3 -2 13 16 7 8 11 10 -3 12 14 22 15 21 -5 -18 -19 28 -21 -7 -4 -24 -10 -17 27 -1 29 -11
right_child=1 9 4 5 -6 6 -8 -9 24 19 -12 -13 -14 -15 -16 25 17 18 -20 20 -22 -23 23 -25 -26 -27 -28 -29 -30 -31
leaf_value=0.10847297316096777 0.10761425655615667 0.081908294309356131 0.10638426870889853 -0.10268396662776443 -0.10334644969413423 0.037180719692884855 -0.10294398653827648 -0.097599421881052362 0.12318764933334224 0.10870471889614573 -0.10468709350922978 -0.10288354982655881 0.12814470907822795 -0.11206161615187277 -0.10354645374646297 0.14190165611028191 -0.10279837596326138 0.19438500194282574 -0.10261670020412175 -0.10659129302200479 0.10785717655290068 -0.096186159564415979 -0.1159865920482212 0.11061728308790111 -0.002045659938779316 0.023089046191233781 0.10773077410067047 -0.10784836175915002 0.10878346959782759 -0.10333516672916117
leaf_weight=15.111514866352083 4.0105399936437598 6.0469302888959628 26.141939528286464 194.76762811094522 4.1923113055527201 2.4372825138270908 49.587792474776506 22.354950256645679 8.7445259839296323 2.4531207829713813 4.4908695444464684 8.876802556216715 3.9455186761915675 1.4803115762770165 4.2982096597552291 2.6317691020667553 21.339507358148698 3.6564424932003012 2.1075720377266407 3.1731150988489372 7.3223252445459366 3.8302977364510298 1.6143067888915528 2.6249753087759018 1.7293137311935414 2.3717699032276869 145.61661293357611 2.7910695932805529 59.132341660559177 1.112154280766845
leaf_count=219 61 88 370 7924 152 35 1972 781 106 34 110 336 49 26 142 29 839 21 85 71 109 118 26 32 37 43 2187 45 839 39
internal_value=-0.00292043 -0.0412645 -0.0694774 -0.0837042 0.0633795 -0.0860106 -0.0624073 -0.0295732 0.00955471 0.0843304 0.00238737 -0.0247373 0.0108095 0.0853171 -0.0189251 0.013345 -0.0977986 -0.0626923 0.0857884 0.096128 0.0430224 -0.0443236 0.0949343 0.0243272 0.102511 0.0855823 0.10412 0.0747478 0.105018 0.0425609
internal_weight=619.994 456.475 372.744 336.69 36.0538 332.679 110.808 61.2204 38.8655 83.7309 10.5378 28.3917 19.5148 31.8615 15.5693 11.2711 221.871 27.1035 5.76401 73.1931 10.4954 6.26758 30.3812 4.23928 10.4738 5.00354 163.519 17.9026 62.6976 3.56528
internal_count=16925 14474 13184 12578 606 12517 3648 1676 895 1290 198 752 416 454 367 225 8869 945 106 1092 180 153 428 58 143 72 2451 264 912 73
is_linear=0
shrinkage=0.1


Tree=24
num_leaves=31
num_cat=0
split_feature=14 3 6 13 9 0 3 13 6 15 11 15 3 11 3 4 0 3 0 13 13 10 11 6 16 11 8 6 6 13
split_gain=228.471 145.079 55.7661 17.1191 11.5083 7.84401 29.4372 7.99949 7.71931 7.68765 6.27958 4.27919 19.2652 3.80155 3.7337 3.64225 3.01412 2.89465 9.64407 2.79729 2.60184 2.01056 1.99671 4.0072 1.98409 1.81503 1.6051 1.56121 9.89392 1.51035
threshold=2061.0000000000005 1.1433623633822243 0.70510798320188051 0.59489630784267056 0.31995449794228076 0.40651483050847464 1.0296048581010331 0.6105078905990805 0.53387135968422139 931.50000000000011 0.19314591542385567 366.50000000000006 1.0059296610940061 0.095411007887807611 1.0010582918509754 0.14059211428022791 0.031754032258064509 1.0003129563271911 0.056079664570230552 0.50596977689186751 0.5484977166316406 0.060730336899853611 0.49250989166810227 0.81607124471542292 0.48414584160886914 0.046738232178512508 0.67714496633406263 0.47237988841394524 0.44318908101480253 0.7757737727457088
decision_type=2 2 2 2 2 2 2 2 2 2 2 2 2 2 2 2 2 2 2 2 2 2 2 2 2 2 2 2 2 2
left_child=27 2 4 8 -2 6 11 -8 15 14 13 12 17 -5 16 -3 -4 -6 20 -14 -19 24 25 -24 -10 -16 -15 28 -1 -11
right_child=1 3 9 10 5 -7 7 -9 21 29 -12 -13 19 26 22 -17 -18 18 -20 -21 -22 -23 23 -25 -26 -27 -28 -29 -30 -31
leaf_value=0.10761933399201856 0.10682326248627932 0.094972841622524118 0.091524041039755713 -0.10943456838718268 -0.10247304453423352 -0.10121849782212421 0.1152097329668276 -0.10359432627727544 0.10691132692120008 -0.1039578038535563 -0.10379570747268396 -0.10084567348156055 0.21961879212767471 -0.0068494786630399485 -0.0017463154269834272 -0.10538093120503136 -0.11159012767132669 0.13673952076495918 -0.088097090309102732 0.065624320083146032 -0.026401108366150696 0.10429767549437251 -0.10619267830238735 0.10747815688405707 -0.061069583049165467 0.10713375579044976 0.11576549349586295 0.10694128987663026 -0.10705274241353353 0.039984307103698422
leaf_weight=13.77637615054846 3.109258495271205 1.3471631444990624 1.2148628681898181 1.3869071342051009 28.578532824292779 163.34913868829608 10.219150589779018 1.9975105561316002 1.3302588835358613 3.2459223866462699 6.2923537455499172 65.068343039602041 1.8980784937739361 1.5477589238435028 1.6626681499183238 2.7792342901229858 1.8328459560871122 2.8042085655033615 16.600112453103065 3.1161343902349472 1.5007866248488424 66.738867266103625 1.5105303805321448 2.095076248049736 1.491516539826989 19.339853521436453 3.441466823220253 132.68231778219342 2.5432739648967972 0.94007406756281842
leaf_count=219 52 16 14 41 1237 7198 141 66 22 113 229 2866 19 38 27 84 47 30 647 49 35 1078 32 33 19 291 34 2187 45 16
internal_value=-0.00291638 -0.040939 -0.0711288 0.0744575 -0.0845592 -0.0865754 -0.0684249 0.0794337 0.0929188 0.0546648 -0.0329237 -0.0835323 -0.0628608 0.0370171 0.0737811 -0.0399706 -0.0306257 -0.0817872 -0.0535084 0.123917 0.0798662 0.100802 0.0867118 0.017963 0.018121 0.0985142 0.0777278 0.103351 0.0741646 -0.0716319
internal_weight=565.441 416.439 330.083 86.3555 298.241 295.132 131.783 12.2167 73.687 31.8418 12.6685 119.566 54.4979 6.37613 27.6558 4.1264 3.04771 49.4836 20.9051 5.01421 4.305 69.5606 24.6081 3.60561 2.82178 21.0025 4.98923 149.002 16.3197 4.186
internal_count=16925 14474 12913 1561 12340 12288 5090 207 1219 573 342 4883 2017 113 444 100 61 1949 712 68 65 1119 383 65 41 318 72 2451 264 129
is_linear=0
shrinkage=0.1


Tree=25
num_leaves=31
num_cat=0
split_feature=14 6 3 9 13 6 9 15 9 3 0 3 14 9 13 3 11 6 12 7 7 0 6 9 6 16 4 6 13 11
split_gain=205.053 130.417 56.5131 11.9662 10.6678 8.26512 11.8793 12.5523 7.81187 6.89601 7.16514 6.31853 5.01515 3.52947 5.64244 2.90774 2.84966 8.32658 2.68358 14.261 9.05355 2.61156 2.55076 2.15128 8.63304 2.089 4.24125 1.40622 8.88652 1.18704
threshold=2061.0000000000005 0.70510798320188051 1.1872213772209419 0.31995449794228076 0.6105078905990805 0.58225841425355507 0.58058917347220007 1121.5000000000002 0.56021787576095472 1.0084747625122727 0.095695970695970675 1.0686108008718731 2206.5000000000005 0.52570328268383848 0.6105078905990805 1.0003129563271911 0.49250989166810227 0.81607124471542292 0.72575068183327041 0.86496133237185024 0.92931160796433232 0.27842377260981915 0.64433494122081492 0.4264409810463532 0.56348206296185543 0.64056997767432278 0.19199976004247585 0.47237988841394524 0.55942303261756965 0.046738232178512508
decision_type=2 2 2 2 2 2 2 2 2 2 2 2 2 2 2 2 2 2 2 2 2 2 2 2 2 2 2 2 2 2
left_child=27 2 3 -2 12 18 7 8 11 10 -3 13 25 14 15 -7 29 -18 23 -20 -21 -17 -10 24 -5 -4 -27 28 -1 -11
right_child=1 9 4 5 -6 6 -8 -9 22 16 -12 -13 -14 -15 -16 21 17 -19 19 20 -22 -23 -24 -25 -26 26 -28 -29 -30 -31
leaf_value=-0.10634221317478043 0.10614704849632071 0.076855170769991807 0.10423491003113897 -0.10217337967922258 -0.10278600355411482 -0.10263947518207928 -0.10243385171613058 -0.10501304472346312 0.20013237740063949 0.042720294276208833 -0.10263360665181472 0.098058795578174957 -0.10995126991466551 -0.10263601683329222 -0.10339018518379579 0.074739362030330589 -0.10538189256140801 0.10635096107650442 -0.10227023795903417 0.17620359554989987 -0.10218342144568492 -0.072710779767061168 0.050240906798276599 -0.10222619552252619 0.11019325794701385 0.10860654485526114 -0.11407028423018598 0.10623734932794422 0.10685674831997172 0.10708699375730923
leaf_weight=2.3158395364880553 3.3278331421315661 5.2876820378005487 21.893912810832273 9.1151328627020103 3.4974419474601737 1.3946610298007822 31.262092048302293 12.481656264513729 2.5822807848453513 3.0414346419274798 3.8386854641139507 4.613044371828436 1.2835938073694695 5.2011961843818417 4.3256931602954856 7.8650094810873252 2.6729990895837528 6.0866479352116585 20.621190655976537 3.4732050448656073 1.7602774109691379 1.4177011922001836 2.0260944273322821 166.50276936776936 2.4230739846825591 2.1999494247138496 1.3994726110249756 120.81077574193478 12.549793358892201 49.420950897037983
leaf_count=45 61 86 370 444 152 60 1501 505 11 73 112 77 26 221 150 137 71 109 987 21 85 60 39 8183 36 32 26 2187 219 839
internal_value=-0.00290294 -0.0404952 -0.0683355 -0.0823501 0.0614639 -0.0846142 -0.0557823 -0.0209812 0.0146631 0.0824513 0.00135953 -0.00753983 0.0829172 -0.0316502 -0.00704109 0.0319926 0.0945396 0.0417409 -0.0949607 -0.0648554 0.0825684 0.0522201 0.134232 -0.0993325 -0.0575755 0.0926282 0.0220287 0.102666 0.0736436 0.103355
internal_weight=516.692 381.016 310.667 280.393 30.2744 277.065 73.1694 41.9073 29.4257 70.3484 9.12637 24.8173 26.7769 20.2043 15.0031 10.6774 61.222 8.75965 203.896 25.8547 5.23348 9.28271 4.60838 178.041 11.5382 25.4933 3.59942 135.676 14.8656 52.4624
internal_count=16925 14474 13184 12578 606 12517 2761 1260 755 1290 198 705 454 628 407 257 1092 180 9756 1093 106 197 50 8663 480 428 58 2451 264 912
is_linear=0
shrinkage=0.1


Tree=26
num_leaves=31
num_cat=0
split_feature=14 6 3 6 9 15 13 3 3 13 9 9 6 11 11 7 6 12 9 9 6 12 3 0 6 13 3 0 3 15
split_gain=184.31 116.87 50.8373 12.6977 15.4792 14.1755 8.51461 7.40874 6.36198 6.08616 4.4121 10.1452 3.14267 9.12324 5.92777 2.99531 16.436 6.20124 2.36105 2.12691 8.50804 2.0466 1.67784 3.92023 1.2673 7.98756 0.811361 0.785284 0.596698 1.91205
threshold=2061.0000000000005 0.70510798320188051 1.2390000898492741 0.58225841425355507 0.58058917347220007 1169.5000000000002 0.6105078905990805 1.0003129563271911 1.0010582918509754 0.59489630784267056 0.56021787576095472 0.52570328268383848 0.76840133973610147 0.49250989166810227 0.046738232178512508 0.86496133237185024 0.37185631236742483 0.84301939105352497 0.43500722116472118 0.4264409810463532 0.56348206296185543 0.68411627850879186 1.0373317000816324 0.20169491525423733 0.47237988841394524 0.55942303261756965 1.0104624936819859 0.98095065312046448 1.0051202155943313 129.00000000000003
decision_type=2 2 2 2 2 2 2 2 2 2 2 2 2 2 2 2 2 2 2 2 2 2 2 2 2 2 2 2 2 2
left_child=24 2 3 15 5 6 7 -5 18 27 11 22 13 14 -10 19 -17 -18 -3 20 -2 -11 23 28 25 -1 -16 -4 29 -9
right_child=1 8 9 4 -6 -7 -8 10 12 21 -12 -13 -14 -15 26 16 17 -19 -20 -21 -22 -23 -24 -25 -26 -27 -28 -29 -30 -31
leaf_value=-0.10570683432933864 -0.10203086607342216 0.086220333606239069 0.10603000761297388 -0.10239354435376113 -0.10222566828403959 -0.10164273407497751 -0.1030120126567674 0.10662339702062339 -0.10402507477406991 -0.10602299046963665 0.15527229593363323 -0.10246807843645407 0.10597499932824256 -0.10499111114551417 0.040296529395767049 0.18777389149100021 -0.10205764083791627 0.11915451400268623 -0.097622715057196774 -0.10203621221136479 0.10891088355888585 0.057211630254620005 0.10849139143917115 -0.088670701543359376 0.10560874204103997 0.10617446958294552 0.10790891461392711 0.03176683059509508 0.10762066164769557 -0.050145147927867728
leaf_weight=2.1074103452265254 9.0253228321671468 0.95298893377184812 17.215132873505361 3.0212524998933104 28.803641930222511 11.9384478200227 4.4546413682401171 2.1205331683158968 1.5440966002643168 2.1207274999469514 4.3237778805196276 3.8469923492521039 38.80788803473115 2.9489273484796277 2.0008921325206783 2.3895269781351116 20.560473462566737 1.3504813835024823 2.6166799571365118 151.6250817887485 2.4260471388697615 1.204229427501559 8.5746855866163951 1.7281381972134111 109.93153585121036 11.424766130745409 15.710631165653465 1.5522941648960102 3.6331376992166042 1.2288564555346964
leaf_count=45 477 13 327 140 1517 519 172 27 50 73 30 177 747 83 32 11 1080 13 94 8204 40 30 153 76 2187 219 271 24 61 33
internal_value=-0.00290616 -0.0401734 -0.0678611 -0.0801878 -0.0450155 -0.00829061 0.0255512 0.045662 0.0812159 0.0777952 0.063234 0.0444025 0.0888077 0.0588037 0.0838883 -0.0940171 -0.0612641 -0.0884232 -0.0485424 -0.0988977 -0.0573415 -0.0469028 0.0770897 0.0461782 0.102054 0.0731775 0.100271 0.0998875 0.0795526 0.0491066
internal_weight=471.189 347.726 283.143 261.051 73.6741 44.8705 32.932 28.4774 64.5821 22.0924 25.4561 21.1323 61.0124 22.2045 19.2556 187.377 24.3005 21.911 3.56967 163.076 11.4514 3.32496 17.2854 8.71067 123.464 13.5322 17.7115 18.7674 6.98253 3.34939
internal_count=16925 14474 13184 12730 2905 1388 869 697 1290 454 557 527 1183 436 353 9825 1104 1093 107 8721 517 103 350 197 2451 264 303 351 121 60
is_linear=0
shrinkage=0.1


Tree=27
num_leaves=31
num_cat=0
split_feature=14 6 3 6 9 15 13 3 3 4 13 9 9 7 6 12 11 6 9 6 12 10 10 6 3 6 6 11 6 0
split_gain=165.824 105.017 45.7322 11.6448 14.0633 12.6784 7.6192 6.60504 5.83649 5.80635 5.4625 3.75348 9.04783 2.77264 14.3696 5.58477 2.24915 6.73865 1.92848 7.66943 1.82984 1.5614 3.35777 2.01996 1.25519 1.14263 7.18425 1.14226 2.61326 0.816591
threshold=2061.0000000000005 0.70510798320188051 1.2390000898492741 0.58225841425355507 0.58058917347220007 1169.5000000000002 0.6105078905990805 1.0003129563271911 1.0084747625122727 0.003945187833653151 0.59489630784267056 0.56021787576095472 0.52570328268383848 0.86496133237185024 0.37185631236742483 0.84301939105352497 0.49250989166810227 0.81607124471542292 0.4264409810463532 0.56348206296185543 0.68411627850879186 0.2622204618458317 0.32209563980023986 0.6395807993882513 1.0005424719430749 0.47237988841394524 0.44318908101480253 0.046738232178512508 0.86704235016907738 0.98095065312046448
decision_type=2 2 2 2 2 2 2 2 2 2 2 2 2 2 2 2 2 2 2 2 2 2 2 2 2 2 2 2 2 2
left_child=25 2 3 13 5 6 7 -5 9 24 29 12 21 18 -15 -16 27 -18 19 -2 -12 -9 23 -23 -3 26 -1 28 -10 -4
right_child=1 8 10 4 -6 -7 -8 11 16 -11 20 -13 -14 14 15 -17 17 -19 -20 -21 -22 22 -24 -25 -26 -27 -28 -29 -30 -31
leaf_value=0.10556321772661144 -0.10183426108008553 -0.020200540048499655 0.10542526604058988 -0.10216135016647726 -0.10201389721678218 -0.10068043789470452 -0.10271888315017096 0.11177391635176109 -0.10269568052183736 -0.10067287437148156 -0.10547463230967723 0.14938142432126109 -0.1022289122229607 0.17568170640111194 -0.10185880963462607 0.1172133916797808 -0.10437741376168981 0.10513697501205084 -0.10184147679589356 0.10803474569685033 0.052772742063468527 -0.1025388960854732 0.093294222068159627 0.057337304893025735 0.10102050526765122 0.10504664579612688 -0.10513798327372359 0.10560711516437399 0.10640056917599715 0.028961682445461448
leaf_weight=10.394358627498146 8.181413787417112 1.1199803743511418 15.661686263978485 2.7396392207592788 26.113963147625327 10.900467516854404 4.041642762720584 6.8165650311857524 0.88304500840604228 3.2990577472373843 1.9283822569996112 4.0585769973695269 3.4886315818876019 2.3030012547969845 18.638352552428845 1.2411631047725666 2.2081597121432415 5.0366574488580227 137.44503414072096 2.2120710760354987 1.1764964293688533 1.8326860852539524 5.910799901932478 1.3893796708434818 3.5993828251957893 99.975247517228127 1.9166542496532208 41.002009399235249 1.8497697189450264 1.5334226787090308
leaf_count=219 477 22 327 140 1517 519 172 117 39 110 73 30 177 11 1080 13 71 109 8204 40 30 84 120 29 66 2187 45 839 34 24
internal_value=-0.00290448 -0.0399339 -0.0674953 -0.0798182 -0.0446076 -0.0082025 0.0250908 0.0447796 0.080412 0.00110516 0.0765636 0.0619125 0.0436494 -0.0937541 -0.0607868 -0.0881812 0.092886 0.0412787 -0.0987008 -0.0571673 -0.0455118 0.0755575 0.0485264 -0.033599 0.0722528 0.101507 0.07276 0.101435 0.038836 0.0986064
internal_weight=428.898 316.611 257.613 237.313 67.2924 41.1784 30.2779 26.2363 58.9981 8.01842 20.3 23.4966 19.4381 170.021 22.1825 19.8795 50.9796 7.24482 147.839 10.3935 3.10488 15.9494 9.13287 3.22207 4.71936 112.286 12.311 43.7348 2.73281 17.1951
internal_count=16925 14474 13184 12730 2905 1388 869 697 1290 198 454 557 527 9825 1104 1093 1092 180 8721 517 103 350 233 113 88 2451 264 912 73 351
is_linear=0
shrinkage=0.1


Tree=28
num_leaves=31
num_cat=0
split_feature=14 6 3 6 9 15 13 13 3 3 0 16 3 9 9 12 7 7 11 6 9 6 10 8 8 9 6 6 6 11
split_gain=149.258 94.3944 41.195 9.37918 11.5269 10.9733 7.82699 6.31448 5.55425 5.3489 5.12852 3.96492 4.58271 3.28734 7.62781 2.16077 10.4168 5.8644 2.01524 6.06776 1.60544 6.32513 1.47621 2.87586 1.17674 1.09219 1.77707 1.03066 6.46555 1.02421
threshold=2061.0000000000005 0.70510798320188051 1.1872213772209419 0.58225841425355507 0.58058917347220007 1121.5000000000002 0.6105078905990805 0.6105078905990805 1.0003129563271911 1.0084747625122727 0.095695970695970675 0.62791216450432097 1.3887948390382003 0.56021787576095472 0.52570328268383848 0.72575068183327041 0.86496133237185024 0.92931160796433232 0.49250989166810227 0.81607124471542292 0.4264409810463532 0.56348206296185543 0.2622204618458317 0.67714496633406263 0.59641635262379478 0.48213297374537728 0.66462849728986706 0.47237988841394524 0.44318908101480253 0.046738232178512508
decision_type=2 2 2 2 2 2 2 2 2 2 2 2 2 2 2 2 2 2 2 2 2 2 2 2 2 2 2 2 2 2
left_child=27 2 3 15 5 7 11 8 -5 10 -3 -4 -13 14 22 20 -17 -18 29 -20 21 -2 -10 24 -24 -25 -27 28 -1 -11
right_child=1 9 6 4 -6 -7 -8 -9 13 18 -12 12 -14 -15 -16 16 17 -19 19 -21 -22 -23 23 25 -26 26 -28 -29 -30 -31
leaf_value=0.10501495414972913 -0.10160078867755656 0.069831301542896421 0.10096544819649322 -0.10196509357746274 -0.10180312819725895 -0.10384095321913907 -0.10208322348329513 -0.10247203382649986 0.11129026749300888 0.038637097674601953 -0.098959350176561822 -0.11121444189622579 0.10633839868034085 0.14733538534722529 -0.1020270571146798 -0.10167357950095782 0.15224970017957273 -0.10160792030767785 -0.10394993833084275 0.10462468308537982 -0.10164569308324496 0.10747403559206024 0.057152630895532089 0.10867625449262369 -0.10337451983944693 -0.10213700589055717 0.10587977683614223 0.10454344226656703 -0.10462814325430547 0.10494779945346021
leaf_weight=9.4518018886446917 6.7878279499709588 4.4196406975388518 16.752826336771257 2.4096297062933507 23.294674476608634 9.4130049021914584 2.6711045615375033 3.5199585556983939 5.6833734940737539 2.4843356087803832 3.0370756043121219 2.1023473218083377 1.7949471995234487 3.4635670222342005 3.0732579147443166 15.362032496370377 2.9759444482624522 1.3108427021652458 2.0058231968432656 4.5785323195159435 124.01077981945127 1.839025607332587 0.65809246711432967 4.136965548619628 1.4918333794921634 0.74410424660891272 0.91653444245457649 90.874547589570284 1.7422800790518529 37.321390844881535
leaf_count=219 444 86 370 135 1501 505 152 164 104 73 112 50 34 26 171 987 21 85 71 109 8183 36 17 76 63 38 22 2187 45 839
internal_value=-0.00290362 -0.0397003 -0.0671268 -0.0810607 -0.0471395 -0.0112804 0.0589953 0.0221052 0.0415276 0.0796963 0.00108389 0.0798309 -0.0110178 0.058672 0.0402878 -0.0941593 -0.0632108 0.0746234 0.0923324 0.0410856 -0.0987439 -0.0570314 0.0723745 0.0445454 -0.0542371 0.0811769 0.012671 0.101017 0.0723855 0.100809
internal_weight=390.328 288.259 234.413 211.091 58.805 35.5103 23.3212 26.0973 22.5774 53.8468 7.45672 20.6501 3.89729 20.1677 16.7042 152.286 19.6488 4.28679 46.3901 6.58436 132.638 8.62685 13.6309 7.94753 2.14993 5.7976 1.66064 102.069 11.1941 39.8057
internal_count=16925 14474 13184 12578 2822 1321 606 816 652 1290 198 454 84 517 491 9756 1093 106 1092 180 8663 480 320 216 80 136 60 2451 264 912
is_linear=0
shrinkage=0.1


Tree=29
num_leaves=31
num_cat=0
split_feature=14 3 6 6 9 0 13 13 9 10 3 11 6 9 9 6 10 11 4 12 7 7 9 6 8 3 0 6 6 16
split_gain=134.408 85.0227 36.9397 8.17925 10.1291 10.4674 7.38001 5.48603 5.31259 5.47 4.84228 3.12497 2.79881 2.69603 6.44163 2.57446 2.39207 2.18318 2.07744 1.94687 9.3254 5.01627 1.45725 5.70306 1.41118 1.2055 2.91097 0.929998 5.82182 0.551547
threshold=2061.0000000000005 1.1772299398445962 0.70510798320188051 0.58225841425355507 0.58058917347220007 0.47871376811594207 0.59489630784267056 0.6105078905990805 0.43500722116472118 0.18109440637033888 1.0003129563271911 0.19314591542385567 0.77025192968544343 0.56021787576095472 0.52570328268383848 0.53387135968422139 0.67592481621768996 0.095411007887807611 0.17729381403800906 0.72575068183327041 0.86496133237185024 0.92931160796433232 0.4264409810463532 0.56348206296185543 0.83146978741877242 1.0228938640091387 0.15655637254901963 0.47237988841394524 0.44318908101480253 0.64687892341327791
decision_type=2 2 2 2 2 2 2 2 2 2 2 2 2 2 2 2 2 2 2 2 2 2 2 2 2 2 2 2 2 2
left_child=27 2 3 19 5 7 15 10 24 -10 -5 17 16 14 25 18 -11 -8 -3 22 -21 -22 23 -2 -4 26 -12 28 -1 -17
right_child=1 6 8 4 -6 -7 11 -9 9 12 13 -13 -14 -15 -16 29 -18 -19 -20 20 21 -23 -24 -25 -26 -27 -28 -29 -30 -31
leaf_value=0.10452268041796522 -0.1014465134354877 0.10188201616517507 0.10501680110781658 -0.10179318598569553 -0.10163066613300849 -0.10340727174364475 -0.10627061885372668 -0.1022671926177578 0.10746024417189826 -0.10498987996433051 0.075419755561898894 -0.10241547348150654 0.068162458838672613 0.14217906792040225 -0.1018240581151475 0.10420982742658075 0.10524489374353413 0.077995433490016697 -0.10631547239758739 -0.10149494496636768 0.14764738067780966 -0.10143204789836829 -0.10148470803569683 0.10674389719210785 -0.017708845824673233 0.10204160231833184 -0.10225956265398894 0.10409246596835009 -0.10417076776663717 0.062083084542388492
leaf_weight=8.5905689783394301 6.1379340318962923 0.84043113887309928 11.835969109088184 2.0727689573541381 21.013086254708469 9.0208020173013193 0.81786310113966409 2.9984417753294101 3.226698797196148 5.0141080338507891 4.4249312654137629 2.6677520051598549 1.5849316157400606 3.241717778146266 2.584604784846305 36.767551060765982 0.60669225826859463 3.0070536285638809 1.115259727463126 13.827849998138847 2.7320974059402938 1.1484106387943027 112.08582861814648 1.6748202107846735 1.0174833200871933 6.3638621605932713 1.1647906722500918 82.564763523638248 1.5830489266663796 3.3948592245578757
leaf_count=219 443 12 277 127 1495 537 32 152 62 181 92 153 52 26 158 945 13 60 34 983 20 83 8167 36 40 152 63 2187 45 79
internal_value=-0.0029045 -0.039479 -0.0666234 -0.081157 -0.0477319 -0.0121966 0.0798951 0.0238101 0.05227 -0.000748115 0.0428522 -0.0193445 -0.0492034 0.0597148 0.041327 0.0951933 -0.0822978 0.0385947 -0.0168455 -0.0940029 -0.0630525 0.073934 -0.0985741 -0.0568167 0.0953018 0.0722792 0.0383948 0.100577 0.0720493 0.100649
internal_weight=355.127 262.389 213.778 190.492 52.885 31.8719 48.6108 22.8511 23.2859 10.4324 19.8527 6.49267 7.20573 17.7799 14.5382 42.1181 5.6208 3.82492 1.95569 137.607 17.7084 3.88051 119.899 7.81275 12.8535 11.9536 5.58972 92.7384 10.1736 40.1624
internal_count=16925 14474 13159 12534 2802 1307 1315 770 625 308 618 245 246 491 465 1070 194 92 46 9732 1086 103 8646 479 317 307 155 2451 264 1024
is_linear=0
shrinkage=0.1


Tree=30
num_leaves=31
num_cat=0
split_feature=14 6 3 6 9 0 13 3 3 3 15 7 6 12 6 12 7 0 9 6 9 9 13 6 6 3 15 3 15 3
split_gain=121.057 76.4866 33.5057 10.2359 11.4095 9.06622 6.01734 5.12063 4.67037 2.9653 5.32897 2.31326 10.2472 4.20239 2.30695 6.13262 4.04542 2.05732 1.69718 6.10632 1.58341 2.94771 1.03043 0.839435 5.24467 0.732551 2.16277 0.690398 0.268297 0.515351
threshold=2061.0000000000005 0.70510798320188051 1.3100682772951584 0.58225841425355507 0.58058917347220007 0.62034482758620701 0.6105078905990805 1.0003129563271911 1.0010582918509754 1.0491599199686514 547.50000000000011 0.86496133237185024 0.37185631236742483 0.84301939105352497 0.76840133973610147 0.41322511889933156 0.6138681376613786 0.031754032258064509 0.4264409810463532 0.56348206296185543 0.56021787576095472 0.52570328268383848 0.59489630784267056 0.47237988841394524 0.44318908101480253 1.0076111299370327 209.00000000000003 1.0104624936819859 1095.5000000000002 1.2050468955035234
decision_type=2 2 2 2 2 2 2 2 2 2 2 2 2 2 2 2 2 2 2 2 2 2 2 2 2 2 2 2 2 2
left_child=23 2 3 11 5 6 7 -5 17 10 20 18 -13 -14 15 16 -10 -3 19 -2 21 25 -4 24 -1 26 -9 -17 -11 -30
right_child=1 8 22 4 -6 -7 -8 9 14 28 -12 12 13 -15 -16 27 -18 -19 -20 -21 -22 -23 -24 -25 -26 -27 -28 -29 29 -31
leaf_value=0.10408027320092723 -0.10135408798001477 0.079564930831493269 0.10407889422685586 -0.10155599425673321 -0.10151195435832519 -0.10046117051862909 -0.10196488294254827 0.082590204698218289 0.10515473339495617 0.10836832372001555 -0.10146547048745512 0.15026220976148463 -0.10138076550814407 0.11116464669528166 0.10398404719427966 0.032511358646811463 -0.10317911993153001 -0.1053430594046828 -0.10138811591815525 0.10570861353407915 0.14921911395821255 -0.10181253579836985 0.0026958369930632589 0.10368790172206351 -0.10376010072825469 0.10436130068527363 -0.1031294824295685 0.10536870902785517 -0.0081379927759148655 0.10409968407199144
leaf_weight=7.8044239617884141 6.1840312872081977 0.87684169784188215 10.962470814585684 2.2829274917021456 19.594519162550569 7.8078974094241849 3.399595368653535 2.4893688354641221 1.3142625130712975 7.1354473009705526 2.6531982542946926 2.0687179118394878 13.947757249698039 0.99671062082052309 26.756181344389915 1.5037059560418118 3.205026869662106 1.9176744222640989 102.88449435122311 1.8503635730594394 1.620229937136173 1.2230100249871609 1.1034187674522389 74.984308782964945 1.4377820808440445 2.9327842742204666 0.83815868664532889 9.6305214762687665 0.62580246198922385 1.1813854016363619
leaf_count=219 484 14 299 160 1523 451 198 45 32 157 194 12 1083 15 747 31 133 93 8225 45 13 76 39 2187 45 71 35 240 27 32
internal_value=-0.00290594 -0.0392378 -0.0665614 -0.0772763 -0.0406724 -0.0058046 0.0222096 0.0405778 0.0778936 0.0562537 0.0232438 -0.092665 -0.0583304 -0.0872052 0.0861446 0.0556522 -0.0425932 -0.0473241 -0.0979314 -0.0536665 0.0595899 0.040184 0.0948075 0.100183 0.0717472 0.0679244 0.03581 0.0955291 0.0996513 0.0652334
internal_weight=323.213 238.987 193.782 181.716 53.7843 34.1898 26.3819 22.9823 45.2042 20.6994 11.7568 127.932 17.0132 14.9445 42.4097 15.6535 4.51929 2.79452 110.919 8.03439 9.10355 7.48332 12.0659 84.2265 9.24221 6.26031 3.32753 11.1342 8.94264 1.80719
internal_count=16925 14474 13184 12846 2982 1459 1008 810 1290 650 434 9864 1110 1098 1183 436 165 107 8754 529 240 227 338 2451 264 151 80 271 216 59
is_linear=0
shrinkage=0.1


Tree=31
num_leaves=31
num_cat=0
split_feature=14 6 3 6 9 15 13 3 3 0 13 0 3 0 7 6 12 3 11 6 16 3 9 6 11 6 6 6 3 3
split_gain=109.09 68.8037 30.194 8.20612 9.56117 8.29389 4.90214 4.26116 4.19245 4.53901 3.8913 2.88536 2.48759 2.43341 2.0034 9.04432 3.50424 1.58658 1.50721 4.75163 1.41624 2.68232 1.30279 5.08314 1.25942 2.3052 0.757904 4.72676 0.488431 0.343136
threshold=2061.0000000000005 0.70510798320188051 1.2390000898492741 0.58225841425355507 0.58058917347220007 1169.5000000000002 0.6105078905990805 1.0041819498565812 1.0373317000816324 0.21103238866396759 0.61574095724430145 0.063164893617021267 1.0059296610940061 0.067989214175654802 0.86496133237185024 0.37185631236742483 0.84301939105352497 1.0005424719430749 0.49250989166810227 0.81607124471542292 0.62791216450432097 1.3887948390382003 0.4264409810463532 0.56348206296185543 0.046738232178512508 0.86704235016907738 0.47237988841394524 0.44318908101480253 1.0008248272658653 1.0003129563271911
decision_type=2 2 2 2 2 2 2 2 2 2 2 2 2 2 2 2 2 2 2 2 2 2 2 2 2 2 2 2 2 2
left_child=26 2 3 14 5 6 8 11 9 12 20 28 13 17 22 -16 -17 29 24 -20 -4 -22 23 -2 25 -9 27 -1 -3 -5
right_child=1 7 10 4 -6 -7 -8 18 -10 -11 -12 -13 -14 -15 15 16 -18 -19 19 -21 21 -23 -24 -25 -26 -27 -28 -29 -30 -31
leaf_value=0.10368236754633182 -0.1012225946531211 0.0096669646861645211 0.10366161505116833 -0.10177518087943671 -0.10136065185502748 -0.098382661029690038 -0.10180879757441988 -0.10237177089890735 0.10065788301070067 -0.095835396111259158 -0.10185847588132167 -0.096784536458245946 0.10889585141874447 -0.085655123114969853 0.14554247339469398 -0.10124480701443826 0.11061984225741789 0.11078416702598254 -0.10292859518416841 0.10339892049128217 -0.11531639443543971 0.10477985869441871 -0.10124033868419656 0.1053306438235814 0.10213209706567981 0.10454887804837652 0.10332469304076333 -0.10339108666729757 0.10470798322671067 0.018794911486777973
leaf_weight=7.0874542668461782 5.5156281953677526 0.93130956031382028 10.833939004689453 0.52484705485404459 17.646022555418313 7.5434064175933591 2.7316501615568987 0.87545961607247869 7.3320797476917496 3.2674163440242401 1.1694519529119123 2.197188762947917 3.4077361915260553 2.0430644629523158 1.890401005744933 12.579317346215245 0.83234338089823801 1.8807882089167831 1.6301753921434272 3.539885813370347 0.91777104698121492 1.3958889134228227 92.718715065158904 1.5196968521922825 29.36236715503037 1.3983787186443806 68.074955461546779 1.3053655941039322 1.2893364280462263 0.42895539291203022
leaf_count=219 477 18 326 33 1517 519 172 45 185 251 78 106 72 115 11 1080 13 30 75 112 16 34 8204 40 867 35 2187 45 32 11
internal_value=-0.0029036 -0.039038 -0.0662507 -0.0785629 -0.0432608 -0.00810194 0.0234028 0.0772606 0.0415144 0.00397848 0.072946 -0.0155386 0.0433409 -0.00245848 -0.0929242 -0.0592328 -0.0880962 0.0575065 0.0883992 0.0383417 0.0884945 0.0174732 -0.0980924 -0.0566051 0.0965797 0.0248815 0.099829 0.0714755 0.064849 -0.047551
internal_weight=293.871 217.403 176.179 161.862 46.806 29.1599 21.6165 41.2241 18.8849 11.5528 14.3171 4.41783 8.28539 4.87766 115.056 15.3021 13.4117 2.83459 36.8063 5.17006 13.1476 2.31366 99.754 7.03533 31.6362 2.27384 76.4678 8.39282 2.22065 0.953802
internal_count=16925 14474 13184 12730 2905 1388 869 1290 697 512 454 156 261 189 9825 1104 1093 74 1134 187 376 50 8721 517 947 80 2451 264 50 44
is_linear=0
shrinkage=0.1


Tree=32
num_leaves=31
num_cat=0
split_feature=14 3 6 6 9 0 13 9 10 13 3 0 11 6 6 3 10 12 7 7 4 15 6 10 8 9 6 6 13 16
split_gain=98.3249 62.0395 27.0341 6.36418 7.60761 7.72667 5.41412 4.08503 4.15768 3.92666 3.47679 3.73357 2.36427 2.0653 1.92012 1.87272 1.79707 1.53553 6.86143 3.40635 1.47471 1.45961 1.14345 1.38791 1.10979 1.08534 4.19473 0.68446 4.26163 0.536369
threshold=2061.0000000000005 1.1772299398445962 0.70510798320188051 0.58225841425355507 0.58058917347220007 0.47871376811594207 0.59489630784267056 0.43500722116472118 0.18109440637033888 0.6105078905990805 1.0197495010107107 0.15655637254901963 0.19314591542385567 0.77025192968544343 0.53387135968422139 1.0014498808424011 0.67592481621768996 0.72575068183327041 0.86496133237185024 0.92931160796433232 0.17729381403800906 84.500000000000014 0.74411930287437345 0.32209563980023986 0.83146978741877242 0.4264409810463532 0.56348206296185543 0.47237988841394524 0.55942303261756965 0.64687892341327791
decision_type=2 2 2 2 2 2 2 2 2 2 2 2 2 2 2 2 2 2 2 2 2 2 2 2 2 2 2 2 2 2
left_child=27 2 3 17 5 9 14 24 -9 10 11 15 22 16 20 21 -10 25 -19 -20 -3 -5 23 -8 -4 26 -2 28 -1 -16
right_child=1 6 7 4 -6 -7 12 8 13 -11 -12 -13 -14 -15 29 -17 -18 18 19 -21 -22 -23 -24 -25 -26 -27 -28 -29 -30 -31
leaf_value=-0.10305927949289317 -0.10106747958865257 0.096570104216029296 0.1037548212978598 0.054929999470636127 -0.10120865498839 -0.10260071882578883 -0.10379678311343343 0.10565295346754927 -0.10404997213666356 -0.10167160592889901 0.091627236182791658 -0.10137371534825249 -0.10182584421822463 0.06316133758647241 0.10300846993621481 0.087227953975143935 0.1039537181026933 -0.10110359763336568 0.13377777452233691 -0.1010566541515245 -0.1046763120165531 -0.10250721308291684 0.10854917588974325 0.071183603777327853 -0.016379202665593832 -0.10109875768567241 0.10496552966505027 0.10299833468579833 0.10332424185719279 0.05651265310364454
leaf_weight=1.1847525732591737 4.5628306539729229 0.64139131456613785 8.9713951498270035 1.1223086565733011 15.627535084262488 6.831529692746698 0.88484699372202091 2.4768679812550527 3.9305562991648912 2.2339210379868737 7.1286172010004512 2.6564123369753361 2.0115775913000107 1.2598853111267088 27.606255259364847 3.5521065313369036 0.46443869173526753 10.281048153527079 2.2347443513572212 0.85362577345222224 0.84231339208781719 1.2389514353126285 1.306177385151386 0.92943999078124762 0.84106001071631986 83.330260340124369 1.2613316457718609 61.781994460150599 6.4340888299047947 2.726047981530427
leaf_count=45 443 12 277 30 1495 537 47 62 181 152 206 221 153 52 945 87 13 983 20 83 34 74 20 25 40 8167 36 2187 219 79
internal_value=-0.00289991 -0.0388308 -0.065671 -0.0801973 -0.0465771 -0.0121012 0.0780224 0.0500228 -0.00238936 0.0223757 0.040028 -0.00289394 -0.0172893 -0.0497125 0.0933965 0.0413453 -0.0820693 -0.0934427 -0.0618394 0.0688695 -0.0176794 -0.0276772 0.0372064 -0.0141562 0.0934577 -0.0981818 -0.0564472 0.0995109 0.071231 0.0988298
internal_weight=267.208 197.807 160.859 142.915 40.3914 24.7638 36.948 17.9442 8.13175 17.9323 15.6984 8.56978 5.13204 5.65488 31.816 5.91337 4.39499 102.524 13.3694 3.08837 1.4837 2.36126 3.12046 1.81429 9.81246 89.1544 5.82416 69.4008 7.61884 30.3323
internal_count=16925 14474 13159 12534 2802 1307 1315 625 308 770 618 412 245 246 1070 191 194 9732 1086 103 46 104 92 72 317 8646 479 2451 264 1024
is_linear=0
shrinkage=0.1


Tree=33
num_leaves=31
num_cat=0
split_feature=14 3 6 13 0 3 6 13 15 3 11 10 7 6 3 0 11 4 13 16 8 2 6 13 13 3 0 13 9 4
split_gain=88.6162 55.7313 21.232 7.45947 6.44567 14.486 3.83743 3.67887 3.31828 7.77667 2.8276 2.81364 2.7194 2.7902 1.89608 5.86832 1.58846 1.53029 1.34682 1.1903 0.869084 0.74163 0.618267 3.84361 0.602563 0.586204 2.49596 0.578714 0.401387 0.267488
threshold=2061.0000000000005 1.1330545242441556 0.74411930287437345 0.59489630784267056 0.38529014844804316 1.0197495010107107 0.53387135968422139 0.6105078905990805 347.50000000000006 1.0041819498565812 0.19314591542385567 0.04384079906054706 0.64805348406480323 0.82346239121275366 1.0003701833543546 0.056079664570230552 0.095411007887807611 0.13876063626218502 0.58171428314754181 0.72584974567308624 0.67714496633406263 1.0381740081395308 0.47237988841394524 0.55942303261756965 0.61574095724430145 1.040019690371262 0.26442841287458385 0.52507787023739616 0.59428184411176999 0.48501478541153359
decision_type=2 2 2 2 2 2 2 2 2 2 2 2 2 2 2 2 2 2 2 2 2 2 2 2 2 2 2 2 2 2
left_child=22 2 4 6 5 8 17 25 9 14 16 -8 13 -4 -2 27 -5 -3 -11 -13 29 -21 23 -1 -20 26 -7 -16 -14 -18
right_child=1 3 12 10 -6 7 11 -9 -10 18 -12 19 28 -15 15 -17 20 -19 24 21 -22 -23 -24 -25 -26 -27 -28 -29 -30 -31
leaf_value=-0.10276074553643122 -0.099919835911616087 0.069630696804027517 -0.10303238802615111 -0.10363990922536147 -0.099923346816271311 0.11129767954158992 -0.1201230631843723 -0.10129588075601968 -0.10111347315830362 0.11155366264811672 -0.1020809119015391 0.10094379147052424 0.10373329218587418 0.10383900574767393 0.11779412096012908 -0.093652814174663201 0.036545729290333756 -0.10275559012302593 0.064994515152932905 -0.10235082491918041 0.10666840203504498 0.074993300559399262 0.10270489660495122 0.10300172129366736 -0.10177147726126079 0.10904852080358114 -0.10128958463543219 0.023146010737273709 0.022859408640173221 -0.075588177140343452
leaf_weight=1.0749641591683019 11.989949365146463 0.79639906901866142 1.608507808297871 0.69424790609627907 70.377352201379836 1.954371402971445 0.60605190508067863 1.1797373136505482 25.58076367340982 3.0206291219219561 3.1012948947027326 29.874950064346198 7.2735073268413544 1.0963775906711815 1.7196634793654069 6.0923140477389097 0.45162367448210727 1.4571641292423008 0.38450516574084748 0.46881777513772149 1.7608689479529858 0.47443726100027561 56.05424147285521 5.8391050808131695 0.49635404068976641 4.9178587151691318 0.76983242481946934 1.0347124682739375 0.67023596167564381 0.40216525364667177
leaf_count=45 1225 23 73 45 7448 49 8 103 2690 70 259 1110 242 32 28 537 18 101 11 28 34 13 2187 219 33 133 67 38 33 23
internal_value=-0.00290124 -0.0385769 -0.0683135 0.0653963 -0.0794732 -0.0551376 0.0842159 0.0630624 -0.0758602 -0.0497468 -0.0334779 0.0932555 0.0674213 -0.0191807 -0.0740081 -0.0388899 0.0308208 -0.0418351 0.0798255 0.0974517 0.0665231 -0.0131505 0.0992248 0.0710108 -0.0289762 0.0884351 0.0512227 0.0822385 0.0969097 -0.0162734
internal_weight=243.223 180.255 140.167 40.088 129.518 59.1407 33.6778 8.8218 50.3189 24.7381 6.4102 31.4243 10.6486 2.70489 20.8366 8.84669 3.30891 2.25356 3.90149 30.8182 2.61466 0.943255 62.9683 6.91407 0.880859 7.64206 2.7242 2.75438 7.94374 0.853789
internal_count=16925 14474 12812 1662 12432 4984 1283 352 4632 1942 379 1159 380 105 1828 603 120 124 114 1151 75 41 2451 264 44 249 116 66 275 41
is_linear=0
shrinkage=0.1


Tree=34
num_leaves=31
num_cat=0
split_feature=14 6 3 6 9 0 13 3 3 15 14 10 7 6 12 12 9 9 6 11 6 7 13 3 13 11 6 6 13 6
split_gain=79.8762 50.2205 22.2346 7.4019 7.89608 6.10656 3.94754 3.41614 3.38219 3.16457 2.19972 1.90791 1.71796 6.74089 2.77633 1.65098 1.51575 1.13986 4.05766 1.08557 3.27104 1.03622 1.91297 0.791491 0.74121 0.584675 1.351 0.558583 3.46767 0.462576
threshold=2061.0000000000005 0.70510798320188051 1.3100682772951584 0.58225841425355507 0.58058917347220007 0.62605932203389847 0.6105078905990805 1.0101791555662516 1.0003129563271911 236.50000000000003 2206.5000000000005 0.065935665286778064 0.86496133237185024 0.37185631236742483 0.84301939105352497 0.70774679394243956 0.42283817000268686 0.4264409810463532 0.56348206296185543 0.49250989166810227 0.81607124471542292 0.68023665868150129 0.54702225851517239 1.0005424719430749 0.59489630784267056 0.046738232178512508 0.86704235016907738 0.47237988841394524 0.55942303261756965 0.6164653002199153
decision_type=2 2 2 2 2 2 2 2 2 2 2 2 2 2 2 2 2 2 2 2 2 2 2 2 2 2 2 2 2 2
left_child=27 2 3 12 5 6 8 9 -5 23 11 -10 17 -14 -15 21 -17 18 -2 25 -21 22 -13 -3 -4 26 -9 28 -1 -23
right_child=1 7 24 4 -6 -7 -8 19 10 -11 -12 15 13 14 -16 16 -18 -19 -20 20 -22 29 -24 -25 -26 -27 -28 -29 -30 -31
leaf_value=-0.10249199307834662 -0.10090642994483263 -0.024907986974061401 0.10274160024493798 -0.10109209456966624 -0.10104150935116361 -0.10102804573922615 -0.10133506271265452 -0.10138811707921552 -0.10177128454619805 -0.099995081534305738 -0.10172788839875926 -0.10143097271020685 0.13188396606067804 -0.10093509191374384 0.10722964806377731 0.10249655937834566 -0.10202169590980581 -0.10093570452618331 0.10377373454859505 -0.10215409607595778 0.1025051383560512 0.11619819444789654 0.084729834695099038 0.088980880725987102 0.0037593800285435036 0.10296650436985344 0.10330333102060466 0.10244088782474775 0.10271109822794816 0.072569711540817913
leaf_weight=0.9750883998349299 4.1701443940401068 0.80704908911139073 7.5108224600553495 1.6001660507172442 13.284740395843981 5.250385229010134 2.3360366914421311 0.47344855405390851 0.68658227100968083 1.9270473755896089 0.88165211770683605 0.81894415337592308 1.6372492797672737 9.4419570947065914 0.68734518997371274 0.56931288354098686 0.99697405751794577 69.420027393382043 1.2615654580295084 1.1236609350889915 2.5605336762964725 5.2620403319597226 1.6933625321835277 2.5019911974668503 0.84126792289316643 20.913098180666566 1.0109693687409163 50.844031287357211 5.2976288553327322 4.515736292116344
leaf_count=45 484 21 299 162 1523 439 200 38 61 111 61 76 12 1083 15 24 81 8225 45 69 108 91 63 82 39 827 34 2187 219 201
internal_value=-0.002892 -0.0383271 -0.0651782 -0.0757731 -0.0389118 -0.00537515 0.0205646 0.0755895 0.0372909 0.00187777 0.051647 0.0609452 -0.0919001 -0.0563797 -0.0868096 0.0690077 -0.0276835 -0.0974839 -0.0533675 0.0903876 0.0400851 0.0813304 0.0240464 0.0612043 0.0927716 0.098662 0.0380179 0.0989674 0.0708125 0.096049
internal_weight=221.301 164.184 132.866 124.514 37.8959 24.6112 19.3608 31.3178 17.0248 5.23609 15.4246 14.543 86.6183 11.7666 10.1293 13.8564 1.56629 74.8517 5.43171 26.0817 3.68419 12.2901 2.51231 3.30904 8.35209 22.3975 1.48442 57.1167 6.27272 9.77778
internal_count=16925 14474 13184 12846 2982 1459 1020 1290 820 214 658 597 9864 1110 1098 536 105 8754 529 1076 177 431 139 103 338 899 72 2451 264 292
is_linear=0
shrinkage=0.1


Tree=35
num_leaves=31
num_cat=0
split_feature=14 3 6 6 9 0 13 9 10 13 3 11 14 6 6 13 10 3 0 12 7 8 4 8 8 9 6 3 0 3
split_gain=72.0408 45.2182 19.7562 5.10794 5.85213 5.75261 3.99021 3.0536 3.09333 2.87012 2.52583 1.7713 1.5779 1.51803 1.40904 1.32026 1.28203 1.56862 1.48944 1.2516 5.19029 2.42112 1.06963 0.898832 0.855688 0.804795 3.08908 0.676436 1.36463 0.533132
threshold=2061.0000000000005 1.1772299398445962 0.70510798320188051 0.58225841425355507 0.58058917347220007 0.47871376811594207 0.59489630784267056 0.43500722116472118 0.18109440637033888 0.6105078905990805 1.0003129563271911 0.19314591542385567 2206.5000000000005 0.77025192968544343 0.53387135968422139 0.47630970126605682 0.32209563980023986 1.0373317000816324 0.20169491525423733 0.72575068183327041 0.86496133237185024 0.68616705611168272 0.17729381403800906 0.83146978741877242 0.67714496633406263 0.4264409810463532 0.56348206296185543 1.0051202155943313 0.067989214175654802 1.0051202155943313
decision_type=2 2 2 2 2 2 2 2 2 2 2 2 2 2 2 2 2 2 2 2 2 2 2 2 2 2 2 2 2 2
left_child=-1 2 3 19 5 9 14 23 -9 10 -5 24 16 15 22 -10 17 18 27 25 -21 -22 -3 -4 -8 26 -2 28 -12 -15
right_child=1 6 7 4 -6 -7 11 8 13 -11 12 -13 -14 29 -16 -17 -18 -19 -20 20 21 -23 -24 -25 -26 -27 -28 -29 -30 -31
leaf_value=0.098735578670933632 -0.10079034496507983 0.090781298081388684 0.10280617189368053 -0.10103734884165952 -0.10089992052902413 -0.10195208489096913 -0.041229779444900361 0.10427543437540288 0.10289881096660132 -0.10126442663366969 0.075237676035650458 -0.10139051883769915 -0.10158597588520764 -0.050607750839516054 0.097038040549534049 -0.10311005309865767 0.1020403110720539 0.099896958305097872 -0.099180192910220483 -0.10081841414976178 -0.10079923799922891 0.12473340106972559 -0.10347227245451794 -0.016053674595532842 0.080277826045149422 -0.10081843224119927 0.10363515740656436 0.093141508135036494 -0.10222448257260969 0.10265142536537331
leaf_weight=51.79651833511889 3.3943061390891662 0.5129825547337592 6.7489923145621997 1.1875701225362778 11.64146774727851 5.1416520075872532 0.91562604717910234 1.8847231697291134 0.34701780602335963 1.6831150944344688 0.95385952014475728 1.5153755224309859 0.63039476517587978 0.32834312412887789 22.919782947748899 3.0049384376034141 4.4862737618386745 2.2142878444865346 1.1832892866805194 7.6564012072049064 0.64391968771815333 1.8251503203064201 0.63355087954550982 0.70243971608579148 1.5791357671841977 62.026176081504673 0.94498949218541373 1.1590351229533551 0.7940139165148139 0.73521843180060387
leaf_count=2451 443 12 277 127 1495 537 40 62 13 152 24 153 46 22 1024 181 117 83 122 983 83 20 34 40 52 8167 36 43 56 30
internal_value=-0.00288971 -0.0381243 -0.064591 -0.0790198 -0.0448309 -0.0112432 0.0762375 0.0482715 -0.00297557 0.0213903 0.0377633 -0.0161157 0.0521958 -0.0487547 0.0916262 -0.0817826 0.0611797 0.0321033 -0.00459784 -0.0929093 -0.0601607 0.0659157 -0.0165592 0.0916014 0.0356822 -0.0979057 -0.0562716 0.033903 -0.00537882 0.0553372
internal_weight=201.191 149.394 121.318 107.566 31.075 19.4335 28.0765 13.7517 6.30024 14.2918 12.6087 4.01014 11.4212 4.41552 24.0663 3.35196 10.7908 6.30449 4.0902 76.4909 10.1255 2.46907 1.14653 7.45143 2.49476 66.3655 4.3393 2.90691 1.74787 1.06356
internal_count=16925 14474 13159 12534 2802 1307 1315 625 308 770 618 245 491 246 1070 194 445 328 245 9732 1086 103 46 317 92 8646 479 123 80 52
is_linear=0
shrinkage=0.1


Tree=36
num_leaves=31
num_cat=0
split_feature=14 6 3 6 9 0 13 3 3 15 4 3 0 7 6 12 3 9 6 11 6 3 13 6 6 1 11 6 15 3
split_gain=64.6283 40.9462 18.0768 6.23195 6.49251 5.03472 3.16951 2.90522 2.84695 3.19448 2.5836 1.54278 1.76774 1.43775 5.44662 2.24029 0.963719 0.932832 3.31717 0.906459 2.69789 0.77558 0.719584 0.648594 3.33123 0.537364 0.473678 1.10045 0.260299 0.551242
threshold=2061.0000000000005 0.70510798320188051 1.3100682772951584 0.58225841425355507 0.58058917347220007 0.62605932203389847 0.6105078905990805 1.0101791555662516 1.0491599199686514 547.50000000000011 0.003945187833653151 1.0059296610940061 0.067989214175654802 0.86496133237185024 0.37185631236742483 0.84301939105352497 1.0006032011012402 0.4264409810463532 0.56348206296185543 0.49250989166810227 0.81607124471542292 1.0005424719430749 0.59489630784267056 0.47237988841394524 0.44318908101480253 0.010842409437749003 0.046738232178512508 0.86704235016907738 366.50000000000006 1.0270812796610091
decision_type=2 2 2 2 2 2 2 2 2 2 2 2 2 2 2 2 2 2 2 2 2 2 2 2 2 2 2 2 2 2
left_child=23 2 3 13 5 6 8 10 9 11 21 12 16 17 -15 -16 25 18 -2 26 -21 -3 -4 24 -1 -5 27 -9 -13 -30
right_child=1 7 22 4 -6 -7 -8 19 -10 -11 -12 28 -14 14 15 -17 -18 -19 -20 20 -22 -23 -24 -25 -26 -27 -28 -29 29 -31
leaf_value=0.10222098754410323 -0.10074454079967113 -0.023850964811463048 0.10224774662752312 0.056699224218944667 -0.10086842829774659 -0.10032793192839858 -0.10109082125234609 -0.10113221039127673 0.092057390812566253 -0.10090112752475987 -0.091966485235701043 0.11236500806415391 -0.085595331111771228 0.12546172513291759 -0.10077324161008246 0.10579673832548264 0.11040090655937543 -0.10076661144208801 0.1030823700035824 -0.1017600395977399 0.10204832419155235 0.095960640970526437 0.0012832108832282066 0.10199609127121333 -0.10248267741708091 -0.10202084374658259 0.10245568012751696 0.1026961585692396 -0.037246173553369323 0.1068289422722641
leaf_weight=4.372907815501093 3.4333557481877497 0.7450970858335525 6.2119687218219033 0.40083683561534655 10.922334873117505 4.430411158129572 1.9165949756279577 0.38784606382251385 5.5464488454163066 2.2935725431889296 1.7827474032528696 1.859634578227997 1.6197728165425358 1.4145501479506482 7.7562926048412901 0.56313039176166046 1.229024479165673 56.940547757782042 1.0403938237577675 0.93782009789720122 2.1126515958458185 1.965629559010267 0.79640073189511884 41.94206427782774 0.97160928510129441 0.45593324955552816 17.335913022980094 0.83540386706590652 0.43175879493355729 0.68989080935716629
leaf_count=219 484 22 299 12 1523 439 200 38 220 283 115 55 136 12 1083 15 27 8225 45 69 108 77 39 2187 45 35 827 34 27 25
internal_value=-0.00289385 -0.0378956 -0.0646251 -0.0752046 -0.0383997 -0.00571273 0.0197797 0.0746957 0.0357267 0.000935993 0.00153529 0.0358659 -0.00721809 -0.0916527 -0.0559461 -0.0867908 0.0536476 -0.0973121 -0.0533435 0.0899086 0.0393906 0.063028 0.0907746 0.0978154 0.0650068 -0.0277642 0.098212 0.0380699 0.0894168 0.0513698
internal_weight=183.343 136.056 109.953 102.944 31.7962 20.8739 16.4435 26.1031 14.5269 8.98042 4.49347 6.68685 3.70557 71.1483 9.73397 8.31942 2.08579 61.4143 4.47375 21.6096 3.05047 2.71073 7.00837 47.2866 5.34452 0.85677 18.5592 1.22325 2.98128 1.12165
internal_count=16925 14474 13184 12846 2982 1459 1020 1290 820 600 214 317 210 9864 1110 1098 74 8754 529 1076 177 99 338 2451 264 47 899 72 107 52
is_linear=0
shrinkage=0.1


Tree=37
num_leaves=31
num_cat=0
split_feature=6 14 9 3 14 13 3 14 7 6 7 6 3 15 12 6 8 9 6 11 13 6 13 3 15 11 9 6 3 0
split_gain=58.3149 24.966 17.8207 6.0256 5.94612 4.66223 4.37316 4.17834 4.01964 3.8883 2.29097 4.24203 1.68851 7.31855 1.67453 1.72929 1.38811 1.32722 1.03903 0.973671 0.837623 2.50966 0.565833 0.550072 2.83106 0.462201 0.36439 1.87293 0.269118 1.64983
threshold=0.5900362267323479 2061.0000000000005 0.58058917347220007 1.0002466771110343 2206.5000000000005 0.76902929127982855 1.3100682772951584 2061.0000000000005 0.77967538881525045 0.82346239121275366 0.86496133237185024 0.37185631236742483 1.1330545242441556 931.50000000000011 0.84301939105352497 0.58225841425355507 0.78636119436223095 0.36425131549851458 0.56348206296185543 0.044468953578239302 0.55942303261756965 0.54039121850138516 0.51906805758180086 1.0139952366112019 293.50000000000006 0.03462456570359241 0.4264409810463532 0.56667289071127336 1.0013453068950384 0.047065337763012159
decision_type=2 2 2 2 2 2 2 2 2 2 2 2 2 2 2 2 2 2 2 2 2 2 2 2 2 2 2 2 2 2
left_child=1 20 3 -2 5 12 10 -4 -7 -9 17 -12 13 19 15 -13 -17 18 -3 25 21 -1 -8 24 28 -5 27 -19 29 -21
right_child=2 6 7 4 -6 8 22 9 -10 -11 11 14 -14 -15 -16 16 -18 26 -20 23 -22 -23 -24 -25 -26 -27 -28 -29 -30 -31
leaf_value=-0.10224154525060605 -0.10097125760895005 -0.10062047387847205 0.10182252502317438 0.047928627612379836 -0.10165674603999569 -0.10144979193066833 0.10223554474395474 -0.10110587880816989 0.10535485036236561 0.10276430518115104 0.12277890331004654 -0.10069933253848683 0.10105047508490224 -0.096693369084629083 0.10523704338457956 0.10956008089939756 -0.10083296251054728 -0.10068195134368418 0.10240284915538618 0.10408597677636577 0.10192899387962778 0.10179805042640429 -0.033223500364833722 0.10024529781080896 -0.088068706801720631 -0.10201629406627984 -0.10086008839811152 0.10285353996655913 0.10105881588773689 -0.10284189871683957
leaf_weight=0.88111628498881911 1.9546262398362149 0.44030289631336816 1.4185166973620642 0.44206820847467199 1.8171428539790202 2.488282967824488 1.3427045624703158 9.4876929651945812 1.5103564932942393 1.0378554686903942 1.3064639046788205 7.0230728085152769 39.468092484399676 2.4365898575633755 0.5121132358908661 0.77773312665522076 0.52546086348593235 2.6684140511788423 0.58967671636492014 1.8297884780913611 7.1743196863681078 1.9085763730108736 0.40030525345355261 15.075605494435875 1.0177074391394851 0.38426885288208723 54.128489099442959 0.54433268215507258 5.5727453660219908 0.48807659605517972
leaf_count=45 266 72 81 27 182 249 67 1356 37 46 12 1083 2205 305 15 11 71 412 31 69 401 110 25 802 100 21 8512 25 258 29
internal_value=-0.00288681 -0.0642863 0.0541037 0.072287 0.0769561 0.081546 -0.0852946 -0.0592905 -0.023336 -0.0810036 -0.0892738 -0.0454117 0.0878322 0.068685 -0.0702731 -0.081068 0.0247275 -0.096897 0.015613 0.0849266 0.0838491 0.0373527 0.0711256 0.0886038 0.0689027 -0.0217998 -0.098918 -0.0661971 0.0891484 0.0605128
internal_weight=166.652 80.2231 86.4294 74.4854 72.5307 70.7136 70.2591 11.9441 3.99864 10.5255 68.5161 10.1448 66.7149 27.2469 8.83838 8.32627 1.30319 58.3712 1.02998 24.8103 9.96401 2.78969 1.74301 23.9839 8.90832 0.826337 57.3412 3.21275 7.89061 2.31787
internal_count=16925 10892 6033 4550 4284 4102 10336 1483 286 1402 10244 1192 3816 1611 1180 1165 82 9052 103 1306 556 155 92 1258 456 48 8949 437 356 98
is_linear=0
shrinkage=0.1


Tree=38
num_leaves=31
num_cat=0
split_feature=14 6 3 6 9 0 13 3 3 15 0 3 0 7 6 12 3 15 9 6 11 6 13 3 6 13 11 6 12 3
split_gain=52.695 33.2887 14.677 5.23914 5.3242 4.08206 2.53785 2.43339 2.31318 2.58262 2.0704 1.37304 1.51484 1.19833 4.38729 1.82931 0.981514 0.811056 0.764764 2.70911 0.744036 2.20893 0.684561 0.562412 0.53013 2.71571 0.381855 0.905289 0.173065 0.168822
threshold=2061.0000000000005 0.70510798320188051 1.3100682772951584 0.58225841425355507 0.58058917347220007 0.62605932203389847 0.6105078905990805 1.0101791555662516 1.0686108008718731 636.50000000000011 0.13536417773705908 1.0139952366112019 0.11814556331006977 0.86496133237185024 0.37185631236742483 0.84301939105352497 1.0014498808424011 84.500000000000014 0.4264409810463532 0.56348206296185543 0.49250989166810227 0.81607124471542292 0.59489630784267056 1.0005424719430749 0.47237988841394524 0.55942303261756965 0.046738232178512508 0.86704235016907738 0.4076487208529736 1.0090829383976041
decision_type=2 2 2 2 2 2 2 2 2 2 2 2 2 2 2 2 2 2 2 2 2 2 2 2 2 2 2 2 2 2
left_child=24 2 3 13 5 6 8 10 9 11 23 12 16 18 -15 -16 17 -5 19 -2 26 -22 -4 -3 25 -1 27 -9 -25 -14
right_child=1 7 22 4 -6 -7 -8 20 -10 -11 -12 -13 29 14 15 -17 -18 -19 -20 -21 21 -23 -24 28 -26 -27 -28 -29 -30 -31
leaf_value=-0.10202425268999714 -0.10060881022215172 -0.023360794560969688 0.10184159114185372 0.051815407664932867 -0.10071138605749302 -0.099146038445190307 -0.10089125818892562 -0.10092736458606184 0.095922443455837836 -0.096672967413801436 -0.10256866497499698 0.10414344202218136 -0.10124049945621197 0.12040349714839452 -0.10063251596630206 0.1047322013046561 0.096290022759073279 -0.10173579763835068 -0.10062775033554727 0.102518640406131 -0.10143918871796115 0.10167127842457531 -0.0010506413734680869 0.036222509629624942 0.10162980455058264 0.10181405319532569 0.10200613402249398 0.1022673762023826 0.10257878572878819 -0.014477375251860606
leaf_weight=0.79887854028493066 2.8145932867191727 0.69138436065987097 5.1258660200983277 0.75237667188048918 8.953188057523219 3.7165071503259233 1.5713107115589071 0.31917615327984339 4.0567339444532982 1.9559810440987346 1.2736394735984502 1.9675707775168119 1.0915113617666063 1.2042588703334312 6.3587437854148448 0.46549899131059636 1.6169555801898239 0.63373411120846868 46.672325221356004 0.85635031107813109 0.77416423801332657 1.7364864246919749 0.7399609857238828 0.5657424684613942 34.4908775864169 3.5940896468237042 14.266160354949532 0.70042887888848782 1.2876143958419559 0.28225581254810084
leaf_count=45 484 24 299 30 1523 439 200 38 182 272 105 81 122 12 1083 15 52 60 8225 45 69 108 39 27 2187 219 827 34 58 21
internal_value=-0.00288601 -0.0375852 -0.0641261 -0.0746875 -0.0379023 -0.00603239 0.018813 0.0739522 0.0340344 0.00378724 0.00151576 0.0347591 0.00356798 -0.0914493 -0.0555704 -0.0866241 0.0433583 -0.0183887 -0.0971711 -0.0532236 0.0894941 0.0390418 0.088862 0.0536099 0.0974627 0.0647453 0.0977807 0.0386595 0.0823233 -0.083414
internal_weight=151.334 112.451 90.8357 84.9699 26.5981 17.6449 13.9284 21.6148 12.3571 8.30039 3.81838 6.3444 4.37683 58.3718 8.0285 6.82424 3.00307 1.38611 50.3433 3.67094 17.7964 2.51065 5.86583 2.54474 38.8838 4.39297 15.2858 1.01961 1.85336 1.37377
internal_count=16925 14474 13184 12846 2982 1459 1020 1290 820 638 214 366 285 9864 1110 1098 142 90 8754 529 1076 177 338 109 2451 264 899 72 85 143
is_linear=0
shrinkage=0.1


Tree=39
num_leaves=31
num_cat=0
split_feature=14 6 9 9 11 3 6 9 11 13 7 6 10 7 7 12 6 13 8 9 6 3 13 6 6 3 8 8 9 6
split_gain=47.5518 30.1289 11.8853 4.7824 4.83084 3.51161 3.1779 3.14344 2.46145 2.02691 1.90657 3.40703 1.62988 1.54087 1.47821 1.36306 1.42751 1.27833 1.13764 1.08756 0.848421 0.814639 0.530179 0.47931 2.45274 0.474862 0.301464 1.54658 0.298493 1.5302
threshold=2061.0000000000005 0.5900362267323479 0.58058917347220007 0.42011181272436188 0.38325278070438962 1.3100682772951584 0.82346239121275366 0.43409696380853996 0.095411007887807611 0.48224680559503624 0.86496133237185024 0.37185631236742483 0.3737671682095049 0.54549638757514485 0.83327035019505724 0.84301939105352497 0.58225841425355507 0.64327372856241272 0.78636119436223095 0.36425131549851458 0.56348206296185543 1.3887948390382003 0.51906805758180086 0.47237988841394524 0.44318908101480253 1.0005424719430749 0.63840786353021683 0.62065020854459307 0.4264409810463532 0.56667289071127336
decision_type=2 2 2 2 2 2 2 2 2 2 2 2 2 2 2 2 2 2 2 2 2 2 2 2 2 2 2 2 2 2
left_child=23 5 3 17 7 10 -4 -5 14 -10 19 -12 13 -11 -9 16 -13 25 -18 20 -2 26 -7 24 -1 -3 27 -6 29 -21
right_child=1 2 6 4 21 22 -8 8 9 12 11 15 -14 -15 -16 -17 18 -19 -20 28 -22 -23 -24 -25 -26 -27 -28 -29 -30 -31
leaf_value=0.10163971444351126 -0.10050737677665628 -0.0089960905826100262 -0.10091392780153591 -0.10178149041455514 -0.10134294580434666 0.10182430228610767 0.10225683943034609 -0.1017263716278609 -0.10056998207251995 -0.10167414490743845 0.11829519108139722 -0.10057210826304515 -0.10096709440574758 0.10357970349264237 0.10172816317486005 0.10427667665037875 0.10779574276297287 -0.1006904698191492 -0.10070268155278475 -0.10055770354413468 0.10196623632492041 0.10151093697027874 -0.034718004728639361 0.10147231417529511 -0.101828379459674 0.095979961405038811 -0.10080606562960465 0.10257577593480582 -0.1007165242493747 0.10233000607086361
leaf_weight=3.2573610432445999 0.36085739266127248 0.44297134224326029 7.7935576876625401 1.3213140461593891 1.4571278439834703 1.1037193480879057 0.85425519105046976 1.3406709670089174 0.60393952997401257 0.37994321621954164 1.1080804038792829 5.756909403949976 0.43863081699237305 9.7896982887759787 0.48676717747002829 0.42294712457805861 0.65305209532380082 0.34758619358762999 0.43669088603928685 2.1872918517328794 0.48524723201990128 0.26353392377495755 0.38307101512327779 31.254609836265445 0.72417487856000651 15.826039422303436 2.7091793958097696 0.49939665757119645 44.410936569795012 0.44785179384052742
leaf_count=219 72 33 1356 116 174 67 46 128 112 50 12 1083 61 463 30 15 11 56 71 412 31 18 25 2187 45 1056 411 28 8512 25
internal_value=-0.00288058 -0.0373862 0.024399 0.0497459 0.0158741 -0.0850485 -0.0808442 0.0451926 0.0600855 0.0776259 -0.0890567 -0.0450459 0.0877708 0.0959113 -0.047533 -0.0699434 -0.0807058 0.0890675 0.0242445 -0.0967554 0.0156127 -0.069543 0.0666442 0.0973095 0.0646323 0.0931217 -0.0792046 -0.0492933 -0.0987763 -0.0660762
internal_weight=137.547 102.311 44.5546 35.9068 19.2902 57.7567 8.64781 14.361 13.0396 11.2122 56.2699 8.37768 10.6083 10.1696 1.82744 7.2696 6.84665 16.6166 1.08974 47.8922 0.846105 4.92924 1.48679 35.2361 3.98154 16.269 4.6657 1.95652 47.0461 2.63514
internal_count=16925 14474 4138 2736 1591 10336 1402 960 844 686 10244 1192 574 513 158 1180 1165 1145 82 9052 103 631 92 2451 264 1089 613 202 8949 437
is_linear=0
shrinkage=0.1


Tree=40
num_leaves=31
num_cat=0
split_feature=14 6 9 9 11 3 6 9 11 13 7 6 10 7 12 6 13 8 9 13 3 13 6 8 6 13 6 6 8 8
split_gain=42.935 27.2219 10.6879 4.21505 4.35539 3.18508 2.87237 2.8316 2.21169 1.82311 1.73411 3.05932 1.46515 1.33526 1.23109 1.29276 1.13931 1.02418 0.983731 0.766665 0.736226 0.555832 0.828769 0.491025 0.812988 0.487995 0.433398 2.21563 0.273057 1.39709
threshold=2061.0000000000005 0.5900362267323479 0.58058917347220007 0.42011181272436188 0.38325278070438962 1.3100682772951584 0.82346239121275366 0.43409696380853996 0.095411007887807611 0.48224680559503624 0.86496133237185024 0.37185631236742483 0.3737671682095049 0.83327035019505724 0.84301939105352497 0.58225841425355507 0.64327372856241272 0.78636119436223095 0.36425131549851458 0.48008547944898233 1.3887948390382003 0.49247974825450636 0.82346239121275366 0.83146978741877242 0.81259380654323088 0.51906805758180086 0.47237988841394524 0.44318908101480253 0.63840786353021683 0.62065020854459307
decision_type=2 2 2 2 2 2 2 2 2 2 2 2 2 2 2 2 2 2 2 2 2 2 2 2 2 2 2 2 2 2
left_child=26 5 3 16 7 10 -4 -5 13 -10 18 -12 21 -9 15 -13 23 -17 19 -2 28 22 -11 -3 -25 -7 27 -1 29 -6
right_child=1 2 6 4 20 25 -8 8 9 12 11 14 -14 -15 -16 17 -18 -19 -20 -21 -22 -23 -24 24 -26 -27 -28 -29 -30 -31
leaf_value=0.10148229621764904 0.10177845460725872 0.095961352547842382 -0.10082868562388825 -0.10161166078603057 -0.1012159171770656 0.1016482504427107 0.10203916164106229 -0.10156268716588113 -0.10051550119970068 -0.10151764751122042 0.11642003745701789 -0.10051748806478047 -0.10087490535745368 0.10156118727356067 0.10386551324909675 0.10700733520935597 -0.10062443884394223 -0.10063552711378283 -0.098712262987448396 -0.10045886006149825 0.10136509454488221 0.10293207880246003 0.10139097039932406 -0.10183102096162217 0.10160121366863673 -0.031610124689310917 0.10133024725760681 -0.10165174129973045 -0.10072914911465121 0.10233180199677246
leaf_weight=2.951721495948735 0.43983871955424447 14.144281310029323 7.0575614501722148 1.1974709671922052 1.3200343614444126 1.0003282092511643 0.77452707570046175 1.2149448902346183 0.54674822092056174 0.34428986767306646 1.0179524682462204 5.2117537264712155 0.39723384333774525 0.44113241974264372 0.38413615338504303 0.59503706917166699 0.31470488198101598 0.39538451982662082 42.595310159958899 0.32666694093495607 0.23878098279237736 8.4332746900618059 0.48465779330581427 0.34008789854124266 0.46511069126427174 0.37889394117519248 28.317972091957927 0.6563412221148609 2.4531435533426702 0.45289529394358385
leaf_count=219 31 1029 1356 116 174 67 46 128 112 50 12 1083 61 30 15 11 56 71 8949 72 18 427 36 29 31 25 2187 45 411 28
internal_value=-0.00288116 -0.0372408 0.0241864 0.0492561 0.0157941 -0.0849093 -0.0807668 0.0449432 0.0597376 0.0771311 -0.0889672 -0.0449196 0.0871863 -0.0474562 -0.0698555 -0.0806151 0.0876733 0.0241146 -0.0966918 0.0155896 -0.0694674 0.0952518 0.0171162 0.0916372 0.0156785 0.0650401 0.0971714 0.0645303 -0.0791198 -0.0492196
internal_weight=124.892 92.9662 40.6209 32.7888 17.5246 52.3453 7.83209 13.0598 11.8623 10.2062 50.9661 7.60426 9.65946 1.65608 6.58631 6.20218 15.2642 0.990422 43.3618 0.766506 4.46485 9.26222 0.828948 14.9495 0.805199 1.37922 31.926 3.60806 4.22607 1.77293
internal_count=16925 14474 4138 2736 1591 10336 1402 960 844 686 10244 1192 574 158 1180 1165 1145 82 9052 103 631 513 86 1089 60 92 2451 264 613 202
is_linear=0
shrinkage=0.1


Tree=41
num_leaves=31
num_cat=0
split_feature=14 6 9 3 15 3 6 3 0 14 7 6 12 6 3 9 6 8 13 7 13 13 13 4 6 6 9 3 0 13
split_gain=38.7504 24.4977 9.61936 3.85026 4.41864 2.87938 2.59648 1.73469 2.22712 1.60099 1.55374 2.74928 1.11209 1.17064 1.0347 0.92664 2.46619 0.922521 0.888909 1.02447 0.718875 0.650934 0.605564 0.474777 0.391911 2.00175 0.37563 0.368421 1.45428 0.263218
threshold=2061.0000000000005 0.5900362267323479 0.58058917347220007 1.1330545242441556 877.00000000000011 1.3100682772951584 0.82346239121275366 1.0197495010107107 0.13536417773705908 2206.5000000000005 0.86496133237185024 0.37185631236742483 0.84301939105352497 0.58225841425355507 1.0002466771110343 0.4264409810463532 0.56348206296185543 0.78636119436223095 0.76902929127982855 0.77967538881525045 0.6105078905990805 0.6105078905990805 0.83420090190653606 0.53705869862524935 0.47237988841394524 0.44318908101480253 0.47272663192209258 1.0024961815836189 0.047065337763012159 0.80290907600818462
decision_type=2 2 2 2 2 2 2 2 2 2 2 2 2 2 2 2 2 2 2 2 2 2 2 2 2 2 2 2 2 2
left_child=24 5 3 4 7 10 -4 8 14 18 15 -12 13 -13 -3 16 -2 -15 -5 -20 -9 27 -6 -7 25 -1 -22 28 -16 -23
right_child=1 2 6 9 22 23 -8 20 -10 -11 11 12 -14 17 21 -17 -18 -19 19 -21 26 29 -24 -25 -26 -27 -28 -29 -30 -31
leaf_value=0.10134011725804992 -0.10045106205963956 -0.10128634594200264 -0.10075126200727687 0.099192589668811532 -0.096965691626612061 0.0946223547070148 0.10184273286961243 0.098751646756990497 -0.080797814751871311 -0.10175043821710661 0.1147492253586794 -0.10046809439753626 0.10349428589445792 0.10630290105883429 0.10384113520497416 -0.1005943717226747 0.10198530904443243 -0.1005748142753751 -0.10080579375746526 0.10368808547750341 -0.1007131018508485 -0.10202103003684337 0.075518769038812439 -0.055088417791207982 0.10120205583582426 -0.10149239748670946 0.090328397691877851 0.10155979366052406 -0.078735027122210005 0.032128145794364793
leaf_weight=2.6743845026940138 2.0914099023211743 0.44121150672435927 6.3906036438420406 12.900262393057341 3.2016629865393038 1.014172283001243 0.70210396870970715 4.6547766313888133 1.9366057319566605 0.43898658175021488 0.93380486220121284 4.7179901972413063 0.34876400139182795 0.54179739672690619 1.2767095412127671 36.472756643081084 0.84492114093154658 0.35796368774026632 0.49499114998616356 0.48505079746246338 0.29232691368088115 0.31379129830747832 0.21736383344978083 0.26775305485352863 25.653965375386178 0.5947670368477701 0.15884782373905182 2.1502156155183911 0.66275018593296398 0.27396547328680754
leaf_count=219 484 53 1356 1017 585 70 46 318 275 54 12 1083 15 11 46 8512 56 71 86 16 49 27 12 22 2187 45 9 122 49 18
internal_value=-0.00287221 -0.0370392 0.0240028 0.0488393 0.0144371 -0.0844864 -0.0806966 0.0426742 0.0105447 0.086271 -0.0885789 -0.0448047 -0.0697761 -0.0805331 0.0451035 -0.0962435 -0.0422006 0.023998 0.0922175 0.000404077 0.0870698 0.0589121 -0.086 0.0633526 0.0970467 0.0644382 -0.033452 0.0730544 0.0414514 -0.0394914
internal_weight=113.507 84.5836 36.9922 29.8995 15.5802 47.5913 7.09271 12.1612 7.05525 14.3193 46.3094 6.90032 5.96652 5.61775 5.11864 39.4091 2.93633 0.899761 13.8803 0.980042 5.10595 4.67743 3.41903 1.28193 28.9231 3.26915 0.451175 4.08968 1.93946 0.587757
internal_count=16925 14474 4138 2736 1563 10336 1402 966 590 1173 10244 1192 1180 1165 315 9052 540 82 1119 102 376 262 597 92 2451 264 58 217 95 45
is_linear=0
shrinkage=0.1


Tree=42
num_leaves=31
num_cat=0
split_feature=14 6 9 3 15 3 6 3 15 14 7 6 12 6 3 13 8 9 6 13 7 13 13 13 10 3 0 6 13 9
split_gain=34.984 22.1484 8.64478 3.49632 3.94028 2.61367 2.3473 1.56242 2.00312 1.44061 1.39994 2.48077 1.00875 1.03158 0.929998 0.858601 0.825006 0.817624 2.19958 0.796511 0.9249 0.690718 0.642833 0.543569 0.451457 0.404642 1.36779 0.354419 1.80879 0.336714
threshold=2061.0000000000005 0.5900362267323479 0.58058917347220007 1.1330545242441556 877.00000000000011 1.2895930345369191 0.82346239121275366 1.0197495010107107 347.50000000000006 2206.5000000000005 0.86496133237185024 0.37185631236742483 0.84301939105352497 0.58225841425355507 1.0002466771110343 0.59489630784267056 0.78636119436223095 0.4264409810463532 0.56348206296185543 0.76902929127982855 0.77967538881525045 0.6105078905990805 0.6105078905990805 0.83420090190653606 0.072566027339302563 1.0031266266374554 0.067989214175654802 0.47237988841394524 0.55942303261756965 0.47272663192209258
decision_type=2 2 2 2 2 2 2 2 2 2 2 2 2 2 2 2 2 2 2 2 2 2 2 2 2 2 2 2 2 2
left_child=27 5 3 4 7 10 -4 8 14 19 17 -12 13 -13 -3 -7 -15 18 -2 -5 -21 25 -9 -6 -23 26 -16 28 -1 -24
right_child=1 2 6 9 23 15 -8 22 -10 -11 11 12 -14 16 21 -17 -18 -19 -20 20 -22 24 29 -25 -26 -27 -28 -29 -30 -31
leaf_value=-0.10134861399434184 -0.1004076441261027 -0.101112877683813 -0.10068096208176469 0.098592993527804873 -0.09613066144767865 0.10142288527628379 0.10166543553881845 0.097615461771777254 -0.096381554303360525 -0.10158495794750655 0.11325812696334298 -0.10042343476726348 0.10315903730164673 0.10577294994753446 0.08452416777697852 -0.10162395826082414 -0.10051992282235322 -0.10054043392121828 0.1018031801674798 -0.10072894132176738 0.10332889136602325 0.074177485065691814 -0.10064495376330429 0.071599251855452503 -0.1015038900383323 0.099347079182943943 -0.10171681342738315 0.10108636300735048 0.10121168635780334 0.087898344616988477
leaf_weight=0.53889210289344491 1.8841703946236514 0.43343056016601789 5.7862896309234193 11.74013823550194 2.9209169670939441 0.98189309798180946 0.63634145352989424 4.25841966830194 1.3858743449673054 0.39782562432810742 0.85549543797969718 4.2708161058835685 0.31654805876314629 0.4824916124343871 1.5186121184378865 0.26431760238483548 0.32406681799329817 32.996642964193597 0.75288749765604723 0.44821085687726814 0.44034004583954811 0.21925899107009161 0.26467832410708059 0.20689740404486645 0.43942364724352956 2.0035806377418339 0.53265286423265923 23.237882723100483 2.4227976622059941 0.14750730758532882
leaf_count=45 482 60 1356 1017 585 76 46 318 232 54 12 1083 15 10 66 23 71 8509 55 86 16 11 49 12 46 127 48 2187 219 9
internal_value=-0.00286562 -0.0368628 0.0237738 0.0482848 0.0142019 -0.0843555 -0.0806329 0.0419074 0.0103312 0.0857815 -0.0886018 -0.0449456 -0.0700373 -0.0808352 0.0390648 0.0583573 0.0228866 -0.0962582 -0.0426759 0.0916839 0.0003962 0.0519548 0.0860734 -0.0850357 -0.043024 0.0673835 0.0361629 0.0969341 0.064355 -0.0331717
internal_weight=103.109 76.9097 33.7804 27.3578 14.3313 43.1293 6.42263 11.2034 6.53283 13.0265 41.8831 6.24942 5.39392 5.07737 5.14696 1.24621 0.806558 35.6337 2.63706 12.6287 0.888551 4.71353 4.67061 3.12781 0.658683 4.05485 2.05126 26.1996 2.96169 0.412186
internal_count=16925 14474 4138 2736 1563 10336 1402 966 590 1173 10237 1191 1179 1164 358 99 81 9046 537 1119 102 298 376 597 57 241 114 2451 264 58
is_linear=0
shrinkage=0.1


Tree=43
num_leaves=31
num_cat=0
split_feature=14 6 3 6 9 0 3 3 13 0 0 3 0 7 6 12 3 16 3 0 11 6 9 6 3 6 6 13 11 6
split_gain=31.5956 20.0444 8.79517 2.92197 2.98365 2.59425 1.52681 1.50029 1.45091 1.37513 1.26046 0.910009 0.843645 0.703075 2.57421 1.01959 0.63061 0.586168 0.921698 0.491445 0.489663 1.38863 0.48089 1.64738 0.326573 0.320531 1.63464 0.240607 0.230399 0.551504
threshold=2061.0000000000005 0.70510798320188051 1.2390000898492741 0.58225841425355507 0.58058917347220007 0.56386946386946402 1.0101791555662516 1.0686108008718731 0.61574095724430145 0.27842377260981915 0.13536417773705908 1.0139952366112019 0.11814556331006977 0.86496133237185024 0.37185631236742483 0.84301939105352497 1.0014498808424011 0.62791216450432097 1.3887948390382003 0.031754032258064509 0.49250989166810227 0.81607124471542292 0.4264409810463532 0.56348206296185543 1.0005424719430749 0.47237988841394524 0.44318908101480253 0.6051063846839887 0.046738232178512508 0.86704235016907738
decision_type=2 2 2 2 2 2 2 2 2 2 2 2 2 2 2 2 2 2 2 2 2 2 2 2 2 2 2 2 2 2
left_child=25 2 3 13 5 7 10 9 17 11 24 12 16 22 -15 -16 19 -4 -19 -5 28 -22 23 -2 -3 26 -1 -9 29 -8
right_child=1 6 8 4 -6 -7 20 27 -10 -11 -12 -13 -14 14 15 -17 -18 18 -20 -21 21 -23 -24 -25 -26 -27 -28 -29 -30 -31
leaf_value=0.10109564269480918 -0.10036763776207676 -0.017176437674114989 0.10120038559309008 0.044633621380895633 -0.10042782753053542 -0.10114370440316499 -0.10056824554261755 0.10208492354375193 -0.10085625461594599 -0.092339082344802995 -0.10158695186859179 0.088412091735322162 -0.083774150334051833 0.11213078727344974 -0.10038217374122223 0.10300427562765735 0.075061850074366276 -0.10755663788619384 0.10154515013905036 -0.09054923704607859 -0.10088546798140662 0.10101710932998201 -0.10037668195462027 0.10179616076940388 0.079121182756669559 0.10098191688223468 -0.10121883765219526 0.01086286521845546 0.1012290917383218 0.1013879784666903
leaf_weight=2.1946262773126395 1.6840367920231103 0.49946109624579493 3.5477369399741283 0.4849190823733831 5.4048057219479224 2.3898942242376497 0.19605063507333298 1.8576926598325374 0.47391783702187229 1.4797339586075393 0.7999964787159114 1.3252279779408125 1.049146242206916 0.76761629804968734 3.8487201831303537 0.26334545947611321 1.1862021903507409 0.37839287752285589 0.47595217358320951 0.60375483171083033 0.49964428320526977 1.0704652220010755 28.257752698846161 0.52990876417607058 1.1941777099855242 21.047148063778877 0.48820311622694124 0.34243968967348326 8.8442167108878476 0.43577675335109234
leaf_count=219 477 24 326 28 1517 481 38 124 78 308 105 96 165 11 1080 13 68 16 34 81 69 108 8204 40 85 2187 45 37 827 34
internal_value=-0.00286606 -0.0367166 -0.0629672 -0.0751264 -0.0398481 -0.00930218 0.0725361 0.0170501 0.0653951 -0.00837818 0.00185937 0.0183444 -0.00959038 -0.0912169 -0.0559757 -0.0873569 0.0246223 0.0832934 0.00893312 -0.0303358 0.0884911 0.0367672 -0.0968604 -0.0519797 0.0507226 0.0968325 0.0642798 0.0878867 0.0970614 0.0387227
internal_weight=93.621 69.891 56.3512 51.4752 16.1238 10.719 13.5398 8.32912 4.876 6.12898 2.49364 4.64925 3.32402 35.3514 4.87968 4.11207 2.27488 4.40208 0.854345 1.08867 11.0462 1.57011 30.4717 2.21395 1.69364 23.73 2.68283 2.20013 9.47604 0.631827
internal_count=16925 14474 13184 12730 2905 1388 1290 907 454 746 214 438 342 9825 1104 1093 177 376 50 109 1076 177 8721 517 109 2451 264 161 899 72
is_linear=0
shrinkage=0.1


Tree=44
num_leaves=31
num_cat=0
split_feature=14 6 9 3 0 3 6 3 15 14 7 6 12 6 3 13 8 9 6 13 7 13 13 13 10 3 0 6 6 9
split_gain=28.521 18.1401 6.98605 2.92333 3.16131 2.13652 1.92272 1.28948 1.64382 1.16885 1.16047 2.00708 0.822187 0.85257 0.793592 0.700819 0.680429 0.67077 1.79948 0.643313 0.754882 0.607751 0.540042 0.434737 0.389104 0.350113 1.15582 0.289899 1.47743 0.277112
threshold=2061.0000000000005 0.5900362267323479 0.58058917347220007 1.1330545242441556 0.40651483050847464 1.2895930345369191 0.82346239121275366 1.0197495010107107 347.50000000000006 2206.5000000000005 0.86496133237185024 0.37185631236742483 0.84301939105352497 0.58225841425355507 1.0002466771110343 0.59489630784267056 0.78636119436223095 0.4264409810463532 0.56348206296185543 0.76902929127982855 0.77967538881525045 0.6105078905990805 0.6105078905990805 0.83420090190653606 0.072566027339302563 1.0031266266374554 0.067989214175654802 0.47237988841394524 0.44318908101480253 0.47272663192209258
decision_type=2 2 2 2 2 2 2 2 2 2 2 2 2 2 2 2 2 2 2 2 2 2 2 2 2 2 2 2 2 2
left_child=27 5 3 4 7 10 -4 8 14 19 17 -12 13 -13 -3 -7 -15 18 -2 -5 -21 25 -9 -6 -23 26 -16 28 -1 -24
right_child=1 2 6 9 23 15 -8 22 -10 -11 11 12 -14 16 21 -17 -18 -19 -20 20 -22 24 29 -25 -26 -27 -28 -29 -30 -31
leaf_value=0.10099078242488856 -0.10033351909116342 -0.10101226436978344 -0.10056281139027837 0.097803005250726646 -0.096431420271018239 0.1011623444956691 0.10136345091171983 0.095238270129300556 -0.095537708774605379 -0.10129185627700313 0.1107294922871853 -0.10034649132010519 0.10258220264095311 0.10473535478869303 0.081382461847133353 -0.10132490818639016 -0.10044375771456315 -0.1004462118819036 0.10147488869127082 -0.10059642773827948 0.10271876385509821 0.069647421490546188 -0.1005322347055113 0.062756021987700306 -0.10138252270386272 0.097941389075111296 -0.10150696675707477 0.10088759976742696 -0.1011016715763184 0.085056288637400057
leaf_weight=1.987736971117559 1.5437021602410852 0.38184891059063897 4.7508339013438663 9.6896138000301963 2.3828366741072382 0.80590547993779071 0.52351571060717095 3.6073479671031241 1.1826770042534915 0.32606700388714749 0.71559598762541909 3.4990857162047178 0.2605511276051401 0.40348699688911427 1.3611182826571169 0.2169380362611264 0.2696393271908164 27.048849888844416 0.61901989206671704 0.36730956356041211 0.36317877285182476 0.20057122036814679 0.22659738129004825 0.18486712570302177 0.39497017953544855 1.7091178493574259 0.46312983334064473 19.061144688166678 0.44223032612353552 0.12474775547161698
leaf_count=219 482 60 1356 1017 578 76 46 320 235 54 12 1083 15 10 66 23 71 8509 55 86 16 11 50 13 46 127 48 2187 45 9
internal_value=-0.00285917 -0.0365028 0.0232659 0.0471013 0.013644 -0.0842065 -0.0805202 0.0398778 0.00939998 0.0851467 -0.0884462 -0.0446705 -0.0697572 -0.0805197 0.0369136 0.0582162 0.0225452 -0.0961614 -0.0425714 0.0909807 0.000486311 0.0496693 0.0837114 -0.0849704 -0.0437817 0.0654202 0.0349515 0.0967407 0.0642119 -0.0346376
internal_weight=85.1142 63.6231 28.2403 22.966 12.2198 35.3828 5.27435 9.65213 5.69343 10.7462 34.3599 5.14836 4.43276 4.17221 4.51076 1.02284 0.673126 29.2116 2.16272 10.4201 0.730488 4.12891 3.95869 2.5677 0.595541 3.53337 1.82425 21.4911 2.42997 0.351345
internal_count=16925 14474 4138 2736 1563 10336 1402 972 593 1173 10237 1191 1179 1164 358 99 81 9046 537 1119 102 298 379 591 57 241 114 2451 264 59
is_linear=0
shrinkage=0.1


Tree=45
num_leaves=31
num_cat=0
split_feature=14 6 9 9 11 9 3 6 11 13 7 6 10 7 13 12 6 13 8 9 6 3 3 13 6 8 6 6 6 8
split_gain=25.7594 16.4121 6.27323 2.67672 2.69651 1.97121 1.93204 1.73859 1.49974 1.11626 1.05343 1.80803 0.949534 0.834594 0.766293 0.743117 0.77188 0.633369 0.613807 0.606944 1.62712 0.477952 0.451866 0.345117 0.513862 0.269592 0.472965 0.262206 1.33548 0.168437
threshold=2061.0000000000005 0.5900362267323479 0.58058917347220007 0.42011181272436188 0.38325278070438962 0.43409696380853996 1.2895930345369191 0.82346239121275366 0.095411007887807611 0.48224680559503624 0.86496133237185024 0.37185631236742483 0.3737671682095049 0.83327035019505724 0.64327372856241272 0.84301939105352497 0.58225841425355507 0.59489630784267056 0.78636119436223095 0.4264409810463532 0.56348206296185543 1.0002466771110343 1.3887948390382003 0.49247974825450636 0.82346239121275366 0.83146978741877242 0.81259380654323088 0.47237988841394524 0.44318908101480253 0.63840786353021683
decision_type=2 2 2 2 2 2 2 2 2 2 2 2 2 2 2 2 2 2 2 2 2 2 2 2 2 2 2 2 2 2
left_child=27 6 3 14 5 -5 10 -4 13 -10 19 -12 23 -7 21 16 -13 -8 -18 20 -2 -3 29 24 -11 -23 -27 28 -1 -6
right_child=1 2 7 4 22 8 17 -9 9 12 11 15 -14 -15 -16 -17 18 -19 -20 -21 -22 25 -24 -25 -26 26 -28 -29 -30 -31
leaf_value=0.10089601416538907 -0.10030169044630975 -0.10084064264025788 -0.10050993554616808 -0.10134214352138758 -0.050055091893824635 -0.10106774558817407 0.10105071844767533 0.10123264521066505 -0.10032470491046569 -0.10094861114622951 0.10966178927227982 -0.10031345691719495 -0.10058507765760281 0.10095717977772321 -0.10044890465312473 0.10233502941926745 0.10426694373911644 -0.10119859994663448 -0.10040143629782833 -0.10040544570762067 0.10133390440852906 0.09631545373397718 0.10082951671164471 0.10107381875855398 0.10084944949348258 -0.10106925355448398 0.10097912883947069 0.10080242629414878 -0.10099587364034686 -0.10049077576987159
leaf_weight=1.8001822684891551 1.397220189915976 0.1298895054496868 4.3008787392172954 0.86375072668306341 1.1388680662494151 0.81869992567226268 0.72997797373682161 0.47427755221724499 0.3406982875894754 0.21845190133899439 0.65347984060645004 3.1670933025889103 0.26257355324923981 0.27256540488451719 0.21693367091938931 0.23629685305058945 0.36664660461246956 0.19652618560940027 0.24407736654393375 24.484243244864047 0.5608519953675567 8.787246963474896 0.14664111100137223 5.4768665018491447 0.29876389913260937 0.19422137504443604 0.28713804855942726 17.261069127824157 0.40054439567029465 1.5819145466666666
leaf_count=219 482 27 1356 116 202 128 76 46 112 50 12 1083 61 30 56 15 10 23 71 8509 55 1003 18 427 36 28 31 2187 45 411
internal_value=-0.00286029 -0.0363419 0.0230008 0.0464901 0.0137572 0.041894 -0.0841518 -0.0804725 0.0579854 0.0759477 -0.0883897 -0.0445916 0.0855464 -0.050608 0.0853653 -0.0697034 -0.0804641 0.0581504 0.0224707 -0.096121 -0.0425471 0.0896542 -0.0701634 0.0937 0.0156178 0.0923238 0.0194556 0.0966579 0.0641506 -0.0793794
internal_weight=77.3086 57.8468 25.8104 21.0352 11.4198 8.55237 32.0364 4.77516 7.68862 6.59735 31.1099 4.66759 6.25666 1.09127 9.61543 4.01411 3.77782 0.926504 0.610724 26.4423 1.95807 9.3985 2.86742 5.99408 0.517216 9.26861 0.481359 19.4618 2.20073 2.72078
internal_count=16925 14474 4138 2736 1591 960 10336 1402 844 686 10237 1191 574 158 1145 1179 1164 99 81 9046 537 1089 631 513 86 1062 59 2451 264 613
is_linear=0
shrinkage=0.1


Tree=46
num_leaves=31
num_cat=0
split_feature=14 6 9 3 15 3 6 3 15 7 6 3 0 12 6 14 13 8 9 6 3 15 13 13 13 7 13 9 6 6
split_gain=23.268 14.8523 5.64036 2.45259 2.62619 1.74722 1.57219 1.28002 1.5607 0.955971 1.62945 0.836688 1.02018 0.671724 0.698788 0.593894 0.572476 0.553876 0.549185 1.47136 0.485821 0.440905 0.416216 0.398293 0.308352 0.388808 0.262598 0.304378 0.237168 1.20729
threshold=2061.0000000000005 0.5900362267323479 0.58058917347220007 1.2050468955035234 1095.5000000000002 1.2895930345369191 0.82346239121275366 1.0480715876649989 525.50000000000011 0.86496133237185024 0.37185631236742483 1.0059296610940061 0.067989214175654802 0.84301939105352497 0.58225841425355507 2206.5000000000005 0.59489630784267056 0.78636119436223095 0.4264409810463532 0.56348206296185543 1.0006032011012402 67.500000000000014 0.6105078905990805 0.83420090190653606 0.76902929127982855 0.77967538881525045 0.6105078905990805 0.56135987980397861 0.47237988841394524 0.44318908101480253
decision_type=2 2 2 2 2 2 2 2 2 2 2 2 2 2 2 2 2 2 2 2 2 2 2 2 2 2 2 2 2 2
left_child=28 5 3 4 7 9 -4 8 11 18 -11 12 20 14 -12 24 -7 -16 19 -2 21 -3 -13 -6 -5 -26 -9 -28 29 -1
right_child=1 2 6 15 23 16 -8 26 -10 10 13 22 -14 -15 17 -17 -18 -19 -20 -21 -22 -23 -24 -25 25 -27 27 -29 -30 -31
leaf_value=0.10081035019602257 -0.10027290778191732 0.049762606350280243 -0.10046197544370467 0.10082717840460512 -0.095279182560436354 0.10094990619798533 0.10111447600337597 0.099473515196826082 -0.089577176240950171 0.10870441252934984 -0.10028357569728547 0.094487228711622656 -0.076315377665765849 0.10211164936381126 0.10384645698775768 -0.10151987574631226 -0.10108435830885054 -0.10036315684635172 -0.10036829971834015 0.10120645244610219 0.090938467133029596 -0.10168355445395379 -0.04432470640572328 0.067329271008384386 -0.10053839757581017 0.10248926668424728 -0.10051190050846677 0.102365774415559 0.10072548476347852 -0.10090032369909221
leaf_weight=1.6301859621889914 1.2646015393547809 0.46567943226546615 3.8933594648260614 6.7559523331001392 1.9595028315670782 0.66113745421171088 0.42962008109316219 3.0049858442507689 1.1856852769851682 0.59623442403972049 2.8665149980224678 2.1799114497844134 1.0732628058176485 0.21425416041165579 0.33303039148449887 0.15570157044567157 0.17801499622873962 0.22093028482049704 22.162042476935312 0.50808644108474244 1.0501330178230999 0.3273733879905194 0.23976381355896581 0.16317562502808858 0.17618855019099999 0.20300638303160667 0.14819717151112843 0.14760846924036741 15.629784914199261 0.36275331769138563
leaf_count=219 482 26 1356 876 543 76 46 328 291 12 1083 216 172 15 10 20 23 71 8509 55 75 38 40 15 46 10 33 7 2187 45
internal_value=-0.00285674 -0.0361952 0.0227855 0.0459811 0.0180849 -0.084102 -0.0804292 0.0398818 0.0142003 -0.0883384 -0.04452 0.0372597 0.00119185 -0.0696546 -0.0804138 0.091686 0.058091 0.0224037 -0.0960842 -0.0425251 0.0463233 -0.0127546 0.0807325 -0.0827791 0.0959021 0.00815481 0.090624 0.000725057 0.096583 0.0640951
internal_weight=70.1867 52.564 23.5591 19.2361 11.9453 29.0048 4.32298 9.8226 6.52181 28.1657 4.23096 5.33612 2.91645 3.63473 3.42048 7.29085 0.839152 0.553961 23.9347 1.77269 1.84319 0.793053 2.41968 2.12268 7.13515 0.379195 3.30079 0.295806 17.6227 1.99294
internal_count=16925 14474 4138 2736 1784 10336 1402 1226 858 10237 1191 567 311 1179 1164 952 99 81 9046 537 139 64 256 558 932 56 368 40 2451 264
is_linear=0
shrinkage=0.1


Tree=47
num_leaves=31
num_cat=0
split_feature=14 6 9 3 15 3 6 3 15 7 6 3 0 12 6 14 13 8 9 6 3 13 9 9 15 13 11 13 7 6
split_gain=21.0111 13.4482 5.06517 2.25644 2.33111 1.58016 1.4218 1.18142 1.54562 0.867295 1.46909 0.73123 0.966867 0.607248 0.632587 0.53688 0.517491 0.499932 0.49692 1.3306 0.412843 0.402696 0.366163 0.36436 0.308446 0.295023 0.28384 0.27902 0.351252 0.214529
threshold=2061.0000000000005 0.5900362267323479 0.58058917347220007 1.2050468955035234 1095.5000000000002 1.2895930345369191 0.82346239121275366 1.0341574265631219 460.50000000000006 0.86496133237185024 0.37185631236742483 1.0045262549513969 0.067989214175654802 0.84301939105352497 0.58225841425355507 2206.5000000000005 0.59489630784267056 0.78636119436223095 0.4264409810463532 0.56348206296185543 1.0005424719430749 0.6105078905990805 0.56135987980397861 0.56135987980397861 67.500000000000014 0.58171428314754181 0.21631192568892588 0.76902929127982855 0.77967538881525045 0.47237988841394524
decision_type=2 2 2 2 2 2 2 2 2 2 2 2 2 2 2 2 2 2 2 2 2 2 2 2 2 2 2 2 2 2
left_child=29 5 3 4 7 9 -4 8 11 18 -11 12 20 14 -12 27 -7 -16 19 -2 24 -9 -6 -23 -3 -13 -27 -5 -29 -1
right_child=1 2 6 15 22 16 -8 21 -10 10 13 25 -14 -15 17 -17 -18 -19 -20 -21 -22 23 -24 -25 -26 26 -28 28 -30 -31
leaf_value=0.064045007901136972 -0.10024687785176314 0.037282986056652014 -0.1004184795826014 0.10074799669466819 -0.096142243985640252 0.10085883333182089 0.10100771384762029 0.095925513411405997 -0.097000210341278689 0.10784520682937011 -0.10025654235021997 0.099295739426166429 -0.093270849872971393 0.10190975233553301 0.10346868904164969 -0.10137465934035905 -0.10098102451120312 -0.10032853482441668 -0.10033447198876644 0.10109122612039721 0.082997837517392634 -0.10042979180002017 0.046915889200253573 0.10199136525279824 -0.1013834975646964 0.083871169876644558 -0.079688195593995231 -0.10048706943966806 0.10224863778838458 0.10065597030052631
leaf_weight=1.8046289873309422 1.1445408205036169 0.39673436759040315 3.5243056314066048 6.1175985941663376 1.7502751983702172 0.59873459674417873 0.38912630733102549 3.1488022119738166 1.0808604892808942 0.54357379674911444 2.5943938272539535 1.6360622681677344 0.77356265881098796 0.1942297127097844 0.30238246917724598 0.14107615291140962 0.16123107355087996 0.19997146422974765 20.059463338693604 0.46023298939689983 0.99217272782698274 0.21089782775379706 0.19928748346865166 0.15375307761132717 0.26929630083031952 0.2223013169132172 0.20298381522297859 0.15949928457848717 0.18409804068505764 14.151684379205106
leaf_count=264 482 23 1356 876 525 76 46 385 291 12 1083 169 134 15 10 20 23 71 8509 55 72 57 33 9 37 12 37 46 10 2187
internal_value=-0.00284743 -0.0360082 0.0225318 0.045366 0.0177034 -0.0840567 -0.08039 0.0389899 0.0103636 -0.0882917 -0.044455 0.0361909 -0.000951331 -0.0696106 -0.0803684 0.0916094 0.0580374 0.0223434 -0.0960508 -0.0425051 0.0421163 0.0844046 -0.0815186 -0.01508 -0.0187841 0.0800075 0.00580612 0.0958231 0.00813789 0.0965153
internal_weight=63.7678 47.8114 21.5527 17.6393 11.037 26.2588 3.91343 9.08743 5.57397 25.4988 3.83455 4.49311 2.43177 3.29098 3.09675 6.60227 0.759966 0.502354 21.6642 1.60477 1.6582 3.51345 1.94956 0.364651 0.666031 2.06135 0.425285 6.4612 0.343597 15.9563
internal_count=16925 14474 4138 2736 1784 10336 1402 1226 775 10237 1191 484 266 1179 1164 952 99 81 9046 537 132 451 558 66 60 218 49 932 56 2451
is_linear=0
shrinkage=0.1


Tree=48
num_leaves=31
num_cat=0
split_feature=14 6 9 3 15 3 6 3 15 7 6 14 3 12 6 13 8 9 6 13 7 13 13 13 13 6 13 3 0 11
split_gain=18.879 12.1725 4.55199 2.08054 2.12602 1.42913 1.28586 0.92554 1.10353 0.786648 1.32499 0.777403 0.587998 0.549008 0.572631 0.467831 0.451353 0.449625 1.20337 0.443872 0.521379 0.417173 0.361775 0.32614 0.295306 0.251131 1.13478 0.249276 0.848718 0.244922
threshold=2061.0000000000005 0.5900362267323479 0.58058917347220007 1.1330545242441556 877.00000000000011 1.2895930345369191 0.82346239121275366 1.0197495010107107 347.50000000000006 0.86496133237185024 0.37185631236742483 2206.5000000000005 1.0002466771110343 0.84301939105352497 0.58225841425355507 0.59489630784267056 0.78636119436223095 0.4264409810463532 0.56348206296185543 0.76902929127982855 0.77967538881525045 0.6105078905990805 0.58171428314754181 0.83420090190653606 0.83420090190653606 0.47237988841394524 0.55942303261756965 1.0031266266374554 0.047065337763012159 0.21631192568892588
decision_type=2 2 2 2 2 2 2 2 2 2 2 2 2 2 2 2 2 2 2 2 2 2 2 2 2 2 2 2 2 2
left_child=25 5 3 4 7 9 -4 8 12 17 -11 19 -3 14 -12 -7 -16 18 -2 -5 -21 27 -9 -23 -6 26 -1 28 -14 -24
right_child=1 2 6 11 24 15 -8 22 -10 10 13 -13 21 -15 16 -17 -18 -19 -20 20 -22 23 29 -25 -26 -27 -28 -29 -30 -31
leaf_value=-0.10086778370541478 -0.10022333618917456 -0.1008411506979313 -0.10037904012056061 0.096779701875166796 -0.093994896394529057 0.1007765549186232 0.10091123954257245 0.099646051765578725 -0.09371594517331544 0.10707349592260927 -0.10023209763301254 -0.10086596599566196 0.09969176102383942 0.1017272442343032 0.10312906042303745 -0.10088755007237693 -0.10029722068765767 -0.10030366394977391 0.10098704156895205 -0.1004213450533501 0.10184287878390935 -0.10102673774013285 0.072521907182825779 0.075252759770552319 0.05879172048158287 0.10059315441254346 0.10068759605574928 0.095493732933609105 -0.060285142104689472 -0.068246888644324433
leaf_weight=0.34985304344445367 1.0358542493777445 0.29555541393347651 3.1901128708850588 6.6127563868649295 1.7268658427055923 0.54217729717492957 0.35241553559899319 2.2514187607448553 0.85104460269212712 0.49520977120846454 2.3480480581056336 0.22034923580940802 0.79856628784909911 0.17604557285085309 0.27446210011839856 0.14601620251778513 0.18099528644233942 18.155844299355522 0.41684379661455739 0.25684408773668099 0.25295662228018045 0.30476991506293405 0.25864721089601506 0.16008226666599512 0.13650275580584992 12.812562797684221 1.3858032762072978 1.2170698968693612 0.56715063564479351 0.23672023881226778
leaf_count=45 482 60 1356 1017 585 76 46 298 232 12 1083 54 48 15 10 23 71 8509 55 86 16 47 18 10 12 2187 219 127 66 60
internal_value=-0.00284463 -0.0358506 0.0222988 0.0448198 0.0120388 -0.0840156 -0.0803544 0.0374996 0.00794862 -0.0882493 -0.044396 0.0841253 0.0338284 -0.0695707 -0.0803273 0.0579888 0.022289 -0.0960203 -0.0424871 0.0898483 -6.04121e-05 0.0468884 0.0826228 -0.0403209 -0.0828024 0.0957575 0.0600604 0.0625844 0.0332571 0.00525301
internal_weight=58.0095 43.4613 19.6898 16.1473 8.80439 23.7715 3.54253 6.94103 4.19424 23.0833 3.47476 7.34291 3.34319 2.97955 2.80351 0.688193 0.455457 19.6085 1.4527 7.12256 0.509801 3.04764 2.74679 0.464852 1.86337 14.5482 1.73566 2.58279 1.36572 0.495367
internal_count=16925 14474 4138 2736 1563 10336 1402 966 590 10237 1191 1173 358 1179 1164 99 81 9046 537 1119 102 298 376 57 597 2451 264 241 114 78
is_linear=0
shrinkage=0.1


Tree=49
num_leaves=31
num_cat=0
split_feature=14 6 3 6 9 15 3 3 15 4 3 13 0 7 12 7 3 9 6 11 6 0 13 12 6 6 11 6 0 13
split_gain=17.0502 11.0249 4.78022 1.97003 1.74854 1.38359 0.968086 0.862643 0.822063 0.561977 0.528969 0.527343 0.511863 0.413956 1.43533 0.563887 0.386126 0.313376 0.979405 0.307701 0.862335 0.298694 0.234582 0.29509 0.227201 1.02605 0.202999 0.387534 0.165434 0.138768
threshold=2061.0000000000005 0.70510798320188051 1.3100682772951584 0.58225841425355507 0.58058917347220007 1326.5000000000002 1.0686108008718731 1.0041819498565812 636.50000000000011 0.0010484628207390503 1.0139952366112019 0.63577354615003523 0.12613636363636363 0.86496133237185024 0.72575068183327041 0.92931160796433232 1.0014498808424011 0.4264409810463532 0.56348206296185543 0.49250989166810227 0.81607124471542292 0.031754032258064509 0.6051063846839887 0.68411627850879186 0.47237988841394524 0.44318908101480253 0.046738232178512508 0.86704235016907738 0.095695970695970675 0.6051063846839887
decision_type=2 2 2 2 2 2 2 2 2 2 2 2 2 2 2 2 2 2 2 2 2 2 2 2 2 2 2 2 2 2
left_child=24 2 3 13 5 6 8 9 10 -3 12 -4 16 17 -15 -16 21 18 -2 26 -21 -5 -8 -24 25 -1 27 -9 -18 -12
right_child=1 7 11 4 -6 -7 22 19 -10 -11 29 -13 -14 14 15 -17 28 -19 -20 20 -22 -23 23 -25 -26 -27 -28 -29 -30 -31
leaf_value=0.10062193602393164 -0.10020219812906578 0.066343016884282457 0.098670475732883095 0.034694029541611333 -0.10023713317169387 -0.092726078251973154 0.098950171886029198 -0.10040578030194187 -0.095702855866793862 -0.078866774487784577 0.099650933674181652 -0.10061176142310978 -0.091782358073635009 -0.10020889342364912 0.10512069553001875 -0.10022239992316276 0.09059382400718248 -0.10020940611501045 0.10095204147386833 -0.10053202754203357 0.10056778411836727 -0.09041708861633109 -0.10045075345611021 0.10185734153179382 0.10053639491155027 -0.10078460032748765 0.098506998351889558 0.10078602816339184 -0.0071301512945532199 -0.003385253880742903
leaf_weight=1.2547032870352257 0.94191725424026518 0.49385691992938408 1.9325235849246376 0.34309631632640891 2.9900666587054729 1.5461362458299843 1.2844893787987528 0.15315210563130666 0.90647438925225277 0.57896691677160561 0.68452209373936046 0.14258430805057276 0.60076807159930457 1.9537967138458037 0.61039506271481503 0.17125008592847735 0.60816963179968297 15.612221825751474 0.32576210238039494 0.32407892658375193 0.62341914838179946 0.42996302258688956 0.14643419161438931 0.14202790427953005 11.599498830735682 0.31680809706449498 5.3278784472495317 0.25538918050006032 0.24222534708678722 0.16155989281833172
leaf_count=219 484 43 311 28 1523 469 161 45 318 113 76 27 164 998 27 85 45 8225 45 75 112 87 43 10 2187 45 867 35 29 29
internal_value=-0.00283816 -0.0356682 -0.0617594 -0.0720113 -0.0360953 -0.00906705 0.0142401 0.0712173 -0.0120271 -0.0120218 0.0126773 0.0849774 -0.0129228 -0.0904788 -0.0543919 0.0601322 0.0162596 -0.0963268 -0.0485106 0.0845778 0.0317843 -0.0348907 0.0806494 -0.000841844 0.0957021 0.0600195 0.0932978 0.0253642 0.0627583 0.0799761
internal_weight=52.7041 39.5331 31.7764 29.7013 10.0859 7.09587 5.54973 7.75674 3.97678 1.07282 3.0703 2.07511 2.22422 19.6153 2.73544 0.781645 1.62345 16.8799 1.26768 6.68392 0.947498 0.773059 1.57295 0.288462 13.171 1.57151 5.73642 0.408541 0.850395 0.846082
internal_count=16925 14474 13184 12846 2982 1459 990 1290 776 156 458 338 353 9864 1110 112 189 8754 529 1134 187 115 214 53 2451 264 947 80 74 105
is_linear=0
shrinkage=0.1


Tree=50
num_leaves=31
num_cat=0
split_feature=14 6 9 3 15 3 6 3 13 11 7 6 12 9 12 6 14 13 8 9 6 9 13 3 0 13 7 6 6 3
split_gain=15.3924 9.98719 3.71287 1.76296 1.74606 1.16522 1.05475 0.90077 0.852501 0.929646 0.651833 1.07771 0.513526 0.483258 0.446034 0.476631 0.399813 0.392419 0.373671 0.368421 0.984695 0.30958 0.264841 0.255995 0.857456 0.20762 0.260154 0.205554 0.927794 0.129503
threshold=2061.0000000000005 0.5900362267323479 0.58058917347220007 1.2050468955035234 1169.5000000000002 1.2895930345369191 0.82346239121275366 1.0002466771110343 0.58171428314754181 0.21631192568892588 0.86496133237185024 0.37185631236742483 0.70774679394243956 0.42283817000268686 0.84301939105352497 0.58225841425355507 2206.5000000000005 0.59489630784267056 0.78636119436223095 0.4264409810463532 0.56348206296185543 0.36425131549851458 0.83420090190653606 1.024795555418047 0.17349498327759191 0.76902929127982855 0.77967538881525045 0.47237988841394524 0.44318908101480253 1.0031266266374554
decision_type=2 2 2 2 2 2 2 2 2 2 2 2 2 2 2 2 2 2 2 2 2 2 2 2 2 2 2 2 2 2
left_child=27 5 3 4 7 10 -4 -3 12 -10 19 -12 23 -14 15 -13 25 -7 -17 20 -2 -11 -6 24 29 -5 -27 28 -1 -9
right_child=1 2 6 16 22 17 -8 8 9 21 11 14 13 -15 -16 18 -18 -19 -20 -21 -22 -23 -24 -25 -26 26 -28 -29 -30 -31
leaf_value=0.10056256536045881 -0.10018278059432291 -0.10057005217948885 -0.1003265748988289 0.10056125788034967 -0.10046698084900174 0.1006372407701443 0.10074727051828543 0.050870580309548864 0.065775980227723047 0.10061404968826011 0.10576306921648543 -0.10018997650018702 0.1006363501871101 -0.10054855259264779 0.10140810535587036 0.10260144491279069 -0.10102570692066073 -0.10082583666232237 -0.1002515795972317 -0.10025121085585138 0.1008076936640243 -0.10065581433510062 0.063761027107893886 0.099489383391776279 -0.095219376298666211 -0.10036070934978461 0.10166486261794459 0.10048509370443987 -0.10070944891803491 0.10222783080946225
leaf_weight=1.1359386635012914 0.84841144527309598 0.45324993226677346 2.6351110955001782 4.577339307870715 1.2507452915888277 0.44636047445237537 0.28954226337373246 0.9434279857669029 0.76301532448269405 0.083893695380538702 0.4106971882283682 1.9231862743617973 0.18555091228336085 0.33487883175257593 0.144058406818658 0.22965519130229939 0.10561204596888263 0.12341824790928513 0.15019909618422389 14.87907366233412 0.34201662940904498 0.85800803697202355 0.10656158870551724 2.3101765677565709 0.33615848468616594 0.11874890932813276 0.13760125916451216 10.500746565870939 0.28686285414732982 1.0238387077115474
leaf_count=219 482 149 1356 876 506 76 46 88 52 14 12 1083 31 91 15 10 20 23 71 8509 55 217 13 384 111 46 10 2187 45 128
internal_value=-0.00282676 -0.0354343 0.0217889 0.0437869 0.0165682 -0.0839008 -0.0804202 0.0359522 0.0450002 -0.0162674 -0.0881424 -0.0441366 0.065346 -0.0288193 -0.0692943 -0.079972 0.0914512 0.0569989 0.0223908 -0.0959683 -0.0424371 -0.082729 -0.0875735 0.0759681 0.052378 0.0956566 0.0080807 0.095652 0.0599824 0.0775988
internal_weight=47.9341 36.0105 16.5135 13.5888 8.64951 19.4971 2.92465 7.2922 6.83895 1.70492 18.9273 2.8578 5.13403 0.52043 2.4471 2.30304 4.9393 0.569779 0.379854 16.0695 1.19043 0.941902 1.35731 4.6136 2.30343 4.83369 0.25635 11.9235 1.4228 1.96727
internal_count=16925 14474 4138 2736 1784 10336 1402 1265 1116 283 10237 1191 833 122 1179 1164 952 99 81 9046 537 231 519 711 327 932 56 2451 264 216
is_linear=0
shrinkage=0.1


Tree=51
num_leaves=31
num_cat=0
split_feature=14 6 9 3 15 3 6 6 7 7 7 7 7 6 7 10 12 6 14 13 8 9 6 12 9 13 13 7 6 13
split_gain=13.9073 9.03934 3.33775 1.61745 1.56122 1.05398 0.954009 0.828892 0.862059 0.705853 0.694589 0.610556 0.590858 0.972835 0.468175 0.525431 0.40334 0.431412 0.361539 0.354833 0.337548 0.333353 0.890654 0.307102 0.24504 0.241288 0.187865 0.235148 0.185972 0.839003
threshold=2061.0000000000005 0.5900362267323479 0.58058917347220007 1.2050468955035234 1169.5000000000002 1.2895930345369191 0.82346239121275366 0.76840133973610147 0.66077902783839748 0.70668087872838925 0.77967538881525045 0.61028769509860414 0.86496133237185024 0.37185631236742483 0.81778253617777796 0.28771628724078918 0.84301939105352497 0.58225841425355507 2206.5000000000005 0.59489630784267056 0.78636119436223095 0.4264409810463532 0.56348206296185543 0.72575068183327041 0.43048375043922432 0.83420090190653606 0.76902929127982855 0.77967538881525045 0.47237988841394524 0.55942303261756965
decision_type=2 2 2 2 2 2 2 2 2 2 2 2 2 2 2 2 2 2 2 2 2 2 2 2 2 2 2 2 2 2
left_child=28 5 3 4 7 12 -4 8 11 -10 24 -3 21 -14 -12 -16 17 -15 26 -7 -19 22 -2 -17 -11 -6 -5 -28 29 -1
right_child=1 2 6 18 25 19 -8 -9 9 10 14 -13 13 16 15 23 -18 20 -20 -21 -22 -23 -24 -25 -26 -27 27 -29 -30 -31
leaf_value=-0.10064153862005379 -0.10016536030119211 0.05619265866144342 -0.10029575222195697 0.10050764549378577 -0.10042296853651995 0.10057629411131559 0.10067583782239674 0.10067318523482292 0.09377093839002866 0.10049403778025751 0.089842471417270753 -0.10080404152642264 0.10520098132583613 -0.10017187834412744 -0.10051771091267331 0.087668896466372423 0.10127369281937369 0.10234853118493288 -0.10092783228458578 -0.10074736606894451 -0.10022761330609634 -0.10022792004793948 0.1007306457690786 -0.10079741281715893 -0.10053383244691644 0.059709073107466995 -0.10032634209368692 0.10150476226597205 0.10043871314017594 0.10050887834775857
leaf_weight=0.25973048363812168 0.76780115684960637 0.34401155379600623 2.3850426306016739 4.1438448075205088 1.132191927405074 0.40411595115438004 0.26216510403901327 1.5024013170041142 1.4780542749213057 0.067397808656096792 0.90322942554485031 0.88488417747430503 0.37349844677373711 1.740469311829657 0.38619016634766012 0.44856120366603136 0.1305136359296738 0.20828795433044422 0.095649688504636177 0.11175601009745151 0.13593660749029368 13.466112328227608 0.30969411367550492 0.10710446233861148 0.60429129877593368 0.10262733465060581 0.10748339316342015 0.12469315808266401 9.5056325607001764 1.0283609484322367
leaf_count=45 482 63 1356 876 506 76 46 282 155 14 128 196 12 1083 132 90 15 10 20 23 71 8509 55 18 187 13 46 10 2187 219
internal_value=-0.00282648 -0.0352899 0.0215641 0.0432732 0.0162406 -0.0838698 -0.0803926 0.0352151 0.0163886 0.0389199 0.00670691 -0.0568551 -0.0881104 -0.0440926 0.0384039 -0.0109252 -0.0692644 -0.0799411 0.0913994 0.0569625 0.0223498 -0.0959454 -0.0424238 0.051342 -0.0803625 -0.0871142 0.0956032 0.00806944 0.0956068 0.059949
internal_weight=43.5217 32.728 15.0798 12.4326 7.96094 17.6482 2.64721 6.72613 5.22372 3.99483 2.51677 1.2289 17.1323 2.58871 1.84509 0.941856 2.21521 2.08469 4.47167 0.515872 0.344225 14.5436 1.0775 0.555666 0.671689 1.23482 4.37602 0.232177 10.7937 1.28809
internal_count=16925 14474 4138 2736 1784 10336 1402 1265 983 724 569 259 10237 1191 368 240 1179 1164 952 99 81 9046 537 108 201 519 932 56 2451 264
is_linear=0
shrinkage=0.1


Tree=52
num_leaves=31
num_cat=0
split_feature=14 6 9 3 15 3 6 6 11 7 7 6 7 7 12 6 14 13 8 9 6 11 3 13 6 14 7 6 6 3
split_gain=12.57 8.17917 3.00523 1.47845 1.39876 0.953382 0.862924 0.758374 0.795101 0.602959 0.535496 0.878369 0.464538 0.454423 0.364754 0.390471 0.326949 0.320869 0.304966 0.301622 0.805623 0.2563 0.241512 0.220376 0.21987 0.169989 0.212567 0.168257 0.758753 0.130589
threshold=2061.0000000000005 0.5900362267323479 0.58058917347220007 1.2050468955035234 1169.5000000000002 1.2895930345369191 0.82346239121275366 0.76840133973610147 0.38325278070438962 0.68102045065600647 0.86496133237185024 0.37185631236742483 0.86440426509387824 0.61028769509860414 0.84301939105352497 0.58225841425355507 2206.5000000000005 0.59489630784267056 0.78636119436223095 0.4264409810463532 0.56348206296185543 0.75107877218269092 1.0003701833543546 0.83420090190653606 0.68305403522415375 2160.0000000000005 0.77967538881525045 0.47237988841394524 0.44318908101480253 1.0931916080826625
decision_type=2 2 2 2 2 2 2 2 2 2 2 2 2 2 2 2 2 2 2 2 2 2 2 2 2 2 2 2 2 2
left_child=27 5 3 4 7 10 -4 8 9 13 19 -12 22 -3 15 -13 25 -7 -17 20 -2 29 -11 -6 -14 26 -5 28 -1 -10
right_child=1 2 6 16 23 17 -8 -9 21 12 11 14 24 -15 -16 18 -18 -19 -20 -21 -22 -23 -24 -25 -26 -27 -28 -29 -30 -31
leaf_value=0.10046032792874025 -0.10014960406598604 0.052149231317643235 -0.10026781816433138 -0.10029525111451221 -0.10038306866674691 0.10052120183523494 0.10061126616197352 0.10060926160452542 -0.074883039100959753 -0.035777110235609408 0.10469489312702121 -0.10015550714945876 -0.10046128961109413 -0.10088477844550532 0.10115215109928682 0.1021206792196187 -0.10083932460399909 -0.10067633754516468 -0.10020593196513967 -0.10020674340469699 0.10066096393558391 0.10082387438536891 0.085097535624599846 0.055641382779931525 0.10093440444992884 0.10045917206146578 0.10136020623802899 0.10039678609033383 -0.10058016253642017 0.071288621339595612
leaf_weight=0.93092627823352703 0.69483895797748019 0.33415628515649443 2.1586464873980726 0.097283609560691153 1.0248361174017189 0.3658494511619218 0.23736129887402047 1.3602487482130525 1.0720858988352118 0.17815040540881533 0.33950572181493166 1.5750861045671629 0.23592448339331884 0.46273788867983967 0.11822830326855172 0.18886583019047964 0.086619517649523803 0.10118873231112957 0.12302578962408006 12.187086440855635 0.2804069381672889 0.09949692036025215 2.2913449822226539 0.099298591958358773 0.070379454642534256 3.7512230933643878 0.11297975573688745 8.6044611276593042 0.23514997586607933 0.064814529381692298
leaf_count=219 482 63 1356 46 506 76 46 282 341 57 12 1083 80 90 15 10 20 23 71 8509 55 17 310 13 10 876 10 2187 45 15
internal_value=-0.00282878 -0.0351854 0.0213921 0.0428898 0.0159914 -0.0838416 -0.0803677 0.0346851 0.0160385 0.0399585 -0.0880813 -0.0440527 0.0619701 -0.0367141 -0.0692374 -0.0799132 0.0913525 0.0569296 0.0223129 -0.0959245 -0.0424117 -0.0530807 0.0763776 -0.0866009 -0.0541866 0.0955549 0.00805926 0.0955659 0.0599187 -0.0665498
internal_weight=39.4822 29.7117 13.7376 11.3416 7.29347 15.9741 2.39601 6.16934 4.80909 3.57269 15.507 2.34471 2.7758 0.796894 2.00521 1.88698 4.04811 0.467038 0.311892 13.1623 0.975246 1.2364 2.4695 1.12413 0.306304 3.96149 0.210263 9.77054 1.16608 1.1369
internal_count=16925 14474 4138 2736 1784 10336 1402 1265 983 610 10237 1191 457 153 1179 1164 952 99 81 9046 537 373 367 519 90 932 56 2451 264 356
is_linear=0
shrinkage=0.1


Tree=53
num_leaves=31
num_cat=0
split_feature=14 6 9 3 15 3 6 6 11 7 7 6 7 7 12 6 14 13 8 9 6 3 1 11 13 6 14 7 6 6
split_gain=11.3508 7.409 2.69532 1.36346 1.24577 0.862415 0.780561 0.700724 0.689705 0.527388 0.485247 0.793244 0.406945 0.403378 0.329877 0.353406 0.295683 0.290172 0.27557 0.272911 0.728734 0.224075 0.255295 0.224033 0.201834 0.198831 0.153814 0.192173 0.152231 0.686214
threshold=2061.0000000000005 0.5900362267323479 0.58058917347220007 1.2050468955035234 1169.5000000000002 1.2895930345369191 0.82346239121275366 0.76840133973610147 0.38325278070438962 0.68102045065600647 0.86496133237185024 0.37185631236742483 0.61028769509860414 0.86440426509387824 0.84301939105352497 0.58225841425355507 2206.5000000000005 0.59489630784267056 0.78636119436223095 0.4264409810463532 0.56348206296185543 1.0006838903605497 0.010842409437749003 0.75107877218269092 0.83420090190653606 0.68305403522415375 2160.0000000000005 0.77967538881525045 0.47237988841394524 0.44318908101480253
decision_type=2 2 2 2 2 2 2 2 2 2 2 2 2 2 2 2 2 2 2 2 2 2 2 2 2 2 2 2 2 2
left_child=28 5 3 4 7 10 -4 8 9 12 19 -12 -3 21 15 -13 26 -7 -17 20 -2 22 -11 -10 -6 -15 27 -5 29 -1
right_child=1 2 6 16 24 17 -8 -9 23 13 11 14 -14 25 -16 18 -18 -19 -20 -21 -22 -23 -24 -25 -26 -27 -28 -29 -30 -31
leaf_value=0.10041642271553664 -0.10013534963398214 0.048190125114657992 -0.10024250482232307 -0.10026712594021366 -0.10034690286109874 0.10047140051451993 0.1005528848122596 0.10055139733252026 -0.063407630670827983 0.095364729440413465 0.10423901432165893 -0.10014069748466901 -0.10080055978067735 -0.10041740921609472 0.10104223562823698 0.10191531216748398 -0.10075927510818804 -0.10061205342216409 -0.10018631895498636 -0.10018749810601078 0.10059794210952736 0.084704246207778597 -0.10062694372762659 0.10074532550058866 0.05161314847748575 0.10084515547546812 0.10041534154388675 0.10122965020023096 0.10035888762692612 -0.10052468583140889
leaf_weight=0.84268650133162537 0.62880123557988454 0.32590254885144387 1.9536922865081572 0.088049288373441281 0.92762728652451165 0.33119001728482622 0.21489174268208433 1.2314762405585495 1.0771414637565611 0.12082853459287513 0.30847249319777015 1.4253968935227019 0.41903459071181715 0.21356184210162599 0.10708784591406573 0.17121969629079092 0.078435681061819085 0.091614874778315425 0.11133902112487704 11.029342710389754 0.25387355894781649 2.0509856649441645 0.14770575461443514 0.09009516006335605 0.096497232327237725 0.063735457137227058 3.3956532450392842 0.1023534438572824 7.7884291438385844 0.21288395533338189
leaf_count=219 482 63 1356 46 506 76 46 282 356 8 12 1083 90 80 15 10 20 23 71 8509 55 303 56 17 13 10 876 10 2187 45
internal_value=-0.00282109 -0.0349695 0.0210917 0.042184 0.0155716 -0.083816 -0.0803451 0.0336975 0.0154387 0.0385532 -0.0880549 -0.0440165 -0.0356186 0.0598305 -0.069213 -0.0798879 0.0913102 0.0568999 0.0222795 -0.0959055 -0.0424008 0.0734578 -0.0124394 -0.0507372 -0.0860286 -0.0541582 0.0955112 0.00805006 0.0955289 0.0598913
internal_weight=35.9 27.056 12.5977 10.4291 6.76459 14.4583 2.16858 5.74047 4.50899 3.34175 14.0355 2.12352 0.744937 2.59682 1.81504 1.70796 3.66449 0.422805 0.282559 11.912 0.882675 2.31952 0.268534 1.16724 1.02412 0.277297 3.58606 0.190403 8.844 1.05557
internal_count=16925 14474 4138 2736 1784 10336 1402 1265 983 610 10237 1191 153 457 1179 1164 952 99 81 9046 537 367 64 373 519 90 932 56 2451 264
is_linear=0
shrinkage=0.1


Tree=54
num_leaves=31
num_cat=0
split_feature=14 6 9 3 0 3 3 0 3 7 6 13 14 12 6 0 3 13 8 9 6 13 3 6 6 13 4 3 0 8
split_gain=10.2492 6.71249 2.4541 1.42516 0.818979 0.812118 0.780146 0.532471 0.508841 0.439653 0.716503 0.380813 0.332419 0.298349 0.319851 0.296934 0.325339 0.262426 0.24904 0.246934 0.659202 0.196164 0.179236 0.137733 0.620638 0.137158 0.13252 0.113914 0.330988 0.0989972
threshold=2061.0000000000005 0.5900362267323479 0.42011181272436188 1.1872213772209419 0.46225071225071229 1.0416291359945806 1.2895930345369191 0.21913109756097562 1.0059296610940061 0.86496133237185024 0.37185631236742483 0.64327372856241272 2206.5000000000005 0.84301939105352497 0.58225841425355507 0.067989214175654802 1.0002466771110343 0.59489630784267056 0.78636119436223095 0.4264409810463532 0.56348206296185543 0.83420090190653606 1.0005424719430749 0.47237988841394524 0.44318908101480253 0.6105078905990805 0.53705869862524935 1.0010582918509754 0.031754032258064509 0.83146978741877242
decision_type=2 2 2 2 2 2 2 2 2 2 2 2 2 2 2 2 2 2 2 2 2 2 2 2 2 2 2 2 2 2
left_child=23 6 11 4 5 7 9 8 15 19 -11 22 26 14 -12 16 -4 -8 -16 20 -2 -6 -3 24 -1 -10 -5 28 -18 -24
right_child=1 2 3 12 21 -7 17 -9 25 10 13 -13 -14 -15 18 -17 27 -19 -20 -21 -22 -23 29 -25 -26 -27 -28 -29 -30 -31
leaf_value=0.1003767115862412 -0.10012245064205533 -0.012608996484328609 -0.10051943919801208 0.090531474109349114 -0.098067669063408566 0.079821021474818468 0.10042637513524155 -0.096498481312070575 0.087134090491112329 0.10382818396703633 -0.10012729651039694 -0.10027440039415521 -0.1006333263093719 0.10094283156855642 0.1017301473480023 -0.085266908137411584 0.10276081873350003 -0.1005538759272233 -0.10016857386391792 -0.10017001015591512 0.10054094017899169 0.068846377643746612 0.095100863690342416 0.10032462002940888 -0.10047453981608988 -0.030753144475434716 -0.022463986419888178 0.091798776479380867 -0.10089425130180961 0.022022257386514983
leaf_weight=0.7627805955708008 0.56903244741260905 0.17291204794309845 0.21898902428802214 1.3765191273996604 1.7918729429366065 0.78678781248163421 0.299800641601906 0.9460741439834236 0.54889249277766783 0.28016558988019902 1.2899163025431333 0.11154010030440975 0.10679696116130788 0.096987656783312448 0.15519362688064564 0.7204310578526929 0.16224606614559889 0.08294209185987711 0.10076065210159868 9.9814154090126959 0.22983791003935039 0.07328954292461265 3.699384161503986 7.0495469262823462 0.19271661946550012 0.12032881809864193 0.11225485720206041 0.25944843352772295 0.15705240471288562 0.19514989631716151
leaf_count=219 482 33 90 351 1242 155 76 559 77 12 1083 56 31 15 10 331 7 23 71 8509 55 15 998 2187 45 38 37 24 36 58
internal_value=-0.00281209 -0.0347424 0.0207833 -0.0138861 -0.0369624 -0.0110104 -0.0837928 -0.0338174 -0.00670705 -0.088031 -0.0439837 0.0820169 0.0697865 -0.0691909 -0.079865 -0.0387294 0.0032984 0.056873 0.0222494 -0.0958883 -0.0423909 -0.091509 0.0870158 0.0954955 0.0598665 0.0659375 0.0820115 0.0425815 0.0025896 0.091439
internal_weight=32.6511 24.646 11.56 7.38098 5.78541 3.92025 13.0861 3.13346 2.18739 12.7033 1.92302 4.17899 1.59557 1.64286 1.54587 1.51817 0.797736 0.382743 0.255954 10.7803 0.79887 1.86516 4.06745 8.00504 0.955497 0.669221 1.48877 0.578747 0.319298 3.89453
internal_count=16925 14474 4138 2993 2574 1317 10336 1162 603 10237 1191 1145 419 1179 1164 488 157 99 81 9046 537 1257 1089 2451 264 115 388 67 43 1056
is_linear=0
shrinkage=0.1


Tree=55
num_leaves=31
num_cat=0
split_feature=14 6 3 0 3 0 3 3 13 7 6 12 6 13 7 11 13 7 8 9 6 13 11 11 13 3 0 6 6 3
split_gain=9.24909 6.08397 2.21995 1.52561 0.89987 0.794596 0.705743 0.495364 0.490208 0.398292 0.647297 0.269846 0.289476 0.267924 0.265168 0.266438 0.237345 0.236957 0.225091 0.223429 0.596321 0.212682 0.214702 0.193536 0.182752 0.153671 0.47255 0.124617 0.561353 0.0657257
threshold=2061.0000000000005 0.5900362267323479 1.1330545242441556 0.38529014844804316 1.0139952366112019 0.11814556331006977 1.2895930345369191 1.0002466771110343 0.58171428314754181 0.86496133237185024 0.37185631236742483 0.84301939105352497 0.58225841425355507 0.58171428314754181 0.67710576631822694 0.19314591542385567 0.59489630784267056 0.70668087872838925 0.78636119436223095 0.4264409810463532 0.56348206296185543 0.58171428314754181 0.19314591542385567 0.19314591542385567 0.83420090190653606 1.0013453068950384 0.042109929078014162 0.47237988841394524 0.44318908101480253 1.0084747625122727
decision_type=2 2 2 2 2 2 2 2 2 2 2 2 2 2 2 2 2 2 2 2 2 2 2 2 2 2 2 2 2 2
left_child=27 6 3 4 5 7 9 -3 -4 19 -11 12 -12 -6 -10 -16 -8 -17 -14 20 -2 25 -23 -15 -5 26 -9 28 -1 -7
right_child=1 2 8 24 13 29 16 21 14 10 11 -13 18 23 15 17 -18 -19 -20 -21 -22 22 -24 -25 -26 -27 -28 -29 -30 -31
leaf_value=0.1003407988168882 -0.10011078836874417 -0.10043899405584814 0.09630533694888864 -0.094374021615695178 0.093000253641180641 -0.10035520139230854 0.10038566344242546 0.10161109484175074 -0.10037056775792426 0.10345781055869492 -0.10011517679199433 0.10085292688049148 0.1015631380449461 0.067864922080585949 0.10085828109875339 0.10031463428942877 -0.10050122125309723 -0.10066289280533808 -0.10015252053855453 -0.10015412789793615 0.10048937957984364 0.063757332910528514 -0.088482153656657403 -0.071833155317886005 0.038539966541753838 0.097330413813272787 -0.10071380667415555 0.10029363674692185 -0.10042920183209357 -0.03910103093663423
leaf_weight=0.69042689632624643 0.51493879867484693 0.27880964032374178 3.2330557459499691 1.9224557443521919 1.3905686711659653 0.8267675756360402 0.2713752584531911 0.29814084665849783 0.17626418988220383 0.25436560390517193 1.167298662359826 0.087832312332466134 0.14064416009932745 0.20370107959024597 0.32072822283953428 0.087427184684202075 0.075086429016664624 0.178314971155487 0.09118587919510901 9.0329176242812519 0.20806721993722022 0.16676106955856074 0.20840779948048294 0.19325391913298517 0.10933099163230497 0.66066193534061313 0.18837618583347648 6.3805642938241363 0.17445192777086049 0.22226374340243638
leaf_count=219 482 136 1003 1410 355 483 76 29 88 12 1083 15 10 29 41 28 23 87 71 8509 55 17 56 90 21 114 60 2187 45 91
internal_value=-0.00280436 -0.0344364 0.02035 -0.0149635 0.016693 -0.018191 -0.0837718 0.0221043 0.0792928 -0.0880093 -0.043954 -0.0691709 -0.0798444 0.0723153 0.00718059 0.0395052 0.0568487 -0.0345428 0.0222222 -0.0958727 -0.0423819 0.0445474 -0.0208123 -0.000145812 -0.0872219 0.0659224 0.0232722 0.0954652 0.0598441 -0.087377
internal_weight=29.7544 22.509 10.6653 6.6695 4.63771 2.85019 11.8437 1.80116 3.99579 11.4973 1.74133 1.48696 1.39913 1.78752 0.762735 0.58647 0.346462 0.265742 0.23183 9.75592 0.723006 1.52235 0.375169 0.396955 2.03179 1.14718 0.486517 7.24544 0.864879 1.04903
internal_count=16925 14474 4138 2891 1460 986 10336 412 1247 10237 1191 1179 1164 474 244 156 99 115 81 9046 537 276 73 119 1431 203 89 2451 264 574
is_linear=0
shrinkage=0.1


Tree=56
num_leaves=31
num_cat=0
split_feature=14 6 3 0 3 0 3 3 14 7 6 14 3 0 7 12 6 13 13 8 9 6 16 13 7 11 6 13 3 15
split_gain=8.35188 5.51238 1.99459 1.36053 0.793677 0.739768 0.638448 0.462559 0.456297 0.360781 0.584865 0.329518 0.250019 0.50659 0.245705 0.244076 0.26198 0.243415 0.21467 0.203467 0.202162 0.539451 0.177277 0.141285 0.131221 0.13619 0.11275 0.50775 0.098492 0.285922
threshold=2061.0000000000005 0.5900362267323479 1.1330545242441556 0.40651483050847464 1.0197495010107107 0.13536417773705908 1.2895930345369191 1.0002466771110343 2206.5000000000005 0.86496133237185024 0.37185631236742483 2160.0000000000005 1.0041819498565812 0.063164893617021267 0.77967538881525045 0.84301939105352497 0.58225841425355507 0.58171428314754181 0.59489630784267056 0.78636119436223095 0.4264409810463532 0.56348206296185543 0.75215457033564737 0.83420090190653606 0.67710576631822694 0.19314591542385567 0.47237988841394524 0.55942303261756965 1.0008248272658653 67.500000000000014
decision_type=2 2 2 2 2 2 2 2 2 2 2 2 2 2 2 2 2 2 2 2 2 2 2 2 2 2 2 2 2 2
left_child=26 6 3 4 5 7 9 -3 11 20 -11 14 13 28 -4 16 -12 -6 -8 -18 21 -2 -13 -5 -19 -26 27 -1 29 -9
right_child=1 2 8 23 17 -7 18 12 -10 10 15 22 -14 -15 -16 -17 19 24 -20 -21 -22 -23 -24 -25 25 -27 -28 -29 -30 -31
leaf_value=-0.1003882184500513 -0.10010023745508834 -0.1003822343972372 -0.1002034771910799 -0.096153697062842158 0.097439487393181271 -0.083788785863227119 0.10034885147604672 0.1019885978352507 -0.10043702241157067 0.10312379919148806 -0.10010420881989829 0.09834024278957354 0.095275099821966969 -0.083111108112702378 0.082636949643251745 0.10077160972466755 0.10141245224169355 -0.10052235186567629 -0.10045356709227848 -0.10013799778264992 -0.10013970834479589 0.10044274244873184 -0.070532940161858945 0.028897019284503802 0.10100841120728372 -0.050337350747662137 0.10026561171243463 0.10030831022082826 0.10214918619820429 -0.072092832598678491
leaf_weight=0.15791179821826773 0.46598250564420496 0.26718900352716302 0.15836918924469578 1.6527612509671596 1.1260628618183544 1.0208087941282427 0.24563599051907736 0.22111542616039492 0.1368463453836738 0.23086701938882548 1.056325336685404 3.14536209194921 0.56637436628807325 0.36239912261953577 0.13714374590199441 0.079534832620993146 0.12743956688791502 0.092860316042788216 0.067971601791214198 0.082519753836095333 8.1744391481624898 0.18834997736848891 0.063416330609470495 0.095573744503781088 0.14513467554934323 0.10071853623958305 5.7749047628603876 0.62491613905876875 0.32963941316120327 0.16457455628551543
leaf_count=45 482 149 108 1359 307 623 76 14 64 12 1083 1043 113 122 24 15 10 37 23 71 8509 55 8 19 17 45 2187 219 49 37
internal_value=-0.00279581 -0.0342114 0.0200515 -0.0146995 0.0149711 -0.0150583 -0.0837527 0.0216503 0.0787013 -0.0879896 -0.0439271 0.0856968 0.0414822 0.0132126 -0.0153496 -0.0691528 -0.0798257 0.075082 0.0568267 0.0221976 -0.0958585 -0.0423738 0.0950027 -0.0893177 0.000753974 0.0390067 0.0954379 0.0598239 0.062012 0.0277078
internal_weight=27.0631 20.5054 9.78635 6.14521 4.39688 2.9321 10.7191 1.91129 3.64114 10.4055 1.57669 3.50429 1.6441 1.07773 0.295513 1.34582 1.26628 1.46478 0.313608 0.209959 8.82877 0.654332 3.20878 1.74833 0.338714 0.245853 6.55773 0.782828 0.715329 0.38569
internal_count=16925 14474 4138 2891 1513 1107 10336 484 1247 10237 1191 1183 335 222 132 1179 1164 406 99 81 9046 537 1051 1378 99 62 2451 264 100 51
is_linear=0
shrinkage=0.1


Tree=57
num_leaves=31
num_cat=0
split_feature=14 6 9 3 9 9 3 6 6 7 6 6 6 13 8 6 6 12 6 13 8 9 6 3 6 6 13 11 8 6
split_gain=7.54168 4.99651 1.80656 1.05395 0.659939 0.885191 0.577582 0.498569 0.346812 0.326769 0.528528 0.314473 0.354456 0.303472 0.26687 0.262727 0.242111 0.220774 0.237091 0.194169 0.183938 0.182919 0.488014 0.14133 0.102014 0.459281 0.0999424 0.117411 0.0858045 0.156827
threshold=2061.0000000000005 0.5900362267323479 0.42011181272436188 1.2311298316144719 0.58058917347220007 0.56021787576095472 1.2895930345369191 0.77025192968544343 0.59267472189360215 0.86496133237185024 0.37185631236742483 0.66462849728986706 0.68091133893212097 0.64327372856241272 0.62020592231872729 0.82346239121275366 0.75613207856667308 0.84301939105352497 0.58225841425355507 0.59489630784267056 0.78636119436223095 0.4264409810463532 0.56348206296185543 1.0005424719430749 0.47237988841394524 0.44318908101480253 0.63577354615003523 0.19314591542385567 0.83146978741877242 0.81259380654323088
decision_type=2 2 2 2 2 2 2 2 2 2 2 2 2 2 2 2 2 2 2 2 2 2 2 2 2 2 2 2 2 2
left_child=24 6 13 4 5 7 9 8 -4 21 -11 -10 -13 23 16 -6 -14 18 -12 -8 -20 22 -2 -3 25 -1 -5 -28 -25 -30
right_child=1 2 3 26 15 -7 19 -9 11 10 17 12 14 -15 -16 -17 -18 -19 20 -21 -22 -23 -24 28 -26 -27 27 -29 29 -31
leaf_value=0.10027892653361409 -0.10009068983955874 -0.012027746571801426 0.05703321682366691 0.093495125486099173 -0.10016778703170717 0.085916548872431164 0.10031556373420668 0.10030884584309963 -0.100344630433191 0.10282247574927723 -0.10009428521026481 0.084746227845366937 0.10051366657899308 -0.1002507941116807 -0.10038952768150025 0.10037850295681526 -0.10055893669157284 0.10069806178205952 0.10127646251239071 -0.10041044143002527 -0.10012485786424113 -0.10012661697991709 0.10040055581486516 0.093878711554664318 0.10024027161651301 -0.10035114783535325 0.088045398670847333 -0.1002227585175481 -0.10032049914070591 0.10032525538699191
leaf_weight=0.56560477451421576 0.421676578989718 0.14280446153134008 0.26528322853846598 0.84575959411449719 1.3445843281806444 0.7605510257417335 0.22233063844032663 0.2409549532458185 1.1242277814308184 0.209478115197271 0.95589261385612168 0.23339885828318063 0.16122186917345971 0.090855518879834452 0.48291580774821341 0.068660205462947377 0.095270969322882593 0.072015982586890348 0.11545904539525509 0.061528320948127657 0.074676261283457279 7.3974562982330099 0.17049407784361392 2.8160257125273351 5.2266038521192968 0.14293459546752274 0.071053007617592812 0.062055042129941285 0.065535282134078332 0.096044181613251567
leaf_count=219 482 33 53 290 1353 106 76 87 662 12 1083 67 46 56 237 20 23 15 10 23 71 8509 55 998 2187 45 10 39 27 31
internal_value=-0.00277806 -0.0339958 0.0198141 -0.0137116 -0.0330818 -0.0089903 -0.0837354 -0.0367175 -0.0506941 -0.0879717 -0.0439027 -0.064322 -0.0226924 0.0799062 -0.0566061 -0.0904246 0.0258278 -0.0691364 -0.0798087 0.0568069 0.0221754 -0.0958456 -0.0423665 0.0851518 0.0954132 0.0598056 0.0808189 0.000274686 0.0898124 0.018945
internal_weight=24.6034 18.6682 8.9672 5.75594 4.77707 3.36382 9.70101 2.60327 2.36232 9.41715 1.42752 2.09704 0.972808 3.21127 0.739409 1.41324 0.256493 1.21804 1.14603 0.283859 0.190135 7.98963 0.592171 3.12041 5.93514 0.708539 0.978868 0.133108 2.97761 0.161579
internal_count=16925 14474 4138 2993 2654 1281 10336 1175 1088 10237 1191 1035 373 1145 306 1373 69 1179 1164 99 81 9046 537 1089 2451 264 339 49 1056 58
is_linear=0
shrinkage=0.1


Tree=58
num_leaves=31
num_cat=0
split_feature=14 6 3 6 9 0 3 16 3 0 7 7 9 13 7 7 12 7 11 6 9 6 10 8 11 13 12 6 6 11
split_gain=6.81272 4.53344 1.91975 0.930265 0.736546 0.575677 0.453835 0.416039 0.385814 0.316737 0.257944 0.358511 0.259202 0.214264 0.174382 0.171261 0.581536 0.223772 0.141465 0.346667 0.127655 0.397267 0.122748 0.115124 0.111757 0.102496 0.160158 0.0923013 0.415452 0.0546011
threshold=2061.0000000000005 0.70510798320188051 1.3100682772951584 0.58225841425355507 0.58058917347220007 0.62605932203389847 1.0686108008718731 0.27401443040598966 1.0101791555662516 0.13536417773705908 0.66077902783839748 0.70668087872838925 0.42011181272436188 0.63577354615003523 0.95726887691796414 0.86496133237185024 0.72575068183327041 0.92931160796433232 0.49250989166810227 0.81607124471542292 0.4264409810463532 0.56348206296185543 0.09192859159907936 0.85638226783040861 0.46500935617809924 0.6051063846839887 0.68411627850879186 0.47237988841394524 0.44318908101480253 0.046738232178512508
decision_type=2 2 2 2 2 2 2 2 2 2 2 2 2 2 2 2 2 2 2 2 2 2 2 2 2 2 2 2 2 2
left_child=27 2 3 15 5 6 7 10 9 24 22 -12 -13 -4 23 20 -17 -18 29 -20 21 -2 -5 -14 -3 -8 -27 28 -1 -10
right_child=1 8 13 4 -6 -7 25 -9 18 -11 11 12 14 -15 -16 16 17 -19 19 -21 -22 -23 -24 -25 -26 26 -28 -29 -30 -31
leaf_value=0.10025234528843566 -0.10008211450701049 0.073592584278159665 0.097880529868374117 0.048813725574283685 -0.10010216194421756 -0.095662687398449145 0.094073591749499766 -0.093091993999665612 0.037554519952466919 -0.10039703565713531 0.091807426042620766 0.088019582001985064 -0.10035998129296282 -0.10024816844530592 0.084840166408644516 -0.1000848655083722 0.10206029920474791 -0.1000903536786749 -0.10023537572642656 0.10023172919285293 -0.1000851526140145 0.10038639034283431 -0.10054627915138153 0.038302323479406028 -0.030366467078717919 -0.10024353497779742 0.1011409959558322 0.10021735338515898 -0.1003176371248603 0.10031455058911701
leaf_weight=0.51190915633924561 0.38338468741858367 0.38896742253564243 0.80661577684804875 0.070008588721976905 1.2529549132450482 0.64887524227378879 0.59746593830641348 0.51732712058583263 0.14818877854850221 0.20513110450701788 0.5460791398072613 0.17590425873640925 0.36225822730921209 0.058544368832372129 0.078138381708413363 0.79528424702584721 0.25522426306270063 0.069716796569991857 0.13238435040693719 0.24760835967026651 6.3525902564288117 0.13319676800165325 0.25705585291143507 0.071731828968040645 0.14085311884991825 0.076635907171294093 0.081475566839799285 4.730253157671541 0.12937357975170016 2.1474663955159485
leaf_count=219 484 80 311 17 1523 439 167 351 72 105 67 53 175 27 15 998 27 85 69 108 8225 45 94 23 29 47 11 2187 45 827
internal_value=-0.00278196 -0.0337999 -0.0596686 -0.0694684 -0.0343509 -0.0106975 0.0087556 -0.0153716 0.0692809 0.00510694 0.0103826 0.0313081 -0.0167091 0.0844734 -0.052681 -0.0902852 -0.0540299 0.0586884 0.0869083 0.0303917 -0.0961977 -0.0483928 -0.0685756 -0.0774413 0.045955 0.0751267 0.00353084 0.0953908 0.059789 0.0962633
internal_weight=22.3726 17.0011 13.5905 12.7253 4.73591 3.48296 2.83408 2.0785 3.4106 0.734952 1.56118 1.23411 0.688033 0.86516 0.512128 7.9894 1.12023 0.324941 2.67565 0.379993 6.86917 0.516581 0.327064 0.43399 0.529821 0.755577 0.158111 5.37154 0.641283 2.29566
internal_count=16925 14474 13184 12846 2982 1459 1020 795 1290 214 444 333 266 338 213 9864 1110 112 1076 177 8754 529 111 198 109 225 58 2451 264 899
is_linear=0
shrinkage=0.1


Tree=59
num_leaves=31
num_cat=0
split_feature=14 6 3 0 3 15 3 3 0 14 3 7 6 14 7 12 6 13 8 9 6 16 13 11 13 11 13 6 6 3
split_gain=6.15354 4.09778 1.48705 1.02073 0.589241 0.645684 0.469156 0.404115 0.382192 0.353126 0.313488 0.271289 0.43024 0.248198 0.182352 0.179568 0.199973 0.163649 0.152019 0.150113 0.399802 0.134622 0.10495 0.0939394 0.0889418 0.108425 0.0847281 0.0835136 0.375816 0.0753879
threshold=2061.0000000000005 0.5900362267323479 1.1330545242441556 0.4380482456140351 1.0302896699900816 421.50000000000006 1.2895930345369191 1.0041819498565812 0.063164893617021267 2206.5000000000005 1.0002466771110343 0.86496133237185024 0.37185631236742483 2160.0000000000005 0.77967538881525045 0.84301939105352497 0.58225841425355507 0.59489630784267056 0.78636119436223095 0.4264409810463532 0.56348206296185543 0.74663581400282408 0.63577354615003523 0.19314591542385567 0.58171428314754181 0.19314591542385567 0.83420090190653606 0.47237988841394524 0.44318908101480253 1.0008248272658653
decision_type=2 2 2 2 2 2 2 2 2 2 2 2 2 2 2 2 2 2 2 2 2 2 2 2 2 2 2 2 2 2
left_child=27 6 3 4 5 7 11 8 10 13 -3 19 -13 14 -4 16 -14 -8 -18 20 -2 -15 -6 -24 -9 -26 -5 28 -1 -12
right_child=1 2 9 26 22 -7 17 24 -10 -11 29 12 15 21 -16 -17 18 -19 -20 -21 -22 -23 23 -25 25 -27 -28 -29 -30 -31
leaf_value=0.10022830790761882 -0.10007423770731386 -0.10040782528060258 -0.10015514221139013 -0.10013320716652122 0.091426536596001667 -0.096127565328492579 0.10025885713610477 0.095361207888009933 -0.088140237190036469 -0.10037057835919899 0.028444841712262699 0.10230625536065244 -0.10007718610363954 0.098219248696862327 0.079832524360000628 0.10057054351034839 0.1010584965421879 -0.10039521099640068 -0.10010236110015358 -0.10010477807270624 0.10032795795745841 -0.053212961495923063 0.09007888910065856 -0.10015818531489698 0.081727911513593224 -0.072758958124764281 0.017632205162995383 0.10019662942265313 -0.10028732849822806 0.10164683518817835
leaf_weight=0.46330000413581807 0.34529342729365442 0.15164523565908961 0.11921377346152517 1.1444061385700477 0.84866813721600909 0.67713317158631969 0.18256693263538171 0.55554626154480491 0.47618403192609549 0.10682767775142554 0.31230772944400087 0.17240996146574605 0.78274561319267355 2.3568692367989574 0.10664240847108886 0.058948876103386283 0.097004579845815897 0.052287096681538969 0.06131169485161081 6.0610235083731823 0.13987688336055726 0.060205387067980953 0.047171269136015326 0.05771788558922708 0.10577056655893102 0.07963518425822258 0.064538404694758245 4.2809503633761778 0.11709563434123993 0.25601810542866588
leaf_count=219 482 87 108 1273 286 574 76 164 287 64 51 12 1083 1039 24 15 10 23 71 8509 55 12 10 43 14 37 16 2187 45 49
internal_value=-0.00277707 -0.0335995 0.0192902 -0.0144345 0.0124742 -0.0120699 -0.0836498 0.0173132 -0.018635 0.077875 0.0273353 -0.0878864 -0.0435869 0.0850797 -0.0151704 -0.06874 -0.0793458 0.0555859 0.0231542 -0.0958204 -0.0422973 0.0944473 0.0797634 -0.0146038 0.075346 0.015373 -0.0938464 0.0953706 0.059774 0.0614207
internal_weight=20.3413 15.48 7.5265 4.77674 3.5678 2.61424 7.95347 1.93711 1.19616 2.74976 0.719971 7.71861 1.17242 2.64293 0.225856 1.00001 0.941062 0.234854 0.158316 6.54619 0.48517 2.41707 0.953557 0.104889 0.740952 0.185406 1.20894 4.86135 0.580396 0.568326
internal_count=16925 14474 4138 2891 1602 1263 10336 689 474 1247 187 10237 1191 1183 132 1179 1164 99 81 9046 537 1051 339 53 215 51 1289 2451 264 100
is_linear=0
shrinkage=0.1


Tree=60
num_leaves=31
num_cat=0
split_feature=14 6 3 6 9 0 3 16 3 0 7 7 9 13 7 7 12 7 11 6 9 6 10 8 6 12 13 12 6 6
split_gain=5.55713 3.71576 1.56591 0.781356 0.608305 0.467207 0.370756 0.339715 0.326107 0.257006 0.213155 0.294565 0.215555 0.174518 0.140956 0.140525 0.475921 0.18266 0.114085 0.284339 0.104537 0.325156 0.103699 0.0982977 0.0941363 0.150498 0.0844778 0.133132 0.0755628 0.33997
threshold=2061.0000000000005 0.70510798320188051 1.3100682772951584 0.58225841425355507 0.58058917347220007 0.62605932203389847 1.0686108008718731 0.27401443040598966 1.0101791555662516 0.13536417773705908 0.66077902783839748 0.70668087872838925 0.42011181272436188 0.63577354615003523 0.95726887691796414 0.86496133237185024 0.72575068183327041 0.92931160796433232 0.49250989166810227 0.81607124471542292 0.4264409810463532 0.56348206296185543 0.09192859159907936 0.85638226783040861 0.76840133973610147 0.41322511889933156 0.6051063846839887 0.68411627850879186 0.47237988841394524 0.44318908101480253
decision_type=2 2 2 2 2 2 2 2 2 2 2 2 2 2 2 2 2 2 2 2 2 2 2 2 2 2 2 2 2 2
left_child=28 2 3 15 5 6 7 10 9 24 22 -12 -13 -4 23 20 -17 -18 -10 -20 21 -2 -5 -14 25 -3 -8 -28 29 -1
right_child=1 8 13 4 -6 -7 26 -9 18 -11 11 12 14 -15 -16 16 17 -19 19 -21 -22 -23 -24 -25 -26 -27 27 -29 -30 -31
leaf_value=0.10020655324625682 -0.10006721963335537 -0.078245588681802591 0.097331466482159817 0.044462298341622526 -0.10008459314215366 -0.094647559040056034 0.092684035788944033 -0.091803142748649813 0.095679088340301255 -0.100326558912225 0.089542201425734755 0.08601000471699527 -0.10031402688638623 -0.10020308287106926 0.081965739869868159 -0.1000694770254917 0.10168541134966068 -0.1000739623818109 -0.1001932832147171 0.10019032239264142 -0.10006971581703934 0.10031627490733544 -0.10047495344736045 0.034533158346512528 0.095221279944220846 0.071012192034303478 -0.10021278310962192 0.10094320184267834 0.10017788213126806 -0.10025992119946095
leaf_weight=0.41929755825549442 0.31393272103741399 0.12087838479783508 0.66575757483951825 0.063819887989667534 1.0341272373916579 0.5439978454960509 0.49849840009119351 0.43844574224203814 1.9069440581952224 0.16876816365402192 0.46714957535732515 0.15142988716252148 0.30517611821414903 0.047946464037522674 0.066214466118253767 0.65121846215333778 0.20969104743562639 0.057088417932391167 0.10860712965950359 0.20349157112650573 5.2016771964845248 0.1091271344339475 0.21794307290110737 0.065694942837581038 0.20141016854904592 0.15314040158409625 0.064356412563938648 0.067316855536773801 3.8742521533276886 0.10598000325262547
leaf_count=219 484 19 311 17 1523 439 167 351 899 105 67 53 175 27 15 998 27 85 69 108 8225 45 94 23 58 32 47 11 2187 45
internal_value=-0.00276949 -0.0333774 -0.0592828 -0.0690012 -0.0340884 -0.0109536 0.00796924 -0.0154146 0.0683226 0.00568652 0.00962771 0.0302526 -0.0168101 0.0840611 -0.0524325 -0.0902612 -0.0539845 0.0585107 0.0865062 0.0304589 -0.0961818 -0.0483788 -0.0676464 -0.0764276 0.0433191 0.00516985 0.0738667 0.00262653 0.0953523 0.0597604
internal_weight=18.5034 14.1038 11.2406 10.5269 3.98417 2.95004 2.40605 1.77587 2.86324 0.644197 1.33743 1.05566 0.588515 0.713704 0.437086 6.54273 0.917998 0.266779 2.21904 0.312099 5.62474 0.42306 0.281763 0.370871 0.475429 0.274019 0.630172 0.131673 4.39953 0.525278
internal_count=16925 14474 13184 12846 2982 1459 1020 795 1290 214 444 333 266 338 213 9864 1110 112 1076 177 8754 529 111 198 109 51 225 58 2451 264
is_linear=0
shrinkage=0.1


Tree=61
num_leaves=31
num_cat=0
split_feature=14 6 3 6 9 9 9 3 6 11 7 6 6 6 9 8 6 10 12 6 14 13 8 9 6 13 7 6 13 8
split_gain=5.01963 3.3629 1.23515 0.828111 0.621108 0.519117 0.389282 0.380532 0.247908 0.232327 0.22566 0.350053 0.202362 0.245714 0.18932 0.181092 0.1635 0.161805 0.145973 0.169427 0.145447 0.13859 0.125888 0.123248 0.327618 0.110375 0.0959797 0.0683693 0.307551 0.0601488
threshold=2061.0000000000005 0.5900362267323479 1.2118855571175333 0.76840133973610147 0.58058917347220007 0.56021787576095472 0.42011181272436188 1.2895930345369191 0.59267472189360215 0.27825722335433495 0.86496133237185024 0.37185631236742483 0.66462849728986706 0.68091133893212097 0.32893095639183018 0.62020592231872729 0.75613207856667308 0.28771628724078918 0.84301939105352497 0.58225841425355507 2206.5000000000005 0.59489630784267056 0.78636119436223095 0.4264409810463532 0.56348206296185543 0.69866201145429541 0.77967538881525045 0.47237988841394524 0.55942303261756965 0.69777976611342318
decision_type=2 2 2 2 2 2 2 2 2 2 2 2 2 2 2 2 2 2 2 2 2 2 2 2 2 2 2 2 2 2
left_child=27 7 3 4 5 6 9 10 -8 -3 23 -12 -10 -14 -11 16 -15 -16 19 -13 25 -9 -21 24 -2 -4 -27 28 -1 -7
right_child=1 2 20 -5 -6 29 8 21 12 14 11 18 13 15 17 -17 -18 -19 -20 22 -22 -23 -24 -25 -26 26 -28 -29 -30 -31
leaf_value=-0.10023513035963011 -0.1000607755230639 0.10040578442487554 0.10020058466373748 0.093461715974615223 -0.1001165121966672 0.10189545308865033 0.054431754888854961 0.10021246588974593 -0.10025286022723996 0.10037101800296289 0.10188512576866471 -0.10006319002758329 0.079768809000124868 0.10036938001811446 -0.10043168099380911 -0.10030380348216413 -0.10044513190600578 0.045853862161831717 0.10046646334605161 0.10088358477091459 -0.10043486782338573 -0.10039274065131301 -0.10008394671350949 -0.10008693909765382 0.10026855001311055 -0.10014569088112042 0.090447768830646938 0.1001609236464647 0.10018687598724939 0.024618105243229171
leaf_weight=0.095917181344704061 0.28273844212526444 0.31531138264108571 1.631985073094256 0.67390803713351477 0.8871247304487041 0.41489299153909076 0.19510168052511279 0.14997571904677887 0.78581332822795935 0.11260411213152111 0.14176654256880272 0.64094298315467313 0.16646829072851688 0.10736536316107959 0.2175833304063417 0.3559489868930541 0.065144218795467168 0.11588076798943803 0.048254535999149084 0.08178572915494442 0.039432484481949248 0.044704088242724538 0.050364460214041173 4.9663487914367579 0.114774274174124 0.053066735330503323 0.052622600574977696 3.5061316387727857 0.37946684227790684 0.13301225652685389
leaf_count=45 482 129 898 323 1328 38 51 76 654 36 12 1083 63 43 110 234 22 61 15 10 18 23 71 8509 55 52 12 2187 219 66
internal_value=-0.00276704 -0.0331758 0.0187879 -0.00884483 -0.0266498 -0.00481681 -0.0245891 -0.0835586 -0.0515273 0.0347036 -0.0877958 -0.0432272 -0.0654884 -0.0261773 -0.0117392 -0.059551 0.0245365 -0.0495966 -0.068274 -0.0788063 0.0894773 0.0541477 0.0242918 -0.0957984 -0.0422195 0.0937869 -0.00524942 0.0953357 0.0597482 0.0831352
internal_weight=16.8264 12.8449 6.32327 4.54616 3.87225 2.98513 2.43722 6.52166 1.67584 0.76138 6.32698 0.963114 1.48074 0.694927 0.446068 0.528459 0.17251 0.333464 0.821348 0.773093 1.77711 0.19468 0.13215 5.36386 0.397513 1.73767 0.105689 3.98152 0.475384 0.547905
internal_count=16925 14474 4138 3158 2835 1507 1403 10336 1067 336 10237 1191 1016 362 207 299 65 171 1179 1164 980 99 81 9046 537 962 64 2451 264 104
is_linear=0
shrinkage=0.1


Tree=62
num_leaves=31
num_cat=0
split_feature=14 6 3 15 3 15 3 3 7 6 3 0 14 12 6 14 13 13 8 9 6 13 7 13 7 13 10 13 6 6
split_gain=4.53664 3.04474 1.11867 0.753993 0.574363 0.527984 0.344281 0.313033 0.204306 0.316492 0.166117 0.347135 0.137513 0.132054 0.153319 0.131496 0.125369 0.120487 0.113843 0.111517 0.296404 0.100793 0.0999197 0.0863047 0.085968 0.0824832 0.0801486 0.0741409 0.0618609 0.278228
threshold=2061.0000000000005 0.5900362267323479 1.2118855571175333 1095.5000000000002 1.0316852235203353 460.50000000000006 1.2895930345369191 1.0002466771110343 0.86496133237185024 0.37185631236742483 1.0059296610940061 0.067989214175654802 2206.5000000000005 0.84301939105352497 0.58225841425355507 2206.5000000000005 0.59489630784267056 0.69866201145429541 0.78636119436223095 0.4264409810463532 0.56348206296185543 0.69866201145429541 0.77967538881525045 0.83420090190653606 0.77967538881525045 0.58171428314754181 0.072566027339302563 0.6105078905990805 0.47237988841394524 0.44318908101480253
decision_type=2 2 2 2 2 2 2 2 2 2 2 2 2 2 2 2 2 2 2 2 2 2 2 2 2 2 2 2 2 2
left_child=28 6 3 4 5 7 8 -3 19 -10 11 25 17 14 -11 21 -8 -6 -16 20 -2 -4 -19 -5 -23 -9 -13 -12 29 -1
right_child=1 2 15 23 12 -7 16 10 9 13 27 26 -14 -15 18 -17 -18 22 -20 -21 -22 24 -24 -25 -26 -27 -28 -29 -30 -31
leaf_value=0.1001690777245067 -0.10005498734103634 -0.10023486885053759 0.1001814803943286 -0.093955599716378971 0.096907684737954164 -0.09729231955639614 0.10019221482122882 0.079971400466654879 0.10170424949992934 -0.10005717485545565 0.091977157302623028 0.041882388060387299 -0.10036839558439979 0.10042202907674061 0.10079886673682675 -0.10039343119262056 -0.10035548478700006 -0.10012801193361745 -0.10007595549500153 -0.10007874521267356 0.10024297319696718 -0.10013181989467364 0.091903430370302963 0.024181732573416839 0.088522851493998078 -0.012672536579433466 -0.089764039659981837 -0.017930932505374884 0.10014559079104016 -0.10021270808220775
leaf_weight=0.34341370966285412 0.2558463668974581 0.20572750485735092 1.4769484464777631 0.9055395419418345 0.86508094781311207 0.56672534852987144 0.13572967750951637 0.39693367492873199 0.1284921965561806 0.57998229417717084 0.44631050649331883 0.054461614228785038 0.042020256980322301 0.043680846691131592 0.074061822146177292 0.035693964833626413 0.040464185352902859 0.060673692496493459 0.045575102150905877 4.49408730425057 0.10387720784638077 0.048023080744314828 0.0489617187413387 0.066371114051435143 0.048599141766317189 0.12680178345181048 0.30658324039541185 0.07116214872803539 3.1729401285992935 0.086807886080350727
leaf_count=219 482 201 898 1224 409 664 76 91 12 1083 154 22 28 15 10 18 23 57 71 8509 55 52 13 24 12 29 206 36 2187 45
internal_value=-0.00276721 -0.0330408 0.0185964 -0.00877247 0.014712 -0.014295 -0.0835478 0.014957 -0.0877848 -0.0432125 0.031857 0.00553502 0.0767555 -0.0682638 -0.0787957 0.0894029 0.054135 0.0843913 0.0242766 -0.0957904 -0.042215 0.0937081 -0.0143693 -0.0858881 -0.00524211 0.0575413 -0.0699059 0.0768627 0.0953208 0.0597371
internal_weight=15.2776 11.6744 5.77262 4.16335 3.19144 2.17471 5.9018 1.60798 5.7256 0.871792 1.40225 0.88478 1.01674 0.7433 0.699619 1.60926 0.176194 0.974716 0.119637 4.85381 0.359724 1.57357 0.109635 0.971911 0.0966222 0.523735 0.361045 0.517473 3.60316 0.430222
internal_count=16925 14474 4138 3158 1910 1403 10336 739 10237 1191 538 348 507 1179 1164 980 99 479 81 9046 537 962 70 1248 64 120 228 190 2451 264
is_linear=0
shrinkage=0.1


Tree=63
num_leaves=31
num_cat=0
split_feature=14 6 3 6 16 3 3 0 7 3 0 6 7 6 3 13 12 6 14 13 8 9 6 13 13 7 12 6 6 13
split_gain=4.09628 2.75998 1.01338 0.684639 0.457263 0.372391 0.311487 0.268445 0.250163 0.23278 0.221435 0.214119 0.184963 0.28617 0.183344 0.162066 0.119464 0.138742 0.118871 0.113412 0.102956 0.100902 0.268167 0.0921983 0.0833971 0.0768853 0.0725809 0.0559722 0.251706 0.0453327
threshold=2061.0000000000005 0.5900362267323479 1.2118855571175333 0.74411930287437345 0.4261038128682042 1.0416291359945806 1.2895930345369191 0.21913109756097562 0.64805348406480323 1.0051202155943313 0.067989214175654802 0.82346239121275366 0.86496133237185024 0.37185631236742483 1.0004210467487633 0.6105078905990805 0.84301939105352497 0.58225841425355507 2206.5000000000005 0.59489630784267056 0.78636119436223095 0.4264409810463532 0.56348206296185543 0.69866201145429541 0.58171428314754181 0.77967538881525045 0.68411627850879186 0.47237988841394524 0.44318908101480253 0.43436701577312237
decision_type=2 2 2 2 2 2 2 2 2 2 2 2 2 2 2 2 2 2 2 2 2 2 2 2 2 2 2 2 2 2
left_child=27 6 3 4 5 7 12 9 11 10 14 -5 21 -14 -3 -7 17 -15 23 -8 -19 22 -2 -4 -11 -25 -26 28 -1 -10
right_child=1 2 18 8 -6 15 19 -9 29 24 -12 -13 13 16 -16 -17 -18 20 -20 -21 -22 -23 -24 25 26 -27 -28 -29 -30 -31
leaf_value=0.10015297422068802 -0.10004975109703472 -0.074621101140680643 0.10016419593597413 -0.10032234236555576 -0.092175042168845145 0.095650818802182014 0.10017389614798573 -0.098453462956907017 -0.0044649192772748423 0.08873109239395742 -0.10022892612991929 0.10021622833138535 0.10154085255583412 -0.10005173031611386 0.059783975477102486 -0.1001204244095375 0.10038183105048376 0.10072232719426127 -0.10035594775539125 -0.10032175156484212 -0.10006872562439151 -0.10007132339409558 0.10021983527574099 -0.10011927231436368 -0.070448039094342232 0.086332096543941028 0.090291551112286803 0.10013171635986645 -0.10019243338129272 0.10039778391930108
leaf_weight=0.31078098888974581 0.23151086448342528 0.16198322325362891 1.3366171015659345 0.14384857652476046 0.89511250646319229 0.39557306602364395 0.1228346088901161 0.41168507889960881 0.043900366232264787 0.27236003938014619 0.31834687531227246 0.084529546671546996 0.11644211609382171 0.52481677758623846 0.27178233669837937 0.047347046813229099 0.039539087098091841 0.067062241956591606 0.032308685214957111 0.036625194712541997 0.041240885882871225 4.0667046892049257 0.094012582208961248 0.043458249623654299 0.076135083218105137 0.045034924405626953 0.044517141068354249 2.8713724971748888 0.078562113223597407 0.67669003724586219
leaf_count=219 482 111 898 78 1287 164 76 554 32 91 317 42 12 1083 55 55 15 10 18 23 71 8509 55 52 47 12 9 2187 45 316
internal_value=-0.00275469 -0.0328009 0.0183149 -0.00860712 -0.0327708 -0.00618048 -0.0835381 -0.029198 0.0651046 -0.00429992 -0.0368917 -0.026097 -0.0877747 -0.0431991 0.00959242 0.0747234 -0.0682546 -0.0787862 0.0893194 0.0541235 0.0242628 -0.0957831 -0.042211 0.0936195 0.0580714 -0.00523259 -0.0111398 0.0953072 0.059727 0.0940093
internal_weight=13.9027 10.642 5.30123 3.84381 2.89484 1.99973 5.34079 1.55681 0.948969 1.14512 0.752112 0.228378 5.18133 0.789101 0.433766 0.44292 0.672659 0.63312 1.45742 0.15946 0.108303 4.39223 0.325523 1.42511 0.393012 0.0884932 0.120652 3.26072 0.389343 0.72059
internal_count=16925 14474 4138 3158 2690 1403 10336 1184 468 630 483 120 10237 1191 166 219 1179 1164 980 99 81 9046 537 962 147 64 56 2451 264 348
is_linear=0
shrinkage=0.1


Tree=64
num_leaves=31
num_cat=0
split_feature=14 6 3 0 3 15 3 3 13 7 6 14 3 4 11 9 12 6 13 8 9 6 13 7 3 0 13 7 13 6
split_gain=3.69983 2.50135 0.919779 0.63987 0.367362 0.381727 0.28182 0.2322 0.216025 0.167442 0.258771 0.139993 0.125064 0.269705 0.120799 0.114202 0.108077 0.125549 0.102598 0.0931153 0.0912984 0.242623 0.0901929 0.070404 0.064694 0.113273 0.0555885 0.0537199 0.0526446 0.0506442
threshold=2061.0000000000005 0.5900362267323479 1.1330545242441556 0.4380482456140351 1.0197495010107107 347.50000000000006 1.2895930345369191 1.0002466771110343 0.58171428314754181 0.86496133237185024 0.37185631236742483 2206.5000000000005 1.0045262549513969 0.0010484628207390503 0.19314591542385567 0.36425131549851458 0.84301939105352497 0.58225841425355507 0.59489630784267056 0.78636119436223095 0.4264409810463532 0.56348206296185543 0.69866201145429541 0.77967538881525045 1.0022452742527939 0.084039548022598873 0.83420090190653606 0.69137918605799087 0.57395892093650736 0.47237988841394524
decision_type=2 2 2 2 2 2 2 2 2 2 2 2 2 2 2 2 2 2 2 2 2 2 2 2 2 2 2 2 2 2
left_child=29 6 3 4 5 7 9 -3 -4 20 -11 22 13 28 27 -16 17 -12 -8 -19 21 -2 -6 -24 -15 -26 -5 -10 -9 -1
right_child=1 2 8 26 11 -7 18 12 14 10 16 -13 -14 24 15 -17 -18 19 -20 -21 -22 -23 23 -25 25 -27 -28 -29 -30 -31
leaf_value=0.059717960170738341 -0.10004501531149704 -0.10021295293937219 0.094822748749924413 -0.1000849939184239 0.091611696151779276 -0.092968176418313203 0.10015732197264016 0.091420568163710858 -0.017924205209171953 0.10139322884629427 -0.10004680744560633 -0.10030111081790827 0.083823529927402524 -0.093960394477442158 0.10013153328773815 -0.10024532620624063 0.10034546760622261 0.10065316395425515 -0.10029121191863499 -0.10006218242768275 -0.10006459255188345 0.10019890117939474 -0.10009935530449202 0.087358209304466861 0.10073272195728721 -0.10024686270305071 0.012955509269399385 0.10040886589073082 0.0062680657258132287 0.100119165130719
leaf_weight=0.35234339017188121 0.20948910515289787 0.1513496785482864 1.36981342616491 0.72307227089186188 0.64426190496305924 0.45663447261904355 0.11116280662827183 0.2567266364058014 0.055990313587244489 0.10550677974242706 0.47489603704889305 0.046295474894577637 0.3233815289568156 0.19988301847479306 0.036568791256286204 0.12800822537974454 0.035788751556538045 0.060720000648871064 0.033149425260489807 0.037318612245144323 3.6799415088316891 0.08508297085063532 0.046795845672022551 0.035034875152632594 0.056470384122803807 0.05570589704439044 0.046287575853057206 0.12186346936505288 0.10123298867256381 2.5984344159951434
leaf_count=264 482 167 1003 1273 338 603 76 66 31 12 1083 34 126 121 28 151 15 10 23 71 8509 55 56 13 12 40 16 34 26 2187
internal_value=-0.00274184 -0.0326006 0.0180938 -0.0140304 0.0116564 -0.0156646 -0.0835292 0.0151713 0.0770635 -0.0877656 -0.043187 0.0683009 0.0327507 0.00810069 0.00602181 -0.0557219 -0.0682463 -0.0787775 0.054113 0.0242504 -0.0957765 -0.0422074 0.0790509 -0.0198416 -0.0598508 0.000927773 -0.0932841 0.0631563 0.067339 0.095295
internal_weight=12.6392 9.68843 4.85538 3.14313 2.37377 1.60138 4.83306 1.14475 1.71224 4.68874 0.71423 0.772388 0.9934 0.670019 0.342431 0.164577 0.608723 0.572935 0.144312 0.0980386 3.97451 0.294572 0.726093 0.0818307 0.312059 0.112176 0.76936 0.177854 0.35796 2.95078
internal_count=16925 14474 4138 2891 1602 1161 10336 558 1247 10237 1191 441 391 265 244 179 1179 1164 99 81 9046 537 407 69 173 52 1289 65 92 2451
is_linear=0
shrinkage=0.1


Tree=65
num_leaves=31
num_cat=0
split_feature=14 6 3 15 3 15 3 3 0 3 7 6 12 6 13 13 14 8 9 6 11 13 0 3 11 13 7 6 13 13
split_gain=3.32052 2.26655 0.836476 0.584921 0.443059 0.415301 0.25498 0.240705 0.226312 0.172696 0.151574 0.23401 0.097777 0.11361 0.0928196 0.0928166 0.0900285 0.0842186 0.0826087 0.219514 0.0787141 0.0783939 0.0769224 0.217435 0.0714092 0.0586617 0.0600919 0.0585631 0.235671 0.0558322
threshold=2061.0000000000005 0.5900362267323479 1.224302774615089 1169.5000000000002 1.0416291359945806 460.50000000000006 1.2895930345369191 1.0045262549513969 0.067989214175654802 1.0002466771110343 0.86496133237185024 0.37185631236742483 0.84301939105352497 0.58225841425355507 0.63577354615003523 0.59489630784267056 2206.5000000000005 0.78636119436223095 0.4264409810463532 0.56348206296185543 0.19314591542385567 0.58171428314754181 0.031754032258064509 1.0010582918509754 0.19314591542385567 0.69866201145429541 0.77967538881525045 0.47237988841394524 0.55942303261756965 0.83420090190653606
decision_type=2 2 2 2 2 2 2 2 2 2 2 2 2 2 2 2 2 2 2 2 2 2 2 2 2 2 2 2 2 2
left_child=27 6 3 4 5 7 10 8 9 -3 18 -12 13 -13 -6 -8 25 -15 19 -2 -16 -9 -11 -24 -23 -4 -27 28 -1 -5
right_child=1 2 16 29 14 -7 15 21 -10 22 11 12 -14 17 20 -17 -18 -19 -20 -21 -22 24 23 -25 -26 26 -28 -29 -30 -31
leaf_value=-0.10018480396600549 -0.10004072982426043 -0.10024271385066928 0.10013503041650468 -0.097730112461525007 0.091835350962496176 -0.089212875754490356 0.10014233470184584 0.093559240651371334 -0.088214605687944578 0.10095139250200641 0.10125983058585533 -0.10004235258085897 0.10031256858043527 0.10059066012441636 0.084412186488215996 -0.10026355975577438 -0.10033558028923913 -0.10005626450322427 -0.10005849416671105 0.10017996174698676 -0.10010107309524652 0.072648295582380812 -0.10054121929461955 0.088015457972154945 -0.067490067540304011 -0.10010573192311661 0.089945898398319013 0.10010781031169927 0.10013038283769118 0.010047152849583102
leaf_weight=0.075457337021361481 0.18956128982245024 0.094695785955992262 1.0777665006462482 0.64103537652408693 0.65670628659427155 0.51118129142560054 0.10059855610597868 0.37865360124851577 0.28981283964822069 0.17106500035151839 0.095585849136114009 0.42972186615224928 0.032393081928603351 0.054974131286144257 0.042958116828231141 0.030002691346453503 0.024221411760663503 0.033769172878237441 3.3299414382781833 0.07700006989762187 0.050067133590346202 0.078012214333284646 0.10031972546130419 0.15665930684190243 0.068104961101198569 0.030433332693064474 0.036699177231639624 2.3514138187747449 0.26498382771387696 0.051961258199298754
leaf_count=45 482 94 880 1154 397 766 76 197 309 31 12 1083 15 10 15 23 14 71 8509 55 61 15 38 43 45 43 11 2187 219 25
internal_value=-0.00273871 -0.0323678 0.0177901 -0.0080202 0.0137517 -0.012547 -0.0835212 0.0167579 -0.0173366 0.021959 -0.0877574 -0.043176 -0.0682388 -0.0787696 0.0785925 0.0541036 0.0904495 0.0242392 -0.0957705 -0.0422041 -0.0148947 0.0695496 0.0489936 0.0144065 0.00733005 0.0944857 0.00378936 0.0944955 0.0557314 -0.0896489
internal_weight=11.5258 8.8339 4.46035 3.29123 2.59824 1.8485 4.37355 1.33732 0.812553 0.52274 4.24295 0.646444 0.550858 0.518465 0.749732 0.130601 1.16912 0.0887433 3.5965 0.266561 0.0930253 0.524771 0.428044 0.256979 0.146117 1.1449 0.0671325 2.69185 0.340441 0.692997
internal_count=16925 14474 4138 3190 2011 1538 10336 772 515 206 10237 1191 1179 1164 473 99 948 81 9046 537 76 257 112 81 60 934 54 2451 264 1179
is_linear=0
shrinkage=0.1


Tree=66
num_leaves=31
num_cat=0
split_feature=14 6 3 6 9 0 13 3 16 3 6 12 7 7 3 15 3 12 7 7 1 9 6 6 6 0 3 4 15 15
split_gain=2.99891 2.0674 0.847132 0.473548 0.355424 0.259131 0.229255 0.221133 0.232633 0.198569 0.13879 0.289085 0.156648 0.136705 0.127735 0.154117 0.0984897 0.0794179 0.268369 0.100133 0.0682705 0.0670271 0.180222 0.05299 0.213213 0.0399081 0.0692211 0.0333257 0.0202898 0.0100145
threshold=2061.0000000000005 0.70510798320188051 1.3285594431535992 0.58225841425355507 0.58058917347220007 0.66954022988505757 0.6105078905990805 1.0686108008718731 0.27401443040598966 1.0002466771110343 0.76840133973610147 0.41322511889933156 0.6138681376613786 0.91409562537227373 1.0059296610940061 199.50000000000003 1.0006032011012402 0.72575068183327041 0.86496133237185024 0.92931160796433232 0.010842409437749003 0.4264409810463532 0.56348206296185543 0.47237988841394524 0.44318908101480253 0.22318007662835249 1.0389020510855793 0.57728733917273056 1253.0000000000002 636.50000000000011
decision_type=2 2 2 2 2 2 2 2 2 2 2 2 2 2 2 2 2 2 2 2 2 2 2 2 2 2 2 2 2 2
left_child=23 2 3 17 5 6 7 8 14 -3 11 12 -11 -13 15 16 20 21 -19 -20 -5 22 -2 24 -1 -16 -27 -4 -9 -10
right_child=1 9 27 4 -6 -7 -8 28 29 10 -12 13 -14 -15 25 -17 -18 18 19 -21 -22 -23 -24 -25 -26 26 -28 -29 -30 -31
leaf_value=0.10011797287997182 -0.10003540432835907 -0.10020894683991111 0.097975202083447649 0.044569052987119384 -0.10005086018745819 -0.098580626523639081 -0.10012975611548608 0.095838737662564857 -0.050276576173276404 0.10022105077639186 0.10015302023003568 0.10032110323715551 -0.1002168517452507 -0.10032858871311526 0.091933810777473424 -0.10021907490167799 0.080483219804608722 -0.10003754648127779 0.10090379008160562 -0.10004058696828629 -0.10042786070568231 -0.10003986232133813 0.10017000002041064 0.10009754229755825 -0.10016718826998827 -0.10015038347324896 0.090641734671291427 -0.021027399644166403 0.029651416924930153 -0.10014069970651929
leaf_weight=0.23979549866635474 0.15727603898267162 0.067986670794198178 0.34041480382438738 0.058442946989089473 0.59095710775000032 0.28370320945396077 0.18135757365962479 0.31153481442015618 0.050893041829112917 0.050654838210902886 0.90191353077534586 0.43604298704303801 0.16933401022106409 0.036822729627601802 0.23524712794460356 0.13679331206367351 0.16202974697807804 0.36249384802067641 0.1187920750817284 0.031341193534899503 0.073074750514933839 2.8754863040812779 0.062963493168354034 2.1278543919906951 0.068288016773294657 0.033150061004562303 0.04459987668087706 0.025280017405748367 0.054403965419624001 0.19308100579655729
leaf_count=219 452 84 294 14 1523 392 214 163 40 33 754 263 141 15 87 117 37 1014 29 85 44 8246 48 2187 45 34 17 21 35 278
internal_value=-0.00272622 -0.0321569 -0.0580278 -0.0670083 -0.0326777 -0.0107812 0.00545034 0.0195998 -0.0050104 0.0671614 0.0742966 0.0406384 -0.0540638 0.0846962 0.0227987 -0.0125543 0.0282976 -0.0899306 -0.0534732 0.0589555 -0.0359951 -0.0959676 -0.0427994 0.0944854 0.0557239 0.0714057 0.00929414 0.0897487 0.0859987 -0.089739
internal_weight=10.482 8.04607 6.38332 6.01762 2.40927 1.81831 1.53461 1.35325 0.987312 1.66275 1.59477 0.692855 0.219989 0.472866 0.743338 0.430341 0.293547 3.60835 0.512627 0.150133 0.131518 3.09573 0.22024 2.43594 0.308084 0.312997 0.0777499 0.365695 0.365939 0.243974
internal_count=16925 14474 13184 12869 2995 1472 1080 866 668 1290 1206 452 174 278 350 212 95 9874 1128 114 58 8746 500 2451 264 138 51 315 198 318
is_linear=0
shrinkage=0.1


Tree=67
num_leaves=31
num_cat=0
split_feature=14 6 3 6 9 0 3 3 15 3 6 12 7 7 0 13 13 3 0 7 12 7 3 9 6 6 6 13 3 4
split_gain=2.71051 1.86367 0.761856 0.431743 0.319796 0.23592 0.200571 0.179635 0.178822 0.130077 0.125594 0.261495 0.14171 0.123656 0.121496 0.0968582 0.0923568 0.0866021 0.11122 0.0701367 0.236115 0.0900892 0.0622668 0.0519389 0.16136 0.0479473 0.192898 0.0286881 0.0146354 0.0126425
threshold=2061.0000000000005 0.70510798320188051 1.3100682772951584 0.58225841425355507 0.58058917347220007 0.62034482758620701 1.0686108008718731 1.0002466771110343 636.50000000000011 1.0139952366112019 0.76840133973610147 0.41322511889933156 0.6138681376613786 0.91409562537227373 0.12613636363636363 0.6105078905990805 0.63577354615003523 1.0024961815836189 0.047065337763012159 0.86496133237185024 0.72575068183327041 0.92931160796433232 1.0004210467487633 0.4264409810463532 0.56348206296185543 0.47237988841394524 0.44318908101480253 0.6051063846839887 1.2643571023220275 0.00066302715838925013
decision_type=2 2 2 2 2 2 2 2 2 2 2 2 2 2 2 2 2 2 2 2 2 2 2 2 2 2 2 2 2 2
left_child=25 2 3 19 5 6 8 -3 9 14 11 12 -9 -13 17 -8 -4 18 22 23 -21 -22 -5 24 -2 26 -1 -11 -7 -20
right_child=1 7 16 4 -6 28 15 10 -10 27 -12 13 -14 -15 -16 -17 -18 -19 29 20 21 -23 -24 -25 -26 -27 -28 -29 -30 -31
leaf_value=0.1001067362022024 -0.10003337065090685 -0.10018909701854056 0.096635255965934488 -0.04268639245912309 -0.10004602251250216 -0.10017193495093409 0.090751856277469012 0.10020000905628101 -0.094941322921572313 0.096543552775915087 0.10013847677365942 0.10029065589460202 -0.10019623410825183 -0.10029727029946472 -0.090426949538935805 -0.10012814351694684 -0.10011028712883051 0.081288465812726696 -0.035393273476294361 -0.10003449109644823 0.10083479904093451 -0.10003672567623159 0.082970694486403263 -0.10003462400010935 0.10015697900932069 0.10008824870845863 -0.10015125882539055 0.0032390555263953642 -0.039027955287714577 -0.10028642210766368
leaf_weight=0.21699905325658653 0.1559436021489099 0.06152845307951782 0.33660515752853815 0.06170164712239079 0.53474464622559015 0.25704809668241058 0.30422715487657104 0.04584352934034519 0.2207744351180736 0.15672592638293281 0.81619760679313913 0.3946617059991695 0.15324967537890188 0.033328458666801453 0.16214559623040259 0.029129036818630993 0.025679620157461613 0.12493829219602048 0.04238056082976982 0.32349199760938052 0.10496496077394113 0.028359724208712578 0.10927612450905144 2.5836744684202131 0.054277113813441247 1.925531930872239 0.061798883136361837 0.041726583061972633 0.046179614117136225 0.10294934309786186
leaf_count=219 484 84 311 36 1523 428 179 33 329 76 754 263 141 15 164 42 27 46 14 998 27 85 20 8225 45 2187 45 29 23 73
internal_value=-0.0027243 -0.0320281 -0.0577286 -0.0670719 -0.0327949 -0.0111205 0.00671115 0.067148 -0.0152475 0.00669486 0.0742817 0.0406271 -0.0540527 0.0846705 -0.0164036 0.0740725 0.0826895 0.0107979 -0.0170452 -0.0902059 -0.0538799 0.0581071 0.0376242 -0.0961454 -0.048346 0.0944763 0.0557172 0.0769254 -0.0908601 -0.0813625
internal_weight=9.51608 7.31175 5.80694 5.44466 2.19395 1.6592 1.35597 1.50481 1.02262 0.801844 1.44328 0.627083 0.199093 0.42799 0.603392 0.333356 0.362285 0.441246 0.316308 3.25071 0.456817 0.133325 0.170978 2.7939 0.210221 2.20433 0.278798 0.198453 0.303228 0.14533
internal_count=16925 14474 13184 12846 2982 1459 1008 1290 787 458 1206 452 174 278 353 221 338 189 143 9864 1110 112 56 8754 529 2451 264 105 451 87
is_linear=0
shrinkage=0.1


Tree=68
num_leaves=31
num_cat=0
split_feature=14 6 9 3 9 9 3 6 6 13 7 6 6 6 8 6 6 3 9 6 12 6 8 6 6 8 6 6 6 13
split_gain=2.44871 1.68816 0.623311 0.347983 0.234005 0.353554 0.189567 0.174791 0.142431 0.132668 0.119755 0.175691 0.118869 0.143101 0.108093 0.107341 0.090453 0.0833547 0.0786026 0.183987 0.0771922 0.093426 0.065151 0.0446919 0.126411 0.0489089 0.0609487 0.0433844 0.174521 0.0367909
threshold=2061.0000000000005 0.5900362267323479 0.42011181272436188 1.2311298316144719 0.58058917347220007 0.56021787576095472 1.4023383353878638 0.77025192968544343 0.59267472189360215 0.64327372856241272 0.86496133237185024 0.37185631236742483 0.66462849728986706 0.68091133893212097 0.62020592231872729 0.82346239121275366 0.75613207856667308 1.0002466771110343 0.4264409810463532 0.56348206296185543 0.84301939105352497 0.58225841425355507 0.78636119436223095 0.6199196593005557 0.61245271488330633 0.83146978741877242 0.81259380654323088 0.47237988841394524 0.44318908101480253 0.6051063846839887
decision_type=2 2 2 2 2 2 2 2 2 2 2 2 2 2 2 2 2 2 2 2 2 2 2 2 2 2 2 2 2 2
left_child=27 6 9 4 5 7 10 8 -4 17 18 -12 -10 -14 16 -6 -15 -3 19 -2 21 -13 -23 24 -19 -25 -27 28 -1 -5
right_child=1 2 3 29 15 -7 -8 -9 12 -11 11 20 13 14 -16 -17 -18 23 -20 -21 -22 22 -24 25 -26 26 -28 -29 -30 -31
leaf_value=0.10009657334009064 -0.10003154484263695 -0.10014691868842998 0.050909252953865905 0.1000959053526007 -0.1000627724867173 0.082274994397471546 0.091205005606117939 0.10011167672042201 -0.10015537621722657 -0.1001478230443722 0.10090349553305984 -0.10004362766786211 0.07905022326204883 0.10021961334650008 -0.10021110391393749 0.10016766904448733 -0.10023567513409051 0.10014583728204532 -0.10004527922254428 0.10012598778703125 0.10022110077154747 0.10043297444392177 -0.10004316340878804 0.10014718564718579 -0.10033438218170415 -0.10020138141026472 0.10011209516585479 0.1000798431078086 -0.10013684710886349 0.029972648109187296
leaf_weight=0.19636778562562529 0.14499629265628877 0.024420534551609641 0.12318784630042523 0.23889803764177475 0.47807604004628945 0.32244998475653108 0.061008242773823329 0.084926053532399237 0.43979329822468571 0.041160694585414492 0.073709314921870717 0.32480310180108063 0.099573267507366836 0.062167927651898935 0.20575611665844917 0.02836184180341661 0.035288369719637558 0.09586051251972072 2.4817177497025114 0.067212618130724877 0.026063830591738224 0.044463974772952497 0.025511241750791669 0.9077790150186047 0.046809739142190665 0.028189401637064293 0.032937558076810092 1.742432235740125 0.05592557939235121 0.10893737466540188
leaf_count=219 489 27 53 266 1353 106 61 87 662 56 14 1084 67 46 237 20 23 90 8521 67 17 12 71 882 31 28 31 2187 45 73
internal_value=-0.0027155 -0.0318488 0.0173596 -0.0137459 -0.0307493 -0.009321 -0.0834057 -0.0374311 -0.0495262 0.0762175 -0.0867467 -0.0415152 -0.0642102 -0.0249623 -0.0591195 -0.0888493 0.0276359 0.0826077 -0.0950503 -0.0366359 -0.0664594 -0.0774639 0.0273443 0.0866227 0.0343688 0.094317 0.00773523 0.0944681 0.0557111 0.0781342
internal_weight=8.64879 6.65406 3.40457 2.22742 1.87958 1.37314 3.24949 1.05069 0.965767 1.17716 3.18848 0.494551 0.842579 0.402786 0.303212 0.506438 0.0974563 1.136 2.69393 0.212209 0.420842 0.394778 0.0699752 1.11158 0.14267 0.968906 0.061127 1.99473 0.252293 0.347835
internal_count=16925 14474 4138 2993 2654 1281 10336 1175 1088 1145 10275 1198 1035 373 306 1373 69 1089 9077 556 1184 1167 83 1062 121 941 59 2451 264 339
is_linear=0
shrinkage=0.1


Tree=69
num_leaves=31
num_cat=0
split_feature=14 6 9 3 9 9 3 6 6 13 6 6 7 6 8 6 6 3 9 6 12 6 14 8 6 6 8 6 6 6
split_gain=2.21274 1.52824 0.564858 0.307721 0.213326 0.310923 0.171236 0.156942 0.127866 0.120025 0.108695 0.127211 0.10839 0.158909 0.0977862 0.097119 0.0818269 0.0754109 0.0711211 0.166468 0.0698385 0.0845375 0.0630558 0.0589342 0.040437 0.114358 0.0442482 0.0551403 0.0392558 0.157896
threshold=2061.0000000000005 0.5900362267323479 0.42011181272436188 1.2311298316144719 0.58058917347220007 0.56021787576095472 1.4023383353878638 0.77025192968544343 0.59267472189360215 0.64327372856241272 0.66462849728986706 0.68091133893212097 0.86496133237185024 0.37185631236742483 0.62020592231872729 0.82346239121275366 0.75613207856667308 1.0002466771110343 0.4264409810463532 0.56348206296185543 0.84301939105352497 0.58225841425355507 2206.5000000000005 0.78636119436223095 0.6199196593005557 0.61245271488330633 0.83146978741877242 0.81259380654323088 0.47237988841394524 0.44318908101480253
decision_type=2 2 2 2 2 2 2 2 2 2 2 2 2 2 2 2 2 2 2 2 2 2 2 2 2 2 2 2 2 2
left_child=28 6 9 4 5 7 12 8 -4 17 -10 -12 18 -14 16 -6 -13 -3 19 -2 21 -15 -5 -23 25 -19 -26 -28 29 -1
right_child=1 2 3 22 15 -7 -8 -9 10 -11 11 14 13 20 -16 -17 -18 24 -20 -21 -22 23 -24 -25 26 -27 27 -29 -30 -31
leaf_value=0.10008738056947122 -0.10002854064791007 -0.10013294353265496 0.047006587659072112 0.086853242921429041 -0.10005680785012863 0.07926509391902048 0.089511722737293964 0.10010104592323976 -0.10014062359021091 -0.10013375672200651 0.075826271154003033 0.1001987299385883 0.10081722107410357 -0.10003948534872087 -0.10019104433112867 0.10015169726983826 -0.10021324928553162 0.10013196360481783 -0.10004099578583299 0.10011399430303361 0.10020005219932787 0.10039162981987788 -0.10027863809079825 -0.1000390564587578 0.10013320608098804 -0.10030261172419395 -0.10018223848002483 0.10010142134294836 0.10007224319758967 -0.100123805771998
leaf_weight=0.17769641219638277 0.13120181064005132 0.022099540161434894 0.12023641652194805 0.30506608320865769 0.43260556863970112 0.30228859634371474 0.056195400888100155 0.076852016849443316 0.39799707609927282 0.037248702632496022 0.093735619710059837 0.056262995291035622 0.066749117569997796 0.29390555220015813 0.18621121559408493 0.02566674054833129 0.031937019637553021 0.086749585228971915 2.245642304289504 0.060823407489806414 0.023588231590110809 0.040248394769150764 0.019136004091706127 0.023084425745764747 0.82150127063505352 0.042367937974631786 0.025511451327474788 0.029806151811499149 1.5767315872944889 0.050609812780749053
leaf_count=219 489 27 53 326 1353 106 61 87 662 56 67 46 14 1084 237 20 23 90 8521 67 17 12 13 71 882 31 28 31 2187 45
internal_value=-0.00271659 -0.0316871 0.0171465 -0.013574 -0.0303845 -0.00921516 -0.0833737 -0.0369827 -0.0488683 0.0762063 -0.0639146 -0.0247513 -0.086741 -0.0415078 -0.0591074 -0.0888436 0.02763 0.0825957 -0.0950462 -0.036634 -0.0664538 -0.0774578 0.0758078 0.0273359 0.08661 0.0343624 0.0943039 0.00773432 0.0944606 0.0557055
internal_weight=7.85976 6.05472 3.11328 2.048 1.72379 1.26552 2.94144 0.963232 0.88638 1.06528 0.766144 0.368147 2.88524 0.447576 0.274411 0.458272 0.0882 1.02804 2.43767 0.192025 0.380827 0.357238 0.324202 0.0633328 1.00594 0.129118 0.876819 0.0553176 1.80504 0.228306
internal_count=16925 14474 4138 2993 2654 1281 10336 1175 1088 1145 1035 373 10275 1198 306 1373 69 1089 9077 556 1184 1167 339 83 1062 121 941 59 2451 264
is_linear=0
shrinkage=0.1


Tree=70
num_leaves=31
num_cat=0
split_feature=14 6 9 3 15 3 3 0 3 13 7 6 14 15 3 0 3 9 6 12 6 8 3 4 13 6 6 8 6 6
split_gain=1.9995 1.38326 0.51206 0.273126 0.192755 0.173818 0.155169 0.12624 0.116402 0.108588 0.100653 0.145261 0.087681 0.0703742 0.0868431 0.0747009 0.0682252 0.0666121 0.15358 0.0655933 0.0764944 0.053312 0.052478 0.0521283 0.0481546 0.0365873 0.103455 0.0400321 0.049886 0.0355201
threshold=2061.0000000000005 0.5900362267323479 0.42011181272436188 1.1872213772209419 1053.5000000000002 1.0491599199686514 1.4439106845072065 0.21913109756097562 1.0129639843032912 0.64327372856241272 0.86496133237185024 0.37185631236742483 2206.5000000000005 293.50000000000006 1.0014498808424011 0.031754032258064509 1.0002466771110343 0.4264409810463532 0.56348206296185543 0.84301939105352497 0.58225841425355507 0.78636119436223095 1.0002720006616583 0.60765652612158738 0.83420090190653606 0.6199196593005557 0.61245271488330633 0.83146978741877242 0.81259380654323088 0.47237988841394524
decision_type=2 2 2 2 2 2 2 2 2 2 2 2 2 2 2 2 2 2 2 2 2 2 2 2 2 2 2 2 2 2
left_child=29 6 9 4 5 7 10 8 13 16 17 -12 23 14 15 22 -3 18 -2 20 -13 -22 -4 -5 -6 26 -18 -27 -29 -1
right_child=1 2 3 12 24 -7 -8 -9 -10 -11 11 19 -14 -15 -16 -17 25 -19 -20 -21 21 -23 -24 -25 -26 27 -28 28 -30 -31
leaf_value=0.055700539595136725 -0.1000264710347834 -0.10012030300861766 -0.05086612850600012 0.085605089680007185 -0.099067645916767783 0.074922711571313402 0.10009122197666448 -0.087536189096893896 0.088587497863110043 -0.10012102838349504 0.10072796017397834 -0.10003573833549287 -0.10020852655598067 -0.095526426390128247 0.048669304848784165 -0.087556802364220712 0.10011940918841081 -0.10003719536866795 0.10010230272611753 0.10017733376575161 0.1003542429338274 -0.10003533942897343 0.10076655148924601 -0.078421764620051571 0.057924264195456168 0.10012055256619248 -0.10027385364712411 -0.10016491666869787 0.10009176316924205 0.100065364567665
leaf_weight=0.20659782414440986 0.11973647105333052 0.019998887641122898 0.04443150444421895 0.33208466385258351 0.38868982384155959 0.19476552968262695 0.045333162939641514 0.26306509783898946 0.1096077558468096 0.033708086790284142 0.061542440787888952 0.26594619365641847 0.03068392448767554 0.11073977181513328 0.1715275803435361 0.15081657709379215 0.078503613302018493 2.0342485412838869 0.056411279190797359 0.022217536461539567 0.03643113118596375 0.020888388869934715 0.04693302942905575 0.020575523463776335 0.020572245673974976 0.74341425468446687 0.038346530520357192 0.023087505163857713 0.026972191466484219 1.4267788085853679
leaf_count=264 490 27 37 362 1194 148 54 611 60 56 15 1084 31 200 92 209 90 8523 69 18 12 71 10 26 13 882 31 28 31 2187
internal_value=-0.0027207 -0.0315203 0.0169171 -0.0134078 -0.0326461 -0.0107078 -0.083337 -0.0292982 -0.00513577 0.0761963 -0.0865139 -0.0408155 0.0619281 -0.0247236 -0.00577138 -0.0443296 0.0825847 -0.0949289 -0.0359353 -0.0660292 -0.0774523 0.0273282 0.027026 0.0760351 -0.0911762 0.0865986 0.0343567 0.0942919 0.00773349 0.0944539
internal_weight=7.14466 5.51128 2.84852 1.88449 1.50115 1.09189 2.66276 0.897121 0.634056 0.964031 2.61742 0.407026 0.383344 0.524448 0.413709 0.242181 0.930323 2.2104 0.176148 0.345483 0.323266 0.0573195 0.0913645 0.35266 0.409262 0.910324 0.11685 0.793474 0.0500597 1.63338
internal_count=16925 14474 4138 2993 2574 1367 10336 1219 608 1145 10282 1200 419 548 348 256 1089 9082 559 1185 1167 83 47 388 1207 1062 121 941 59 2451
is_linear=0
shrinkage=0.1


Tree=71
num_leaves=31
num_cat=0
split_feature=14 6 6 9 13 3 14 3 10 6 7 6 13 9 7 6 7 9 6 12 6 8 6 6 3 6 6 11 3 9
split_gain=1.79201 1.25441 0.469178 0.338192 0.249302 0.197747 0.158868 0.140394 0.127206 0.299967 0.108968 0.15566 0.0923531 0.145832 0.0910958 0.131395 0.0712777 0.0602722 0.138958 0.0593458 0.0692165 0.0482274 0.0405272 0.147186 0.0166893 0.0119348 0.0608337 0.00739022 0.00369595 4.32291e-06
threshold=2061.0000000000005 0.5900362267323479 0.74411930287437345 0.58058917347220007 0.6105078905990805 1.0003129563271911 2206.5000000000005 1.4439106845072065 0.32209563980023986 0.6199196593005557 0.64805348406480323 0.82346239121275366 0.51110005151115923 0.42283817000268686 0.86496133237185024 0.37185631236742483 0.81778253617777796 0.4264409810463532 0.56348206296185543 0.84301939105352497 0.58225841425355507 0.78636119436223095 0.47237988841394524 0.44318908101480253 1.0002720006616583 0.63486625256802076 0.66462849728986706 0.47052910917986451 1.0512933981332189 0.56021787576095472
decision_type=2 2 2 2 2 2 2 2 2 2 2 2 2 2 2 2 2 2 2 2 2 2 2 2 2 2 2 2 2 2
left_child=22 7 3 4 5 -3 8 14 9 -7 11 -4 13 16 17 -16 -11 18 -2 20 -17 -22 23 -1 -12 29 -27 -14 -29 -10
right_child=1 2 10 -5 -6 6 -8 -9 25 12 24 -13 27 -15 15 19 -18 -19 -20 -21 21 -23 -24 -25 -26 26 -28 28 -30 -31
leaf_value=0.10007478167249612 -0.10002395249832222 -0.10007760901659771 -0.10015141869099481 -0.10004771000406446 -0.10008881375525452 -0.10021042959219162 -0.10025587251454848 0.10008253529201278 0.10029571217742686 0.10018566730149388 0.023744342261394834 0.10008293390700121 0.10017960789710248 -0.10010543417876104 0.10065851091553568 -0.10003234430941702 -0.10014923847345687 -0.10003367318792165 0.10009256554965679 0.10016045464061255 0.10032043592155578 -0.10003197553560422 0.10005913885621408 -0.10011842933334114 0.10012820613088842 -0.10006318728710251 0.10018206437507229 0.007812762197605426 0.07880967121285655 0.10107439570941193
leaf_weight=0.15210034616757173 0.10834462853381532 0.11491105495952103 0.074815846717683487 0.35110507922945533 0.18211606444674533 0.15730509774584767 0.078078416219795943 0.041022521094418951 0.20736319129355252 0.11841404181905091 0.029947980307042599 0.080703193845693022 0.26029489960637875 0.078764988778857514 0.055722370627336093 0.2406458117911825 0.020893542357953265 1.8407257587823549 0.051047749468125403 0.020106474054045975 0.032974794390611351 0.018901199073297903 1.2910790580790488 0.048415967758046463 0.63765527115901932 0.01896756277710665 0.075798630132339895 0.013092403300106525 0.016666534676915035 0.10864905832568184
leaf_count=219 490 261 84 1337 357 208 52 54 164 124 21 104 272 152 15 1084 28 8523 69 18 12 71 2187 45 782 45 82 17 24 24
internal_value=-0.0027091 -0.0312291 0.0165867 -0.0119802 0.00932525 0.025025 0.0374791 -0.0833324 0.0474717 0.0204597 0.0791407 0.00375581 0.0578166 0.00864902 -0.0865092 -0.0408096 0.0701392 -0.0949255 -0.0359337 -0.0660246 -0.0774474 0.0273213 0.0935631 0.0517368 0.0967017 0.0912292 0.0601027 0.0947824 0.0475747 0.100563
internal_weight=6.52663 5.03503 2.62554 1.80242 1.45132 1.2692 1.15429 2.40949 1.07621 0.665432 0.823122 0.155519 0.508126 0.218073 2.36847 0.368351 0.139308 2.00012 0.159392 0.312628 0.292522 0.051876 1.4916 0.200516 0.667603 0.410778 0.0947662 0.290054 0.0297589 0.316012
internal_count=16925 14474 4138 3147 1810 1453 1192 10336 1140 825 991 188 617 304 10282 1200 152 9082 559 1185 1167 83 2451 264 803 315 127 313 41 188
is_linear=0
shrinkage=0.1


Tree=72
num_leaves=31
num_cat=0
split_feature=14 6 6 9 13 3 14 3 10 6 7 6 13 9 7 6 7 9 6 12 6 8 6 6 3 6 6 11 3 9
split_gain=1.62096 1.13525 0.422873 0.30599 0.225438 0.178748 0.143548 0.127027 0.115369 0.270813 0.0977449 0.140831 0.0824987 0.131936 0.0824441 0.118857 0.0644832 0.0545357 0.125728 0.0536938 0.0626308 0.0436287 0.036671 0.133168 0.017521 0.0107778 0.0550361 0.00796575 0.00335488 3.20134e-06
threshold=2061.0000000000005 0.5900362267323479 0.74411930287437345 0.58058917347220007 0.6105078905990805 1.0003129563271911 2206.5000000000005 1.4439106845072065 0.32209563980023986 0.6199196593005557 0.64805348406480323 0.82346239121275366 0.51110005151115923 0.42283817000268686 0.86496133237185024 0.37185631236742483 0.81778253617777796 0.4264409810463532 0.56348206296185543 0.84301939105352497 0.58225841425355507 0.78636119436223095 0.47237988841394524 0.44318908101480253 1.0002720006616583 0.63486625256802076 0.66462849728986706 0.47052910917986451 1.0512933981332189 0.56021787576095472
decision_type=2 2 2 2 2 2 2 2 2 2 2 2 2 2 2 2 2 2 2 2 2 2 2 2 2 2 2 2 2 2
left_child=22 7 3 4 5 -3 8 14 9 -7 11 -4 13 16 17 -16 -11 18 -2 20 -17 -22 23 -1 -12 29 -27 -14 -29 -10
right_child=1 2 10 -5 -6 6 -8 -9 25 12 24 -13 27 -15 15 19 -18 -19 -20 -21 21 -23 -24 -25 -26 26 -28 28 -30 -31
leaf_value=0.10006766610007806 -0.10002167169206258 -0.10007022895012668 -0.10013701291486449 -0.10004317496333295 -0.10008036378504775 -0.1001904373370042 -0.10023150866974254 0.10007467657532088 0.10026761892399644 0.10016803469973351 0.021482349894664007 0.10007503673324968 0.100162562836546 -0.10009540369510615 0.10059570082525936 -0.10002927326828392 -0.1001350483919542 -0.10003048075048299 0.10008375403203754 0.1001451819520825 0.1002898657765091 -0.10002893144015555 0.10005351162657128 -0.10010715137818081 0.1001160192334099 -0.10005717316301455 0.10016478885410539 0.0070357136289331103 0.07561167521245539 0.10097182024453538
leaf_weight=0.13763537455815811 0.098036394279916617 0.10398310078016981 0.067705421010032185 0.31770668218086928 0.16479863542190276 0.14236249712121185 0.070664571758243255 0.037121479050256201 0.1876798753219191 0.10716335824690759 0.029799582087434828 0.073028738901484758 0.23556260843179189 0.071276287693763152 0.05044956610072393 0.21775168465683237 0.0189078017428983 1.6656079679232787 0.046193773567210883 0.018195723532699049 0.029845460667274892 0.017103005986427888 1.1682790474151259 0.043813263619085774 0.57704100909177214 0.017163539669127204 0.068596663564676419 0.013084955397062004 0.015686254380852915 0.098404523567296565
leaf_count=219 490 261 84 1337 357 208 52 54 164 124 21 104 272 152 15 1084 28 8523 69 18 12 71 2187 45 782 45 82 17 24 24
internal_value=-0.00270802 -0.0311962 0.0165494 -0.0119667 0.00930736 0.0249757 0.0373999 -0.0833283 0.0473659 0.0203891 0.0788413 0.00375556 0.0575706 0.00864759 -0.086505 -0.0408043 0.0701271 -0.0949223 -0.0359323 -0.0660205 -0.0774429 0.0273151 0.0935576 0.0517327 0.0962546 0.0911885 0.0600936 0.0940957 0.0444238 0.10051
internal_weight=5.91065 4.56092 2.38062 1.63304 1.31533 1.15054 1.04655 2.18031 0.975888 0.604044 0.747575 0.140734 0.461681 0.197347 2.14318 0.333345 0.126071 1.80984 0.14423 0.282896 0.2647 0.0469485 1.34973 0.181449 0.606841 0.371845 0.0857602 0.264334 0.0287712 0.286084
internal_count=16925 14474 4138 3147 1810 1453 1192 10336 1140 825 991 188 617 304 10282 1200 152 9082 559 1185 1167 83 2451 264 803 315 127 313 41 188
is_linear=0
shrinkage=0.1


Tree=73
num_leaves=31
num_cat=0
split_feature=14 6 9 3 9 9 6 3 10 10 13 7 6 8 9 6 3 3 9 6 12 6 10 8 10 6 6 6 6 8
split_gain=1.4662 1.02744 0.383294 0.201554 0.161199 0.224256 0.123734 0.114933 0.0960336 0.13023 0.08049 0.0746126 0.107518 0.0738042 0.107264 0.0717551 0.0629684 0.0505616 0.0493453 0.113759 0.0485805 0.0566717 0.0435062 0.0394694 0.0387114 0.0331816 0.120486 0.0271551 0.0766003 0.029659
threshold=2061.0000000000005 0.5900362267323479 0.42011181272436188 1.3100682772951584 0.58058917347220007 0.56021787576095472 0.77025192968544343 1.4439106845072065 0.30566566216516161 0.36608065991603306 0.64327372856241272 0.86496133237185024 0.37185631236742483 0.62475320453681238 0.45076856119741632 0.82346239121275366 1.0006838903605497 1.0002466771110343 0.4264409810463532 0.56348206296185543 0.84301939105352497 0.58225841425355507 0.67592481621768996 0.78636119436223095 0.32209563980023986 0.47237988841394524 0.44318908101480253 0.6199196593005557 0.61245271488330633 0.83146978741877242
decision_type=2 2 2 2 2 2 2 2 2 2 2 2 2 2 2 2 2 2 2 2 2 2 2 2 2 2 2 2 2 2
left_child=25 7 10 4 5 6 8 11 13 24 17 18 -13 14 -4 -6 -7 -3 19 -2 21 -14 -11 -23 -10 26 -1 28 -19 -29
right_child=1 2 3 -5 15 16 -8 -9 9 22 -12 12 20 -15 -16 -17 -18 27 -20 -21 -22 23 -24 -25 -26 -27 -28 29 -30 -31
leaf_value=0.10006121749195268 -0.10001960716032472 -0.10008914049735856 -0.1000973215929369 0.092676029893594483 -0.10004090337532684 -0.04098640080707882 0.10007303007760814 0.10006756619020217 -0.022191929540558292 -0.10006239330992713 -0.10008966464188658 0.10053889495425744 -0.10002648872991315 -0.10013216502777569 0.10022177376656914 0.10010492052922511 0.10055741184811112 0.10008843201576856 -0.10002759273235749 0.10007578181838916 0.10013136443165725 0.10026221565803826 0.10007974436823447 -0.10002617932459364 0.10038860664030957 0.10004841201391711 -0.10009694254853836 0.10009188673788916 -0.10020296368301172 0.0077271763902839082
leaf_weight=0.12454525142675255 0.088708735478576162 0.014820799726294687 0.055650116686592588 0.15985884200199496 0.29952122643589973 0.037282678531482816 0.063210599182639271 0.033591168699785956 0.034626136883161962 0.097223537144600414 0.024979976034956053 0.045673135202377924 0.19703507304075174 0.31100946977676358 0.051437932124827057 0.019052039133384824 0.20020403299713507 0.058153215795755386 1.5071457152225773 0.041801015293458477 0.01646632794290781 0.027012358070351183 0.012227026803884655 0.015475844164029695 0.10064969866652973 1.0571537145006003 0.039647717756452039 0.5535495801595971 0.028428904712200165 0.037094852945301682
leaf_count=219 490 27 117 255 1356 49 103 54 46 273 56 15 1084 585 50 22 68 90 8523 69 18 12 17 71 52 2187 45 882 31 59
internal_value=-0.00270676 -0.0311601 0.0165086 -0.0132035 -0.0264052 -0.00601623 -0.0336082 -0.0833246 -0.0463567 0.0033953 0.0762602 -0.0865011 -0.0407995 -0.0754783 -0.00387743 -0.0880713 0.0783367 0.0826257 -0.0949195 -0.035931 -0.0660167 -0.0774388 -0.077704 0.0273094 0.069012 0.0935525 0.051729 0.0866243 0.0343235 0.094291
internal_weight=5.35324 4.13189 2.15898 1.44195 1.28209 0.963521 0.726035 1.97291 0.662824 0.244726 0.717027 1.93932 0.301663 0.418098 0.107088 0.318573 0.237487 0.692047 1.63766 0.13051 0.25599 0.239523 0.109451 0.0424882 0.135276 1.22135 0.164193 0.677227 0.0865821 0.590644
internal_count=16925 14474 4138 2993 2738 1360 1243 10336 1140 388 1145 10282 1200 752 167 1378 117 1089 9082 559 1185 1167 290 83 98 2451 264 1062 121 941
is_linear=0
shrinkage=0.1


Tree=74
num_leaves=31
num_cat=0
split_feature=14 6 6 9 13 3 14 3 10 6 7 6 13 9 7 6 7 9 6 12 6 8 6 6 13 6 11 6 6 3
split_gain=1.32547 0.930435 0.348964 0.249031 0.184367 0.147704 0.116647 0.103991 0.096481 0.218607 0.0797627 0.115547 0.0696449 0.106133 0.0675238 0.0972629 0.0577971 0.0446489 0.102929 0.0439545 0.0512795 0.0357072 0.0300242 0.109013 0.015644 0.0270709 0.00880322 0.00877497 0.045069 0.00316029
threshold=2061.0000000000005 0.5900362267323479 0.74411930287437345 0.58058917347220007 0.6105078905990805 1.0003129563271911 2206.5000000000005 1.4439106845072065 0.32209563980023986 0.6199196593005557 0.64805348406480323 0.82346239121275366 0.51110005151115923 0.42283817000268686 0.86496133237185024 0.37185631236742483 0.81778253617777796 0.4264409810463532 0.56348206296185543 0.84301939105352497 0.58225841425355507 0.78636119436223095 0.47237988841394524 0.44318908101480253 0.43436701577312237 0.82973318282498421 0.47052910917986451 0.63486625256802076 0.66462849728986706 1.0389020510855793
decision_type=2 2 2 2 2 2 2 2 2 2 2 2 2 2 2 2 2 2 2 2 2 2 2 2 2 2 2 2 2 2
left_child=22 7 3 4 5 -3 8 14 9 -7 11 -4 13 16 17 -16 -11 18 -2 20 -17 -22 23 -1 25 -12 -14 -10 -29 -28
right_child=1 2 10 -5 -6 6 -8 -9 27 12 24 -13 26 -15 15 19 -18 -19 -20 -21 21 -23 -24 -25 -26 -27 29 28 -30 -31
leaf_value=0.10005539416540739 -0.10001774337405785 -0.10005902673562694 -0.10011247040160126 -0.10003535487283342 -0.10006643685342853 -0.10015596589433373 -0.10018953977162071 0.10006113351521094 0.10041744252160674 0.10013763350293854 -0.10007662165925993 0.10006146531294452 0.10013501636429625 -0.10008125927781369 0.10048751901757735 -0.10002397625808723 -0.10012315330613511 -0.10002497713411718 0.10006856872125058 0.10011885954090237 0.10023720981867042 -0.10002368737642907 0.1000438016090176 -0.10008770942938694 0.10012903830121883 0.10005440076115955 -0.004331966614615863 -0.10004680701902412 0.10013491680663436 0.066878493756156066
leaf_weight=0.11269943165825658 0.080268404330127274 0.086590434351819345 0.055634075019042828 0.26013505530136161 0.13588737517420668 0.11659748869715258 0.057883894114638679 0.030396400776225962 0.23460716486442834 0.087768494500778615 0.010892960912315175 0.059867408475838602 0.19471644324949011 0.059310684533556923 0.041346816869918146 0.17828896435094066 0.017242971720406786 1.3637556765752377 0.037825710664037615 0.014901115908287466 0.024447579809930176 0.014003454023622908 0.95659407798666507 0.035877880029147491 0.4743567080295179 0.017808994569350034 0.010474169044755399 0.014053549864911474 0.056313556124223396 0.015388250962132588
leaf_count=219 490 261 84 1337 357 208 52 54 188 124 19 104 272 152 15 1084 28 8523 69 18 12 71 2187 45 750 34 14 45 82 27
internal_value=-0.00270059 -0.0310605 0.0164065 -0.0121473 0.00888884 0.0244582 0.0369322 -0.0833212 0.046774 0.0198014 0.0785847 0.00364286 0.05614 0.00685617 -0.0864976 -0.0407951 0.0672546 -0.094917 -0.0359298 -0.0660134 -0.0774351 0.0273043 0.093548 0.0517256 0.0957913 0.0241007 0.0928543 0.0911277 0.0601551 0.0380386
internal_weight=4.85594 3.75076 1.96553 1.34697 1.08683 0.950947 0.864357 1.78523 0.806473 0.501499 0.61856 0.115501 0.384901 0.164322 1.75484 0.272988 0.105011 1.48185 0.118094 0.231641 0.21674 0.038451 1.10517 0.148577 0.503059 0.028702 0.220579 0.304974 0.0703671 0.0258624
internal_count=16925 14474 4138 3147 1810 1453 1192 10336 1140 825 991 188 617 304 10282 1200 152 9082 559 1185 1167 83 2451 264 803 53 313 315 127 41
is_linear=0
shrinkage=0.1


Tree=75
num_leaves=31
num_cat=0
split_feature=14 6 6 9 13 3 14 3 10 6 7 6 13 9 7 6 7 9 6 12 6 8 6 6 13 6 11 6 6 3
split_gain=1.19912 0.841968 0.315758 0.225325 0.166703 0.133487 0.105372 0.094091 0.0875898 0.197262 0.0721608 0.104542 0.0620141 0.0960233 0.0611075 0.0879882 0.0522899 0.0403996 0.0931309 0.0397692 0.0464002 0.0323041 0.0271673 0.0986325 0.0141521 0.0244932 0.00929226 0.00792834 0.0407755 0.00274019
threshold=2061.0000000000005 0.5900362267323479 0.74411930287437345 0.58058917347220007 0.6105078905990805 1.0003129563271911 2206.5000000000005 1.4439106845072065 0.32209563980023986 0.6199196593005557 0.64805348406480323 0.82346239121275366 0.51110005151115923 0.42283817000268686 0.86496133237185024 0.37185631236742483 0.81778253617777796 0.4264409810463532 0.56348206296185543 0.84301939105352497 0.58225841425355507 0.78636119436223095 0.47237988841394524 0.44318908101480253 0.43436701577312237 0.82973318282498421 0.47052910917986451 0.63486625256802076 0.66462849728986706 1.0389020510855793
decision_type=2 2 2 2 2 2 2 2 2 2 2 2 2 2 2 2 2 2 2 2 2 2 2 2 2 2 2 2 2 2
left_child=22 7 3 4 5 -3 8 14 9 -7 11 -4 13 16 17 -16 -11 18 -2 20 -17 -22 23 -1 25 -12 -14 -10 -29 -28
right_child=1 2 10 -5 -6 6 -8 -9 27 12 24 -13 26 -15 15 19 -18 -19 -20 -21 21 -23 -24 -25 -26 -27 29 28 -30 -31
leaf_value=0.10005012086209771 -0.10001605386497499 -0.10005341303458788 -0.10010176882960664 -0.10003199318425958 -0.10006011564019986 -0.10014114201117859 -0.10017149407944395 0.10005531451844879 0.10037786674465442 0.10012455558111451 -0.10006932836528196 0.10005561337177776 0.10012219359998922 -0.10007352889028742 0.1004410431306304 -0.10002169516600737 -0.10011144356483355 -0.1000226107797712 0.10006204264759642 0.10010754717704036 0.10021459214934569 -0.10002143260526218 0.1000396356976629 -0.10007935827478587 0.10011681071773096 0.10004921976546644 -0.0038995179175613497 -0.10004235266306533 0.10012210584030351 0.063004207215095809
leaf_weight=0.10197976339259163 0.072631019953405818 0.078354437529924104 0.050344900810159632 0.23538743761309888 0.12296335454448126 0.10551659479096998 0.05238446919247508 0.027505319128977024 0.21236078164656647 0.079426063515711576 0.0098570403060875833 0.054173278535017744 0.17620814088149928 0.053670462177251466 0.037428577430546173 0.16132601314166095 0.015603818319505081 1.2340049055055713 0.034228237316710874 0.013484533381415531 0.022125823423266411 0.012671120217419229 0.86559634486911818 0.032466219359776005 0.42926545708905905 0.016115036822156981 0.010472266876604408 0.012716715224087238 0.050960800843313336 0.014736258541233838
leaf_count=219 490 261 84 1337 357 208 52 54 188 124 19 104 272 152 15 1084 28 8523 69 18 12 71 2187 45 750 34 14 45 82 27
internal_value=-0.00270003 -0.0310422 0.0163859 -0.01213 0.00886812 0.0243992 0.0368363 -0.0833181 0.0466455 0.0197149 0.0785759 0.00364269 0.0558366 0.0068553 -0.0864945 -0.0407912 0.067246 -0.0949147 -0.0359288 -0.0660103 -0.0774318 0.0272997 0.0935439 0.0517226 0.0957799 0.0240993 0.0919981 0.0910976 0.0601483 0.0352107
internal_weight=4.39597 3.39592 1.78052 1.22076 0.985374 0.862411 0.784056 1.61541 0.731672 0.455634 0.559756 0.104518 0.350117 0.1487 1.5879 0.247036 0.0950299 1.34086 0.106859 0.209607 0.196123 0.0347969 1.00004 0.134446 0.455238 0.0259721 0.201417 0.276038 0.0636775 0.0252085
internal_count=16925 14474 4138 3147 1810 1453 1192 10336 1140 825 991 188 617 304 10282 1200 152 9082 559 1185 1167 83 2451 264 803 53 313 315 127 41
is_linear=0
shrinkage=0.1


Tree=76
num_leaves=31
num_cat=0
split_feature=14 6 6 9 13 3 14 3 10 6 7 6 9 6 7 6 8 9 6 12 6 8 6 6 7 13 6 6 6 9
split_gain=1.08479 0.761927 0.285719 0.203878 0.150722 0.120624 0.0951715 0.0851338 0.0795578 0.17795 0.0652844 0.0945864 0.0571382 0.0758377 0.0553 0.0795995 0.0484918 0.0365547 0.0842656 0.0359826 0.0419852 0.0292258 0.0245822 0.0892412 0.0145283 0.0128028 0.0221611 0.00716438 0.0368914 9.662e-07
threshold=2061.0000000000005 0.5900362267323479 0.74411930287437345 0.58058917347220007 0.6105078905990805 1.0003129563271911 2206.5000000000005 1.4439106845072065 0.32209563980023986 0.6199196593005557 0.64805348406480323 0.82346239121275366 0.5266490001452292 0.65154114973199573 0.86496133237185024 0.37185631236742483 0.83146978741877242 0.4264409810463532 0.56348206296185543 0.84301939105352497 0.58225841425355507 0.78636119436223095 0.47237988841394524 0.44318908101480253 0.89904753813387495 0.43436701577312237 0.82973318282498421 0.63486625256802076 0.66462849728986706 0.56021787576095472
decision_type=2 2 2 2 2 2 2 2 2 2 2 2 2 2 2 2 2 2 2 2 2 2 2 2 2 2 2 2 2 2
left_child=22 7 3 4 5 -3 8 14 9 -7 11 -4 16 -14 17 -16 24 18 -2 20 -17 -22 23 -1 -11 26 -12 29 -29 -10
right_child=1 2 10 -5 -6 6 -8 -9 27 12 25 -13 13 -15 15 19 -18 -19 -20 -21 21 -23 -24 -25 -26 -27 -28 28 -30 -31
leaf_value=0.10004534969032404 -0.1000145253185389 -0.10004833354064527 -0.10009208724679451 -0.10002895130937056 -0.10005439581216408 -0.10012772558319863 -0.10015516891686514 0.10005004733170882 0.10017941484510612 0.10009856972041187 -0.10006273021114687 0.10005031904122762 0.10017782978267482 -0.1000541707431651 0.10039900678424026 -0.10001963571458712 -0.10010084390711045 -0.10002045902396479 0.10005613763754473 0.1000973111840819 0.10019413752390693 -0.10001939307599848 0.10003585723176972 -0.10007179985259738 0.020982834128121269 0.10010573769392793 0.10004453650764294 -0.10003832135052358 0.10011050874151028 0.1006511400553019
leaf_weight=0.09227928219479542 0.065720217527996616 0.070901444065384345 0.045558132391306461 0.21299351051129634 0.11126788176625269 0.095487505663186312 0.047406760771991685 0.024889085179893189 0.12595499510644004 0.19989708343928214 0.0089195772015955299 0.049020471691619605 0.031878724810667336 0.046516384230926633 0.033880236034747102 0.14597666987538105 0.014120337626081891 1.1165965799737021 0.030972724664025009 0.012202494544908404 0.020024152472615242 0.011465525603853166 0.78325200779363513 0.029378755774814636 0.026259893362293951 0.38845622897497378 0.014582136296667159 0.011506999901030213 0.046116309589706361 0.066262122709304094
leaf_count=219 490 261 84 1337 357 208 52 54 164 362 19 104 34 158 15 1084 28 8523 69 18 12 71 2187 45 35 750 34 45 82 24
internal_value=-0.00269939 -0.0310223 0.0163635 -0.0121109 0.00884535 0.0243342 0.0367306 -0.0833153 0.0465036 0.019619 0.078568 0.00364253 0.0555001 -0.0186315 -0.0864916 -0.0407876 0.0796869 -0.0949126 -0.0359278 -0.0660075 -0.0774288 0.0272955 0.0935401 0.0517198 0.0909122 0.0957696 0.0240981 0.0910703 0.0601421 0.100342
internal_weight=3.97974 3.07483 1.61311 1.10657 0.893576 0.782309 0.711407 1.46173 0.664 0.41416 0.506537 0.0945786 0.318672 0.0783951 1.43684 0.223549 0.240277 1.21329 0.0966929 0.189669 0.177466 0.0314897 0.90491 0.121658 0.226157 0.411958 0.0235017 0.24984 0.0576233 0.192217
internal_count=16925 14474 4138 3147 1810 1453 1192 10336 1140 825 991 188 617 192 10282 1200 425 9082 559 1185 1167 83 2451 264 397 803 53 315 127 188
is_linear=0
shrinkage=0.1


Tree=77
num_leaves=31
num_cat=0
split_feature=14 6 6 9 13 3 14 3 10 6 7 6 13 9 7 6 7 9 6 12 6 8 6 6 13 6 11 6 6 3
split_gain=0.981303 0.689545 0.258549 0.184476 0.136237 0.108947 0.085902 0.0770297 0.0723917 0.160341 0.0590641 0.0855793 0.0516401 0.0799733 0.0500439 0.0720119 0.0428015 0.0330758 0.0762445 0.0325568 0.0379902 0.0264412 0.022243 0.0807445 0.0115823 0.0200512 0.00884647 0.0064748 0.0333775 0.00133162
threshold=2061.0000000000005 0.5900362267323479 0.74411930287437345 0.58058917347220007 0.6105078905990805 1.0003129563271911 2206.5000000000005 1.4439106845072065 0.32209563980023986 0.6199196593005557 0.64805348406480323 0.82346239121275366 0.51110005151115923 0.42283817000268686 0.86496133237185024 0.37185631236742483 0.81778253617777796 0.4264409810463532 0.56348206296185543 0.84301939105352497 0.58225841425355507 0.78636119436223095 0.47237988841394524 0.44318908101480253 0.43436701577312237 0.82973318282498421 0.47052910917986451 0.63486625256802076 0.66462849728986706 1.0416291359945806
decision_type=2 2 2 2 2 2 2 2 2 2 2 2 2 2 2 2 2 2 2 2 2 2 2 2 2 2 2 2 2 2
left_child=22 7 3 4 5 -3 8 14 9 -7 11 -4 13 16 17 -16 -11 18 -2 20 -17 -22 23 -1 25 -12 -14 -10 -29 -28
right_child=1 2 10 -5 -6 6 -8 -9 27 12 24 -13 26 -15 15 19 -18 -19 -20 -21 21 -23 -24 -25 -26 -27 29 28 -30 -31
leaf_value=0.10004103527019015 -0.10001314448962938 -0.10004373523741164 -0.10008332542783056 -0.10002619877721652 -0.10004921951189456 -0.10011558355355228 -0.10014039829663463 0.10004528388086704 0.10030949289119746 0.10010200625828332 -0.10005676080925155 0.10004552800670199 0.10010128034020625 -0.10006461488188359 0.10036098457834129 -0.10001776822141857 -0.10009125231995689 -0.1000185193118661 0.10005079481039257 0.10008804992798928 0.10017563240377213 -0.10001754752031139 0.10003244794899424 -0.10006496566334007 0.10009570936316099 0.10004029454387527 0.0065505687402122653 -0.10003467285477941 0.10010001285258807 0.055499506450841556
leaf_weight=0.083501166111091485 0.059466892147611694 0.064157077875279134 0.041226128218113334 0.19272953366453294 0.10068428672093432 0.086410614589112811 0.042901416665699799 0.022521593520650529 0.17397878618794493 0.065043384151067585 0.0080712241760920733 0.044357573089655489 0.14547688145830762 0.045153460487199482 0.030667129409266525 0.13208749225304928 0.012777771698893048 1.0103569790007894 0.028026700863847509 0.011042243597330526 0.018121779052307829 0.010374618279456627 0.70873867327463813 0.026584721374092624 0.35152315301820636 0.013194993312936276 0.010494410351384431 0.010412324438220821 0.04173191575682722 0.011814359197160229
leaf_count=219 490 261 84 1337 357 208 52 54 188 124 19 104 272 152 15 1084 28 8523 69 18 12 71 2187 45 750 34 15 45 82 26
internal_value=-0.00269829 -0.0309946 0.016333 -0.0120835 0.00881465 0.0242449 0.0365848 -0.0833128 0.0463076 0.0194861 0.0785608 0.00364239 0.0550303 0.00580418 -0.086489 -0.0407844 0.0672315 -0.0949107 -0.0359269 -0.066005 -0.0774261 0.0272918 0.0935368 0.0517173 0.0957603 0.0240969 0.0911094 0.0910456 0.0601365 0.0324731
internal_weight=3.60363 2.7848 1.46214 1.00377 0.811037 0.710352 0.646195 1.32267 0.603294 0.377171 0.458373 0.0855837 0.29076 0.122975 1.30014 0.202293 0.0778212 1.09785 0.0874936 0.171626 0.160584 0.0284964 0.818825 0.110086 0.372789 0.0212662 0.167786 0.226123 0.0521442 0.0223088
internal_count=16925 14474 4138 3147 1810 1453 1192 10336 1140 825 991 188 617 304 10282 1200 152 9082 559 1185 1167 83 2451 264 803 53 313 315 127 41
is_linear=0
shrinkage=0.1


Tree=78
num_leaves=31
num_cat=0
split_feature=14 6 6 9 13 3 14 3 10 6 7 6 9 6 7 6 8 10 9 6 12 6 8 6 6 13 6 6 6 9
split_gain=0.887729 0.624011 0.233962 0.166918 0.123165 0.0984316 0.0775684 0.0696972 0.0658021 0.144583 0.0534371 0.0774304 0.0477711 0.0626686 0.0452868 0.0651487 0.0393113 0.0364821 0.0299279 0.0689871 0.0294573 0.0343753 0.0239222 0.0201264 0.0730572 0.0104783 0.0181422 0.00585228 0.0301987 5.30586e-07
threshold=2061.0000000000005 0.5900362267323479 0.74411930287437345 0.58058917347220007 0.6105078905990805 1.0003129563271911 2206.5000000000005 1.4439106845072065 0.32209563980023986 0.6199196593005557 0.64805348406480323 0.82346239121275366 0.5266490001452292 0.65154114973199573 0.86496133237185024 0.37185631236742483 0.83146978741877242 0.31847049104165615 0.4264409810463532 0.56348206296185543 0.84301939105352497 0.58225841425355507 0.78636119436223095 0.47237988841394524 0.44318908101480253 0.43436701577312237 0.82973318282498421 0.63486625256802076 0.66462849728986706 0.56021787576095472
decision_type=2 2 2 2 2 2 2 2 2 2 2 2 2 2 2 2 2 2 2 2 2 2 2 2 2 2 2 2 2 2
left_child=23 7 3 4 5 -3 8 14 9 -7 11 -4 16 -14 18 -16 17 -11 19 -2 21 -17 -23 24 -1 26 -12 29 -29 -10
right_child=1 2 10 -5 -6 6 -8 -9 27 12 25 -13 13 -15 15 20 -18 -19 -20 -21 -22 22 -24 -25 -26 -27 -28 28 -30 -31
leaf_value=0.10003712626970551 -0.10001189368781141 -0.10003957491191638 -0.10007539749758979 -0.10002370666580276 -0.10004453577801316 -0.1001045936069483 -0.1001270325898253 0.10004097214763959 0.10014690119998559 0.10008412426408185 -0.10005135944383899 0.10004119335468456 0.10014561035230514 -0.10004556347083167 0.10032658841702453 -0.10001608096448478 -0.10008257576469584 -0.10010803763672156 -0.10001676417481978 0.10004595861254857 0.10007966961687814 0.10015889580319562 -0.10001587683183666 0.1000293600029931 -0.10005877594491666 0.10008663026414427 0.10003645950126981 -0.10003137546565764 0.10009050956419584 0.10053304837051538
leaf_weight=0.075557780015515497 0.053808507524081728 0.058054016000823827 0.037305748293874785 0.17439301685953978 0.091106957937881816 0.078195704714744352 0.038823725182737689 0.02037921399460163 0.10313985373068135 0.17863457756175194 0.0073035198729485265 0.040138042531907558 0.026109616534085944 0.038986660561931785 0.027757795876823366 0.11951962033344898 0.011562757528736256 0.0095918129954952747 0.91422404552577063 0.025360770741826855 0.0099922292283736169 0.016399864660343155 0.0093874916346976534 0.64131205758894794 0.024056262627709657 0.3180986896622926 0.011939758318476379 0.0094217556688818149 0.037764001579489559 0.054326422658050433
leaf_count=219 490 261 84 1337 357 208 52 54 164 383 19 104 34 158 15 1084 28 14 8523 69 18 12 71 2187 45 750 34 45 82 24
internal_value=-0.00269759 -0.030972 0.0163074 -0.0120617 0.00878861 0.0241707 0.0364643 -0.0833106 0.046146 0.0193762 0.0785542 0.00364226 0.0546476 -0.0197504 -0.0864867 -0.0407814 0.0788884 0.0898825 -0.094909 -0.0359262 -0.0660027 -0.0774236 0.0272883 0.0935337 0.051715 0.0957518 0.0240959 0.0910232 0.0601314 0.10028
internal_weight=3.26265 2.52173 1.3249 0.910111 0.735718 0.644611 0.586557 1.19683 0.547733 0.343081 0.414786 0.0774438 0.264885 0.0650963 1.17645 0.183057 0.199789 0.188226 0.993393 0.0791693 0.155299 0.145307 0.0257874 0.740926 0.099614 0.337342 0.0192433 0.204652 0.0471858 0.157466
internal_count=16925 14474 4138 3147 1810 1453 1192 10336 1140 825 991 188 617 192 10282 1200 425 397 9082 559 1185 1167 83 2451 264 803 53 315 127 188
is_linear=0
shrinkage=0.1


Tree=79
num_leaves=31
num_cat=0
split_feature=14 6 6 9 13 3 14 3 10 6 7 6 9 6 7 6 8 10 9 6 12 6 8 6 6 13 6 6 6 9
split_gain=0.803222 0.564617 0.211682 0.151029 0.111437 0.089057 0.0701771 0.0630629 0.059519 0.130812 0.0483467 0.0700579 0.0432216 0.0567 0.0409814 0.0589404 0.0355674 0.0330075 0.0270797 0.0624207 0.0266529 0.0311043 0.0216435 0.0182113 0.0661021 0.00947974 0.016415 0.00529014 0.0273228 3.93007e-07
threshold=2061.0000000000005 0.5900362267323479 0.74411930287437345 0.58058917347220007 0.6105078905990805 1.0003129563271911 2206.5000000000005 1.4439106845072065 0.32209563980023986 0.6199196593005557 0.64805348406480323 0.82346239121275366 0.5266490001452292 0.65154114973199573 0.86496133237185024 0.37185631236742483 0.83146978741877242 0.31847049104165615 0.4264409810463532 0.56348206296185543 0.84301939105352497 0.58225841425355507 0.78636119436223095 0.47237988841394524 0.44318908101480253 0.43436701577312237 0.82973318282498421 0.63486625256802076 0.66462849728986706 0.56021787576095472
decision_type=2 2 2 2 2 2 2 2 2 2 2 2 2 2 2 2 2 2 2 2 2 2 2 2 2 2 2 2 2 2
left_child=23 7 3 4 5 -3 8 14 9 -7 11 -4 16 -14 18 -16 17 -11 19 -2 21 -17 -23 24 -1 26 -12 29 -29 -10
right_child=1 2 10 -5 -6 6 -8 -9 27 12 25 -13 13 -15 15 20 -18 -19 -20 -21 -22 22 -24 -25 -26 -27 -28 28 -30 -31
leaf_value=0.100033592482793 -0.10001076180583753 -0.10003581023156759 -0.1000682219664995 -0.10002145226769708 -0.10004029869467601 -0.10009464851264444 -0.10011494073708678 0.10003707106599589 0.10013293163331341 0.10007612827803952 -0.10004647106278107 0.10003727158565737 0.10013175521917657 -0.10004122791120085 0.10029547508721987 -0.10001454965543782 -0.10007471948472246 -0.10009775168688054 -0.10001517005707108 0.10004158549463585 0.10007208594860265 0.10014375542533771 -0.10001436719467174 0.1000265636137086 -0.10005318054395458 0.10007840997574308 0.10003298483800188 -0.10002838847746445 0.10008190859783291 0.10048224228071777
leaf_weight=0.06836979964282397 0.048688474089431333 0.052531322500726452 0.033757934405002743 0.15780070356413489 0.08244029912748374 0.07076107199100079 0.035133186291204765 0.018440557993017026 0.093337156024063006 0.1616475080663804 0.0066088045423384747 0.036319754057331011 0.023628060793271288 0.03527804038458271 0.025123687693849206 0.10814739437773824 0.010463195227202959 0.0086798778356751427 0.82723662499483908 0.022948326557525434 0.0090419931802898645 0.014841340598650277 0.0084942754765506834 0.5802985432674177 0.021768161910586059 0.28785003762459382 0.010803896089782938 0.0085253986835596152 0.034173069056123495 0.049180171365151182
leaf_count=219 490 261 84 1337 357 208 52 54 164 383 19 104 34 158 15 1084 28 14 8523 69 18 12 71 2187 45 750 34 45 82 24
internal_value=-0.00269757 -0.0309703 0.0163058 -0.0120608 0.00878736 0.0241674 0.0364592 -0.0833085 0.0461396 0.0193745 0.0785483 0.00364214 0.0546431 -0.019749 -0.0864846 -0.0407788 0.078882 0.0898753 -0.0949075 -0.0359255 -0.0660007 -0.0774214 0.0272852 0.093531 0.051713 0.0957442 0.024095 0.0910029 0.0601268 0.100253
internal_weight=2.95232 2.28188 1.19892 0.823579 0.665778 0.583338 0.530807 1.08296 0.495674 0.310458 0.37534 0.0700777 0.239697 0.0589061 1.06452 0.165649 0.180791 0.170327 0.898873 0.0716368 0.140525 0.131483 0.0233356 0.670437 0.090138 0.305263 0.0174127 0.185216 0.0426985 0.142517
internal_count=16925 14474 4138 3147 1810 1453 1192 10336 1140 825 991 188 617 192 10282 1200 425 397 9082 559 1185 1167 83 2451 264 803 53 315 127 188
is_linear=0
shrinkage=0.1


Tree=80
num_leaves=31
num_cat=0
split_feature=14 6 6 9 13 3 14 3 10 6 7 6 9 6 7 6 8 10 9 6 12 6 8 6 6 13 6 6 6 9
split_gain=0.726761 0.510877 0.191526 0.136654 0.100825 0.0805759 0.0634909 0.0570602 0.0538376 0.118353 0.0437417 0.0633877 0.0391057 0.0513003 0.037085 0.0533245 0.0321802 0.0298641 0.0245026 0.0564793 0.0241157 0.0281446 0.0195819 0.0164783 0.0598093 0.00857645 0.0148524 0.00478244 0.024721 2.911e-07
threshold=2061.0000000000005 0.5900362267323479 0.74411930287437345 0.58058917347220007 0.6105078905990805 1.0003129563271911 2206.5000000000005 1.4439106845072065 0.32209563980023986 0.6199196593005557 0.64805348406480323 0.82346239121275366 0.5266490001452292 0.65154114973199573 0.86496133237185024 0.37185631236742483 0.83146978741877242 0.31847049104165615 0.4264409810463532 0.56348206296185543 0.84301939105352497 0.58225841425355507 0.78636119436223095 0.47237988841394524 0.44318908101480253 0.43436701577312237 0.82973318282498421 0.63486625256802076 0.66462849728986706 0.56021787576095472
decision_type=2 2 2 2 2 2 2 2 2 2 2 2 2 2 2 2 2 2 2 2 2 2 2 2 2 2 2 2 2 2
left_child=23 7 3 4 5 -3 8 14 9 -7 11 -4 16 -14 18 -16 17 -11 19 -2 21 -17 -23 24 -1 26 -12 29 -29 -10
right_child=1 2 10 -5 -6 6 -8 -9 27 12 25 -13 13 -15 15 20 -18 -19 -20 -21 -22 22 -24 -25 -26 -27 -28 28 -30 -31
leaf_value=0.10003039342665632 -0.10000973611191047 -0.10003240446185653 -0.10006173082291325 -0.10001941376669868 -0.1000364636193206 -0.10008564787901433 -0.10010400019196992 0.10003354090664787 0.1001202914574963 0.10006889218086368 -0.1000420515847011 0.10003372483353057 0.10011922050746613 -0.10003730458697134 0.1002673280408035 -0.10001317032825806 -0.10006761184566633 -0.10008844212130263 -0.10001373037107493 0.100037627450698 0.10006522698320215 0.1001300598302535 -0.10001299924903824 0.10002403429899182 -0.10004811768548801 0.10007096656025663 0.10002985148616671 -0.10002568651663901 0.10007412605992611 0.10043628380761167
leaf_weight=0.061865431111073454 0.04405558135476928 0.047533842473057808 0.030547323054634035 0.14278674364322796 0.074597781655029394 0.064032731068436988 0.031793119618669152 0.016686265706084669 0.084465071922750212 0.1462747530604247 0.0059801446041092268 0.032864578650332987 0.021382094331784174 0.03192207908432465 0.022738910018233582 0.097857091481273528 0.0094681288755964488 0.0078545714786741883 0.74852488397300476 0.020765284411027096 0.0081820661434903741 0.013430743827484548 0.007686038014071527 0.52508843627583701 0.019697593699675053 0.260475872841198 0.0097760602948255837 0.0077142974405433043 0.030923354352125898 0.044519386283354834
leaf_count=219 490 261 84 1337 357 208 52 54 164 383 19 104 34 158 15 1084 28 14 8523 69 18 12 71 2187 45 750 34 45 82 24
internal_value=-0.00269756 -0.0309689 0.0163043 -0.01206 0.00878623 0.0241645 0.0364546 -0.0833067 0.0461337 0.019373 0.078543 0.00364203 0.0546391 -0.0197478 -0.0864827 -0.0407764 0.0788762 0.0898687 -0.0949061 -0.0359248 -0.0659988 -0.0774194 0.0272824 0.0935285 0.0517111 0.0957373 0.0240941 0.0909846 0.0601227 0.100229
internal_weight=2.67149 2.06484 1.08491 0.745268 0.602481 0.527883 0.48035 0.979927 0.448556 0.280934 0.339644 0.0634119 0.216902 0.0533042 0.963241 0.149895 0.163597 0.154129 0.813346 0.0648209 0.127156 0.118974 0.0211168 0.606651 0.081563 0.276232 0.0157562 0.167622 0.0386377 0.128984
internal_count=16925 14474 4138 3147 1810 1453 1192 10336 1140 825 991 188 617 192 10282 1200 425 397 9082 559 1185 1167 83 2451 264 803 53 315 127 188
is_linear=0
shrinkage=0.1


Tree=81
num_leaves=31
num_cat=0
split_feature=14 6 6 9 13 3 14 3 10 6 7 6 9 6 7 6 8 10 9 6 12 6 8 6 6 13 6 6 6 9
split_gain=0.657581 0.462253 0.173289 0.123647 0.0912254 0.072903 0.0574425 0.051629 0.0487 0.107082 0.0395756 0.0573528 0.035382 0.0464151 0.0335587 0.0482443 0.0291158 0.0270203 0.0221707 0.0511036 0.02182 0.0254665 0.017717 0.0149103 0.0541158 0.00775933 0.0134385 0.00432384 0.0223671 2.15621e-07
threshold=2061.0000000000005 0.5900362267323479 0.74411930287437345 0.58058917347220007 0.6105078905990805 1.0003129563271911 2206.5000000000005 1.4439106845072065 0.32209563980023986 0.6199196593005557 0.64805348406480323 0.82346239121275366 0.5266490001452292 0.65154114973199573 0.86496133237185024 0.37185631236742483 0.83146978741877242 0.31847049104165615 0.4264409810463532 0.56348206296185543 0.84301939105352497 0.58225841425355507 0.78636119436223095 0.47237988841394524 0.44318908101480253 0.43436701577312237 0.82973318282498421 0.63486625256802076 0.66462849728986706 0.56021787576095472
decision_type=2 2 2 2 2 2 2 2 2 2 2 2 2 2 2 2 2 2 2 2 2 2 2 2 2 2 2 2 2 2
left_child=23 7 3 4 5 -3 8 14 9 -7 11 -4 16 -14 18 -16 17 -11 19 -2 21 -17 -23 24 -1 26 -12 29 -29 -10
right_child=1 2 10 -5 -6 6 -8 -9 27 12 25 -13 13 -15 15 20 -18 -19 -20 -21 -22 22 -24 -25 -26 -27 -28 28 -30 -31
leaf_value=0.10002750228224132 -0.10000880859546071 -0.1000293214190609 -0.10005585755982274 -0.10001756568531479 -0.10003299379162947 -0.10007750311750757 -0.10009410070586462 0.10003035016038615 0.10010885121081409 0.10006234223086548 -0.10003804880698866 0.10003051482822772 0.10010787680606714 -0.10003375595291596 0.10024186441016572 -0.10001191569808582 -0.10006118090877357 -0.10008002360267386 -0.10001242912538502 0.10003404641939112 0.10005902017154411 0.10011766847899684 -0.10001176214329721 0.10002174483087911 -0.10004353786776546 0.10006422859673336 0.10002700614041629 -0.10002324386161404 0.10006707989658779 0.10039471034016914
leaf_weight=0.055979694137932134 0.039863489466369861 0.0430116574789281 0.027641900975140743 0.12920105402736226 0.067501086523407139 0.057943686639191583 0.028770304648787715 0.015098814837983809 0.076435447423136793 0.13236309304193128 0.0054112639627419421 0.029738006414845586 0.019349399881321006 0.028885264386190102 0.020579977397574112 0.088545811646326911 0.0085676398739451542 0.0071076777385314918 0.677301694144262 0.018789844660204835 0.0074038755847141138 0.01215406708070077 0.0069546964441542505 0.47512998459569644 0.017823894202592783 0.23570337914861739 0.0088459838443668559 0.0069803468722966491 0.027982478015474044 0.040298639301909134
leaf_count=219 490 261 84 1337 357 208 52 54 164 383 19 104 34 158 15 1084 28 14 8523 69 18 12 71 2187 45 750 34 45 82 24
internal_value=-0.00269755 -0.0309675 0.016303 -0.0120592 0.00878521 0.0241618 0.0364505 -0.083305 0.0461284 0.0193717 0.0785381 0.00364194 0.0546354 -0.0197467 -0.0864809 -0.0407742 0.078871 0.0898627 -0.0949048 -0.0359242 -0.0659971 -0.0774175 0.0272799 0.0935262 0.0517095 0.095731 0.0240934 0.090968 0.0601189 0.100208
internal_weight=2.41736 1.86843 0.981738 0.674398 0.545197 0.477696 0.434684 0.886692 0.405914 0.254217 0.307341 0.0573799 0.196273 0.0482347 0.871593 0.135638 0.148038 0.139471 0.735955 0.0586533 0.115058 0.107655 0.0191088 0.548934 0.0738036 0.249961 0.0142572 0.151697 0.0349628 0.116734
internal_count=16925 14474 4138 3147 1810 1453 1192 10336 1140 825 991 188 617 192 10282 1200 425 397 9082 559 1185 1167 83 2451 264 803 53 315 127 188
is_linear=0
shrinkage=0.1


Tree=82
num_leaves=31
num_cat=0
split_feature=14 6 6 9 13 3 14 3 10 6 7 6 9 6 7 6 8 10 9 6 12 6 8 6 6 13 7 6 6 9
split_gain=0.594988 0.418257 0.15679 0.111878 0.0825398 0.0659611 0.0519708 0.0467149 0.0440539 0.0968848 0.0358067 0.0518928 0.0320131 0.0419954 0.0303675 0.0436486 0.0263434 0.0244474 0.0200608 0.0462397 0.019743 0.0230432 0.0160297 0.0134914 0.0489644 0.00702014 0.0121593 0.0039095 0.0202374 1.59717e-07
threshold=2061.0000000000005 0.5900362267323479 0.74411930287437345 0.58058917347220007 0.6105078905990805 1.0003129563271911 2206.5000000000005 1.4439106845072065 0.32209563980023986 0.6199196593005557 0.64805348406480323 0.82346239121275366 0.5266490001452292 0.65154114973199573 0.86496133237185024 0.37185631236742483 0.83146978741877242 0.31847049104165615 0.4264409810463532 0.56348206296185543 0.84301939105352497 0.58225841425355507 0.78636119436223095 0.47237988841394524 0.44318908101480253 0.43436701577312237 0.74568538266672035 0.63486625256802076 0.66462849728986706 0.56021787576095472
decision_type=2 2 2 2 2 2 2 2 2 2 2 2 2 2 2 2 2 2 2 2 2 2 2 2 2 2 2 2 2 2
left_child=23 7 3 4 5 -3 8 14 9 -7 11 -4 16 -14 18 -16 17 -11 19 -2 21 -17 -23 24 -1 26 -12 29 -29 -10
right_child=1 2 10 -5 -6 6 -8 -9 27 12 25 -13 13 -15 15 20 -18 -19 -20 -21 -22 22 -24 -25 -26 -27 -28 28 -30 -31
leaf_value=0.10002488596946857 -0.10000797144221599 -0.10002653174666554 -0.10005054336064173 -0.10001589565561471 -0.10002985469750132 -0.10007013201212489 -0.10008514317635192 0.10002746196832407 0.10009849937202497 0.1000564151417886 0.10002443677185556 0.10002760882359572 0.1000976110847604 -0.10003054356877482 0.10021882926882071 -0.10001078294466317 -0.10005535988125075 -0.10007240529435175 -0.10001124301224107 0.10003080553041362 0.10005340215215947 0.10010646164180148 -0.10001064314667019 0.10001967622981163 -0.10003939250982007 0.10005812946497479 -0.10003442633244258 -0.10002103148986803 0.10006070229604445 0.10035710525215791
leaf_weight=0.050653778598644172 0.036070263413421122 0.038919587357668206 0.025012687481648754 0.11690780083154095 0.061079328057530802 0.052433281241974328 0.026034659458673559 0.01366234700253699 0.06916844192892313 0.11977381382894237 0.0080043724592542276 0.026908802567049861 0.017509765268187039 0.026137264809221961 0.018625596043420956 0.080120425103814341 0.0077527492394438005 0.0064317575888708225 0.61285480221704347 0.01700227742549032 0.0066996606619795776 0.010998623358318582 0.0062929363848525091 0.42992382947704755 0.01612836099229753 0.21328557698871009 0.0048964823945425459 0.0063162116275634608 0.025321124761831015 0.036476685432717204
leaf_count=219 490 261 84 1337 357 208 52 54 164 383 34 104 34 158 15 1084 28 14 8523 69 18 12 71 2187 45 750 19 45 82 24
internal_value=-0.00269754 -0.0309663 0.0163017 -0.0120585 0.00878428 0.0241594 0.0364467 -0.0833034 0.0461237 0.0193704 0.0785338 0.00364185 0.0546321 -0.0197457 -0.0864794 -0.0407723 0.0788663 0.0898573 -0.0949036 -0.0359237 -0.0659956 -0.0774159 0.0272776 0.0935242 0.0517079 0.0957253 0.0240927 0.090953 0.0601155 0.100188
internal_weight=2.1874 1.6907 0.88837 0.610262 0.493355 0.432275 0.393356 0.802327 0.367321 0.230039 0.278108 0.0519215 0.177605 0.043647 0.788665 0.122737 0.133958 0.126206 0.665927 0.0530725 0.104112 0.097412 0.0172916 0.496706 0.0667821 0.226186 0.0129009 0.137282 0.0316373 0.105645
internal_count=16925 14474 4138 3147 1810 1453 1192 10336 1140 825 991 188 617 192 10282 1200 425 397 9082 559 1185 1167 83 2451 264 803 53 315 127 188
is_linear=0
shrinkage=0.1


Tree=83
num_leaves=31
num_cat=0
split_feature=14 6 6 9 13 3 14 3 10 6 7 6 9 6 7 6 8 10 9 6 12 6 8 6 6 13 6 6 6 9
split_gain=0.538355 0.37845 0.141863 0.10123 0.0746816 0.0596807 0.0470208 0.0422686 0.039852 0.0876593 0.0323969 0.0469527 0.0289651 0.0379968 0.0274796 0.0394911 0.0238352 0.0221196 0.0181517 0.0418387 0.0178637 0.0208505 0.0145033 0.0122076 0.0443036 0.00635144 0.0110019 0.00353512 0.0183106 1.18307e-07
threshold=2061.0000000000005 0.5900362267323479 0.74411930287437345 0.58058917347220007 0.6105078905990805 1.0003129563271911 2206.5000000000005 1.4439106845072065 0.32209563980023986 0.6199196593005557 0.64805348406480323 0.82346239121275366 0.5266490001452292 0.65154114973199573 0.86496133237185024 0.37185631236742483 0.83146978741877242 0.31847049104165615 0.4264409810463532 0.56348206296185543 0.84301939105352497 0.58225841425355507 0.78636119436223095 0.47237988841394524 0.44318908101480253 0.43436701577312237 0.82973318282498421 0.63486625256802076 0.66462849728986706 0.56021787576095472
decision_type=2 2 2 2 2 2 2 2 2 2 2 2 2 2 2 2 2 2 2 2 2 2 2 2 2 2 2 2 2 2
left_child=23 7 3 4 5 -3 8 14 9 -7 11 -4 16 -14 18 -16 17 -11 19 -2 21 -17 -23 24 -1 26 -12 29 -29 -10
right_child=1 2 10 -5 -6 6 -8 -9 27 12 25 -13 13 -15 15 20 -18 -19 -20 -21 -22 22 -24 -25 -26 -27 -28 28 -30 -31
leaf_value=0.10002251904678612 -0.10000721263248713 -0.10002400744748692 -0.10004573330843043 -0.10001438276546014 -0.10002701302535344 -0.1000634620807577 -0.10007703925800911 0.10002484729563366 0.10008912999286781 0.10005105143477151 -0.10003115026632479 0.10002498246177452 0.10008832557076511 -0.10002763673807635 0.10019798918154671 -0.10000976075003404 -0.10005009472613909 -0.10006551102352089 -0.10001017383641611 0.10002787368253557 0.10004832086974236 0.10009632059419998 -0.10000962948321529 0.1000178019443858 -0.10003564286329103 0.10005260860046628 0.10002211111674214 -0.1000190289371459 0.10005493109716423 0.10032308417708863
leaf_weight=0.045834463569917827 0.032637959218845713 0.035216742318880279 0.022633448221313301 0.10578407172579318 0.055268351647100644 0.047446596574445721 0.023558944660180714 0.012362509296508506 0.062591754875029437 0.10838134310324676 0.0044306582567514852 0.024348698483663611 0.01584488622029312 0.023650627350434661 0.016856463218573481 0.072496662654884858 0.0070153280103113494 0.0058200753992423407 0.55453958226644318 0.015384724785690196 0.0060623958415817461 0.0099529228609753773 0.0056941390575957476 0.38901808335504029 0.014594063686672598 0.19299887954548467 0.0072428154235240072 0.0057152531808242193 0.022912755463039503 0.033016093264450319
leaf_count=219 490 261 84 1337 357 208 52 54 164 383 19 104 34 158 15 1084 28 14 8523 69 18 12 71 2187 45 750 34 45 82 24
internal_value=-0.00269753 -0.0309652 0.0163006 -0.0120579 0.00878344 0.0241572 0.0364433 -0.0833021 0.0461193 0.0193693 0.0785298 0.00364177 0.0546291 -0.0197447 -0.0864779 -0.0407705 0.078862 0.0898525 -0.0949026 -0.0359232 -0.0659942 -0.0774144 0.0272756 0.0935223 0.0517066 0.0957202 0.024092 0.0909394 0.0601125 0.10017
internal_weight=1.97931 1.52986 0.803877 0.552223 0.446439 0.39117 0.355954 0.725987 0.332395 0.208159 0.251654 0.0469821 0.160712 0.0394955 0.713625 0.111063 0.121217 0.114201 0.602562 0.0480227 0.0942061 0.0881437 0.0156471 0.449447 0.0604285 0.204672 0.0116735 0.124236 0.028628 0.0956078
internal_count=16925 14474 4138 3147 1810 1453 1192 10336 1140 825 991 188 617 192 10282 1200 425 397 9082 559 1185 1167 83 2451 264 803 53 315 127 188
is_linear=0
shrinkage=0.1


Tree=84
num_leaves=31
num_cat=0
split_feature=14 6 6 9 13 3 14 3 10 6 7 6 9 6 7 6 8 10 9 6 12 6 8 6 6 13 6 6 6 9
split_gain=0.487113 0.342431 0.128357 0.091595 0.0675718 0.0539985 0.0425426 0.0382456 0.0360518 0.0793128 0.029312 0.0424831 0.0262074 0.0343792 0.0248661 0.0357299 0.0215659 0.0200136 0.0164242 0.0378567 0.0161633 0.0188664 0.0131223 0.0110459 0.0400865 0.00574649 0.00995466 0.00319679 0.0165674 8.76377e-08
threshold=2061.0000000000005 0.5900362267323479 0.74411930287437345 0.58058917347220007 0.6105078905990805 1.0003129563271911 2206.5000000000005 1.4439106845072065 0.32209563980023986 0.6199196593005557 0.64805348406480323 0.82346239121275366 0.5266490001452292 0.65154114973199573 0.86496133237185024 0.37185631236742483 0.83146978741877242 0.31847049104165615 0.4264409810463532 0.56348206296185543 0.84301939105352497 0.58225841425355507 0.78636119436223095 0.47237988841394524 0.44318908101480253 0.43436701577312237 0.82973318282498421 0.63486625256802076 0.66462849728986706 0.56021787576095472
decision_type=2 2 2 2 2 2 2 2 2 2 2 2 2 2 2 2 2 2 2 2 2 2 2 2 2 2 2 2 2 2
left_child=23 7 3 4 5 -3 8 14 9 -7 11 -4 16 -14 18 -16 17 -11 19 -2 21 -17 -23 24 -1 26 -12 29 -29 -10
right_child=1 2 10 -5 -6 6 -8 -9 27 12 25 -13 13 -15 15 20 -18 -19 -20 -21 -22 22 -24 -25 -26 -27 -28 28 -30 -31
leaf_value=0.10002037386926313 -0.10000652469385052 -0.10002172259006781 -0.10004138073628062 -0.1000130141928026 -0.10002444297507468 -0.10005742620427534 -0.10006970630009378 0.10002248003900804 0.10008065321153872 0.10004619622699845 -0.10002818887294465 0.10002260449569678 0.10007992050710646 -0.10002500782638174 0.10017913371900966 -0.10000883095492444 -0.10004532892466544 -0.10005927425807991 -0.10000920906217328 0.10002522188049788 0.1000437216230548 0.10008714820422507 -0.10000871303390468 0.10001611263404653 -0.1000322466175891 0.1000476105934099 0.1000200050210905 -0.10001721838601307 0.10004970982765474 0.10029231286716558
leaf_weight=0.041473581644822954 0.029532239524996617 0.031866117082245182 0.020480436440266203 0.095718629254406551 0.050010092312732013 0.042933914155582897 0.02131849743091152 0.011186312287463807 0.056639915303094313 0.098072011540352833 0.0040091380797093734 0.02203211048617959 0.014338188586407341 0.021400506531790597 0.015255083242664114 0.065598270990449237 0.0063480183162027961 0.0052665335388155645 0.50177276985778008 0.013921025092713535 0.005485721936565823 0.0090065604454139248 0.0051523149195418236 0.35200376901775599 0.013205680093960837 0.17464088711130898 0.0065537014306755736 0.0051714638357225331 0.020733345620101318 0.029882896924391389
leaf_count=219 490 261 84 1337 357 208 52 54 164 383 19 104 34 158 15 1084 28 14 8523 69 18 12 71 2187 45 750 34 45 82 24
internal_value=-0.00269752 -0.0309642 0.0162996 -0.0120574 0.00878268 0.0241553 0.0364402 -0.0833008 0.0461154 0.0193683 0.0785262 0.0036417 0.0546264 -0.0197439 -0.0864767 -0.0407689 0.0788581 0.089848 -0.0949017 -0.0359228 -0.065993 -0.077413 0.0272737 0.0935206 0.0517053 0.0957156 0.0240915 0.0909271 0.0601097 0.100154
internal_weight=1.79101 1.38433 0.727416 0.4997 0.403982 0.353971 0.322105 0.65691 0.300787 0.188359 0.227716 0.0425125 0.145425 0.0357387 0.645724 0.100498 0.109687 0.103339 0.545226 0.0434533 0.0852429 0.0797571 0.0141589 0.406683 0.0546793 0.185204 0.0105628 0.112428 0.0259048 0.0865228
internal_count=16925 14474 4138 3147 1810 1453 1192 10336 1140 825 991 188 617 192 10282 1200 425 397 9082 559 1185 1167 83 2451 264 803 53 315 127 188
is_linear=0
shrinkage=0.1


Tree=85
num_leaves=31
num_cat=0
split_feature=14 6 6 9 13 3 14 3 10 6 7 6 9 6 7 6 8 10 9 6 12 6 8 6 6 3 6 6 9 8
split_gain=0.440749 0.309841 0.116138 0.0828774 0.0611391 0.0488576 0.0384912 0.0346055 0.0326146 0.0717614 0.026521 0.0384391 0.0237124 0.0311061 0.0225011 0.0323272 0.0195127 0.0181082 0.0148612 0.0342537 0.0146248 0.0170711 0.0118728 0.00999479 0.0362709 0.00519949 0.00289101 0.0149901 6.49163e-08 1.14793e-08
threshold=2061.0000000000005 0.5900362267323479 0.74411930287437345 0.58058917347220007 0.6105078905990805 1.0003129563271911 2206.5000000000005 1.4439106845072065 0.32209563980023986 0.6199196593005557 0.64805348406480323 0.82346239121275366 0.5266490001452292 0.65154114973199573 0.86496133237185024 0.37185631236742483 0.83146978741877242 0.31847049104165615 0.4264409810463532 0.56348206296185543 0.84301939105352497 0.58225841425355507 0.78636119436223095 0.47237988841394524 0.44318908101480253 1.0002720006616583 0.63486625256802076 0.66462849728986706 0.56021787576095472 0.70529036231041409
decision_type=2 2 2 2 2 2 2 2 2 2 2 2 2 2 2 2 2 2 2 2 2 2 2 2 2 2 2 2 2 2
left_child=23 7 3 4 5 -3 8 14 9 -7 11 -4 16 -14 18 -16 17 -11 19 -2 21 -17 -23 24 -1 -12 28 -28 29 -10
right_child=1 2 10 -5 -6 6 -8 -9 26 12 25 -13 13 -15 15 20 -18 -19 -20 -21 -22 22 -24 -25 -26 -27 27 -29 -30 -31
leaf_value=0.10001843693105406 -0.10000590560240014 -0.10001965639135389 -0.10003744385149722 -0.10001177654034671 -0.10002211704038755 -0.1000519635394142 -0.10006307262687292 0.10002034076641203 0.10011867903919457 0.1000418037052397 0.023897972250487502 0.10002045265375302 0.10007231843594802 -0.10002262759494443 0.10016207608275839 -0.1000079895768355 -0.1000410158046816 -0.10005363150483092 -0.10000833534338527 0.10002282232159976 0.10003956021861027 0.10007884866988931 -0.10000788385170785 0.10001457546578894 -0.10002918453147912 0.10003168159115922 -0.10001558029793045 0.10004498205700099 0.10026446909804985 0.10002397007182105
leaf_weight=0.037527538355789258 0.026722032591351086 0.028834220644057496 0.018532157504523639 0.086610814589221263 0.045252001633343752 0.038850225097121438 0.019290988024295075 0.010121999512193725 0.02652332407888025 0.088742924308462534 0.0095099478348856792 0.019935885051381774 0.012974665194633417 0.019364416493772296 0.013805601323838346 0.059356244222726673 0.005744159599998965 0.0047656117312726556 0.45402653998826281 0.012596551263413858 0.0049638824566500253 0.008150114314048551 0.004662044004362543 0.31851082773937378 0.011949341074796394 0.15807629545452073 0.0046794066911388646 0.018761148261546623 0.027046290575526655 0.024730319986701943
leaf_count=219 490 261 84 1337 357 208 52 54 32 383 21 104 34 158 15 1084 28 14 8523 69 18 12 71 2187 45 782 45 82 24 132
internal_value=-0.00269751 -0.0309633 0.0162987 -0.0120569 0.008782 0.0241535 0.0364374 -0.0832997 0.0461119 0.0193674 0.078523 0.00364164 0.0546239 -0.0197431 -0.0864755 -0.0407674 0.0788546 0.089844 -0.0949008 -0.0359224 -0.0659918 -0.0774118 0.027272 0.0935191 0.0517042 0.0957114 0.0909159 0.0601072 0.100139 0.100073
internal_weight=1.62062 1.25263 0.658225 0.452171 0.36556 0.320308 0.291473 0.594405 0.272182 0.170442 0.206054 0.038468 0.131592 0.0323391 0.584283 0.0909379 0.0992527 0.0935085 0.493345 0.0393186 0.0771323 0.0721684 0.0128122 0.367988 0.0494769 0.167586 0.10174 0.0234406 0.0782999 0.0512536
internal_count=16925 14474 4138 3147 1810 1453 1192 10336 1140 825 991 188 617 192 10282 1200 425 397 9082 559 1185 1167 83 2451 264 803 315 127 188 164
is_linear=0
shrinkage=0.1


Tree=86
num_leaves=31
num_cat=0
split_feature=14 6 9 3 9 9 6 3 10 11 6 13 6 8 9 7 6 3 3 9 6 12 6 8 6 6 8 6 6 7
split_gain=0.398724 0.280402 0.10523 0.0549518 0.0435356 0.0606041 0.0346951 0.0313119 0.0265987 0.0333492 0.0257228 0.0218445 0.0215719 0.0206327 0.0301873 0.0203608 0.0292487 0.0169154 0.0137141 0.0134469 0.0309937 0.0132328 0.0154466 0.0107424 0.00904369 0.0328186 0.00745562 0.0111232 0.00884543 0.0208482
threshold=2061.0000000000005 0.5900362267323479 0.42011181272436188 1.3374471320600141 0.58058917347220007 0.56021787576095472 0.77025192968544343 1.4439106845072065 0.30566566216516161 0.15889505495883768 0.66462849728986706 0.64327372856241272 0.82346239121275366 0.62475320453681238 0.45076856119741632 0.86496133237185024 0.37185631236742483 1.0006838903605497 1.0002466771110343 0.4264409810463532 0.56348206296185543 0.84301939105352497 0.58225841425355507 0.78636119436223095 0.47237988841394524 0.44318908101480253 0.83146978741877242 0.81259380654323088 0.6199196593005557 0.68023665868150129
decision_type=2 2 2 2 2 2 2 2 2 2 2 2 2 2 2 2 2 2 2 2 2 2 2 2 2 2 2 2 2 2
left_child=24 7 11 4 5 6 8 15 13 -10 -11 18 -6 14 -4 19 -17 -7 -3 20 -2 22 -18 -24 25 -1 28 -28 29 -20
right_child=1 2 3 -5 12 17 -8 -9 9 10 -12 -13 -14 -15 -16 16 21 -19 26 -21 -22 -23 23 -25 -26 -27 27 -29 -30 -31
leaf_value=0.1000166827980936 -0.10000534467538554 -0.10002430589517518 -0.10002657160932814 0.097808272645347305 -0.10001135554527417 -0.033805964800498939 0.10001966962485449 0.10001840555248054 0.10010596261945806 -0.10002114115936012 0.055008098881963535 -0.10002443978337852 0.10002933790703861 -0.10003593997176026 0.10005917357509064 0.10014664229077266 -0.10000722881490934 0.10015160522128219 -0.10005536857534954 -0.10000754244407623 0.1000206497992096 0.10003579641286947 0.10007134234281763 -0.10000713448575066 0.10001318864031453 -0.10002640031238284 -0.1000371135612602 0.10002029112715326 0.10002579550402382 0.10002406712370991
leaf_weight=0.033956886021769717 0.02417922376480397 0.0040422659949399522 0.015701890864875168 0.04004254522442352 0.08208494346763473 0.01137736424425384 0.017940626828931272 0.0091589321673382074 0.023507106801844202 0.030576653567550238 0.01646622885891702 0.006812785995862213 0.0057696954318089402 0.085823479708778905 0.014506782892567571 0.012493652131524868 0.053708138118963689 0.054973447389784269 0.0077602049132110542 0.41082329201890389 0.011398065791581757 0.0044916670012753448 0.0073750535520957783 0.0042184219055343419 0.28820429855841212 0.010812496278958861 0.0051977229450130835 0.0059729102358687669 0.15207382272637915 0.015834551268198993
leaf_count=219 490 27 119 234 1356 49 108 54 40 276 76 56 24 589 53 15 1084 69 31 8523 69 18 12 71 2187 45 28 31 882 90
internal_value=-0.00269664 -0.0309401 0.0162729 -0.0133013 -0.0257037 -0.00586386 -0.0328053 -0.0832987 -0.0455769 0.00284431 -0.0457569 0.0759272 -0.086874 -0.075018 -0.00394157 -0.0864744 -0.0407661 0.0771815 0.0822071 -0.0949 -0.0359221 -0.0659908 -0.0774107 0.0272704 0.0935178 0.0517032 0.0861497 0.00693309 0.091187 0.0342189
internal_weight=1.46729 1.13431 0.596465 0.398771 0.358728 0.270874 0.204523 0.537846 0.186582 0.07055 0.0470429 0.197694 0.0878546 0.116032 0.0302087 0.528688 0.0822869 0.0663508 0.190881 0.446401 0.0355773 0.0697933 0.0653016 0.0115935 0.332974 0.0447694 0.186839 0.0111706 0.175669 0.0235948
internal_count=16925 14474 4138 2993 2759 1379 1261 10336 1153 392 352 1145 1380 761 172 10282 1200 118 1089 9082 559 1185 1167 83 2451 264 1062 59 1003 121
is_linear=0
shrinkage=0.1


Tree=87
num_leaves=31
num_cat=0
split_feature=14 6 6 9 13 3 14 3 10 6 7 6 9 6 7 6 8 10 3 9 6 12 6 8 6 6 6 6 3 9
split_gain=0.360577 0.253848 0.0952913 0.0676367 0.0507992 0.0408237 0.0315756 0.0283319 0.0267152 0.0588453 0.0214988 0.0314745 0.0194429 0.0254699 0.0184241 0.0264636 0.0159817 0.0148272 0.0131296 0.0121672 0.028044 0.0119733 0.0139768 0.00971969 0.00818309 0.0296949 0.00231401 0.0123256 4.86868e-08 3.56278e-08
threshold=2061.0000000000005 0.5900362267323479 0.74411930287437345 0.58058917347220007 0.6105078905990805 1.0003129563271911 2206.5000000000005 1.4439106845072065 0.32209563980023986 0.6199196593005557 0.64805348406480323 0.82346239121275366 0.5266490001452292 0.65154114973199573 0.86496133237185024 0.37185631236742483 0.83146978741877242 0.31847049104165615 1.0002466771110343 0.4264409810463532 0.56348206296185543 0.84301939105352497 0.58225841425355507 0.78636119436223095 0.47237988841394524 0.44318908101480253 0.63486625256802076 0.66462849728986706 1.0002720006616583 0.56021787576095472
decision_type=2 2 2 2 2 2 2 2 2 2 2 2 2 2 2 2 2 2 2 2 2 2 2 2 2 2 2 2 2 2
left_child=24 7 3 4 5 -3 8 14 9 -7 11 -4 16 -14 19 -16 17 -11 -12 20 -2 22 -17 -24 25 -1 29 -28 -20 -10
right_child=1 2 10 -5 -6 6 -8 -9 26 12 18 -13 13 -15 15 21 -18 -19 28 -21 -22 -23 23 -25 -26 -27 27 -29 -30 -31
leaf_value=0.10001509152760622 -0.10000483256966691 -0.10001662390164966 -0.10003065636083447 -0.10000964323677303 -0.10001869877889975 -0.10004254787240195 -0.10005163995336719 0.10001665515283838 0.10005975335150008 0.10003444339462014 -0.10002363520270741 0.10001674668199707 0.10005919065914065 -0.1000185263234918 0.10013268331802493 -0.10000653995439704 -0.10003358286508308 -0.1000439105997534 0.10032496187196789 -0.10000682661361371 0.10001868332135806 0.10003239054110102 0.10006454895766713 -0.10000645522618823 0.10001193372619827 -0.10002389153199572 -0.10001275421982575 0.10003859119163001 0.10002594105519713 0.10021648936548214
leaf_weight=0.030725924923899695 0.02187837243764057 0.024079758735751966 0.015173857580521144 0.070912323735683458 0.037700190372561337 0.031810931621294003 0.015796239415067248 0.0082874821237055585 0.041976425993198063 0.072876701131463051 0.0033619653695495791 0.016328050740412436 0.010627328010741621 0.01585466160759097 0.011306219777907245 0.048597449909721036 0.0047032517977640955 0.0039022195705911136 0.0056842061458155504 0.37173081730361446 0.010313588900316972 0.00406435974582564 0.0066736544104060158 0.0038170105653989594 0.26078114486881532 0.0097837843568413518 0.0038312499164021565 0.015702875607530586 0.12946150786592625 0.022158479812787846
leaf_count=219 490 261 84 1337 357 208 52 54 164 383 19 104 34 158 15 1084 28 14 2 8523 69 18 12 71 2187 45 45 82 782 24
internal_value=-0.00269381 -0.0308748 0.0162014 -0.0121487 0.00854904 0.024093 0.0365847 -0.0832977 0.0462441 0.0194917 0.0782234 0.0036578 0.0547117 -0.0197265 -0.0864735 -0.0407649 0.0789044 0.0898656 0.0951825 -0.0948994 -0.0359217 -0.0659899 -0.0774097 0.0272691 0.0935165 0.0517023 0.0909359 0.0608023 0.100039 0.100114
internal_weight=1.3299 1.02861 0.541942 0.371933 0.30102 0.26332 0.23924 0.486669 0.223444 0.139775 0.17001 0.0315019 0.107964 0.026482 0.478381 0.0744587 0.0814822 0.0767789 0.138508 0.403923 0.032192 0.0631525 0.0590881 0.0104907 0.301291 0.0405097 0.083669 0.0195341 0.135146 0.0641349
internal_count=16925 14474 4138 3147 1810 1453 1192 10336 1140 825 991 188 617 192 10282 1200 425 397 803 9082 559 1185 1167 83 2451 264 315 127 784 188
is_linear=0
shrinkage=0.1


Tree=88
num_leaves=31
num_cat=0
split_feature=14 6 6 9 13 3 14 3 10 6 7 6 9 6 7 6 8 10 3 9 6 12 6 8 6 6 6 6 3 9
split_gain=0.326259 0.22969 0.0862202 0.0611996 0.0459637 0.0369375 0.0285692 0.0256354 0.0241694 0.0532433 0.0194519 0.0284787 0.0175921 0.0230453 0.0166715 0.0239439 0.0144604 0.0134157 0.0118797 0.0110093 0.025375 0.0108337 0.0126467 0.00879436 0.00740438 0.0268686 0.00209296 0.0111523 3.60569e-08 2.63918e-08
threshold=2061.0000000000005 0.5900362267323479 0.74411930287437345 0.58058917347220007 0.6105078905990805 1.0003129563271911 2206.5000000000005 1.4439106845072065 0.32209563980023986 0.6199196593005557 0.64805348406480323 0.82346239121275366 0.5266490001452292 0.65154114973199573 0.86496133237185024 0.37185631236742483 0.83146978741877242 0.31847049104165615 1.0002466771110343 0.4264409810463532 0.56348206296185543 0.84301939105352497 0.58225841425355507 0.78636119436223095 0.47237988841394524 0.44318908101480253 0.63486625256802076 0.66462849728986706 1.0002720006616583 0.56021787576095472
decision_type=2 2 2 2 2 2 2 2 2 2 2 2 2 2 2 2 2 2 2 2 2 2 2 2 2 2 2 2 2 2
left_child=24 7 3 4 5 -3 8 14 9 -7 11 -4 16 -14 19 -16 17 -11 -12 20 -2 22 -17 -24 25 -1 29 -28 -20 -10
right_child=1 2 10 -5 -6 6 -8 -9 26 12 18 -13 13 -15 15 21 -18 -19 28 -21 -22 -23 23 -25 -26 -27 27 -29 -30 -31
leaf_value=0.10001365529656424 -0.10000437646335721 -0.10001504211821695 -0.10002773900853319 -0.10000872405973933 -0.10001691969388998 -0.10003850008265308 -0.10004672454114738 0.10001506802475711 0.10005406906254916 0.1000311680784451 -0.10002138613738372 0.10001515306714517 0.10005355924133703 -0.10001676432062148 0.10012004959307884 -0.10000592076587554 -0.10003038653433721 -0.10003972932876881 0.10029395776831181 -0.10000617651872697 0.10001690603891865 0.10002930608397523 0.10005840285253581 -0.10000583986223464 0.10001079949914947 -0.10002161741206982 -0.10001154159273556 0.10003492085203576 0.10002347255563399 0.10019587432740934
leaf_weight=0.027802346150565427 0.019796456206677249 0.021788593687233515 0.01373025422799401 0.064164682873524725 0.034113118788809516 0.028784826583432732 0.014293694865045836 0.0074989368731621644 0.037983888978487812 0.06594361578754615 0.0030420969123952082 0.014774454779399093 0.0096165178038063459 0.014346131065394729 0.010231515974737704 0.043973050360364141 0.0042558072309475383 0.0035310143066453739 0.0051447915611788622 0.33635802490243805 0.0093322785760392435 0.0036776923225261262 0.0060389242717064917 0.0034537941464805044 0.23596708201512229 0.0088529251152067445 0.0034666981700866009 0.014209044282324612 0.11714436030888464 0.020053737280250061
leaf_count=219 490 261 84 1337 357 208 52 54 164 383 19 104 34 158 15 1084 28 14 2 8523 69 18 12 71 2187 45 45 82 782 24
internal_value=-0.00269381 -0.0308741 0.0162008 -0.0121483 0.00854854 0.0240916 0.0365826 -0.0832969 0.0462415 0.0194911 0.0782208 0.00365775 0.0547099 -0.019726 -0.0864726 -0.0407638 0.0789018 0.0898627 0.095179 -0.0948987 -0.0359215 -0.0659891 -0.0774088 0.0272678 0.0935154 0.0517014 0.0909276 0.0608003 0.100035 0.100103
internal_weight=1.20337 0.930748 0.490387 0.336551 0.272387 0.238274 0.216485 0.440361 0.202191 0.126478 0.153836 0.0285047 0.0976931 0.0239626 0.432862 0.067375 0.0737304 0.0694746 0.125331 0.365487 0.0291287 0.0571435 0.0534658 0.00949272 0.272622 0.0366553 0.0757134 0.0176757 0.122289 0.0580376
internal_count=16925 14474 4138 3147 1810 1453 1192 10336 1140 825 991 188 617 192 10282 1200 425 397 803 9082 559 1185 1167 83 2451 264 315 127 784 188
is_linear=0
shrinkage=0.1


Tree=89
num_leaves=31
num_cat=0
split_feature=14 6 6 9 13 3 14 3 10 6 7 6 9 6 7 6 8 10 3 9 6 12 6 8 6 6 6 6 3 9
split_gain=0.295207 0.20783 0.078013 0.0553751 0.0415886 0.0334214 0.0258491 0.0231957 0.0218665 0.0481748 0.0176 0.025768 0.0159175 0.0208516 0.0150856 0.0216642 0.0130839 0.0121387 0.0107488 0.00996162 0.02296 0.00980262 0.0114433 0.00795716 0.00669978 0.0243113 0.0018931 0.0100907 2.67045e-08 1.95504e-08
threshold=2061.0000000000005 0.5900362267323479 0.74411930287437345 0.58058917347220007 0.6105078905990805 1.0003129563271911 2206.5000000000005 1.4439106845072065 0.32209563980023986 0.6199196593005557 0.64805348406480323 0.82346239121275366 0.5266490001452292 0.65154114973199573 0.86496133237185024 0.37185631236742483 0.83146978741877242 0.31847049104165615 1.0002466771110343 0.4264409810463532 0.56348206296185543 0.84301939105352497 0.58225841425355507 0.78636119436223095 0.47237988841394524 0.44318908101480253 0.63486625256802076 0.66462849728986706 1.0002720006616583 0.56021787576095472
decision_type=2 2 2 2 2 2 2 2 2 2 2 2 2 2 2 2 2 2 2 2 2 2 2 2 2 2 2 2 2 2
left_child=24 7 3 4 5 -3 8 14 9 -7 11 -4 16 -14 19 -16 17 -11 -12 20 -2 22 -17 -24 25 -1 29 -28 -20 -10
right_child=1 2 10 -5 -6 6 -8 -9 26 12 18 -13 13 -15 15 21 -18 -19 28 -21 -22 -23 23 -25 -26 -27 27 -29 -30 -31
leaf_value=0.10001235569303316 -0.10000395865756895 -0.10001361105870708 -0.10002509876910702 -0.10000789400868496 -0.10001530961778947 -0.10003483694698755 -0.10004227712137624 0.10001363454386508 0.10004892517434674 0.10002820303256728 -0.10001935017245119 0.10001371227990363 0.10004846412648823 -0.1000151684546516 0.10010862171274473 -0.10000535574221683 -0.10002749844410325 -0.10003594929707008 0.10026592013153551 -0.10000558779701126 0.10001529736421651 0.10002651706700881 0.10005284194779632 -0.1000052847882914 0.10000976767487808 -0.10001956083404429 -0.10001044354502403 0.10003159989843823 0.1000212386345424 0.10017722341746711
leaf_weight=0.025156912779493723 0.017912644976604497 0.019715402660949621 0.012423959033185383 0.058059063889231766 0.030867298013617983 0.026046493359899614 0.012934015729115345 0.0067854109875042914 0.03437092129024677 0.059669929720257642 0.0027526563571882426 0.013368662461289205 0.0087018058038665913 0.012981112748093437 0.0092588617408182472 0.039788674301235005 0.0038509192236233494 0.003195108503859955 0.0046564354561269275 0.30435102960836957 0.0084443237647064961 0.003327801729028578 0.0054645329364575446 0.0031251386390067637 0.21351393017539522 0.0080106142268050462 0.0031368309500976457 0.012857280104071833 0.1059988473134581 0.018148578310501762
leaf_count=219 490 261 84 1337 357 208 52 54 164 383 19 104 34 158 15 1084 28 14 2 8523 69 18 12 71 2187 45 45 82 782 24
internal_value=-0.0026938 -0.0308735 0.0162001 -0.0121479 0.00854809 0.0240904 0.0365807 -0.0832962 0.0462391 0.0194904 0.0782184 0.00365771 0.0547082 -0.0197255 -0.0864718 -0.0407629 0.0788994 0.08986 0.0951759 -0.0948982 -0.0359212 -0.0659883 -0.077408 0.0272667 0.0935144 0.0517007 0.0909201 0.0607985 0.100032 0.100093
internal_weight=1.08888 0.842194 0.443735 0.304535 0.246476 0.215608 0.195893 0.398458 0.182959 0.114445 0.139201 0.0257926 0.0883989 0.0216829 0.391673 0.060965 0.066716 0.062865 0.113408 0.330708 0.026357 0.0517061 0.0483783 0.00858967 0.246681 0.0331675 0.0685136 0.0159941 0.110655 0.0525195
internal_count=16925 14474 4138 3147 1810 1453 1192 10336 1140 825 991 188 617 192 10282 1200 425 397 803 9082 559 1185 1167 83 2451 264 315 127 784 188
is_linear=0
shrinkage=0.1


Tree=90
num_leaves=31
num_cat=0
split_feature=14 6 6 9 13 3 14 3 10 6 7 6 9 6 7 6 8 10 3 9 6 12 6 8 6 6 6 6 3 9
split_gain=0.267111 0.188051 0.0705872 0.0501051 0.03763 0.03024 0.0233882 0.0209881 0.0197832 0.043589 0.0159245 0.0233154 0.0144023 0.0188668 0.0136505 0.0196016 0.0118384 0.0109832 0.00972566 0.00901363 0.0207749 0.00886966 0.0103543 0.00719969 0.00606222 0.0219975 0.00171238 0.00913023 1.97781e-08 1.4483e-08
threshold=2061.0000000000005 0.5900362267323479 0.74411930287437345 0.58058917347220007 0.6105078905990805 1.0003129563271911 2206.5000000000005 1.4439106845072065 0.32209563980023986 0.6199196593005557 0.64805348406480323 0.82346239121275366 0.5266490001452292 0.65154114973199573 0.86496133237185024 0.37185631236742483 0.83146978741877242 0.31847049104165615 1.0002466771110343 0.4264409810463532 0.56348206296185543 0.84301939105352497 0.58225841425355507 0.78636119436223095 0.47237988841394524 0.44318908101480253 0.63486625256802076 0.66462849728986706 1.0002720006616583 0.56021787576095472
decision_type=2 2 2 2 2 2 2 2 2 2 2 2 2 2 2 2 2 2 2 2 2 2 2 2 2 2 2 2 2 2
left_child=24 7 3 4 5 -3 8 14 9 -7 11 -4 16 -14 19 -16 17 -11 -12 20 -2 22 -17 -24 25 -1 29 -28 -20 -10
right_child=1 2 10 -5 -6 6 -8 -9 26 12 18 -13 13 -15 15 21 -18 -19 28 -21 -22 -23 23 -25 -26 -27 27 -29 -30 -31
leaf_value=0.1000111789939838 -0.10000358261944431 -0.10001231540465945 -0.10002271174250198 -0.10000714440612338 -0.10001385256006229 -0.10003152227260961 -0.10003825373558867 0.1000123377147023 0.10004426918626173 0.10002552056205023 -0.10001750786894133 0.10001240573018476 0.10004385248884645 -0.10001372606398118 0.10009828125744245 -0.10000484670010573 -0.10002488088376463 -0.1000325297476885 0.10024056092224734 -0.10000505777510411 0.1000138419295714 0.10002399390913835 0.1000478109780763 -0.10000478098436479 0.10000883961145164 -0.10001769745174689 -0.10000945014860932 0.10002859374159639 0.10001921784334666 0.10016035036215179
leaf_weight=0.022763170090911444 0.016208089537030901 0.017839453328633681 0.011241917651204858 0.052534387430569041 0.027930272422963753 0.023568583019368816 0.011703628184477566 0.0061397693207254625 0.031101469248824287 0.053992959587048972 0.0024907499828259452 0.012096615922928322 0.0078740639874013141 0.011745957333914703 0.0083785859023919329 0.036002455895868479 0.0034845422960643182 0.0028911475528730071 0.0042143288301303974 0.27538958278819337 0.0076408456516219294 0.0030111916566966093 0.004944749816786497 0.0028277558994886931 0.19319710086710984 0.0072484317206544793 0.0028383487660903492 0.011634079928626306 0.095913562123314478 0.016424138346337713
leaf_count=219 490 261 84 1337 357 208 52 54 164 383 19 104 34 158 15 1084 28 14 2 8523 69 18 12 71 2187 45 45 82 782 24
internal_value=-0.0026938 -0.030873 0.0161996 -0.0121476 0.00854768 0.0240893 0.036579 -0.0832955 0.0462369 0.0194899 0.0782162 0.00365767 0.0547067 -0.019725 -0.0864711 -0.040762 0.0788973 0.0898575 0.095173 -0.0948976 -0.035921 -0.0659876 -0.0774072 0.0272656 0.0935135 0.0517 0.0909134 0.0607969 0.100029 0.100084
internal_weight=0.985272 0.762063 0.40152 0.275563 0.223029 0.195098 0.177259 0.360543 0.165555 0.103557 0.125957 0.0233385 0.0799887 0.01962 0.354403 0.0551647 0.0603686 0.0568841 0.102619 0.299239 0.0238489 0.0467862 0.043775 0.00777251 0.223209 0.0300116 0.061998 0.0144724 0.100128 0.0475256
internal_count=16925 14474 4138 3147 1810 1453 1192 10336 1140 825 991 188 617 192 10282 1200 425 397 803 9082 559 1185 1167 83 2451 264 315 127 784 188
is_linear=0
shrinkage=0.1


Tree=91
num_leaves=31
num_cat=0
split_feature=14 6 6 9 13 3 14 3 10 6 7 6 9 6 7 6 8 10 3 9 6 12 6 8 6 6 6 6 3 9
split_gain=0.241689 0.170155 0.0638683 0.0453366 0.0340483 0.0273616 0.0211616 0.0189907 0.0178987 0.0394398 0.0144085 0.0210963 0.0130315 0.0170709 0.0123519 0.0177355 0.0107116 0.00993774 0.00879989 0.00815585 0.0187978 0.0080255 0.00936903 0.00651434 0.00548533 0.0199039 0.00154896 0.00826117 1.46488e-08 1.07283e-08
threshold=2061.0000000000005 0.5900362267323479 0.74411930287437345 0.58058917347220007 0.6105078905990805 1.0003129563271911 2206.5000000000005 1.4439106845072065 0.32209563980023986 0.6199196593005557 0.64805348406480323 0.82346239121275366 0.5266490001452292 0.65154114973199573 0.86496133237185024 0.37185631236742483 0.83146978741877242 0.31847049104165615 1.0002466771110343 0.4264409810463532 0.56348206296185543 0.84301939105352497 0.58225841425355507 0.78636119436223095 0.47237988841394524 0.44318908101480253 0.63486625256802076 0.66462849728986706 1.0002720006616583 0.56021787576095472
decision_type=2 2 2 2 2 2 2 2 2 2 2 2 2 2 2 2 2 2 2 2 2 2 2 2 2 2 2 2 2 2
left_child=24 7 3 4 5 -3 8 14 9 -7 11 -4 16 -14 19 -16 17 -11 -12 20 -2 22 -17 -24 25 -1 29 -28 -20 -10
right_child=1 2 10 -5 -6 6 -8 -9 26 12 18 -13 13 -15 15 21 -18 -19 28 -21 -22 -23 23 -25 -26 -27 27 -29 -30 -31
leaf_value=0.10001011496748431 -0.10000324030587954 -0.10001114365906799 -0.10002055014996301 -0.10000646385551337 -0.10001253455660762 -0.10002852406089496 -0.10003461342914866 0.10001116273170424 0.10004005852870251 0.10002309265089943 -0.10001584320039335 0.1000112258384063 0.1000396792813661 -0.10001241866911895 0.10008892266887173 -0.10000438693643632 -0.10002251416953367 -0.10002942831178777 0.10021762685664359 -0.10000457737606878 0.10001252406337367 0.10002170985888106 0.10004326103858491 -0.10000432732112735 0.10000800362461529 -0.10001601202624487 -0.10000854942666892 0.10002587489264277 0.10001739027909154 0.10014508239252387
leaf_weight=0.020597176466253586 0.014665733307992923 0.016141984460773529 0.010172316411626525 0.047535386631352594 0.025272671688071568 0.021326342568499967 0.010590246456558816 0.0055555549552082075 0.028142897470388561 0.048855975619517267 0.0022537594049936152 0.010945593305223156 0.0071250298497034228 0.010628313528286526 0.0075819306875928296 0.032576511479419423 0.0031530151027254752 0.0026160954039369235 0.0038141105324029914 0.2491839355097909 0.0069138095277594394 0.0027246979370829641 0.0044743878606823264 0.0025586703814042266 0.17481335306365509 0.0065587570061325087 0.002568266123489594 0.010527222526434343 0.086787685591843911 0.014863325639453251
leaf_count=219 490 261 84 1337 357 208 52 54 164 383 19 104 34 158 15 1084 28 14 2 8523 69 18 12 71 2187 45 45 82 782 24
internal_value=-0.0026938 -0.0308724 0.0161991 -0.0121473 0.00854731 0.0240884 0.0365775 -0.0832948 0.046235 0.0194894 0.0782142 0.00365763 0.0547054 -0.0197246 -0.0864705 -0.0407612 0.0788954 0.0898553 0.0951705 -0.0948972 -0.0359207 -0.065987 -0.0774065 0.0272647 0.0935126 0.0516994 0.0909072 0.0607954 0.100026 0.100076
internal_weight=0.891525 0.689555 0.36332 0.249347 0.201811 0.176539 0.160397 0.326235 0.149806 0.0937048 0.113973 0.0211179 0.0723784 0.0177533 0.32068 0.0499162 0.0546251 0.0514721 0.0928556 0.270763 0.0215795 0.0423343 0.0396096 0.00703306 0.201969 0.0271559 0.0561017 0.0130955 0.0906018 0.0430062
internal_count=16925 14474 4138 3147 1810 1453 1192 10336 1140 825 991 188 617 192 10282 1200 425 397 803 9082 559 1185 1167 83 2451 264 315 127 784 188
is_linear=0
shrinkage=0.1


Tree=92
num_leaves=31
num_cat=0
split_feature=14 6 6 9 13 3 14 3 10 6 7 6 9 6 7 6 8 10 3 9 6 12 6 8 6 6 6 6 3 9
split_gain=0.218687 0.153962 0.0577892 0.041022 0.0308076 0.0247572 0.0191471 0.0171833 0.0161938 0.0356857 0.0130369 0.0190884 0.0117911 0.015446 0.0111767 0.0160471 0.00969203 0.00899183 0.00796227 0.0073797 0.0170089 0.00726169 0.00847747 0.00589425 0.00496334 0.0180096 0.00140118 0.00747485 1.08502e-08 7.94763e-09
threshold=2061.0000000000005 0.5900362267323479 0.74411930287437345 0.58058917347220007 0.6105078905990805 1.0003129563271911 2206.5000000000005 1.4439106845072065 0.32209563980023986 0.6199196593005557 0.64805348406480323 0.82346239121275366 0.5266490001452292 0.65154114973199573 0.86496133237185024 0.37185631236742483 0.83146978741877242 0.31847049104165615 1.0002466771110343 0.4264409810463532 0.56348206296185543 0.84301939105352497 0.58225841425355507 0.78636119436223095 0.47237988841394524 0.44318908101480253 0.63486625256802076 0.66462849728986706 1.0002720006616583 0.56021787576095472
decision_type=2 2 2 2 2 2 2 2 2 2 2 2 2 2 2 2 2 2 2 2 2 2 2 2 2 2 2 2 2 2
left_child=24 7 3 4 5 -3 8 14 9 -7 11 -4 16 -14 19 -16 17 -11 -12 20 -2 22 -17 -24 25 -1 29 -28 -20 -10
right_child=1 2 10 -5 -6 6 -8 -9 26 12 18 -13 13 -15 15 21 -18 -19 28 -21 -22 -23 23 -25 -26 -27 27 -29 -30 -31
leaf_value=0.10000915616839841 -0.10000293185852288 -0.10001008363457674 -0.1000185946139566 -0.10000584935634307 -0.10001134140941713 -0.1000258097744917 -0.10003131979555187 0.10001009993881703 0.10003624676180643 0.10002089615012047 -0.10001433773747842 0.10001015657587722 0.10003590442141229 -0.10001123700751423 0.10008046119346761 -0.10000396982716241 -0.10002037187201909 -0.10002662887863215 0.10019688389364899 -0.10000414225694715 0.10001133249788399 0.10001964321523611 0.10003914018704692 -0.10000391439569066 0.10000723586491181 -0.10001449099633433 -0.10000773665750018 0.10002341240219573 0.10001573506635378 0.10013127125935439
leaf_weight=0.018637265806319192 0.013270143170302617 0.014606018474296434 0.0092044633274781518 0.043012047291995259 0.022867917901749024 0.019297369794003316 0.009582750784829841 0.0050269247221876858 0.025465667709795525 0.044207636219653068 0.0020393150043673805 0.009904082864522934 0.0064472244557691729 0.0096170036486000754 0.0068609652953455216 0.029476563269781764 0.0028530240451800628 0.0023672039351367849 0.0034518281463533631 0.22547188302269205 0.006255944314034422 0.0024654569424455977 0.0040487517690053201 0.0023151897821662715 0.15817881254770327 0.0059346944908611468 0.0023238812191266342 0.0095256473578047007 0.078529978745791595 0.013450653947074898
leaf_count=219 490 261 84 1337 357 208 52 54 164 383 19 104 34 158 15 1084 28 14 2 8523 69 18 12 71 2187 45 45 82 782 24
internal_value=-0.00269379 -0.030872 0.0161986 -0.0121471 0.00854698 0.0240875 0.0365761 -0.0832943 0.0462332 0.0194889 0.0782125 0.0036576 0.0547041 -0.0197242 -0.0864699 -0.0407605 0.0788936 0.0898533 0.0951682 -0.0948967 -0.0359206 -0.0659864 -0.0774059 0.0272639 0.0935119 0.0516988 0.0909017 0.0607941 0.100023 0.100069
internal_weight=0.806696 0.623946 0.328754 0.225624 0.182612 0.159744 0.145138 0.295192 0.135555 0.0847895 0.10313 0.0191085 0.0654921 0.0160642 0.290165 0.0451669 0.0494279 0.0465748 0.0840211 0.244998 0.0195261 0.038306 0.0358405 0.00636394 0.182751 0.024572 0.0507659 0.0118495 0.0819818 0.0389163
internal_count=16925 14474 4138 3147 1810 1453 1192 10336 1140 825 991 188 617 192 10282 1200 425 397 803 9082 559 1185 1167 83 2451 264 315 127 784 188
is_linear=0
shrinkage=0.1


Tree=93
num_leaves=31
num_cat=0
split_feature=14 6 6 9 13 3 14 3 10 6 7 6 9 8 7 6 8 10 3 9 6 12 6 8 6 13 6 6 3 9
split_gain=0.197875 0.13931 0.0522888 0.037118 0.0278753 0.0224008 0.0173244 0.015548 0.0146515 0.032289 0.0117959 0.0172717 0.0106688 0.0139759 0.0101134 0.0145195 0.00876952 0.00813597 0.0072044 0.00667742 0.0153902 0.00657058 0.00767075 0.0053332 0.00449102 0.0162956 0.00126753 0.00676339 8.03592e-09 5.88733e-09
threshold=2061.0000000000005 0.5900362267323479 0.74411930287437345 0.58058917347220007 0.6105078905990805 1.0003129563271911 2206.5000000000005 1.4439106845072065 0.32209563980023986 0.6199196593005557 0.64805348406480323 0.82346239121275366 0.5266490001452292 0.69777976611342318 0.86496133237185024 0.37185631236742483 0.83146978741877242 0.31847049104165615 1.0002466771110343 0.4264409810463532 0.56348206296185543 0.84301939105352497 0.58225841425355507 0.78636119436223095 0.47237988841394524 0.55942303261756965 0.63486625256802076 0.66462849728986706 1.0002720006616583 0.56021787576095472
decision_type=2 2 2 2 2 2 2 2 2 2 2 2 2 2 2 2 2 2 2 2 2 2 2 2 2 2 2 2 2 2
left_child=24 7 3 4 5 -3 8 14 9 -7 11 -4 16 -14 19 -16 17 -11 -12 20 -2 22 -17 -24 25 -1 29 -28 -20 -10
right_child=1 2 10 -5 -6 6 -8 -9 26 12 18 -13 13 -15 15 21 -18 -19 28 -21 -22 -23 23 -25 -26 -27 27 -29 -30 -31
leaf_value=-0.10001310768886516 -0.10000265434042266 -0.10000912373136812 -0.10001682549583582 -0.10000529344494227 -0.10001026258555715 -0.10002335454940144 -0.10002833879036832 0.10000913807417566 0.10003279837899529 0.10001890754146428 -0.10001297176770835 0.10000919206329362 -0.10001016750400782 0.10003248606529369 0.10007280177544103 -0.10000359167232711 -0.10001843290947986 -0.10002409505631281 0.1001781130230131 -0.10000374705227011 0.10001025293653046 0.10001777440377005 0.10003541705033801 -0.10000354241724259 0.10000654867512655 0.10000828360164163 -0.10000700009432967 0.10002118718296658 0.10001423831615985 0.10011877320454221
leaf_weight=0.0053700039861723772 0.012007353827357292 0.013216192421168671 0.0083286826920812018 0.03891911513346713 0.020691959678515559 0.017461389010350103 0.0086710766736359801 0.0045485911105060941 0.023043042885547038 0.040001478286285419 0.0018452724252711042 0.0089616668847156689 0.0087019130569387926 0.0058338791277492428 0.0062085091703920616 0.026671592762795626 0.0025815704320848445 0.0021419861805043175 0.0031238986412063232 0.20401616085473506 0.0056606704456498838 0.0022308772895485154 0.0036635915748774997 0.002094877723720856 0.14312704167241463 0.016863835197000299 0.0021027493858127863 0.0086193442584772129 0.071057873014069628 0.012172096889116801
leaf_count=45 490 261 84 1337 357 208 52 54 164 383 19 104 158 34 15 1084 28 14 2 8523 69 18 12 71 2187 219 45 82 782 24
internal_value=-0.00269379 -0.0308716 0.0161982 -0.0121469 0.00854668 0.0240867 0.0365748 -0.0832938 0.0462316 0.0194885 0.0782109 0.00365757 0.054703 -0.0197239 -0.0864694 -0.0407598 0.078892 0.0898515 0.0951661 -0.0948964 -0.0359204 -0.0659859 -0.0774054 0.0272631 0.0935112 0.0516983 0.0908967 0.0607929 0.100021 0.100063
internal_weight=0.729938 0.564577 0.297475 0.204158 0.165239 0.144547 0.131331 0.267102 0.122659 0.0767222 0.0933174 0.0172903 0.0592608 0.0145358 0.262554 0.0408694 0.044725 0.0421435 0.076027 0.221684 0.017668 0.0346609 0.0324301 0.00575847 0.165361 0.0222338 0.0459372 0.0107221 0.0741818 0.0352151
internal_count=16925 14474 4138 3147 1810 1453 1192 10336 1140 825 991 188 617 192 10282 1200 425 397 803 9082 559 1185 1167 83 2451 264 315 127 784 188
is_linear=0
shrinkage=0.1


Tree=94
num_leaves=31
num_cat=0
split_feature=14 6 6 9 13 3 14 3 10 6 7 6 9 8 7 6 8 10 3 9 6 12 6 8 6 6 6 6 3 9
split_gain=0.179043 0.126052 0.047312 0.0335855 0.0252223 0.0202687 0.0156753 0.0140683 0.0132561 0.0292156 0.0106731 0.0156279 0.00965336 0.0126456 0.00915118 0.0131374 0.00793484 0.00736159 0.00651868 0.00604197 0.0139255 0.00594525 0.00694079 0.00482557 0.00406365 0.0147447 0.00114665 0.00611966 5.95229e-09 4.36118e-09
threshold=2061.0000000000005 0.5900362267323479 0.74411930287437345 0.58058917347220007 0.6105078905990805 1.0003129563271911 2206.5000000000005 1.4439106845072065 0.32209563980023986 0.6199196593005557 0.64805348406480323 0.82346239121275366 0.5266490001452292 0.69777976611342318 0.86496133237185024 0.37185631236742483 0.83146978741877242 0.31847049104165615 1.0002466771110343 0.4264409810463532 0.56348206296185543 0.84301939105352497 0.58225841425355507 0.78636119436223095 0.47237988841394524 0.44318908101480253 0.63486625256802076 0.66462849728986706 1.0002720006616583 0.56021787576095472
decision_type=2 2 2 2 2 2 2 2 2 2 2 2 2 2 2 2 2 2 2 2 2 2 2 2 2 2 2 2 2 2
left_child=24 7 3 4 5 -3 8 14 9 -7 11 -4 16 -14 19 -16 17 -11 -12 20 -2 22 -17 -24 25 -1 29 -28 -20 -10
right_child=1 2 10 -5 -6 6 -8 -9 26 12 18 -13 13 -15 15 21 -18 -19 28 -21 -22 -23 23 -25 -26 -27 27 -29 -30 -31
leaf_value=0.10000749584919968 -0.10000240144396387 -0.10000825537323917 -0.10001522398870205 -0.10000478881643329 -0.1000092854179092 -0.10002113216732739 -0.10002564129909626 0.10000826864518064 0.10002967818980875 0.10001710932267519 -0.10001173781153272 0.10000831669384676 -0.10000920106530049 0.10002939511338871 0.10006586962773976 -0.1000032479469592 -0.10001667703871008 -0.10002180131568927 0.10016114055156998 -0.10000338872525089 0.10000927721077374 0.100016085503215 0.10003204391460555 -0.1000032052285988 0.10000592490034753 -0.10001186365584376 -0.10000633271108586 0.10001917244188199 0.10001288289015076 0.10010746595685133
leaf_weight=0.015259143205184955 0.01086472913812031 0.011958603994571604 0.0075362182396929702 0.035215640093156253 0.018723032946581952 0.015800051365658874 0.0078461154698743485 0.0041157693558488964 0.020850824865192408 0.036195452237734571 0.0016696910897735498 0.0081089188897749409 0.0078738888041698374 0.0052788669563597077 0.0056180607425631015 0.024133533570420695 0.0023359403930953695 0.0019381914535188107 0.0028270750772207967 0.18460208160286129 0.0051220338573330073 0.0020186136243864885 0.0033150608214782542 0.0018955298255605157 0.12950746964634163 0.0048590381957183118 0.0019026583631784888 0.007799254384735832 0.064296648921299493 0.011014949544914998
leaf_count=219 490 261 84 1337 357 208 52 54 164 383 19 104 158 34 15 1084 28 14 2 8523 69 18 12 71 2187 45 45 82 782 24
internal_value=-0.00269379 -0.0308712 0.0161978 -0.0121467 0.0085464 0.0240859 0.0365737 -0.0832933 0.0462302 0.0194881 0.0782094 0.00365754 0.054702 -0.0197236 -0.0864689 -0.0407592 0.0788906 0.0898499 0.0951642 -0.094896 -0.0359202 -0.0659855 -0.0774049 0.0272624 0.0935106 0.0516979 0.0908922 0.0607918 0.100019 0.100057
internal_weight=0.660483 0.510857 0.269172 0.184733 0.149518 0.130795 0.118836 0.241685 0.11099 0.0694224 0.0844386 0.0156451 0.0536223 0.0131528 0.23757 0.0369808 0.0404696 0.0381336 0.0687934 0.200589 0.0159868 0.0313627 0.0293441 0.00521059 0.149626 0.0201182 0.0415677 0.00970191 0.0671237 0.0318658
internal_count=16925 14474 4138 3147 1810 1453 1192 10336 1140 825 991 188 617 192 10282 1200 425 397 803 9082 559 1185 1167 83 2451 264 315 127 784 188
is_linear=0
shrinkage=0.1


Tree=95
num_leaves=31
num_cat=0
split_feature=14 6 6 9 13 3 14 3 10 6 7 6 9 6 7 6 8 10 3 9 6 12 6 8 6 13 6 6 3 9
split_gain=0.162004 0.114056 0.0428089 0.0303893 0.0228217 0.0183395 0.0141832 0.0127295 0.0119938 0.0264349 0.00965717 0.0141405 0.00873458 0.011442 0.0082805 0.0118868 0.00717962 0.00666092 0.00589823 0.00546699 0.0126003 0.00537944 0.0062803 0.00436626 0.00367695 0.0133414 0.00103732 0.00553721 4.40888e-09 3.23089e-09
threshold=2061.0000000000005 0.5900362267323479 0.74411930287437345 0.58058917347220007 0.6105078905990805 1.0003129563271911 2206.5000000000005 1.4439106845072065 0.32209563980023986 0.6199196593005557 0.64805348406480323 0.82346239121275366 0.5266490001452292 0.65154114973199573 0.86496133237185024 0.37185631236742483 0.83146978741877242 0.31847049104165615 1.0002466771110343 0.4264409810463532 0.56348206296185543 0.84301939105352497 0.58225841425355507 0.78636119436223095 0.47237988841394524 0.55942303261756965 0.63486625256802076 0.66462849728986706 1.0002720006616583 0.56021787576095472
decision_type=2 2 2 2 2 2 2 2 2 2 2 2 2 2 2 2 2 2 2 2 2 2 2 2 2 2 2 2 2 2
left_child=24 7 3 4 5 -3 8 14 9 -7 11 -4 16 -14 19 -16 17 -11 -12 20 -2 22 -17 -24 25 -1 29 -28 -20 -10
right_child=1 2 10 -5 -6 6 -8 -9 26 12 18 -13 13 -15 15 21 -18 -19 28 -21 -22 -23 23 -25 -26 -27 27 -29 -30 -31
leaf_value=-0.10001073408486882 -0.10000216992741767 -0.1000074697986692 -0.10001377643581294 -0.10000433178246591 -0.10000840243553 -0.10001912126221013 -0.10002320051926886 0.10000748221331246 0.10002685339579698 0.10001548161528689 -0.10001062198368671 0.10000752494972681 0.10002659807180891 -0.10000832474447006 0.10005959985260443 -0.10000293990559257 -0.10001509164986296 -0.10001972738302914 0.10014578673311336 -0.10000306740147019 0.10000839428495359 0.10001455096936188 0.10002899392362288 -0.1000028999450665 0.10000535823715558 0.10000678477503598 -0.10000573154944331 0.10001734653704134 0.10001165742692808 0.10009723665518007
leaf_weight=0.0043966866433038368 0.009830834873355343 0.01082067306197132 0.0068191459613444749 0.031864567044976866 0.016941442840106902 0.014296750527137192 0.0070996233080222728 0.0037241299614834125 0.018867112103180261 0.032751505390478997 0.0015108149746083646 0.0073373083760088775 0.0047766431525815278 0.0071246484621951822 0.0050837339222198344 0.02183698839689896 0.0021136780778761013 0.0017537826533953185 0.0025584155810065559 0.16703537920329836 0.0046346467242983644 0.0018265437174704848 0.0029996778903296209 0.0017151512911368627 0.11718383357583662 0.013807136932882713 0.0017216063151863636 0.0070571793476119637 0.058178690818749601 0.0099677051839535125
leaf_count=45 490 261 84 1337 357 208 52 54 164 383 19 104 34 158 15 1084 28 14 2 8523 69 18 12 71 2187 219 45 82 782 24
internal_value=-0.00269378 -0.0308709 0.0161975 -0.0121465 0.00854616 0.0240853 0.0365726 -0.0832929 0.0462288 0.0194878 0.0782081 0.00365752 0.0547011 -0.0197233 -0.0864685 -0.0407587 0.0788893 0.0898484 0.0951624 -0.0948957 -0.0359201 -0.065985 -0.0774044 0.0272618 0.09351 0.0516975 0.0908881 0.0607909 0.100017 0.100051
internal_weight=0.597636 0.462248 0.243561 0.167157 0.135292 0.118351 0.10753 0.218687 0.100431 0.062817 0.0764044 0.0141565 0.0485203 0.0119013 0.214963 0.0334621 0.036619 0.0345053 0.0622479 0.181501 0.0144655 0.0283784 0.0265518 0.00471483 0.135388 0.0182038 0.0376136 0.00877879 0.0607371 0.0288348
internal_count=16925 14474 4138 3147 1810 1453 1192 10336 1140 825 991 188 617 192 10282 1200 425 397 803 9082 559 1185 1167 83 2451 264 315 127 784 188
is_linear=0
shrinkage=0.1


Tree=96
num_leaves=31
num_cat=0
split_feature=14 6 6 9 13 3 14 3 10 6 7 6 9 6 7 6 8 10 3 9 6 12 6 8 6 6 6 6 3 9
split_gain=0.146586 0.103202 0.0387346 0.0274972 0.0206497 0.016594 0.0128332 0.0115181 0.0108517 0.0239189 0.00873797 0.0127947 0.00790326 0.010353 0.00749265 0.0107554 0.00649629 0.00602695 0.00533685 0.00494673 0.0114012 0.00486748 0.00568266 0.00395068 0.00332704 0.0120717 0.00093844 0.0050102 3.26584e-09 2.39338e-09
threshold=2061.0000000000005 0.5900362267323479 0.74411930287437345 0.58058917347220007 0.6105078905990805 1.0003129563271911 2206.5000000000005 1.4439106845072065 0.32209563980023986 0.6199196593005557 0.64805348406480323 0.82346239121275366 0.5266490001452292 0.65154114973199573 0.86496133237185024 0.37185631236742483 0.83146978741877242 0.31847049104165615 1.0002466771110343 0.4264409810463532 0.56348206296185543 0.84301939105352497 0.58225841425355507 0.78636119436223095 0.47237988841394524 0.44318908101480253 0.63486625256802076 0.66462849728986706 1.0002720006616583 0.56021787576095472
decision_type=2 2 2 2 2 2 2 2 2 2 2 2 2 2 2 2 2 2 2 2 2 2 2 2 2 2 2 2 2 2
left_child=24 7 3 4 5 -3 8 14 9 -7 11 -4 16 -14 19 -16 17 -11 -12 20 -2 22 -17 -24 25 -1 29 -28 -20 -10
right_child=1 2 10 -5 -6 6 -8 -9 26 12 18 -13 13 -15 15 21 -18 -19 28 -21 -22 -23 23 -25 -26 -27 27 -29 -30 -31
leaf_value=0.10000613477131555 -0.10000196488669968 -0.10000675848860399 -0.10001246593730768 -0.10000392165416155 -0.10000760264508109 -0.10001730221450877 -0.10002099377997271 0.10000677026349779 0.10002429869082641 0.10001400825900225 -0.10000960898660637 0.10000680803564943 0.10002406633924683 -0.10000753345875245 0.10005392752567638 -0.10000266281253918 -0.100013653064568 -0.10001785041800029 0.10013189937509406 -0.10000277798904025 0.10000759539971937 0.10001316872742239 0.10002623539716984 -0.10000262545183942 0.10000485120434216 -0.10000971182296187 -0.10000518648043354 0.10001569600108831 0.10001054804112991 0.10008798042204725
leaf_weight=0.012493290829297621 0.0088953247450263007 0.0097910159493039828 0.006170295222545974 0.028832364954723744 0.015329367757658474 0.012936458184412913 0.0064241393647534997 0.0033697549297357901 0.017072082915547071 0.029635201859491644 0.0013670550615643142 0.006639116232690867 0.0043221892483416013 0.0064466969524801243 0.0046002001690794705 0.01975897646661906 0.0019125611142953849 0.0015869164453761178 0.0023152548819780341 0.151140281730477 0.004193633583781776 0.0016527467851119573 0.0027142918479512437 0.0015519371190748643 0.10603282893862342 0.0039783251995686433 0.0015577818594465498 0.00638569999136962 0.052642810424003983 0.0090199443475285079
leaf_count=219 490 261 84 1337 357 208 52 54 164 383 19 104 34 158 15 1084 28 14 2 8523 69 18 12 71 2187 45 45 82 782 24
internal_value=-0.00269378 -0.0308706 0.0161972 -0.0121463 0.00854593 0.0240847 0.0365717 -0.0832925 0.0462277 0.0194875 0.0782069 0.0036575 0.0547003 -0.0197231 -0.0864681 -0.0407582 0.0788881 0.0898471 0.0951609 -0.0948954 -0.03592 -0.0659847 -0.077404 0.0272612 0.0935095 0.0516971 0.0908843 0.06079 0.100016 0.100046
internal_weight=0.540769 0.418264 0.220387 0.151252 0.12242 0.107091 0.0972997 0.197877 0.0908755 0.05684 0.0691345 0.0128094 0.0439036 0.0107689 0.194507 0.0302782 0.0331347 0.0312221 0.0563251 0.164229 0.013089 0.025678 0.0240252 0.00426623 0.122504 0.0164716 0.0340355 0.00794348 0.0549581 0.026092
internal_count=16925 14474 4138 3147 1810 1453 1192 10336 1140 825 991 188 617 192 10282 1200 425 397 803 9082 559 1185 1167 83 2451 264 315 127 784 188
is_linear=0
shrinkage=0.1


Tree=97
num_leaves=31
num_cat=0
split_feature=14 6 6 9 13 3 14 3 10 6 7 6 9 6 7 6 8 10 3 9 6 12 6 8 6 6 6 6 3 9
split_gain=0.132636 0.0933805 0.035048 0.0248804 0.0186844 0.0150147 0.0116117 0.0104219 0.00981845 0.0216423 0.00790628 0.011577 0.00715107 0.00936767 0.00677975 0.00973164 0.005878 0.00545334 0.00482891 0.00447598 0.0103161 0.00440425 0.00514189 0.00357466 0.00301044 0.0109229 0.000848996 0.00453335 2.4189e-09 1.77299e-09
threshold=2061.0000000000005 0.5900362267323479 0.74411930287437345 0.58058917347220007 0.6105078905990805 1.0003129563271911 2206.5000000000005 1.4439106845072065 0.32209563980023986 0.6199196593005557 0.64805348406480323 0.82346239121275366 0.5266490001452292 0.65154114973199573 0.86496133237185024 0.37185631236742483 0.83146978741877242 0.31847049104165615 1.0002466771110343 0.4264409810463532 0.56348206296185543 0.84301939105352497 0.58225841425355507 0.78636119436223095 0.47237988841394524 0.44318908101480253 0.63486625256802076 0.66462849728986706 1.0002720006616583 0.56021787576095472
decision_type=2 2 2 2 2 2 2 2 2 2 2 2 2 2 2 2 2 2 2 2 2 2 2 2 2 2 2 2 2 2
left_child=24 7 3 4 5 -3 8 14 9 -7 11 -4 16 -14 19 -16 17 -11 -12 20 -2 22 -17 -24 25 -1 29 -28 -20 -10
right_child=1 2 10 -5 -6 6 -8 -9 26 12 18 -13 13 -15 15 21 -18 -19 28 -21 -22 -23 23 -25 -26 -27 27 -29 -30 -31
leaf_value=0.10000555010567841 -0.100001778968816 -0.10000611598173724 -0.10001127822419496 -0.10000354687553342 -0.10000687943568264 -0.10001565562556494 -0.10001899463012583 0.10000612733141506 0.10002198681505714 0.10001267574522779 -0.100008692515776 0.10000616045659259 0.10002177691532066 -0.10000681553609003 0.10004879355642987 -0.10000240698327052 -0.10001235742746757 -0.10001614906635559 0.1001193308006674 -0.10000251244841007 0.10000687476262271 0.10001191410517973 0.1000237373183802 -0.10000237513914761 0.10000439002908819 -0.10000878981989916 -0.10000469179440528 0.1000142036069087 0.10000954513478488 0.10007960560709127
leaf_weight=0.011304459741950268 0.0080488368366786744 0.0088593316468177363 0.0055831768186180852 0.026088695311955235 0.013870680731997709 0.011705574355801218 0.0058129119206569149 0.0030490989956888362 0.015447798374225385 0.02681537874013884 0.0012369733158266163 0.006007357791531831 0.003910963536327472 0.0058332523331046104 0.004162635945249348 0.017878704304166604 0.0017305781948380164 0.0014359245360537889 0.0020951788173988453 0.13675772549686371 0.0037945825861243074 0.0014954849430068853 0.0024560510391893322 0.0014042540933587588 0.095942892632592702 0.0035997689301439104 0.0014095459227974052 0.0057781021350820083 0.0476336383180751 0.0081622313991829287
leaf_count=219 490 261 84 1337 357 208 52 54 164 383 19 104 34 158 15 1084 28 14 2 8523 69 18 12 71 2187 45 45 82 782 24
internal_value=-0.00269378 -0.0308703 0.0161969 -0.0121461 0.00854573 0.0240842 0.0365709 -0.0832922 0.0462266 0.0194872 0.0782058 0.00365748 0.0546995 -0.0197228 -0.0864678 -0.0407578 0.0788871 0.0898458 0.0951595 -0.0948952 -0.0359198 -0.0659843 -0.0774037 0.0272607 0.0935091 0.0516967 0.090881 0.0607892 0.100014 0.100042
internal_weight=0.489312 0.378465 0.199417 0.136861 0.110772 0.0969016 0.0880423 0.179047 0.0822293 0.0514317 0.0625563 0.0115905 0.0397261 0.00974422 0.175998 0.0273971 0.0299819 0.0282513 0.0509658 0.148601 0.0118434 0.0232345 0.021739 0.00386031 0.110847 0.0149042 0.0307977 0.00718765 0.0497288 0.02361
internal_count=16925 14474 4138 3147 1810 1453 1192 10336 1140 825 991 188 617 192 10282 1200 425 397 803 9082 559 1185 1167 83 2451 264 315 127 784 188
is_linear=0
shrinkage=0.1


Tree=98
num_leaves=31
num_cat=0
split_feature=14 6 6 9 13 3 14 3 10 6 7 6 9 6 7 6 8 10 3 9 6 12 6 8 6 6 6 6 3 9
split_gain=0.120013 0.0844939 0.0317124 0.0225126 0.0169061 0.0135857 0.0105065 0.00943011 0.00888362 0.0195825 0.00715376 0.0104752 0.00647048 0.00847611 0.00613467 0.00880536 0.00531857 0.00493432 0.00436932 0.00405003 0.0093344 0.00398511 0.00465258 0.00323444 0.00272396 0.00988337 0.000768089 0.0041019 1.79208e-09 1.31351e-09
threshold=2061.0000000000005 0.5900362267323479 0.74411930287437345 0.58058917347220007 0.6105078905990805 1.0003129563271911 2206.5000000000005 1.4439106845072065 0.32209563980023986 0.6199196593005557 0.64805348406480323 0.82346239121275366 0.5266490001452292 0.65154114973199573 0.86496133237185024 0.37185631236742483 0.83146978741877242 0.31847049104165615 1.0002466771110343 0.4264409810463532 0.56348206296185543 0.84301939105352497 0.58225841425355507 0.78636119436223095 0.47237988841394524 0.44318908101480253 0.63486625256802076 0.66462849728986706 1.0002720006616583 0.56021787576095472
decision_type=2 2 2 2 2 2 2 2 2 2 2 2 2 2 2 2 2 2 2 2 2 2 2 2 2 2 2 2 2 2
left_child=24 7 3 4 5 -3 8 14 9 -7 11 -4 16 -14 19 -16 17 -11 -12 20 -2 22 -17 -24 25 -1 29 -28 -20 -10
right_child=1 2 10 -5 -6 6 -8 -9 26 12 18 -13 13 -15 15 21 -18 -19 28 -21 -22 -23 23 -25 -26 -27 27 -29 -30 -31
leaf_value=0.10000502379871445 -0.1000016070165297 -0.10000553341529073 -0.10001020475936902 -0.10000321004069262 -0.10000622469046692 -0.10001416662074068 -0.10001718792908837 0.10000554421889747 0.10001989451583682 0.10001146962146533 -0.10000786837011205 0.10000557437983891 0.1000197053052217 -0.10000616715923689 0.10004415122107801 -0.10000218001822765 -0.10001117848756912 -0.10001461270542902 0.10010797272831402 -0.10000227473510535 0.10000621862559092 0.10001078312734415 0.10002147846462256 -0.10000214893162054 0.10000397404044684 -0.10000795104901844 -0.10000424599277669 0.10001285136513272 0.10000863652460026 0.1000720295871369
leaf_weight=0.010228749411908211 0.0072829005202947883 0.0080162990425378666 0.0050519187971076462 0.023606103200108919 0.012550788935186574 0.01059179134790611 0.0052598304182538405 0.0027589541241468387 0.013978023431263864 0.024263835744932294 0.0011192685233254443 0.005435712359030731 0.0035388557589612901 0.0052781774757022504 0.0037666747339244458 0.016177355678337335 0.0015659093969588858 0.0012992972169740815 0.0018960004672408095 0.1237437866111577 0.0034335016644035932 0.0013531852710002559 0.0022223745072551529 0.0012706243733191513 0.086813063364388654 0.0032572314885328532 0.0012754153121932168 0.0052283100812928751 0.043101069659314817 0.0073860231750586527
leaf_count=219 490 261 84 1337 357 208 52 54 164 383 19 104 34 158 15 1084 28 14 2 8523 69 18 12 71 2187 45 45 82 782 24
internal_value=-0.00269378 -0.03087 0.0161966 -0.012146 0.00854555 0.0240837 0.0365701 -0.0832919 0.0462256 0.0194869 0.0782049 0.00365746 0.0546989 -0.0197226 -0.0864674 -0.0407574 0.0788861 0.0898447 0.0951582 -0.0948949 -0.0359197 -0.065984 -0.0774033 0.0272602 0.0935087 0.0516964 0.090878 0.0607884 0.100013 0.100038
internal_weight=0.442751 0.342452 0.180443 0.123839 0.100233 0.0876818 0.0796655 0.162009 0.0744056 0.0465379 0.056604 0.0104876 0.0359461 0.00881703 0.15925 0.0247902 0.027129 0.0255631 0.0461163 0.13446 0.0107164 0.0210235 0.0196704 0.003493 0.100299 0.013486 0.0278678 0.00650373 0.0449971 0.021364
internal_count=16925 14474 4138 3147 1810 1453 1192 10336 1140 825 991 188 617 192 10282 1200 425 397 803 9082 559 1185 1167 83 2451 264 315 127 784 188
is_linear=0
shrinkage=0.1


Tree=99
num_leaves=31
num_cat=0
split_feature=14 6 6 9 13 3 14 3 10 6 7 6 9 6 7 6 8 10 3 9 6 12 6 8 6 6 6 6 3 9
split_gain=0.108592 0.076453 0.0286942 0.0203702 0.0152972 0.0122927 0.00950646 0.00853268 0.00803784 0.0177188 0.00647288 0.00947831 0.00585466 0.00766941 0.00555095 0.00796727 0.00481238 0.0044647 0.00395347 0.00366461 0.00844609 0.00360585 0.00420984 0.0029266 0.00246474 0.00894279 0.000694902 0.00371151 1.32738e-09 9.73002e-10
threshold=2061.0000000000005 0.5900362267323479 0.74411930287437345 0.58058917347220007 0.6105078905990805 1.0003129563271911 2206.5000000000005 1.4439106845072065 0.32209563980023986 0.6199196593005557 0.64805348406480323 0.82346239121275366 0.5266490001452292 0.65154114973199573 0.86496133237185024 0.37185631236742483 0.83146978741877242 0.31847049104165615 1.0002466771110343 0.4264409810463532 0.56348206296185543 0.84301939105352497 0.58225841425355507 0.78636119436223095 0.47237988841394524 0.44318908101480253 0.63486625256802076 0.66462849728986706 1.0002720006616583 0.56021787576095472
decision_type=2 2 2 2 2 2 2 2 2 2 2 2 2 2 2 2 2 2 2 2 2 2 2 2 2 2 2 2 2 2
left_child=24 7 3 4 5 -3 8 14 9 -7 11 -4 16 -14 19 -16 17 -11 -12 20 -2 22 -17 -24 25 -1 29 -28 -20 -10
right_child=1 2 10 -5 -6 6 -8 -9 26 12 18 -13 13 -15 15 21 -18 -19 28 -21 -22 -23 23 -25 -26 -27 27 -29 -30 -31
leaf_value=0.10000454674775822 -0.10000145650807378 -0.10000500720376543 -0.10000923348935919 -0.10000290402194334 -0.1000056320661362 -0.10001281950044627 -0.10001555284753212 0.10000501537425499 0.10001800137203394 0.10001037894331469 -0.10000711960461227 0.10000504276633593 0.10001783005463977 -0.10000558030916074 0.10003994902294411 -0.10000197066118631 -0.10001011536945859 -0.10001322280264645 0.1000976856566313 -0.10000205586563327 0.10000562633026243 0.10000975555342113 0.10001943449869553 -0.1000019453052829 0.10000359569555373 -0.10000719156234394 -0.10000384115512612 0.10001162835035247 0.1000078142296744 0.10006517231031034
leaf_weight=0.0092553970862354618 0.0065898504162760219 0.0072534835953774737 0.0045712072842434281 0.021359747571295884 0.011356487318153086 0.0095839716796035646 0.0047593652343493878 0.0024964174408523823 0.012648065898247296 0.021955053856800077 0.0010127632485819041 0.0049184606941707898 0.0032021460647229105 0.0047759190892975312 0.0034083640966855447 0.01463790559591871 0.0014169077130645738 0.0011756682342820559 0.0017157394904643289 0.11196823858699645 0.003106778247456532 0.0012244245917827348 0.0020109266333747646 0.0011497107116156258 0.078551988699473441 0.0029472861406247839 0.001154047918134892 0.0047308255052485038 0.038999764976324514 0.006683584779239026
leaf_count=219 490 261 84 1337 357 208 52 54 164 383 19 104 34 158 15 1084 28 14 2 8523 69 18 12 71 2187 45 45 82 782 24
internal_value=-0.00269378 -0.0308698 0.0161964 -0.0121459 0.00854538 0.0240832 0.0365694 -0.0832916 0.0462247 0.0194867 0.078204 0.00365744 0.0546983 -0.0197224 -0.0864671 -0.040757 0.0788852 0.0898438 0.0951571 -0.0948947 -0.0359196 -0.0659837 -0.077403 0.0272598 0.0935083 0.0516962 0.0908752 0.0607878 0.100012 0.100034
internal_weight=0.40062 0.309866 0.163273 0.112055 0.0906955 0.079339 0.0720856 0.146593 0.0673262 0.0421097 0.0512179 0.00948967 0.0325257 0.00797807 0.144096 0.0224313 0.0245476 0.0231307 0.0417283 0.121665 0.00969663 0.019023 0.0177985 0.00316064 0.0907547 0.0122027 0.0252165 0.00588487 0.0407155 0.0193317
internal_count=16925 14474 4138 3147 1810 1453 1192 10336 1140 825 991 188 617 192 10282 1200 425 397 803 9082 559 1185 1167 83 2451 264 315 127 784 188
is_linear=0
shrinkage=0.1


end of trees

feature_importances:
complexity_index=848
cost_revision_ratio=449
land_acquisition_ease=318
sector_risk_factor=290
funding_stability=203
original_duration_days=168
timeline_elapsed_fraction=136
agency_track_record=133
state_project_load=124
contractor_concentration=103
monsoon_exposure=94
days_elapsed=65
budget_utilization_ratio=38
schedule_variance_ratio=25
physical_progress_pct=4
financial_progress_pct=2

parameters:
[boosting: gbdt]
[objective: binary]
[metric: binary_logloss]
[tree_learner: serial]
[device_type: cpu]
[data_sample_strategy: bagging]
[data: ]
[valid: ]
[num_iterations: 100]
[learning_rate: 0.1]
[num_leaves: 31]
[num_threads: 8]
[seed: 42]
[deterministic: 0]
[force_col_wise: 0]
[force_row_wise: 0]
[histogram_pool_size: -1]
[max_depth: -1]
[min_data_in_leaf: 20]
[min_sum_hessian_in_leaf: 0.001]
[bagging_fraction: 1]
[pos_bagging_fraction: 1]
[neg_bagging_fraction: 1]
[bagging_freq: 0]
[bagging_seed: 400]
[bagging_by_query: 0]
[feature_fraction: 1]
[feature_fraction_bynode: 1]
[feature_fraction_seed: 30056]
[extra_trees: 0]
[extra_seed: 12879]
[early_stopping_round: 0]
[early_stopping_min_delta: 0]
[first_metric_only: 0]
[max_delta_step: 0]
[lambda_l1: 0]
[lambda_l2: 0]
[linear_lambda: 0]
[min_gain_to_split: 0]
[drop_rate: 0.1]
[max_drop: 50]
[skip_drop: 0.5]
[xgboost_dart_mode: 0]
[uniform_drop: 0]
[drop_seed: 17869]
[top_rate: 0.2]
[other_rate: 0.1]
[min_data_per_group: 100]
[max_cat_threshold: 32]
[cat_l2: 10]
[cat_smooth: 10]
[max_cat_to_onehot: 4]
[top_k: 20]
[monotone_constraints: ]
[monotone_constraints_method: basic]
[monotone_penalty: 0]
[feature_contri: ]
[forcedsplits_filename: ]
[refit_decay_rate: 0.9]
[cegb_tradeoff: 1]
[cegb_penalty_split: 0]
[cegb_penalty_feature_lazy: ]
[cegb_penalty_feature_coupled: ]
[path_smooth: 0]
[interaction_constraints: ]
[verbosity: 1]
[saved_feature_importance_type: 0]
[use_quantized_grad: 0]
[num_grad_quant_bins: 4]
[quant_train_renew_leaf: 0]
[stochastic_rounding: 1]
[linear_tree: 0]
[max_bin: 255]
[max_bin_by_feature: ]
[min_data_in_bin: 3]
[bin_construct_sample_cnt: 200000]
[data_random_seed: 175]
[is_enable_sparse: 1]
[enable_bundle: 1]
[use_missing: 1]
[zero_as_missing: 0]
[feature_pre_filter: 1]
[pre_partition: 0]
[two_round: 0]
[header: 0]
[label_column: ]
[weight_column: ]
[group_column: ]
[ignore_column: ]
[categorical_feature: ]
[forcedbins_filename: ]
[precise_float_parser: 0]
[parser_config_file: ]
[objective_seed: 16083]
[num_class: 1]
[is_unbalance: 0]
[scale_pos_weight: 1]
[sigmoid: 1]
[boost_from_average: 1]
[reg_sqrt: 0]
[alpha: 0.9]
[fair_c: 1]
[poisson_max_delta_step: 0.7]
[tweedie_variance_power: 1.5]
[lambdarank_truncation_level: 30]
[lambdarank_norm: 1]
[label_gain: ]
[lambdarank_position_bias_regularization: 0]
[eval_at: ]
[multi_error_top_k: 1]
[auc_mu_weights: ]
[num_machines: 1]
[local_listen_port: 12400]
[time_out: 120]
[machine_list_filename: ]
[machines: ]
[gpu_platform_id: -1]
[gpu_device_id: -1]
[gpu_device_id_list: ]
[gpu_use_dp: 0]
[num_gpu: 1]

end of parameters

pandas_categorical:[]
