tree
version=v4
num_class=1
num_tree_per_iteration=1
label_index=0
max_feature_idx=5
objective=binary sigmoid:1
feature_names=timeline_elapsed_fraction physical_progress_pct financial_progress_pct cost_revision_ratio schedule_variance_ratio milestone_completion_ratio
feature_infos=[0.016949152542372801:1] [0:1] [0:1.5] [1:2.8736208179800604] [0:2.391783324816469] [0:1]
tree_sizes=3328 3353 3337 3350 3349 3357 3358 3357 3360 3358 3354 3357 3374 3367 3371 3360 3373 3376 3377 3387 3382 3374 3378 3383 3380 3393 3381 3386 3384 3377 3393 3389 3394 3403 3394 3385 3393 3397 3393 3389 3391 3381 3404 3386 3396 3384 3394 3397 3404 3394 3407 3415 3395 3417 3417 3431 3422 3429 3446 3430 3443 3438 3426 3425 3428 3437 3444 3482 3461 3476 3456 3474 3478 3467 3449 3487 3471 3466 3466 3450 3468 3468 3479 3470 3474 3482 3483 3480 3482 3497 3474 3489 3482 3479 3477 3490 3472 3486 3474 3500

Tree=0
num_leaves=31
num_cat=0
split_feature=3 1 3 0 3 3 0 3 0 3 0 3 0 3 0 3 0 3 0 0 0 0 0 3 0 0 3 0 3 0
split_gain=7481.5 913.473 2687.97 293.278 922.106 291.292 786.069 150.695 575.638 142.591 361.398 137.671 397.881 36.9642 56.7425 34.2364 118.894 32.5497 68.0652 24.6556 24.4178 23.7977 23.7675 23.5803 137.482 16.1331 115.281 15.1978 31.0614 14.6064
threshold=1.1677197295093269 0.34892633458253597 1.0188952945751943 0.13536417773705908 1.0031266266374554 1.2807270013352239 0.72281323877068571 1.0880730321935899 0.54631217838765023 1.0005424719430749 0.059411764705882351 1.040019690371262 0.24780701754385961 1.0008248272658653 0.038838612368024113 1.0144195220525727 0.20722186076772933 1.0041819498565812 0.095695970695970675 0.50423728813559332 0.4380482456140351 0.27361853832442068 0.76043478260869579 1.3764677907238665 0.85839598997493749 0.025978407557354904 1.0002466771110343 0.61620294599018022 1.1204515143443838 0.92380261248185791
decision_type=2 2 2 2 2 2 2 2 2 2 2 2 2 2 2 2 2 2 2 2 2 2 2 2 2 2 2 2 2 2
left_child=1 2 3 4 9 6 -2 -3 19 25 13 12 -4 14 -11 -5 -17 18 -6 -9 -13 -14 -8 24 -7 26 -1 28 -10 -26
right_child=5 7 11 15 17 23 22 8 27 10 -12 20 21 -15 -16 16 -18 -19 -20 -21 -22 -23 -24 -25 29 -27 -28 -29 -30 -31
leaf_value=-1.2537772589345735 -0.7254876292312924 -1.254947251073925 -0.72330857840834906 -1.2535666486292492 -0.71677142593951881 -0.71997857492521589 -1.0077585204494972 -0.73199409084346134 -1.257176030029479 -0.71677142593951926 -1.2337529202546818 -0.73160912460672867 -0.98697372798449901 -0.73124654926335708 -1.2571760300294788 -0.7342038325230662 -1.257176030029479 -0.74428293305682591 -1.2346591715257305 -0.96082511810917826 -0.9569512499795011 -1.2295641159518897 -1.2416088192120727 -0.71810575829529644 -0.94540414305450193 -1.2555897151446747 -0.71677142593951881 -1.2555359553584926 -0.91328219106314068 -1.1671085960144856
leaf_weight=29.422399654984474 91.783083200454712 1346.028522580862 45.891541600227356 498.70042182505131 5.9214892387390119 62.360683545470238 4.8112100064754477 26.276608496904373 7.4018615484237653 3.8859773129224804 59.770032003521919 128.05220478773117 4.8112100064754513 20.725212335586548 3.8859773129224777 5.7364427000284222 17.949514254927635 50.887798145413399 4.4411169290542603 5.7364427000284186 4.9962565451860419 25.351375803351402 44.966308906674385 299.77539271116257 4.8112100064754468 189.11756256222725 4.6261634677648535 121.94566901028156 4.0710238516330719 7.7719546258449554
leaf_count=159 496 7274 248 2695 32 337 26 142 40 21 323 692 26 112 21 31 97 275 24 31 27 137 243 1620 26 1022 25 659 22 42
internal_value=-1.1247 -1.19337 -1.12423 -1.19964 -1.13187 -0.776816 -0.899026 -1.24388 -1.15381 -1.20163 -1.09404 -0.801419 -0.90874 -0.80099 -0.986974 -1.24799 -1.13052 -0.777179 -0.938723 -0.772998 -0.740071 -1.19087 -1.21901 -0.730648 -0.780819 -1.24418 -1.18081 -1.24518 -1.13515 -1.08234
internal_weight=3131.91 2615.63 1104.17 895.07 372.684 516.28 141.561 1511.46 165.432 311.433 88.2672 209.103 76.0541 28.4972 7.77195 522.386 23.686 61.2504 10.3626 32.0131 133.048 30.1626 49.7775 374.719 74.9438 223.166 34.0486 133.419 11.4729 12.5832
internal_count=16925 14135 5967 4837 2014 2790 765 8168 894 1683 477 1130 411 154 42 2823 128 331 56 173 719 163 269 2025 405 1206 184 721 62 68
is_linear=0
shrinkage=1


Tree=1
num_leaves=31
num_cat=0
split_feature=3 1 3 3 0 0 3 3 0 3 0 3 0 0 3 3 0 3 0 0 0 3 3 0 0 0 3 0 3 0
split_gain=5391.41 776.646 1732.25 287.505 708.975 228.656 593.273 101.622 326.283 99.6419 344.355 88.1467 237.831 38.5217 101.709 25.0604 49.6333 23.6705 173.369 22.939 22.4074 42.9211 21.0591 105.496 13.5593 9.66454 9.17676 126.152 8.25719 16.312
threshold=1.1365461153814294 0.32595070547122945 1.0139952366112019 1.2476453896658557 0.65669642857142863 0.12220009955201593 1.0018709116917033 1.0348168789387537 0.23145604395604394 1.0880730321935899 0.49576271186440685 1.0002466771110343 0.047065337763012159 0.091750841750841708 1.0045262549513969 1.0005424719430749 0.031754032258064509 1.3374471320600141 0.84952830188679263 0.38529014844804316 0.76043478260869579 1.1984424831133145 1.0090829383976041 0.16515151515151513 0.57019704433497542 0.21103238866396759 1.0624928485739529 0.44208407871198574 1.0277353818469097 0.30839160839160845
decision_type=2 2 2 2 2 2 2 2 2 2 2 2 2 2 2 2 2 2 2 2 2 2 2 2 2 2 2 2 2 2
left_child=1 2 5 4 -2 6 11 8 25 26 -11 -1 15 -8 -15 16 -13 18 -5 -9 21 -6 -7 -24 -12 -4 -3 -28 -10 -30
right_child=3 9 7 17 20 22 13 19 28 10 24 12 -14 14 -16 -17 -18 -19 -20 -21 -22 -23 23 -25 -26 -27 27 -29 29 -31
leaf_value=-0.12786519551935885 0.30215366227917223 -0.12763245810099336 0.30415038287952967 0.30279075936106331 -0.098832606230066997 -0.12702231794121721 0.30258845288189268 0.30172969749056344 -0.12214849032473436 0.29691827575066804 0.012637387759930428 0.30074948947095964 -0.11711958843106417 -0.11908295293178267 0.29310073284504295 0.28467548300837442 -0.11093073071612464 0.3021046802221638 -0.075760893765831783 0.10291770457368821 -0.12356627409746022 0.25099781891892653 0.34251575660341849 -0.1194090551717204 -0.12857094896318727 0.16559261703236741 0.30675354142771605 -0.12653178293381642 0.14136548780242217 -0.12924200726837914
leaf_weight=157.58230800926685 114.085742816329 1213.2033021003008 58.138745188713074 81.392639547586441 11.428353011608126 413.70952253043652 44.338376060128212 129.00640912353992 24.758087798953056 25.40095379948616 7.3725155293941489 6.0290010720491427 64.26387619972229 9.1688186824321765 17.248884290456772 20.140914067625999 5.6947457492351532 385.86377395689487 14.210490614175795 6.0768588781356803 58.079408407211304 5.0599825233221045 5.8209616541862479 32.824843525886536 87.585205301642418 5.5112764537334433 7.2135883569717398 98.137280270457268 3.968998968601225 5.0768896341323853
leaf_count=913 524 7025 265 372 62 2390 207 590 140 116 38 28 367 52 79 93 33 1755 78 29 335 24 30 190 507 27 38 568 21 29
internal_value=-0.00126015 -0.0700513 -0.00280375 0.250067 0.145427 -0.0744788 -0.0104191 0.236636 0.158806 -0.117224 -0.0301244 -0.0818283 -0.00636063 0.245634 0.150044 0.217015 0.100778 0.291068 0.246523 0.292786 -0.0943586 0.00852425 -0.120428 -0.0498324 -0.117608 0.292153 -0.125174 -0.0968639 -0.0922741 -0.0105095
internal_weight=3118.39 2448.27 1009.36 670.12 188.653 776.822 324.467 232.537 97.454 1438.91 120.359 253.711 96.1285 70.7561 26.4177 31.8647 11.7237 481.467 95.6031 135.083 74.5677 16.4883 452.355 38.6458 94.9577 63.65 1318.55 105.351 33.804 9.04589
internal_count=16925 13775 5483 3150 945 4382 1772 1101 482 8292 661 1434 521 338 131 154 61 2205 450 619 421 86 2610 220 545 292 7631 606 190 50
is_linear=0
shrinkage=0.1


Tree=2
num_leaves=31
num_cat=0
split_feature=3 1 3 3 0 0 3 3 0 3 0 3 0 0 3 0 3 0 3 3 0 3 3 0 0 3 3 0 0 3
split_gain=4201.07 663.047 1227.14 275.886 701.29 186.637 419.494 98.6913 252.599 69.4068 257.47 42.3665 117.883 31.9313 65.5298 30.705 116.934 27.0771 33.6232 15.7064 116.197 14.8097 12.5014 68.137 11.7047 32.8372 7.93969 106.756 6.81083 15.0518
threshold=1.1134441523702872 0.30716050277656998 1.0095816564151374 1.2476453896658557 0.62382075471698128 0.10084745762711866 1.0008248272658653 1.0201764086423881 0.19326542161856253 1.0783527443836116 0.48683298683298687 1.0018709116917033 0.056079664570230552 0.29679679679679688 1.0460213170288439 0.031754032258064509 1.0002466771110343 0.69604037267080754 1.1872213772209419 1.3764677907238665 0.84952830188679263 1.3374471320600141 1.0068572966335816 0.14415584415584412 0.084039548022598873 1.0038288174381433 1.052493146346746 0.39827586206896554 0.56711711711711721 1.1624976166854266
decision_type=2 2 2 2 2 2 2 2 2 2 2 2 2 2 2 2 2 2 2 2 2 2 2 2 2 2 2 2 2 2
left_child=1 2 5 4 28 6 15 8 -4 26 -11 12 -8 -9 -15 16 -1 18 -6 20 -5 -22 -7 -24 -13 -26 -3 -28 -2 -30
right_child=3 9 7 19 17 22 11 13 -10 10 -12 24 -14 14 -16 -17 -18 -19 -20 -21 21 -23 23 -25 25 -27 27 -29 29 -31
leaf_value=-0.12209435876760777 0.25496881998080861 -0.12453775699395452 0.2468081442602546 0.24952135727156499 -0.07773530150467213 -0.12362366430506784 0.25890973575966075 0.24465153707242188 -0.11342582880805069 0.25112018864840646 -0.12025956024309065 0.25953623645330232 -0.12639194447256552 -0.063596819587463452 0.23118972897698589 -0.12380242151795824 0.2495577477078601 -0.11054245262698802 0.24056168469398109 0.25055775410062803 -0.071131253312924636 0.1167218552821872 0.26370326583608555 -0.12541392817466934 -0.1061896460798719 0.24939916685091529 0.2701350608847925 -0.12192245564713329 0.023642968254284726 0.25351851849228707
leaf_weight=33.204101800918579 140.54730266332626 1123.94789904356 44.390828341245651 114.27781200408936 9.1609098166227323 377.24104151129723 17.593150332570076 140.58889409899712 34.666725292801857 23.921414881944656 84.997736379504204 38.119403034448624 14.472551882266997 11.044136404991148 23.773120313882828 127.09402796626091 11.362907916307448 87.647595569491386 5.204014614224433 387.9712450504303 13.651565358042719 6.0594850629568091 5.4439083039760616 25.956658929586411 3.617413878440856 9.2063039541244489 7.4118459522724143 110.3409423828125 4.203316092491149 8.8365560173988325
leaf_count=207 592 7003 193 479 52 2340 75 596 209 102 523 162 88 61 100 789 48 536 22 1620 78 28 24 161 20 39 36 684 21 37
internal_value=-0.00191007 -0.0706684 -0.00508241 0.19868 0.113559 -0.0767022 -0.00950948 0.181609 0.0888456 -0.115236 -0.0386951 0.175055 0.0850075 0.223419 0.137683 -0.0987579 -0.0273371 -0.0896853 0.0375749 0.240364 0.210846 -0.0133823 -0.118577 -0.0579528 0.231735 0.149092 -0.12195 -0.0972447 0.248555 0.17942
internal_weight=3045.95 2268.4 917.775 777.56 255.6 663.311 254.67 254.464 79.0576 1350.62 108.919 83.0088 32.0657 175.406 34.8173 171.661 44.567 102.013 14.3649 521.96 133.989 19.7111 408.642 31.4006 50.9431 12.8237 1241.7 117.753 153.587 13.0399
internal_count=16925 13460 5112 3465 1260 3953 1428 1159 402 8348 625 384 163 757 161 1044 255 610 74 2205 585 106 2525 185 221 59 7723 720 650 58
is_linear=0
shrinkage=0.1


Tree=3
num_leaves=31
num_cat=0
split_feature=3 1 3 3 0 0 3 3 0 3 0 3 0 3 0 0 3 0 3 3 0 3 0 3 0 3 3 0 0 0
split_gain=3399.47 592.661 996.994 198.55 542.093 167.323 344.912 71.5221 197.524 64.0165 210.575 30.5278 92.4609 28.0624 95.3612 24.436 73.8903 24.0466 40.6622 11.5863 55.659 11.4124 87.492 12.0795 8.16866 25.1053 7.6737 88.1708 6.65339 6.49009
threshold=1.1134441523702872 0.30716050277656998 1.0095816564151374 1.2476453896658557 0.62382075471698128 0.10084745762711866 1.0008248272658653 1.0201764086423881 0.18274582560296848 1.0783527443836116 0.49576271186440685 1.0018709116917033 0.056079664570230552 1.0002466771110343 0.031754032258064509 0.27361853832442068 1.0382826008115529 0.72281323877068571 1.1924587048371766 1.0068572966335816 0.14415584415584412 1.3764677907238665 0.87066905615292722 1.3374471320600141 0.084039548022598873 1.0040217744874309 1.052493146346746 0.41742424242424242 0.35781671159029654 0.3304597701149426
decision_type=2 2 2 2 2 2 2 2 2 2 2 2 2 2 2 2 2 2 2 2 2 2 2 2 2 2 2 2 2 2
left_child=1 2 5 4 -2 6 13 8 -4 26 -11 12 -8 -1 -15 -9 -17 18 -6 -7 -21 22 -5 -24 -13 -26 -3 28 -28 -18
right_child=3 9 7 21 17 19 11 15 -10 10 -12 24 -14 14 -16 16 29 -19 -20 20 -22 -23 23 -25 25 -27 27 -29 -30 -31
leaf_value=-0.12131114646785118 0.21450493509233348 -0.12154357076212739 0.21670747110531488 0.21303364840960706 -0.085090445630809419 -0.12052371668751748 0.22190272226708185 0.2163785968126446 -0.10278279987414062 0.20966252774032257 -0.11905872647737381 0.2229270607504665 -0.12326818366028314 0.21519408534574025 -0.11693066602609972 -0.10077890894708197 0.22476000551708625 -0.11151559784859998 0.22205602014879397 0.22392129763479068 -0.12242276339188235 0.21699718231618992 -0.091347836299561627 0.091306130023242088 -0.082310412965402771 0.22180038046414899 0.27071892456647501 -0.12146728482673333 0.10397091102856262 0.1399402423477589
leaf_weight=116.45288787782192 159.76047945022583 1040.7453974634409 45.063562154769897 121.54316133260727 13.668509423732759 349.66687263548374 18.420919105410579 130.80635036528111 33.914475202560425 25.974405452609062 78.027031943202019 39.830355033278465 13.409939795732496 11.829435244202612 32.115279719233513 10.559839397668837 26.863480985164642 76.262947738170624 6.2954259663820258 5.7503371387720135 24.030653536319733 402.24122196435928 11.175081804394724 5.3559869527816764 3.8577557355165473 9.16054619848728 5.2642795145511609 100.80709670484066 4.3870016485452652 13.582039371132849
leaf_count=784 650 7003 186 494 83 2340 75 530 216 107 518 162 88 48 212 62 109 501 26 24 161 1620 67 24 22 37 23 675 22 56
internal_value=-0.00228325 -0.0679048 -0.00525027 0.174112 0.101567 -0.0738256 -0.00941946 0.15897 0.0795131 -0.112096 -0.0369604 0.153853 0.0764866 -0.0956166 -0.0275263 0.193486 0.134776 -0.0859389 0.0117651 -0.115424 -0.0555481 0.208482 0.183677 -0.0321688 0.200451 0.131682 -0.118884 -0.0938227 0.194923 0.196277
internal_weight=2936.82 2140.52 885.315 796.303 255.987 624.525 245.077 260.79 78.978 1255.21 104.001 84.6795 31.8309 160.398 43.9447 181.812 51.0054 96.2269 19.9639 379.448 29.781 540.315 138.074 16.5311 52.8487 13.0183 1151.2 110.458 9.65128 40.4455
internal_count=16925 13460 5112 3465 1260 3953 1428 1159 402 8348 625 384 163 1044 260 757 227 610 109 2525 185 2205 585 91 221 59 7723 720 45 165
is_linear=0
shrinkage=0.1


Tree=4
num_leaves=31
num_cat=0
split_feature=3 0 3 3 0 0 3 3 0 3 0 0 3 3 0 3 0 3 3 0 0 0 3 0 3 3 0 2 0 0
split_gain=2823.44 518.626 826.354 193.065 509.218 168.908 327.806 48.9315 153.303 42.5995 97.3108 35.7811 91.2517 19.8127 93.9653 15.4357 113.689 19.2066 15.1703 63.5949 14.9365 11.4329 20.7124 8.00517 21.7828 5.74339 5.13845 4.36073 4.07881 3.52443
threshold=1.1018447956972997 0.34654631083202514 1.0139952366112019 1.2182695848680105 0.61620294599018022 0.12220009955201593 1.0009807908646831 1.0290885585440597 0.23145604395604394 1.0031266266374554 0.067989214175654802 0.031754032258064509 1.0002466771110343 1.0783527443836116 0.46225071225071229 1.3764677907238665 0.79830508474576278 1.2807270013352239 1.0084747625122727 0.16515151515151513 0.9213106295149639 0.54631217838765023 1.1464055991666593 0.72281323877068571 1.1872213772209419 1.3374471320600141 0.20722186076772933 0.60667950325255271 0.084039548022598873 0.10582306830907051
decision_type=2 2 2 2 2 2 2 2 2 2 2 2 2 2 2 2 2 2 2 2 2 2 2 2 2 2 2 2 2 2
left_child=1 2 5 4 21 6 11 8 26 10 -8 12 -1 -3 -15 16 -5 -18 -7 -20 27 -2 -23 24 -6 -22 -4 -19 -12 -11
right_child=3 13 7 15 23 18 9 -9 -10 29 28 -13 -14 14 -16 -17 17 20 19 -21 25 22 -24 -25 -26 -27 -28 -29 -30 -31
leaf_value=-0.11616621082334243 0.19709811212445028 -0.11800606996609327 0.19621695425690278 0.19621328698557777 -0.09590522375407895 -0.11837838115166144 0.18515354120271507 0.19086916765170389 -0.10702155227727472 0.1959365439520801 -0.02063807357337509 -0.11673476166758756 0.19242368812499913 0.20663939983898871 -0.11486215748049547 0.19398694671254443 -0.098073240885207247 0.0717804613825751 0.20287820624474218 -0.11290774853707274 -0.12452815879643674 -0.05012220416325 0.19468210200918848 -0.1191060034104659 0.17365976122806459 0.042986328128985563 0.088095106146678426 0.20770767398949808 -0.12130745193604064 0.13041753872111247
leaf_weight=28.443377763032913 143.92243997752666 1012.5374037176371 51.144955009222031 145.06673502922058 17.244065254926685 334.79717139899731 27.373361840844154 141.15148992836475 25.980824157595634 49.258698672056198 5.297363847494128 138.41212747991085 14.4509339928627 10.911713436245916 54.475469663739204 404.73100930452347 14.331464946269991 4.4861210435628909 7.8087900131940833 34.788062363862991 4.1124734580516797 5.4522247314453116 9.4404247999191266 74.579290181398392 3.628462314605712 4.0746798813343048 4.8087348341941825 4.9804294556379318 16.753260970115662 9.8523718267679197
leaf_count=207 578 7349 205 585 113 2429 114 579 172 199 33 1000 58 44 385 1620 94 20 33 244 26 30 38 531 15 18 23 22 117 44
internal_value=-0.00251277 -0.0679092 -0.0114274 0.151445 0.0787555 -0.067134 -0.0097219 0.155187 0.0937166 0.12773 0.0592152 -0.0920043 -0.0122034 -0.114561 -0.0612105 0.183214 0.158586 -0.0120683 -0.111227 -0.0550183 0.0577514 0.188467 0.105059 -0.103786 -0.0490443 -0.0411576 0.186925 0.143293 -0.097123 0.185016
internal_weight=2804.3 1968.25 890.322 836.05 254.267 667.236 289.841 223.086 81.9345 108.535 49.424 181.306 42.8943 1077.92 65.3872 581.783 177.052 31.9852 377.394 42.5969 17.6537 158.815 14.8926 95.4518 20.8725 8.18715 55.9537 9.46655 22.0506 59.1111
internal_count=16925 13235 5457 3690 1305 4478 1772 979 400 507 264 1265 265 7778 429 2385 765 180 2706 277 86 646 68 659 128 44 228 42 150 243
is_linear=0
shrinkage=0.1


Tree=5
num_leaves=31
num_cat=0
split_feature=3 0 3 3 0 0 3 3 0 3 0 0 3 3 0 3 0 3 0 3 0 3 0 0 3 3 0 0 3 0
split_gain=2379.92 465.991 693.821 152.579 420.993 151.564 278.648 40.3242 94.1151 38.0177 130.095 24.4644 67.5806 18.3915 79.8709 14.2082 53.3599 12.7337 93.4246 14.2004 9.35233 16.8204 8.84182 7.60384 19.4211 4.73931 4.43616 3.87822 3.71874 3.48649
threshold=1.1018447956972997 0.34654631083202514 1.0139952366112019 1.2182695848680105 0.61620294599018022 0.12220009955201593 1.0008248272658653 1.0031266266374554 0.067989214175654802 1.0302896699900816 0.23145604395604394 0.031754032258064509 1.0002466771110343 1.0783527443836116 0.46225071225071229 1.0084747625122727 0.16515151515151513 1.3764677907238665 0.82725464190981446 1.2807270013352239 0.54631217838765023 1.1464055991666593 0.92380261248185791 0.72281323877068571 1.1677197295093269 1.3374471320600141 0.78647416413373872 0.20722186076772933 1.0022452742527939 0.32109164420485176
decision_type=2 2 2 2 2 2 2 2 2 2 2 2 2 2 2 2 2 2 2 2 2 2 2 2 2 2 2 2 2 2
left_child=1 2 5 4 20 6 11 8 -8 10 27 12 -1 -3 -15 -7 -17 18 26 -20 -2 -22 -21 24 -6 -24 -5 -4 -10 -11
right_child=3 13 9 17 23 15 7 -9 28 29 -12 -13 -14 14 -16 16 -18 -19 19 22 21 -23 25 -25 -26 -27 -28 -29 -30 -31
leaf_value=-0.11371571140292623 0.17939026195307098 -0.11562014433551274 0.17880491398318601 0.17941288704277755 -0.10701295008087675 -0.11603932121784258 0.16459515079179773 0.16764651669866681 -0.11843355415436574 0.17942363568155645 -0.10051612528785636 -0.11605004097951276 0.17412961588916975 0.18707921531383931 -0.1119877468691976 0.17945027793936688 -0.1099684341079174 0.17722551710546527 -0.1119831414999904 0.10702636359262548 -0.046186452019559315 0.17622158923521095 -0.1216562332891734 -0.11670180823465426 0.11473398042079822 0.037898958216906198 0.085783368531720999 0.091780024999944407 -0.025445276327731414 0.12619874535572506
leaf_weight=26.262714877724648 142.3762598335743 934.11429236829281 53.009520053863525 142.33897322416306 14.480643987655641 308.72876842319965 31.028695821762085 58.727514445781708 19.009900048375133 122.52117559313774 25.397448465228081 122.78541006147861 11.83084002137184 10.848724335432051 50.491643771529198 7.9368325620889655 32.275696933269501 398.95643591880798 11.286185532808306 8.1762556880712491 5.3316733092069617 9.3877410888671857 3.804412215948104 68.800653025507927 5.4309701472520819 3.6454970836639404 5.2468954473733893 5.668485850095748 5.5581466704607001 13.681469783186911
leaf_count=207 578 7349 215 580 104 2429 130 243 145 500 178 964 48 44 385 33 244 1620 81 36 30 38 26 531 24 16 26 26 35 60
internal_value=-0.00265674 -0.0657855 -0.0111437 0.139116 0.0732008 -0.0649939 -0.00950511 0.109861 0.0488218 0.141437 0.0885605 -0.0943295 -0.0243186 -0.112137 -0.0590944 -0.108757 -0.0528452 0.16737 0.144839 -0.0265104 0.171545 0.0956608 0.0352233 -0.100952 -0.0465306 -0.0435804 0.176084 0.170398 -0.0973964 0.174077
internal_weight=2659.14 1839.88 844.423 819.263 245.808 624.145 275.203 114.324 55.5967 220.278 84.0755 160.879 38.0936 995.455 61.3404 348.941 40.2125 573.455 174.498 26.9124 157.096 14.7194 15.6262 88.7123 19.9116 7.44991 147.586 58.678 24.568 136.203
internal_count=16925 13235 5457 3690 1305 4478 1772 553 310 979 419 1219 255 7778 429 2706 277 2385 765 159 646 68 78 659 128 42 606 241 180 560
is_linear=0
shrinkage=0.1


Tree=6
num_leaves=31
num_cat=0
split_feature=3 0 3 0 3 3 0 3 0 3 0 0 3 3 0 3 0 3 3 0 0 3 0 3 0 3 0 0 3 0
split_gain=2028.81 418.801 590.785 133.209 223.473 123.732 353.603 52.7645 143.889 22.1077 60.4411 21.3176 57.9734 17.0693 77.1232 10.9213 77.7001 11.8467 9.43708 47.6977 8.78751 38.3196 8.15729 13.1981 7.23415 16.5235 6.85217 5.18876 4.66968 4.45225
threshold=1.1018447956972997 0.34654631083202514 1.0104624936819859 0.10582306830907051 1.0008248272658653 1.2182695848680105 0.61620294599018022 1.0240593258908965 0.21103238866396759 1.0024961815836189 0.059411764705882351 0.031754032258064509 1.0002466771110343 1.0750792230598634 0.46225071225071229 1.3764677907238665 0.83034857691077724 1.2807270013352239 1.0068572966335816 0.14415584415584412 0.29217479674796754 1.0382826008115529 0.56711711711711721 1.1464055991666593 0.72281323877068571 1.1677197295093269 0.95293466223698797 0.17712418300653593 1.0018709116917033 0.78647416413373872
decision_type=2 2 2 2 2 2 2 2 2 2 2 2 2 2 2 2 2 2 2 2 2 2 2 2 2 2 2 2 2 2
left_child=1 2 3 4 11 6 22 8 27 10 -6 12 -1 -3 -15 16 29 -18 -5 -20 -9 -22 -2 -24 25 -8 -19 -4 -12 -7
right_child=5 13 7 18 9 15 24 20 -10 -11 28 -13 -14 14 -16 -17 17 26 19 -21 21 -23 23 -25 -26 -27 -28 -29 -30 -31
leaf_value=-0.11150923150128711 0.16472401081545721 -0.11379209303349312 0.16920239469767698 -0.11461314058639056 0.16219116227052754 0.16614856699688083 -0.10389593714447604 0.16502434376334907 -0.10590998122872773 0.16133321579734322 -0.11791136927442225 -0.11373246009510694 0.16084746735871785 0.17512402327124701 -0.11028345793403445 0.16449072336473405 -0.10902888675822131 0.073515090799709124 0.18107798828920496 -0.11661159216403741 -0.09859700803500844 0.16256455446898352 -0.080137551063006879 0.158798943663714 -0.11458044757071312 0.10156606586338252 -0.072490643409108921 0.077407356486922332 0.0059408141647166769 0.075880533752956697
leaf_weight=24.209579810500145 143.13703028857708 851.10310281068087 46.977732464671135 294.07823765277863 23.870660021901131 138.51984372735023 13.475585125386717 123.9876042753458 33.779337428510189 47.741125613451004 12.322288528084757 98.530012056231499 11.541201323270796 11.435804903507231 55.020054526627064 387.42918401956558 10.344693258404734 10.677170783281325 6.6607689410448065 28.04244614392519 7.1202754825353614 26.633323818445206 3.652659669518469 6.2974435240030289 63.346665993332863 5.516489014029502 4.5987428873777381 7.0867198631167403 4.0431062132120124 5.6883945763111106
leaf_count=207 598 7274 196 2504 99 580 104 519 263 202 98 840 48 48 456 1620 80 50 28 235 46 111 22 26 531 24 27 36 25 28
internal_value=-0.00274968 -0.063925 -0.0108774 -0.0683681 -0.00856823 0.129542 0.0687578 0.118119 0.0560056 0.115313 0.060709 -0.089732 -0.023586 -0.109981 -0.0611702 0.155222 0.134077 -0.0263968 -0.108793 -0.0594745 0.152709 0.107473 0.158638 0.0710859 -0.0983505 -0.0442169 0.0295607 0.15717 -0.0873134 0.162588
internal_weight=2506.87 1714.18 796.624 551.039 222.258 792.684 235.426 245.585 87.8438 87.9772 40.2361 134.281 35.7508 917.559 66.4559 557.258 169.829 25.6206 328.781 34.7032 157.741 33.7536 153.087 9.9501 82.3387 18.9921 15.2759 54.0645 16.3654 144.208
internal_count=16925 13235 5457 4286 1519 3690 1305 1171 495 424 222 1095 255 7778 504 2385 765 157 2767 263 676 157 646 48 659 128 77 232 123 608
is_linear=0
shrinkage=0.1


Tree=7
num_leaves=31
num_cat=0
split_feature=3 0 3 0 3 3 0 3 0 0 3 3 0 3 0 3 0 3 0 0 3 3 0 3 0 0 3 3 4 3
split_gain=1744.27 376.332 508.167 119.892 192.803 102.613 308.057 43.7957 131.319 19.3052 50.124 18.1024 50.9811 15.8081 66.6827 14.3061 27.2247 8.66941 41.217 7.15363 16.8723 6.53911 48.9627 8.48144 6.1066 5.76567 13.8322 5.51319 4.97982 4.40906
threshold=1.1018447956972997 0.34654631083202514 1.0104624936819859 0.10582306830907051 1.0008248272658653 1.2390000898492741 0.61620294599018022 1.0290885585440597 0.21103238866396759 0.031754032258064509 1.0002466771110343 1.0024961815836189 0.059411764705882351 1.0750792230598634 0.46225071225071229 1.1924587048371766 0.78647416413373872 1.0068572966335816 0.14415584415584412 0.24780701754385961 1.0188952945751943 1.3764677907238665 0.8426212590299279 1.2807270013352239 0.9213106295149639 0.54631217838765023 1.1464055991666593 1.0022452742527939 0.36710276273610531 1.3374471320600141
decision_type=2 2 2 2 2 2 2 2 2 2 2 2 2 2 2 2 2 2 2 2 2 2 2 2 2 2 2 2 2 2
left_child=1 2 3 4 9 6 25 8 -4 10 -1 12 -6 -3 -15 -8 28 -5 -19 20 -10 22 -7 -24 -25 -2 -27 -14 -17 -26
right_child=5 13 7 17 11 21 15 -9 19 -11 -12 -13 27 14 -16 16 -18 18 -20 -21 -22 -23 23 24 29 26 -28 -29 -30 -31
leaf_value=-0.10950256466490518 0.15554424943589687 -0.11191218449760135 0.14787612995609001 -0.11277781592775005 0.15094055984639304 0.15387998809638187 -0.10711454066633115 0.14862688476486485 -0.11867010090465374 -0.11186191041022342 0.15030732986573714 0.14987133622915669 -0.10985768341849962 0.16261834061047442 -0.10792593480814028 0.19320637495133894 -0.11563954402884387 0.16664041242490257 -0.1148083330315032 -0.11052810976528692 0.15417201496388827 0.15450970209843629 -0.11694962985768065 0.094178407154103347 -0.11886894048596207 -0.042560114825148973 0.15234063803105127 0.054511187136712408 0.041308634250113017 0.033928691712606596
leaf_weight=22.286614872515202 147.78300194442272 782.38269351422787 65.37865062057972 270.20097556710243 23.122728884220123 116.8841065838933 65.864524468779564 132.82298271358013 5.7041111290454847 90.567970521748066 11.136044621467589 46.324824795126915 12.961751148104666 11.100487783551214 50.816098988056183 4.6288076937198657 10.776941344141958 6.5208486765623084 25.751881629228592 28.662323638796806 3.7607808262109756 371.99503719806671 5.7639765143394497 6.9455471187829954 3.4598601907491684 5.1645352691411999 12.346611499786375 2.4219212532043448 4.0438401997089386 4.1580483317375183
leaf_count=207 640 7274 288 2504 99 509 582 579 46 840 48 202 110 48 456 21 94 28 235 242 16 1620 47 30 26 30 53 13 20 18
internal_value=-0.00281154 -0.06231 -0.0106409 -0.0666919 -0.00841255 0.121846 0.0694628 0.110625 0.0618598 -0.0878915 -0.0229369 0.107755 0.0570874 -0.108063 -0.0594224 -0.084862 -0.00950559 -0.106927 -0.0579404 -0.0856368 -0.010259 0.147627 0.128968 -0.0142747 0.0263624 0.149115 0.0948589 -0.0839803 0.12238 -0.0354681
internal_weight=2351.74 1591.92 747.624 511.296 208.822 759.815 250.608 236.329 103.506 123.991 33.4227 84.8312 38.5064 844.299 61.9166 85.3141 19.4496 302.474 32.2727 38.1272 9.46489 509.207 137.212 20.3274 14.5635 165.294 17.5111 15.3837 8.67265 7.61791
internal_count=16925 13235 5457 4286 1519 3690 1440 1171 592 1095 255 424 222 7778 504 717 135 2767 263 304 62 2250 630 121 74 723 83 123 41 44
is_linear=0
shrinkage=0.1


Tree=8
num_leaves=31
num_cat=0
split_feature=3 0 3 0 3 3 0 3 0 3 0 3 0 0 3 3 0 0 3 3 0 3 0 3 0 3 0 0 0 3
split_gain=1509.78 338.419 439.184 105.814 160.376 86.3242 263.888 40.7105 115.374 17.9068 45.7515 15.2916 81.962 13.9607 19.6727 11.5907 43.0472 8.00905 31.3087 7.69127 38.6763 6.67882 15.73 5.97593 42.7863 6.60086 6.23763 5.40735 5.09077 14.839
threshold=1.1018447956972997 0.34654631083202514 1.0098586439280326 0.10084745762711866 1.0008248272658653 1.2390000898492741 0.65261756876663723 1.0240593258908965 0.19326542161856253 1.0002466771110343 0.036038961038961002 1.0624928485739529 0.44208407871198574 0.58411949685534603 1.1433623633822243 1.0018709116917033 0.056079664570230552 0.29217479674796754 1.0460213170288439 1.0055155507012519 0.14415584415584412 1.1924587048371766 0.78647416413373872 1.3764677907238665 0.82725464190981446 1.2728978440105563 0.90824915824915842 0.21913109756097562 0.084039548022598873 1.0040217744874309
decision_type=2 2 2 2 2 2 2 2 2 2 2 2 2 2 2 2 2 2 2 2 2 2 2 2 2 2 2 2 2 2
left_child=1 2 3 4 9 6 13 8 -4 -1 -11 -3 -13 -2 -15 16 -6 -9 -19 -5 -21 -8 -23 24 -7 -26 -27 -10 -17 -30
right_child=5 11 7 19 15 23 21 17 27 10 -12 12 -14 14 -16 28 -18 18 -20 20 -22 22 -24 -25 25 26 -28 -29 29 -31
leaf_value=-0.11114540518022886 0.14490033513633876 -0.11153959001015366 0.14305466098723399 -0.11155309583695666 0.14779466312089995 0.14651302128390251 -0.1101147313191892 0.14611235853264101 -0.0010725936401388035 0.13497411270265783 -0.11291148197409416 0.16208150308311617 -0.10635674939204738 -0.10402145103016547 0.13141024410401345 0.15222365051189002 -0.11648938107299001 -0.056124500772466612 0.15682584771569597 0.13896029695077594 -0.1128541417590106 0.091684189778476116 -0.11394566209495452 0.14649731186051593 -0.1154094013739865 0.085326264458759821 -0.037562188382671079 -0.10872028654645434 -0.089358498433536576 0.14972214783682256
leaf_weight=77.149065762758255 150.16075160354376 681.9445918649435 51.288987159729004 243.19809497892857 16.899090319871906 110.21008822321892 55.988770581781864 114.62493795156479 5.5338150560855857 11.737960331141947 20.361298806965351 13.242169782519339 80.636550135910511 5.6284477710723868 9.6077237427234632 36.504277840256691 9.701224282383917 10.097405105829241 21.831418082118034 7.5829154103994361 31.175601147115231 5.9635799080133429 9.8888842239975911 354.02767539024353 4.5575787425041225 7.8276646882295635 8.7449091151356679 29.767029851675034 3.7092676609754553 8.650312811136244
leaf_count=784 683 6924 232 2456 75 502 545 519 33 58 202 62 792 44 45 164 88 60 97 37 314 29 94 1620 40 34 54 277 22 39
internal_value=-0.00285422 -0.0608478 -0.0104249 -0.0664186 -0.00758724 0.115575 0.0661369 0.101654 0.0472909 -0.0850308 -0.0222654 -0.106331 -0.0684919 0.135646 0.0444386 0.104527 0.0514094 0.133774 0.0894809 -0.10496 -0.0635879 -0.0938906 -0.0365892 0.139739 0.121521 -0.00882909 0.0204813 -0.0918453 0.133442 0.077971
internal_weight=2198.24 1475.64 699.813 466.669 184.712 722.606 237.238 233.144 86.5898 109.248 32.0993 775.823 93.8787 165.397 15.2362 75.4642 26.6003 146.554 31.9288 281.957 38.7585 71.8412 15.8525 485.368 131.34 21.1302 16.5726 35.3008 48.8639 12.3596
internal_count=16925 13235 5457 4239 1432 3690 1440 1218 542 1044 260 7778 854 772 89 388 163 676 157 2807 351 668 123 2250 630 128 88 310 225 61
is_linear=0
shrinkage=0.1


Tree=9
num_leaves=31
num_cat=0
split_feature=3 0 3 0 3 3 0 0 3 3 0 0 3 3 0 3 0 3 3 0 0 3 0 3 0 3 0 0 4 0
split_gain=1313.56 304.48 382.572 101.907 159.053 73.7894 222.545 22.5141 67.58 21.2574 53.5534 16.6945 38.199 14.475 70.9236 7.92099 51.4244 11.2088 7.54278 28.6643 6.63862 11.8898 6.36693 9.6865 6.21803 5.1084 25.4322 3.93995 3.48587 3.34593
threshold=1.1018447956972997 0.34654631083202514 1.0136885861786806 0.12220009955201593 1.0008248272658653 1.2182695848680105 0.61620294599018022 0.27361853832442068 1.0382826008115529 1.0034085484447643 0.07207792207792206 0.031754032258064509 1.0002466771110343 1.0624928485739529 0.44208407871198574 1.3764677907238665 0.78647416413373872 1.2807270013352239 1.0084747625122727 0.16515151515151513 0.72281323877068571 1.1677197295093269 0.54631217838765023 1.1464055991666593 0.9213106295149639 1.0188952945751943 0.19326542161856253 0.49576271186440685 0.57728733917273056 0.051503094606542808
decision_type=2 2 2 2 2 2 2 2 2 2 2 2 2 2 2 2 2 2 2 2 2 2 2 2 2 2 2 2 2 2
left_child=1 2 3 4 11 6 22 25 -9 10 29 12 -1 -3 -15 16 -7 -18 -5 -20 21 -8 -2 -24 28 26 -4 -16 -19 -6
right_child=5 13 7 18 9 15 20 8 -10 -11 -12 -13 -14 14 27 -17 17 24 19 -21 -22 -23 23 -25 -26 -27 -28 -29 -30 -31
leaf_value=-0.10589345105649868 0.14023915012747631 -0.11012504415908581 0.14574541451765458 -0.10915903366866969 0.144377535039274 0.14089161834108485 -0.095859323984284012 -0.10028812331462998 0.13753472571186393 0.13390592530576448 -0.094804133726327677 -0.10901357274702184 0.13486331456337963 0.14923628497735394 -0.012373563460858571 0.13994130076950667 -0.087396015824406537 0.14964721108782653 0.13308160191364343 -0.10680253896100828 -0.10984388488813497 0.087146201575483445 -0.041788459600934795 0.13450669084810887 -0.029971485796792437 0.13866258553078625 -0.10569246116519991 -0.11005085005207836 0.034127761155367621 0.073740141163875034
leaf_weight=18.775231674313549 120.8098871409893 624.56894172728062 17.046135321259502 219.62344011664391 20.531057298183445 120.45769691467285 10.848379708826544 18.522030614316463 33.666423782706261 47.633800521492958 18.37852319329977 87.515516825020313 10.154336795210837 12.958300814032553 4.3886477723717681 334.55347806215286 10.989956825971605 5.1041608005762118 6.341072395443919 23.228467553853989 49.525578491389751 5.2770962119102469 5.0468020290136328 8.1490646004676801 7.2536453381180754 115.85131139308214 5.2653222903609267 69.95049037784338 5.3503080159425735 9.9582615420222265
leaf_count=207 578 6924 81 2429 97 580 104 159 157 228 174 964 48 62 31 1620 96 22 29 231 531 24 30 38 44 554 45 761 23 54
internal_value=-0.00288343 -0.0595663 -0.010223 -0.0593659 -0.00856773 0.110285 0.0591383 0.109087 0.0531298 0.0863678 0.0400302 -0.0872437 -0.0213873 -0.104794 -0.0666522 0.131397 0.112232 -0.00806547 -0.102775 -0.0553603 -0.0916988 -0.0359704 0.133035 0.067082 0.0411684 0.130224 0.0864081 -0.104284 0.0905276 0.121306
internal_weight=2047.72 1364.36 652.491 462.14 212.947 683.366 199.657 190.351 52.1885 96.5016 48.8678 116.445 28.9296 711.866 87.2974 483.709 149.156 28.6981 249.193 29.5695 65.6511 16.1255 134.006 13.1959 17.7081 138.163 22.3115 74.3391 10.4545 30.4893
internal_count=16925 13235 5457 4461 1772 3690 1305 996 316 553 325 1219 255 7778 854 2385 765 185 2689 260 659 128 646 68 89 680 126 792 45 151
is_linear=0
shrinkage=0.1


Tree=10
num_leaves=31
num_cat=0
split_feature=3 0 3 0 3 3 0 3 0 3 0 0 3 0 3 3 0 3 0 0 3 3 0 3 0 3 3 0 3 0
split_gain=1147.93 275.09 340.436 95.9128 139.683 63.5837 195.426 24.7553 55.509 24.6591 84.5075 15.5731 33.4841 10.424 16.5407 9.80029 15.7577 8.94602 41.1163 5.28864 15.5011 4.57631 30.0446 5.93794 4.08806 10.329 3.88406 18.875 3.61759 7.35252
threshold=1.1018447956972997 0.36700680272108849 1.0136885861786806 0.13536417773705908 1.0008248272658653 1.2476453896658557 0.65261756876663723 1.0041819498565812 0.077677224736048267 1.0373317000816324 0.24780701754385961 0.031754032258064509 1.0002466771110343 0.5727513227513229 1.1433623633822243 1.1924587048371766 0.77388922702373719 1.072207832633254 0.49576271186440685 0.063164893617021267 1.0018709116917033 1.3764677907238665 0.8426212590299279 1.3374471320600141 0.21103238866396759 1.0192974833736999 1.0101791555662516 0.17712418300653593 1.0254121260455429 0.2869249394673124
decision_type=2 2 2 2 2 2 2 2 2 2 2 2 2 2 2 2 2 2 2 2 2 2 2 2 2 2 2 2 2 2
left_child=1 2 3 4 11 6 13 8 19 10 24 12 -1 -2 -15 -8 -17 -3 -19 -6 -21 22 -7 -24 -4 -26 -5 -28 -12 -30
right_child=5 17 9 26 7 21 15 -9 -10 -11 28 -13 -14 14 -16 16 -18 18 -20 20 -22 -23 23 -25 25 -27 27 -29 29 -31
leaf_value=-0.1042905817752003 0.13285207218309766 -0.10894785513029433 0.13599178562255509 -0.10935014118361462 0.1288417924960297 0.13369776274902057 -0.10711493608434122 0.12928715885566042 -0.093162040287191716 0.13545815565986255 -0.11345757616322814 -0.10786104409727477 0.12871479628911922 -0.099693887725640334 0.11566592005077624 0.098187634200780319 -0.095707291216139523 0.11652665133350036 -0.10812333070753909 -0.11492136446192314 0.173486779227636 0.13449230597222336 -0.052873806940999371 0.065687645111940168 -0.090415650021772848 0.13649072409661431 0.14167831598588915 -0.11325954232866851 0.072742152232195795 -0.096148967983075317
leaf_weight=17.236356563866142 135.89913120865822 573.71359081566334 55.675508886575699 207.93022985011339 27.451860807836056 93.077641397714615 47.348785139620304 44.272011309862137 22.392598912119865 97.070001929998398 16.0986512452364 88.630601242184639 9.603917792439459 5.1601951792836216 11.546364545822142 6.8942661136388805 10.691200613975523 10.011567585170267 43.746005602180958 3.6115256771445265 3.8504413664340973 314.3377760052681 11.091821037232878 6.822573482990264 2.9448226019740087 6.2937884926795959 3.6607726365327862 14.051164813339708 3.8515339046716672 7.7933524027466774
leaf_count=207 691 6943 282 2514 137 475 545 225 229 488 173 1067 48 45 58 33 113 52 516 34 17 1620 81 29 24 29 16 152 18 64
internal_value=-0.00289837 -0.0583816 -0.0118374 -0.0598693 -0.0124103 0.105837 0.0618622 0.0731215 0.0297308 0.100236 0.0633356 -0.0876516 -0.0209172 0.123688 0.0491472 -0.0834391 -0.0196921 -0.105293 -0.0662855 0.10855 0.0338998 0.128329 0.110872 -0.0077205 0.125769 0.0641639 -0.105521 -0.060568 -0.082746 -0.0402884
internal_weight=1902.76 1259.89 632.419 442.691 217.049 642.87 217.54 101.578 57.3064 189.728 92.6577 115.471 26.8403 152.606 16.7066 64.9343 17.5855 627.471 53.7576 34.9138 7.46197 425.33 110.992 17.9144 64.9141 9.23861 225.642 17.7119 27.7435 11.6449
internal_count=16925 13235 5724 4646 1964 3690 1485 642 417 1078 590 1322 255 794 103 691 146 7511 568 188 51 2205 585 110 335 53 2682 168 255 82
is_linear=0
shrinkage=0.1


Tree=11
num_leaves=31
num_cat=0
split_feature=3 0 3 0 3 3 0 0 3 3 0 0 3 0 3 3 0 3 0 3 0 3 3 0 0 3 0 3 3 0
split_gain=1006.44 247.958 298.075 86.6944 122.912 55.4548 172.744 21.6692 67.0068 21.0521 48.0401 14.1167 29.4325 9.98578 14.6787 8.46295 36.4763 5.49869 10.7232 5.01251 31.1177 5.30558 4.54082 22.8405 4.5345 13.3207 4.15278 4.13569 3.65489 16.4453
threshold=1.1018447956972997 0.36700680272108849 1.0136885861786806 0.13536417773705908 1.0008248272658653 1.2390000898492741 0.65261756876663723 0.27361853832442068 1.0451785307992318 1.0041819498565812 0.077677224736048267 0.031754032258064509 1.0002466771110343 0.54631217838765023 1.1433623633822243 1.072207832633254 0.46225071225071229 1.1924587048371766 0.78647416413373872 1.3764677907238665 0.82725464190981446 1.3374471320600141 1.0259040968441291 0.23145604395604394 0.063164893617021267 1.0018709116917033 0.92380261248185791 1.0382826008115529 1.0101791555662516 0.17712418300653593
decision_type=2 2 2 2 2 2 2 2 2 2 2 2 2 2 2 2 2 2 2 2 2 2 2 2 2 2 2 2 2 2
left_child=1 2 3 4 11 6 13 22 27 10 24 12 -1 -2 -15 -3 -17 -8 -19 20 -7 26 23 -4 -6 -26 -22 -9 -5 -30
right_child=5 15 7 28 9 19 17 8 -10 -11 -12 -13 -14 14 -16 16 -18 18 -20 -21 21 -23 -24 -25 25 -27 -28 -29 29 -31
leaf_value=-0.10276973634665693 0.12971483780390877 -0.10779331706030271 0.1216238270976478 -0.1082177904582564 0.12301137182243781 0.12948842143425729 -0.10561282579656893 -0.097704942335499534 0.14170185501440452 0.12287391879372392 -0.08988636712251441 -0.10661838646328513 0.1233928938861753 -0.061359772248149341 0.11369889469498957 0.13435491161554072 -0.1014294846942167 0.068490471027912905 -0.11027712673876551 0.12990337558355969 0.0021386524943379421 0.060905621564528882 0.13383243611229909 -0.094948491196603882 -0.1133314480822581 0.16272904116462072 -0.11317818343015179 0.011466013370937056 0.13015619109926455 -0.11191346554126649
leaf_weight=15.81518914550543 118.01757952570915 524.39368580281734 37.56377536803484 190.01111654192209 25.955393806099892 92.230544596910477 43.421302430331707 20.369683302938942 31.216529533267021 42.040830180048943 20.962473347783089 81.08334456384182 9.0452302843332273 7.1554303914308575 14.48811239004135 7.7723392173647872 42.104362457990646 5.9171024486422521 7.7505936324596405 293.94730120897293 7.3207598924636859 7.0748281627893439 79.563899651169777 5.5949793756008139 3.3113321363925925 3.7020396441221237 5.4460002034902573 4.1825374811887732 3.5899744331836727 12.859102532267569
leaf_count=207 640 6943 203 2514 137 502 545 214 164 225 229 1067 48 56 76 40 528 29 94 1620 44 30 429 48 34 17 54 20 16 152
internal_value=-0.00291034 -0.0573342 -0.0116216 -0.058738 -0.0121473 0.101928 0.0583561 0.0961773 0.0444905 0.069827 0.0284755 -0.086406 -0.0204826 0.118264 0.0558239 -0.104049 -0.064687 -0.0882008 -0.032884 0.123043 0.105048 -0.00855854 0.119665 0.093548 0.103733 0.0323883 -0.0470528 -0.0791074 -0.104303 -0.0590823
internal_weight=1763.91 1161.14 586.867 408.376 201.916 602.77 196.75 178.491 55.7688 95.9721 53.9312 105.944 24.8604 139.661 21.6435 574.27 49.8767 57.089 13.6677 406.019 112.072 19.8416 122.723 43.1588 32.9688 7.01337 12.7668 24.5522 206.46 16.4491
internal_count=16925 13235 5724 4646 1964 3690 1440 1078 398 642 417 1322 255 772 132 7511 568 668 123 2250 630 128 680 251 188 51 98 234 2682 168
is_linear=0
shrinkage=0.1


Tree=12
num_leaves=31
num_cat=0
split_feature=3 0 3 0 3 3 0 0 3 3 0 0 3 0 3 3 0 3 0 0 3 3 0 3 0 4 3 3 0 3
split_gain=884.957 223.679 261.652 78.4266 108.338 48.5161 148.253 18.9604 58.2341 17.9555 43.7473 12.9225 30.4406 9.06439 12.7838 8.44885 11.7232 8.06999 35.9633 5.5245 15.0591 4.34932 20.4821 4.32225 25.1689 4.62766 7.90298 3.79131 3.74484 3.4353
threshold=1.1018447956972997 0.36700680272108849 1.0136885861786806 0.13536417773705908 1.0008248272658653 1.2476453896658557 0.65261756876663723 0.27361853832442068 1.0451785307992318 1.0045262549513969 0.087977296181630513 0.036038961038961002 1.0002720006616583 0.5727513227513229 1.1365461153814294 1.1924587048371766 0.77388922702373719 1.0686108008718731 0.46225071225071229 0.063164893617021267 1.0018709116917033 1.0259040968441291 0.21103238866396759 1.3764677907238665 0.80178571428571443 0.67752856669506323 1.3285594431535992 1.0382826008115529 0.92380261248185791 1.0101791555662516
decision_type=2 2 2 2 2 2 2 2 2 2 2 2 2 2 2 2 2 2 2 2 2 2 2 2 2 2 2 2 2 2
left_child=1 2 3 4 11 6 13 21 27 10 19 12 -1 -2 -15 -8 -17 -3 -19 -6 -21 22 -4 24 -7 26 28 -9 -26 -5
right_child=5 17 7 29 9 23 15 8 -10 -11 -12 -13 -14 14 -16 16 -18 18 -20 20 -22 -23 -24 -25 25 -27 -28 -29 -30 -31
leaf_value=-0.093980138255587542 0.12358753564789193 -0.10709491778082483 0.12624325112849141 -0.10719161582235225 0.11810535591648773 0.12780741197952369 -0.10419620649292449 -0.094877691077370818 0.13640447309132528 0.12036975961983065 -0.10120742186651417 -0.10810434503099045 0.13904545765964091 -0.11369949862868596 0.095485006650383633 0.081426411236481214 -0.091512880587939716 0.12691331472872749 -0.10088096861366871 -0.11098355978947452 0.12755676307451425 0.12972570030633315 -0.045751878426863526 0.12599463093497829 0.013780466902241498 -0.099140541492323611 0.11019745888792616 0.010321646621256016 -0.11218281982003764 -0.057699154382978859
leaf_weight=19.512144550681118 119.35989406704903 471.45330073684454 32.065460249781609 173.49110746383667 25.159268021583557 77.83571682870388 39.796263515949249 18.952561996877197 29.285629257559776 37.008550062775612 17.269208073616028 69.744066178798676 7.8657711297273627 3.9271323829889289 11.408203072845934 6.8004448562860516 9.2533424571156484 8.1768033280968648 45.476103484630585 4.3740176111459714 6.7009925693273544 74.152605772018433 8.8305153101682645 273.79648715257645 7.1164543554186874 3.5785916969180098 6.7690954804420462 4.1816773638129225 3.5313563272356987 15.257873095571993
leaf_count=268 691 6841 183 2514 141 458 545 214 164 209 206 1007 47 41 62 33 113 45 625 52 34 429 68 1620 39 20 31 20 37 168
internal_value=-0.00291256 -0.0563597 -0.0114111 -0.0576784 -0.0118955 0.0985353 0.0574903 0.0925739 0.0427257 0.0668165 0.0297735 -0.0852504 -0.0270311 0.114289 0.0419162 -0.0794929 -0.0182551 -0.102913 -0.0661647 0.0921988 0.0333465 0.115286 0.089105 0.119524 0.101598 0.00443258 0.0257134 -0.0758622 -0.0279954 -0.103191
internal_weight=1632.13 1068.96 543.851 376.383 187.634 563.173 190.545 167.468 52.4199 90.512 53.5035 97.122 27.3779 134.695 15.3353 55.8501 16.0538 525.106 53.6529 36.2343 11.075 115.049 40.896 372.628 98.8312 20.9955 17.4169 23.1342 10.6478 188.749
internal_count=16925 13235 5724 4646 1964 3690 1485 1078 398 642 433 1322 315 794 103 691 146 7511 670 227 86 680 251 2205 585 127 107 234 76 2682
is_linear=0
shrinkage=0.1


Tree=13
num_leaves=31
num_cat=0
split_feature=3 0 3 0 3 3 0 3 0 3 0 3 0 3 0 3 0 3 3 0 3 3 0 1 4 3 0 3 0 0
split_gain=780.31 201.332 225.351 59.4708 81.7504 50.9223 151.491 21.1979 62.3185 15.7128 66.6243 11.1292 26.5635 8.18 21.3382 7.92662 7.63484 13.1476 6.20639 34.2047 7.38175 5.78253 11.1066 5.42139 4.64972 6.71688 4.43792 2.92067 12.1024 2.71438
threshold=1.0931916080826625 0.32529069767441865 1.008751561487176 0.10582306830907051 1.0008248272658653 1.2182695848680105 0.61620294599018022 1.0259040968441291 0.19326542161856253 1.0491599199686514 0.42163742690058481 1.0002466771110343 0.036038961038961002 1.0027917683936225 0.056079664570230552 1.0022452742527939 0.52223320158102771 1.1204515143443838 1.3764677907238665 0.78647416413373872 1.2807270013352239 1.0188952945751943 0.23145604395604394 0.54349904135502569 0.29687983362966919 1.1464055991666593 0.90098039215686299 1.0055155507012519 0.14415584415584412 0.47413024085637828
decision_type=2 2 2 2 2 2 2 2 2 2 2 2 2 2 2 2 2 2 2 2 2 2 2 2 2 2 2 2 2 2
left_child=1 2 3 4 11 6 16 8 -4 -3 -11 -1 -13 14 -6 -16 -2 -18 19 -7 -21 -10 -23 24 25 -8 -22 -5 -29 -12
right_child=5 9 7 27 13 18 23 -9 21 10 29 12 -14 -15 15 -17 17 -19 -20 20 26 22 -24 -25 -26 -27 -28 28 -30 -31
leaf_value=-0.10535345343599344 0.12471522792922114 -0.10742073231175381 0.11453959181887147 -0.10714116339274755 0.12139134245947727 0.12318241275987579 -0.063858647448506708 0.11895803173606581 -0.10759493001588834 0.13152091967095228 -0.035147324030874998 0.11297147650487249 -0.10748698172361085 0.12098546678038276 -0.10216854715394266 0.059465127845222579 -0.10018073448717578 0.10184446076519747 0.12263169102129885 -0.080936880185602078 0.079736179261291812 0.13967606134041285 -0.092052854090487218 -0.10402184945484064 -0.072849357242480609 0.19305892812020989 -0.023744249380520319 0.08983950996766904 -0.10716036039162556 -0.10755319944789976
leaf_weight=51.815890535712242 96.523729532957077 429.17466740682721 48.536706142127514 140.68098181113601 16.360937133431438 92.536639079451561 2.1342935338616353 88.02624624222517 18.025297559797767 14.917502723634241 5.640212081372737 8.9427011907100695 14.056345343589781 26.094500593841076 9.0600419268012029 4.5617046579718581 4.2460700422525433 13.347630873322485 254.1827130317688 8.9107191041111964 8.9491609483957308 3.212543383240698 5.8072162196040154 43.60375963896513 7.894253633916378 1.9449226334691045 7.719238080084323 3.9707673043012646 14.528313174843786 63.116488128900528
leaf_count=819 604 6812 298 2211 98 580 28 549 244 88 56 58 218 158 113 26 37 75 1620 96 41 15 53 649 79 13 48 22 233 984
internal_value=-0.00290743 -0.0567651 -0.00823968 -0.0611699 -0.0112371 0.0931362 0.0477348 0.0856041 0.0467585 -0.099692 -0.0600502 -0.0796577 -0.0217663 0.0800458 0.0444152 -0.04804 0.113672 0.0530876 0.11383 0.0948897 -0.00746396 -0.0748856 -0.00951859 -0.0876554 -0.0280537 0.0586367 0.0318138 -0.102229 -0.064875 -0.101614
internal_weight=1508.52 966.529 453.68 290.072 130.892 541.993 169.695 163.608 75.5818 512.849 83.6742 74.8149 22.999 56.0772 29.9827 13.6217 114.117 17.5937 372.298 118.116 25.5791 27.0451 9.01976 55.5772 11.9735 4.07922 16.6684 159.18 18.4991 68.7567
internal_count=16925 13055 5115 3956 1490 3870 1485 1159 610 7940 1128 1095 276 395 237 139 716 112 2385 765 185 312 68 769 120 41 89 2466 255 1040
is_linear=0
shrinkage=0.1


Tree=14
num_leaves=31
num_cat=0
split_feature=3 0 3 0 3 3 0 3 0 3 0 0 3 3 0 3 0 3 0 3 3 0 0 3 3 0 0 0 2 0
split_gain=689.109 181.698 198.212 54.7075 73.2651 44.8613 133.008 19.1965 55.6174 14.9626 58.3409 8.26645 11.5043 8.20721 22.5049 6.11911 12.085 6.0464 31.0992 6.28727 5.38627 9.47271 4.39629 9.91339 3.92555 12.5409 3.7051 3.36053 4.77801 3.20025
threshold=1.0931916080826625 0.32529069767441865 1.0084747625122727 0.095695970695970675 1.0005424719430749 1.2182695848680105 0.5929064657878218 1.0259040968441291 0.19326542161856253 1.0491599199686514 0.44208407871198574 0.72281323877068571 1.1677197295093269 1.0014498808424011 0.051503094606542808 1.0002466771110343 0.025978407557354904 1.3764677907238665 0.78647416413373872 1.2807270013352239 1.0188952945751943 0.23145604395604394 0.50423728813559332 1.1204515143443838 1.0055155507012519 0.14415584415584412 0.9213106295149639 0.39339826839826841 0.36159545207560456 0.17349498327759191
decision_type=2 2 2 2 2 2 2 2 2 2 2 2 2 2 2 2 2 2 2 2 2 2 2 2 2 2 2 2 2 2
left_child=1 2 3 4 15 6 22 8 29 -3 27 12 -8 14 -6 -1 -17 18 -7 -20 -10 -22 -2 -24 -5 -26 -21 -11 -29 -4
right_child=5 9 7 24 13 17 11 -9 20 10 -12 -13 -14 -15 -16 16 -18 -19 19 26 21 -23 23 -25 25 -27 -28 28 -30 -31
leaf_value=-0.10428194803436915 0.12291402693897213 -0.10665792767779728 0.1187508162916141 -0.10485906591812791 0.11151588795358564 0.11991978294302 -0.080235699054671539 0.11458695450759036 -0.10611541647806295 0.13694586643590809 -0.10389573858557873 -0.10492780602276817 0.088019360711667119 0.10571712480580642 -0.10667137180505171 0.12335558640601652 -0.089135651456331594 0.11971195154535637 -0.077180898892996438 0.06829969252854555 0.13075101847598045 -0.088117195332138895 -0.072769740224960175 0.11040499342096802 0.087079625198438648 -0.10642804400623534 -0.028156245840860294 0.1581761600628202 -0.040044209527098237 0.039584306648696305
leaf_weight=43.897109556943178 86.249307885766029 390.96877838671207 41.12827430292964 137.17652611806989 11.893469050526621 85.890977382659912 11.855077587068083 82.531497187912464 17.215567663311962 11.593118861317636 61.00070046633482 37.547457039356232 6.1832127422094336 34.324014112353325 7.8459036089479914 3.817023128271102 8.9574321061372739 235.31336456537247 8.4350250810384768 9.7650486528873461 3.0947815477848035 5.4772459827363491 3.9012260809540775 12.175575658679007 4.6002396494150188 12.314626436680554 6.7249352484941474 2.0278613045811644 3.0376178547739983 5.8300514034926882
leaf_count=760 584 6812 268 2343 84 580 149 549 256 66 1021 617 33 229 109 25 141 1620 96 45 15 53 29 73 26 217 44 13 28 40
internal_value=-0.00291078 -0.0558834 -0.0081277 -0.0607246 -0.00710921 0.0904912 0.0463225 0.0815766 0.0441257 -0.0986942 -0.0586016 -0.0781986 -0.0225608 0.0761701 0.0247919 -0.0865558 -0.025643 0.110642 0.0913822 -0.00695775 -0.0738662 -0.00909863 0.113965 0.0659555 -0.0992543 -0.0538009 0.0289631 0.107257 0.0393093 0.108922
internal_weight=1392.77 888.732 420.104 264.826 110.735 504.041 157.912 155.277 72.7459 468.628 77.6593 55.5857 18.0383 54.0634 19.7394 56.6716 12.7745 346.129 110.816 24.925 25.7876 8.57203 102.326 16.0768 154.091 16.9149 16.49 16.6586 5.06548 46.9583
internal_count=16925 13055 5115 3934 1348 3870 1485 1181 632 7940 1128 799 182 422 193 926 166 2385 765 185 324 68 686 102 2586 243 89 107 41 308
is_linear=0
shrinkage=0.1


Tree=15
num_leaves=31
num_cat=0
split_feature=3 0 3 0 3 3 0 3 0 3 0 3 0 1 3 4 0 3 0 3 0 3 3 0 1 4 2 3 4 0
split_gain=609.453 164.31 174.415 46.4032 59.33 39.7481 119.894 23.5221 63.0424 14.2348 51.2883 8.81134 26.244 7.83487 7.64743 6.79007 5.64304 11.0414 5.42611 18.2681 4.71872 6.88996 4.4853 22.433 3.88926 5.31192 3.8624 3.25928 3.94912 2.97948
threshold=1.0931916080826625 0.32529069767441865 1.0061414482588964 0.087977296181630513 1.0003701833543546 1.2390000898492741 0.61620294599018022 1.0188952945751943 0.16035714285714289 1.0491599199686514 0.44208407871198574 1.0018709116917033 0.051503094606542808 0.60199866524282075 1.1772299398445962 0.37356519585105402 0.52223320158102771 1.1204515143443838 0.27361853832442068 1.0348168789387537 0.19326542161856253 1.0136885861786806 1.3764677907238665 0.82725464190981446 0.7184254647758509 0.67752856669506323 0.56357349587841388 1.3285594431535992 0.51817159892918629 0.39339826839826841
decision_type=2 2 2 2 2 2 2 2 2 2 2 2 2 2 2 2 2 2 2 2 2 2 2 2 2 2 2 2 2 2
left_child=1 2 3 4 -1 6 16 8 -4 -3 29 12 -6 14 -8 -16 -2 -18 -9 -20 21 -10 23 -7 25 27 -17 28 -25 -11
right_child=5 9 7 -5 11 22 13 18 20 10 -12 -13 -14 -15 15 26 17 -19 19 -21 -22 -23 -24 24 -26 -27 -28 -29 -30 -31
leaf_value=-0.092918898178772136 0.11904982152152643 -0.10597091402037889 0.11626569541475998 -0.10168537104049143 0.10624797635253405 0.11642367030152345 -0.085707605345931678 0.11442287990375342 -0.077210990011399583 0.1279678551324587 -0.10275502246460551 0.11742290109449219 -0.10032015016089316 -0.10662342740434164 0.10215279552306811 0.032639700095585637 -0.091540574111475426 0.097391785674293394 -0.081512869301860552 0.11761292323109838 -0.10501721097852312 0.13356673184432016 0.11715550228493912 0.086644989853119705 -0.11755912785858438 -0.097574614977106497 -0.14026154785900394 0.10130706552135371 -0.068345832005136803 0.03543555030439096
leaf_weight=44.027330201119184 89.917930632829666 355.9396473094821 34.394064757972956 135.77601046487689 16.726802654564384 69.006237030029297 11.781831678003075 76.344961673021317 5.0467440374195602 11.187341913580896 55.777529034763575 20.680432379245758 9.7269986197352392 30.928927294909954 5.999848607927559 2.5715378671884537 3.8718918785452869 15.380683630704878 6.5745312869548824 15.396852955222128 22.537190280854702 2.2388211786746979 217.32673913240433 2.8296753615140933 2.7576545029878607 3.4780759289860717 2.5965689606964588 5.3108735829591751 3.9232001975178719 5.0508462823927394
leaf_count=800 658 6812 239 2499 129 502 184 542 53 66 1021 137 147 557 40 19 37 98 63 105 387 14 1620 21 33 21 27 23 30 41
internal_value=-0.00290709 -0.0549967 -0.00799978 -0.0646331 -0.0094474 0.0881365 0.048288 0.0710747 0.0240034 -0.0977674 -0.0572211 0.068522 0.0302934 -0.073775 -0.029506 0.0297849 0.10853 0.0593955 0.10182 0.0580282 -0.082401 -0.01244 0.109465 0.0903202 -0.0081143 0.011305 -0.0542296 0.0426958 -0.00339962 0.0991859
internal_weight=1285.11 817.426 389.471 226.938 91.1616 467.682 163.049 162.533 64.2168 427.955 72.0157 47.1342 26.4538 53.8787 22.9498 11.168 109.171 19.2526 98.3163 21.9714 29.8228 7.28557 304.632 87.3057 18.2995 15.5418 5.16811 12.0637 6.75288 16.2382
internal_count=16925 13055 5115 3712 1213 3870 1620 1403 693 7940 1128 413 276 827 270 86 793 135 710 168 454 67 2250 630 128 95 46 74 51 107
is_linear=0
shrinkage=0.1


Tree=16
num_leaves=31
num_cat=0
split_feature=3 0 3 0 3 1 3 3 0 3 0 0 3 0 0 3 3 3 0 3 0 0 1 3 0 0 3 0 3 3
split_gain=539.283 148.691 153.825 45.1885 57.2791 35.6951 96.282 14.8905 42.3684 13.6115 45.142 11.7528 10.6081 14.1877 9.66133 19.8788 8.5465 6.58115 17.3933 5.86647 9.36594 5.17588 3.69068 8.31399 8.90407 2.81923 4.49618 2.76142 7.62968 2.67935
threshold=1.0931916080826625 0.32529069767441865 1.008751561487176 0.10582306830907051 1.0008248272658653 0.51004998353333231 1.2390000898492741 1.0290885585440597 0.19326542161856253 1.0491599199686514 0.44208407871198574 0.65261756876663723 1.3764677907238665 0.78221343873517801 0.036038961038961002 1.0002720006616583 1.1365461153814294 1.0031266266374554 0.07207792207792206 1.0188952945751943 0.24780701754385961 0.95293466223698797 0.41945926406911499 1.1677197295093269 0.57019704433497542 0.38138528138528138 1.0686108008718731 0.051503094606542808 1.0018709116917033 1.1984424831133145
decision_type=2 2 2 2 2 2 2 2 2 2 2 2 2 2 2 2 2 2 2 2 2 2 2 2 2 2 2 2 2 2
left_child=1 2 3 4 14 22 11 8 -4 -3 25 16 13 -8 15 -1 -7 18 27 -10 -21 -15 -2 24 -24 -11 -27 -6 -29 -13
right_child=5 9 7 -5 17 6 12 -9 19 10 -12 29 -14 21 -16 -17 -18 -19 -20 20 -22 -23 23 -25 -26 26 -28 28 -30 -31
leaf_value=-0.085930373391357187 0.11667376453421317 -0.10535003280120435 0.10400261353449597 -0.099395847566236553 0.1190437807448077 -0.10606261292454354 0.11819786307651235 0.11111918489643885 -0.10321552444947296 0.12910211825796838 -0.10163774042759288 -0.10451386321054679 0.11370772902621787 0.018045056450998964 -0.10550633632155909 0.12753788709570477 0.11120943147484133 0.11678481034564454 -0.087203020499379169 0.10104351456326098 -0.087041348249225547 -0.10725567276469819 0.078667535507700767 0.10872568817379609 -0.082376992406121841 -0.037875861381335002 0.12194347476925914 -0.080694212749211389 0.13229252864031321 -0.036964972650454418
leaf_weight=14.206485934555532 191.12810355424881 323.86888454481959 43.257884837687016 121.87382866442204 12.509162589907652 2.7053287923336011 15.559343405067919 65.846177287399769 13.885878726840021 8.8296115994453412 50.996439889073372 32.516588360071182 94.095483720302582 13.682603947818281 38.12732282653451 6.2955373898148528 5.4729805141687393 19.649029970169067 7.6266867071390143 4.7026316002011281 6.058364138007164 4.3431070558726779 10.319698713719843 51.365984950214624 5.1447432674467555 3.4240572042763224 3.6227244138717651 2.9665621481835833 3.8838887363672256 7.1662189252674571
leaf_count=268 1533 6812 324 2466 94 36 123 501 244 55 1021 627 761 84 780 47 39 145 107 26 64 43 70 399 60 31 21 26 23 95
internal_value=-0.00289516 -0.0541243 -0.00784385 -0.0579429 -0.00994942 0.0859293 0.0511441 0.0772354 0.0443789 -0.096869 -0.0557949 -0.0698191 0.0964873 0.0482406 -0.0757389 -0.0203809 0.0393373 0.0727603 0.0407056 -0.0602671 -0.00484693 -0.0121448 0.109601 0.0893727 0.0250909 0.0914565 0.0442867 0.091095 0.0400594 -0.0923154
internal_weight=1185.13 751.631 360.889 227.139 105.265 433.5 175.542 133.751 67.9048 390.742 66.8728 47.8611 127.681 33.5851 58.6293 20.502 8.17831 46.6353 26.9863 24.6469 10.761 18.0257 257.959 66.8304 15.4644 15.8764 7.04678 19.3596 6.85045 39.6828
internal_count=16925 13055 5115 3956 1490 3870 1808 1159 658 7940 1128 797 1011 250 1095 315 75 395 250 334 90 127 2062 529 130 107 52 143 49 722
is_linear=0
shrinkage=0.1


Tree=17
num_leaves=31
num_cat=0
split_feature=3 0 3 0 3 1 3 3 0 3 0 0 3 0 3 3 0 0 3 0 3 0 3 4 1 3 0 2 3 3
split_gain=477.376 134.657 136.774 38.4992 46.2665 31.7985 84.6569 18.3237 52.1394 12.8831 39.9505 10.4222 10.2838 15.3446 7.37683 7.01814 9.71671 6.70096 5.57646 19.3038 4.8071 9.23785 3.98738 4.15745 3.93334 7.57343 7.49797 2.95452 2.91798 2.75778
threshold=1.0931916080826625 0.32529069767441865 1.0061414482588964 0.091750841750841708 1.0004844364999712 0.51004998353333231 1.2390000898492741 1.0259040968441291 0.17712418300653593 1.0491599199686514 0.44208407871198574 0.65261756876663723 1.4166503497476794 0.95603864734299526 1.1365461153814294 1.0159461119456594 0.23145604395604394 0.78221343873517801 1.0018709116917033 0.051503094606542808 1.0002466771110343 0.025978407557354904 1.3521205096262741 0.55634721549401445 0.41945926406911499 1.1677197295093269 0.57019704433497542 0.36159545207560456 1.2807270013352239 1.1984424831133145
decision_type=2 2 2 2 2 2 2 2 2 2 2 2 2 2 2 2 2 2 2 2 2 2 2 2 2 2 2 2 2 2
left_child=1 2 3 4 20 24 11 8 -4 -3 -11 14 13 17 -7 -10 -17 -8 19 -6 -1 -22 23 28 -2 26 -26 -9 -19 -13
right_child=5 9 7 -5 18 6 12 27 15 10 -12 29 -14 -15 -16 16 -18 22 -20 -21 21 -23 -24 -25 25 -27 -28 -29 -30 -31
leaf_value=-0.10183594515376027 0.11468999788684593 -0.10478689073824594 0.10437491032007565 -0.10092891111322207 0.10517227497686073 -0.10305381497553123 0.11599777928937849 0.11024936633467325 -0.10372279178535729 0.085968323244516934 -0.10053206192386908 -0.10360126128355727 0.11384653184868643 -0.12634591061368333 0.10548891203639754 0.085544649538130624 -0.090247781508995595 -0.034663935244626486 0.10499082581929771 -0.094029278391000115 0.12032288195194459 -0.093407620075152076 0.098312137680848136 -0.10910901329244582 0.073024716570878834 0.10489498987445421 -0.077707236254755369 0.021505911079051671 0.089487298954032291 -0.033945140974375038
leaf_weight=32.825312227010727 175.77733773738146 294.54336458817124 43.035307016223669 110.84185095876455 12.943989366292955 2.5157454423606387 17.609307825565338 62.93576841801405 18.82053313404322 15.240125838667153 46.625455837696791 29.668308075517416 81.073903262615204 4.3361686989665023 5.2069052010774612 5.9513089284300786 6.666251827031374 3.6176694929599744 19.304330721497536 7.7938897982239714 3.1018087714910489 5.8104891702532768 5.151213973760604 2.9785790964961052 10.02148914337158 48.088611502200365 4.9204966686666003 3.9893808886408797 3.9713234156370163 7.0307692363858214
leaf_count=740 1533 6812 351 2449 112 36 152 522 375 107 1021 627 712 44 39 38 90 31 146 132 23 110 32 19 70 399 60 27 21 95
internal_value=-0.00288044 -0.0533206 -0.00770192 -0.0625277 -0.01048 0.0837566 0.0497295 0.0669851 0.0328597 -0.0960735 -0.0545891 -0.068037 0.0937877 0.0506103 0.0375536 -0.0650367 -0.00733199 0.0736333 0.0663118 0.0303066 -0.0841524 -0.0190215 0.0261736 -0.00899066 0.107005 0.0855729 0.0233877 0.104959 0.0303045 -0.0902566
internal_weight=1092.4 690.429 334.02 192.622 81.7798 401.968 163.16 141.399 74.4734 356.409 61.8656 44.4217 118.738 37.6643 7.72265 31.4381 12.6176 33.3281 40.0422 20.7379 41.7376 8.9123 15.7188 10.5676 238.808 63.0306 14.942 66.9251 7.58899 36.6991
internal_count=16925 13055 5115 3712 1263 3870 1808 1403 854 7940 1128 797 1011 299 75 503 128 255 390 244 873 133 103 71 2062 529 130 549 52 722
is_linear=0
shrinkage=0.1


Tree=18
num_leaves=31
num_cat=0
split_feature=3 0 3 1 3 0 3 3 0 3 0 3 0 0 3 1 3 0 2 4 4 3 0 3 4 0 3 3 4 3
split_gain=423.821 121.089 116.586 37.4159 91.8653 29.4734 36.4619 17.4518 46.7557 14.8613 18.4732 11.3519 35.6462 5.60413 16.389 5.05991 8.0545 8.64319 3.98741 3.87246 4.06205 3.96098 3.32915 5.26284 2.44332 2.39343 9.80704 2.31661 2.29068 3.98374
threshold=1.0799384910756398 0.29217479674796754 1.0045262549513969 0.51004998353333231 1.1984424831133145 0.077677224736048267 1.0002720006616583 1.018128468669484 0.16035714285714289 1.3764677907238665 0.78647416413373872 1.0491599199686514 0.41742424242424242 0.042109929078014162 1.0014498808424011 0.41945926406911499 1.1433623633822243 0.48683298683298687 0.49936713706182906 0.3519785144466972 0.67752856669506323 1.2807270013352239 0.66954022988505757 1.1365461153814294 0.48501478541153359 0.24780701754385961 1.0259040968441291 1.0159461119456594 0.29167119744734787 1.2476453896658557
decision_type=2 2 2 2 2 2 2 2 2 2 2 2 2 2 2 2 2 2 2 2 2 2 2 2 2 2 2 2 2 2
left_child=1 2 5 15 22 6 -1 8 -4 10 -6 -3 -13 -8 -15 -2 17 -17 -19 -12 21 24 23 -5 -21 -9 -27 -10 -18 -30
right_child=3 11 7 4 9 -7 13 25 27 -11 19 12 -14 14 -16 16 28 18 -20 20 -22 -23 -24 -25 -26 26 -28 -29 29 -31
leaf_value=-0.094328570220267069 0.11260455727690083 -0.10267285815895973 0.097923416175946382 -0.10349214662693647 0.10702114172909249 -0.10006219413645688 0.11039557682214718 0.11196068241662625 -0.095270685014380171 0.10971720660008413 -0.11175289942283691 0.093669200791367244 -0.10294465033624359 -0.07455273511105108 0.10915573806597777 0.13879984930490835 0.12111041498707747 -0.10208658848450253 0.030604823645626073 0.00035196650782277097 -0.11135669106109625 0.058418832800331146 -0.10494113049433124 0.060648469624901613 -0.1440971000563078 -0.088974075950028708 0.10470541871546446 -0.0011891375238043834 0.0096963588028129086 0.099882575158818612
leaf_weight=28.115377511829138 171.65114934369922 288.41302263364196 35.880652856081724 4.5268686749041072 18.711490154266357 92.665347643196583 13.421309154480694 48.922513589262962 20.596044484525923 79.652633063495159 4.5115718841552761 12.666774988174437 33.898592013865709 8.8245801515877265 10.798696190118788 3.6514472588896743 22.560569532215595 5.095938526093958 4.0761278122663498 3.1082451157271889 3.0482525862753382 8.4088030979037267 31.912655025720596 3.4360943585634232 1.8787928670644758 3.2125630788505104 14.040919713675974 2.9982477799057952 6.4928777478635338 19.938726045191288
leaf_count=668 1627 7230 310 84 161 2224 123 438 423 761 77 84 814 152 90 29 205 59 44 38 22 46 760 24 22 35 116 33 52 174
internal_value=-0.00286976 -0.0547278 -0.00612707 0.0782799 0.0408976 -0.064501 -0.0106211 0.0653359 0.0260243 0.0848121 0.034802 -0.0952759 -0.0494615 0.0605998 0.0265421 0.10377 0.079238 0.00868268 -0.0431176 -0.029683 -0.00716643 0.0165423 -0.0905077 -0.0326639 -0.0540671 0.100667 0.0686427 -0.0833153 0.0977056 0.0777285
internal_weight=1007.12 614.455 279.476 392.662 159.195 153.825 61.16 125.651 59.4749 119.32 39.6672 334.978 46.5654 33.0446 19.6233 233.467 61.8157 12.8235 9.17207 20.9557 16.4441 13.3958 39.8756 7.96296 4.98704 66.176 17.2535 23.5943 48.9922 26.4316
internal_count=16925 12740 4612 4185 1995 3257 1033 1355 766 1127 366 8128 898 365 242 2190 563 132 103 205 128 106 868 108 60 589 151 456 431 226
is_linear=0
shrinkage=0.1


Tree=19
num_leaves=31
num_cat=0
split_feature=3 0 3 1 3 0 3 3 0 3 0 0 3 0 3 0 0 3 3 1 3 0 3 0 0 3 1 4 3 5
split_gain=375.492 109.481 101.036 33.2879 81.0978 28.0357 32.5309 17.7411 46.726 14.1238 17.6102 6.96355 6.56377 23.2355 5.81889 13.8745 5.66717 11.9042 5.36284 5.20212 7.4454 8.15796 4.04108 4.6257 3.24667 4.59045 2.93294 2.62569 5.49067 2.52181
threshold=1.0799384910756398 0.32529069767441865 1.0045262549513969 0.51004998353333231 1.1984424831133145 0.077677224736048267 1.0002466771110343 1.0197495010107107 0.16035714285714289 1.4166503497476794 0.78647416413373872 0.97467948717948738 1.0491599199686514 0.41742424242424242 1.0013453068950384 0.042109929078014162 0.27361853832442068 1.0348168789387537 1.2807270013352239 0.41945926406911499 1.1204515143443838 0.48683298683298687 1.0159461119456594 0.21913109756097562 0.66954022988505757 1.1365461153814294 0.55387523880179879 0.28724007158121173 1.1772299398445962 0.62400148679952971
decision_type=2 2 2 2 2 2 2 2 2 2 2 2 2 2 2 2 2 2 2 2 2 2 2 2 2 2 2 2 2 2
left_child=1 2 5 19 24 6 -1 8 -4 10 -6 18 -3 -14 15 -8 -9 -18 -12 -2 21 -21 -10 -24 25 -5 -20 -22 -29 -28
right_child=3 12 7 4 9 -7 14 16 22 -11 11 -13 13 -15 -16 -17 17 -19 26 20 27 -23 23 -25 -26 -27 29 28 -30 -31
leaf_value=-0.099809197496892391 0.11093499928538282 -0.10381240329218261 0.094234848314587241 -0.10142760186865196 0.10480181221092011 -0.099313907365612131 0.092146039705870098 0.10698213416196703 -0.095016532578830873 0.11059637831384173 -0.068290965984300928 -0.15478022195882638 0.077249777581287871 -0.10217009176032808 0.10410025930481814 -0.076721005536310241 -0.079764845645025381 0.10582309237112152 -0.021882749727439602 0.14665349884003329 0.11339171542373941 -0.081487034150985391 0.080309835534087548 -0.094364159098910994 -0.10445983804740165 0.054762310240601568 0.12591135625964209 -0.058947851698722853 0.084393220874888389 0.003317821927138781
leaf_weight=23.718299776315689 157.53436474874616 243.67479589208961 35.802890818566084 4.1752728149294844 20.233711130917072 93.298947885632515 11.224497571587564 51.06621565669775 23.238526105880741 68.374678671360016 7.1684696041047635 3.4432777129113665 9.4183880016207677 30.893530368804932 13.487912125885485 8.5882858484983426 5.5086117200553408 9.2765181586146337 4.4987707138061506 2.1991308853030196 24.488296300172806 5.4561651945114136 3.1630541533231726 2.9116526916623116 29.002023559063673 3.4254740364849567 4.5769609436392784 3.0217436812818077 23.107477486133575 2.6491233520209789
leaf_count=638 1627 6812 328 84 190 2460 109 494 537 712 106 48 55 814 124 162 56 78 26 17 235 73 22 51 760 24 26 29 209 19
internal_value=-0.00284774 -0.0538297 -0.00960998 0.076465 0.0398597 -0.0655524 -0.0103092 0.0545979 0.0175856 0.0824432 0.0372248 -0.0239901 -0.0976288 -0.0602508 0.0534369 0.0189469 0.0911971 0.0366771 -0.000153838 0.101492 0.0759645 -0.0159493 -0.0760331 -0.00341272 -0.0892131 -0.0310366 0.0415046 0.0898653 0.0678164 0.0809679
internal_weight=928.627 565.272 281.285 363.355 147.548 150.318 57.019 130.967 65.1161 110.945 42.5703 22.3366 283.987 40.3119 33.3007 19.8128 65.8513 14.7851 18.8933 215.807 58.2728 7.6553 29.3132 6.07471 36.6028 7.60075 11.7249 50.6175 26.1292 7.22608
internal_count=16925 12740 5059 4185 1995 3493 1033 1566 938 1127 415 225 7681 869 395 271 628 134 177 2190 563 90 610 73 868 108 71 473 238 45
is_linear=0
shrinkage=0.1


Tree=20
num_leaves=31
num_cat=0
split_feature=3 0 3 1 3 0 3 0 3 0 3 0 3 0 0 3 0 3 3 0 1 3 4 3 0 0 3 3 4 2
split_gain=332.866 99.5994 90.8855 30.4607 60.8383 29.4515 35.3383 22.7086 9.48519 29.2217 9.42045 26.268 9.35763 21.1947 8.8415 6.42886 14.3042 5.98376 5.56307 6.19749 4.66302 4.55453 10.4653 4.15346 5.06755 3.90317 9.50091 3.59381 5.58403 3.00436
threshold=1.0799384910756398 0.30094339622641514 1.0071033791492294 0.41945926406911499 1.2118855571175333 0.10582306830907051 1.0004844364999712 0.57019704433497542 1.0259040968441291 0.18274582560296848 1.0491599199686514 0.41742424242424242 1.4439106845072065 0.83034857691077724 0.97849213691026848 1.0031266266374554 0.056079664570230552 1.3374471320600141 1.0018709116917033 0.077677224736048267 0.54349904135502569 1.1365461153814294 0.29167119744734787 1.0159461119456594 0.23145604395604394 0.025978407557354904 1.0001263238975699 1.1204515143443838 0.16029893529129377 0.58470986625054844
decision_type=2 2 2 2 2 2 2 2 2 2 2 2 2 2 2 2 2 2 2 2 2 2 2 2 2 2 2 2 2 2
left_child=1 2 5 -2 7 6 25 27 9 -4 -3 -12 13 -6 17 16 -8 29 -18 -20 21 -9 -23 -11 -25 26 -1 28 -5 -15
right_child=3 10 8 4 12 -7 15 20 -10 23 11 -13 -14 14 -16 -17 18 -19 19 -21 -22 22 -24 24 -26 -27 -28 -29 -30 -31
leaf_value=-0.10376855075399438 0.10940391785844727 -0.10207425703829137 0.097554703674681623 0.098221682999958787 0.097556253883818847 -0.099406299354983893 0.093830081524761938 -0.10661472979860549 0.10455791967178688 -0.10554531229311136 0.077900472619098729 -0.10141069427414094 0.11085927851601869 -0.15327727067727462 -0.18142783303086954 0.11205896184248872 -0.10721862751957414 0.074641270890407813 0.12564258696791264 -0.088084619595576577 -0.097663092201422053 0.16748172175861367 -0.067021748890132321 0.064214123417050586 -0.083174485245651464 -0.10121427339055522 0.12148786505250363 0.10369541998983514 -0.09133980534534468 -0.018938958652482962
leaf_weight=5.1797011941671354 144.43608892709017 234.28093246743083 33.116363011300564 3.1930824778974047 43.498959306627512 75.056212775409222 14.592342622578146 4.4293828755617133 43.08457313477993 9.4142362028360385 11.510048121213911 28.15241851657629 69.878574699163437 2.0647053495049539 3.0917021892964831 12.720906764268873 7.411541245877741 6.8851008415222159 2.9062303081154823 2.5447050482034683 29.295273654162884 3.0112025886774045 5.1712740883231163 4.5460136830806714 4.7914915904402733 27.683928202837706 2.9325733371078968 9.5242294520139676 3.0272908359766006 8.5943606905639154
leaf_count=148 1627 7120 327 32 448 2151 151 100 447 242 77 814 791 15 37 121 175 41 20 27 810 21 51 31 65 790 34 88 26 98
internal_value=-0.00283321 -0.05297 -0.00678103 0.0747247 0.048591 -0.0549782 -0.0110856 -0.0373074 0.0698795 0.0410737 -0.0944442 -0.0493746 0.0855439 0.0579614 -0.0255017 0.0532917 0.0260625 0.00197627 -0.050819 0.0258666 -0.0757764 -0.0249372 0.019277 -0.058674 -0.0114176 -0.0833392 -0.0223387 0.065085 0.00596713 -0.0449608
internal_weight=856.025 519.924 245.981 336.101 191.665 151.028 75.9719 57.6517 94.9527 51.8681 273.943 39.6625 134.013 64.1348 20.6359 40.1757 27.4548 17.5442 12.8625 5.45094 41.9071 12.6119 8.18248 18.7517 9.33751 35.7962 8.11227 15.7446 6.22037 10.6591
internal_count=16925 12740 4729 4185 2558 3617 1466 1128 1112 665 8011 891 1430 639 191 494 373 154 222 47 982 172 72 338 96 972 182 146 58 113
is_linear=0
shrinkage=0.1


Tree=21
num_leaves=31
num_cat=0
split_feature=3 0 3 1 3 0 3 0 3 0 3 0 0 3 3 0 0 3 3 0 3 1 3 0 2 3 4 3 4 4
split_gain=295.159 90.6201 80.1991 28.1885 53.6345 21.5193 23.5562 18.9665 16.2918 41.2786 10.2556 22.1927 8.74372 7.44686 6.25319 18.2013 5.01325 10.0874 4.63822 4.12621 9.15607 3.97646 3.94921 4.55456 3.87792 3.8474 8.95932 3.04954 4.55088 3.01072
threshold=1.0799384910756398 0.32529069767441865 1.0036363008698423 0.41945926406911499 1.1984424831133145 0.07207792207792206 1.0002466771110343 0.57019704433497542 1.0201764086423881 0.16035714285714289 1.4439106845072065 0.76293487957181105 0.97849213691026848 1.3285594431535992 1.0491599199686514 0.39339826839826841 0.27361853832442068 1.0348168789387537 1.3521205096262741 0.042109929078014162 1.0012376406307693 0.54349904135502569 1.0159461119456594 0.21103238866396759 0.36435397986838797 1.1365461153814294 0.29167119744734787 1.1204515143443838 0.16029893529129377 0.67752856669506323
decision_type=2 2 2 2 2 2 2 2 2 2 2 2 2 2 2 2 2 2 2 2 2 2 2 2 2 2 2 2 2 2
left_child=1 2 5 -2 7 6 -1 27 9 -4 11 -6 13 -13 -3 -16 -10 -18 -14 -8 -21 25 -11 -24 -17 -9 -27 28 -5 -15
right_child=3 14 8 4 10 -7 19 21 16 22 -12 12 18 29 15 24 17 -19 -20 20 -22 -23 23 -25 -26 26 -28 -29 -30 -31
leaf_value=-0.097910842018873373 0.10798290273784612 -0.10298878784054213 0.084537475771707241 0.088074715047714913 0.10569978176381067 -0.099778288712646365 0.091043166571008013 -0.10599768914164441 0.10438941419545739 -0.094001401008934407 0.10971980237789365 -0.03718568326777999 -0.060537527261178593 0.10782529790273439 0.085527752075545416 0.029281422191208446 -0.076949712335797241 0.10217887408679215 -0.30408571552222485 -0.077885920581411708 0.0894703331409194 -0.1009058663282747 0.094036800741793131 -0.078543574935251215 -0.10496558166927238 0.15365830513788534 -0.078941951370335939 0.09923479384206052 -0.083627592000833695 -0.0094320995822447552
leaf_weight=18.504304010421038 132.32351246476173 201.27318910881877 36.891439016908407 3.2042835056781751 35.92061572521925 75.378626335412264 12.562552466988565 4.0300132911652309 42.623549617826939 22.860990229994062 63.851734668016434 15.276272162795072 1.7580011915415519 7.270141161978243 7.1184549182653418 2.3499456681311157 5.0682937391102305 8.2791987359523755 1.4084147885441778 6.1643956489860994 6.9601609259843826 25.189095951616764 2.6857372298836699 3.5511310510337353 25.511477552354336 2.8229751586914062 4.0058213770389557 7.8589322417974472 2.9784819968044758 3.1335268430411816
leaf_count=597 1627 6812 393 32 408 2406 138 100 481 635 791 166 36 53 42 25 54 78 9 128 67 776 22 60 802 19 44 76 26 22
internal_value=-0.00281732 -0.0521719 -0.00909945 0.0729974 0.0470926 -0.067296 -0.0118898 -0.0406939 0.0479565 0.014296 0.0812805 0.053243 -0.0120782 0.00725433 -0.0962065 -0.0571812 0.0876418 0.0341604 -0.168867 0.0500774 0.0108658 -0.079099 -0.074759 -0.00422654 -0.0936426 -0.0285138 0.0172133 0.0578999 0.00535894 0.072508
internal_weight=788.815 477.783 241.53 311.032 178.708 119.57 44.1914 50.0896 121.96 65.9893 128.619 64.767 28.8464 25.6799 236.253 34.9799 55.971 13.3475 3.16642 25.6871 13.1246 36.0479 29.0979 6.23687 27.8614 10.8588 6.8288 14.0417 6.18277 10.4037
internal_count=16925 12740 5059 4185 2558 3336 930 1073 1723 1110 1485 694 286 241 7681 869 613 132 45 333 195 939 717 82 827 163 63 134 58 75
is_linear=0
shrinkage=0.1


Tree=22
num_leaves=31
num_cat=0
split_feature=3 0 3 0 3 1 3 0 0 3 3 0 3 4 3 0 0 3 0 3 0 3 0 3 0 3 0 1 5 4
split_gain=261.948 84.6408 76.9503 31.1253 32.7465 20.8811 38.8928 21.9287 12.4576 27.3065 7.47374 6.89009 11.6412 6.79641 8.01451 8.31552 6.12702 4.19955 8.95381 4.16135 4.88588 3.63922 13.3974 3.37972 10.0701 2.99411 4.89336 2.83695 3.39423 2.70415
threshold=1.0931916080826625 0.36996779388083739 1.0095816564151374 0.10582306830907051 1.0008248272658653 0.41945926406911499 1.2390000898492741 0.70412457912457926 0.25211864406779666 1.0348168789387537 1.1677197295093269 0.036038961038961002 1.0001263238975699 0.44469732939043199 1.4439106845072065 0.97467948717948738 0.54631217838765023 1.0031266266374554 0.056079664570230552 1.0018709116917033 0.077677224736048267 1.0586452584475321 0.47413024085637828 1.0197495010107107 0.17712418300653593 1.3374471320600141 0.78221343873517801 0.44787448850650607 0.41102503052384576 0.12899828569670063
decision_type=2 2 2 2 2 2 2 2 2 2 2 2 2 2 2 2 2 2 2 2 2 2 2 2 2 2 2 2 2 2
left_child=1 2 3 4 11 -2 7 10 23 -10 16 12 -1 -8 15 25 -7 18 -6 -20 -21 -3 29 24 -4 26 -15 -18 -29 -23
right_child=5 21 8 -5 17 6 13 -9 9 -11 -12 -13 -14 14 -16 -17 27 -19 19 20 -22 22 -24 -25 -26 -27 -28 28 -30 -31
leaf_value=-0.1030698362363653 0.10743836621932244 -0.10264665030972867 0.10301322424572167 -0.09439253449890167 0.10437725781964856 0.072284454803478601 0.10409237778733907 -0.088341166554494116 -0.083670224051711123 0.088368067213516255 0.10405240996284518 -0.10337741310994741 0.084820704125769489 0.11043523822040456 0.10885694225370435 -0.16086139414665448 -0.17452483936598059 0.10831343777486871 -0.10856378423134215 0.12222540191384382 -0.07950532840134944 0.11441749892914371 -0.10340332022920483 0.1067259160964202 -0.040693265901857206 0.076447289836029275 -0.043589959636321188 0.10181767491527377 -0.059961079249660668 -0.01095868884261088
leaf_weight=6.8482158351689559 113.63042162358761 175.02823419123888 15.403642110526564 85.923861835151911 9.4257641211152094 6.6924278847873273 70.2944211717695 24.490101583302021 16.180827969685197 21.465097393840551 11.307430490851401 22.78092242218554 6.3599718641489744 2.8280735164880806 14.417926266789435 2.4465137124061576 1.5805377177894104 14.468391068279741 4.1521758306771499 2.5704132094979286 2.2528915293514729 3.7457284610718515 21.143752222880721 36.673376522958279 7.1348356530070296 9.1473381221294385 7.6209179423749447 1.6130783911794404 6.6158836912363768 3.18138038367033
leaf_count=237 1533 6521 167 2904 103 62 939 695 382 217 119 780 78 34 193 23 14 161 100 20 27 32 739 461 99 71 55 13 119 27
internal_value=-0.00279445 -0.0492634 -0.0105044 -0.0542487 -0.00415614 0.0746989 0.0513095 -0.0193398 0.0594006 0.0144232 0.0414258 -0.0700606 -0.0125973 0.0859206 0.0508863 0.0129685 -0.00148711 0.068003 0.036308 -0.0351762 0.0280001 -0.0972859 -0.0638606 0.0879965 0.0575211 0.0346704 -0.00190224 -0.051817 -0.0282485 0.0568366
internal_weight=727.425 454.739 251.64 154.783 68.8587 272.685 159.055 52.2995 96.8578 37.6459 27.8094 35.9891 13.2082 106.755 36.4608 22.0428 16.5019 32.8696 18.4012 8.97548 4.8233 203.099 28.0709 59.2119 22.5385 19.5963 10.449 9.8095 8.22896 6.92711
internal_count=16925 13055 5736 4410 1506 3870 2337 1022 1326 599 327 1095 315 1315 376 183 208 411 250 147 47 7319 798 727 266 160 89 146 132 59
is_linear=0
shrinkage=0.1


Tree=23
num_leaves=31
num_cat=0
split_feature=3 0 3 1 3 0 3 0 3 0 3 3 0 0 4 3 0 3 3 0 3 0 3 0 0 3 3 4 5 1
split_gain=232.466 75.4088 64.4236 24.3554 42.2119 23.362 25.1321 19.9018 9.64971 26.2414 7.88956 6.87172 14.8621 6.65058 6.3349 5.92647 14.9813 4.21939 4.11586 3.68822 10.8044 3.48185 3.40188 10.888 3.14661 7.17695 3.14341 2.82002 2.78794 2.4663
threshold=1.0799384910756398 0.32529069767441865 1.0061414482588964 0.41945926406911499 1.2390000898492741 0.091750841750841708 1.0004844364999712 0.70412457912457926 1.0348168789387537 0.21103238866396759 1.1677197295093269 1.4439106845072065 0.8426212590299279 0.48683298683298687 0.72138567027312817 1.0491599199686514 0.41742424242424242 1.0188952945751943 1.3285594431535992 0.15319426336375488 1.0129639843032912 0.24780701754385961 1.0018709116917033 0.056079664570230552 0.025978407557354904 1.0001263238975699 1.1204515143443838 0.27767986504660014 0.41102503052384576 0.25161472989760075
decision_type=2 2 2 2 2 2 2 2 2 2 2 2 2 2 2 2 2 2 2 2 2 2 2 2 2 2 2 2 2 2
left_child=1 2 5 -2 7 6 24 10 9 19 13 12 -6 -5 18 -3 -17 -11 -14 -4 -21 -19 23 -8 25 -1 -15 28 -28 -23
right_child=3 15 8 4 11 -7 22 -9 -10 17 -12 -13 14 26 -16 16 -18 21 -20 20 -22 29 -24 -25 -26 -27 27 -29 -30 -31
leaf_value=-0.10277858110969318 0.10555723694397637 -0.10237871313861382 0.10457598425142647 0.1103466658573376 0.098319289104655899 -0.096669140818178304 0.082710628359912872 -0.088022896731076439 0.10478745549172344 -0.10370547139850897 0.10047050300699996 0.10783931070529558 -0.04124698497834256 -0.083221072267230273 -0.15472407480122796 0.054460030134193364 -0.099701602026617764 0.070991442503210697 0.067462032876811753 -0.067046844831753022 0.10280181801951493 -0.12194455112072955 0.096497512191360754 -0.10719451682607146 -0.099639963191992337 0.11541501706113673 0.143580229108068 -0.091943666205889271 -0.004810284320168029 -0.0040946778706469986
leaf_weight=3.8929609954357174 110.8650886490941 166.20863453112543 24.574567876756191 3.8505107723176542 29.216390214860439 65.790525294840336 10.074583970010282 26.504324417561293 27.507546558976173 10.191305367276074 10.577649146318434 53.311279445886612 7.653248907998206 7.4492870047688466 2.8740844056010237 8.9333455637097376 21.415155872702599 3.3343160748481733 6.3913625031709671 5.7584912832826403 10.712378971278666 3.0011783055961132 12.919265784323214 4.310956433415412 18.892051607370377 2.4601555727422237 1.8784704245626924 2.0938189215958118 3.8838847167789936 4.3491255678236485
leaf_count=148 1627 6812 304 41 382 2449 123 840 361 358 119 791 80 161 23 55 814 26 39 86 131 29 146 121 691 34 16 22 44 52
internal_value=-0.00276312 -0.050558 -0.00855325 0.0697365 0.0442281 -0.0569598 -0.00724522 -0.0250147 0.0555027 0.0336088 0.0311503 0.0833856 0.0551282 -0.00712735 -0.0194571 -0.0949589 -0.0543228 -0.0576727 0.00822386 0.080035 0.0434199 -0.0137654 0.0592512 0.0258012 -0.0791667 -0.0182862 -0.0366812 0.00744831 0.0435635 -0.0522136
internal_weight=670.876 404.327 207.769 266.549 155.684 118.34 52.55 56.2379 89.4289 61.9214 29.7336 99.4464 46.1351 19.156 16.9187 196.557 30.3485 20.8759 14.0446 41.0454 16.4709 10.6846 27.3048 14.3855 25.2452 6.35312 15.3055 7.85617 5.76236 7.3503
internal_count=16925 12740 5059 4185 2558 3712 1263 1243 1347 986 403 1315 524 284 142 7681 869 465 119 521 217 107 390 244 873 182 243 82 60 81
is_linear=0
shrinkage=0.1


Tree=24
num_leaves=31
num_cat=0
split_feature=3 0 3 0 3 3 0 3 0 3 0 3 3 0 3 0 0 3 1 4 3 3 0 4 0 3 0 4 3 0
split_gain=206.282 73.4947 67.1811 28.6725 27.8623 14.3966 35.4929 10.5809 25.8672 8.6292 6.62261 9.35778 4.69664 11.2433 4.21273 5.97658 3.99489 10.9186 3.94814 4.42869 5.12759 3.6095 11.5716 3.08224 2.77516 4.78268 2.39403 2.2997 4.35494 2.06389
threshold=1.1109163928113424 0.39339826839826841 1.0104624936819859 0.13100686498855832 1.0008248272658653 1.3764677907238665 0.72281323877068571 1.0437045304326193 0.23145604395604394 1.2182695848680105 0.036038961038961002 1.0001263238975699 1.0031266266374554 0.084039548022598873 1.0259040968441291 0.27361853832442068 0.54631217838765023 1.1984424831133145 0.7184254647758509 0.42363912256324709 1.2807270013352239 1.0750792230598634 0.49576271186440685 0.64471467070763855 0.051503094606542808 1.0018709116917033 0.90098039215686299 0.31163206922151376 1.1677197295093269 0.32529069767441865
decision_type=2 2 2 2 2 2 2 2 2 2 2 2 2 2 2 2 2 2 2 2 2 2 2 2 2 2 2 2 2 2
left_child=1 2 3 4 10 6 16 8 -4 -8 11 -1 13 24 -10 -16 -2 27 19 -11 -21 -3 -23 26 -6 -26 -22 28 -18 -17
right_child=5 21 7 -5 12 -7 9 -9 14 18 -12 -13 -14 -15 15 29 17 -19 -20 20 23 22 -24 -25 25 -27 -28 -29 -30 -31
leaf_value=-0.10250162162998647 0.10612781759535315 -0.10107646392186079 0.086439389900645591 -0.099757025032553293 0.10933396302287209 0.10331936942132813 -0.097475788037702571 0.098971667891812345 -0.094144426395530612 0.1093210995394025 -0.10281223126085282 0.077626157110843141 0.087395386354085128 -0.10552628743835604 0.12428961137441469 -0.012748146765025765 -0.025912256098976228 0.10927092813223736 -0.11405418777809938 -0.099433847075689322 0.10036738710665755 0.085161374880861979 -0.096950203460488341 -0.04302105936854559 -0.074025736409156245 0.10441964995240612 -0.003951769556017201 -0.089967231881074347 0.13700873811403588 -0.11489917549726776
leaf_weight=5.6427364051341993 50.487873490899801 148.30285914801061 33.058781079947948 67.203757664188743 6.9683628678321856 100.31252938881516 12.376049434766172 36.576754085719585 11.596401728689672 4.3099299836903873 23.687816418707371 5.8993955329060555 18.494183383882046 5.3816272132098666 2.6116750910878173 5.7125440537929517 7.1397638171911257 18.23428863286972 2.506802298128604 4.253807500004771 5.5712505504488927 4.5092197675257948 15.423801390454171 4.343474317342042 2.9576021656394005 3.0517426058650017 3.6353756114840508 2.9407307375222436 2.1302089840173721 3.0253894943743944
leaf_count=237 795 6647 449 2818 94 1620 450 501 378 38 984 78 227 176 30 39 97 271 48 48 42 42 558 27 51 27 24 32 18 79
internal_value=-0.00273318 -0.0453908 -0.00888352 -0.0527678 -0.00895954 0.0754713 0.0517834 0.0571396 0.029819 -0.0293577 -0.0725474 -0.010435 0.0518269 0.0159972 -0.051755 -0.00844391 0.0888752 0.0602647 0.00488319 0.0183658 -0.00365244 -0.0957064 -0.0557532 0.0264164 0.0663909 0.0165947 0.0591754 -0.0129165 0.0115264 -0.0481165
internal_weight=618.347 400.105 231.869 139.287 72.0835 218.242 117.93 92.5815 56.0048 36.9967 35.2299 11.5421 36.8535 18.3593 22.946 11.3496 80.9329 30.445 24.6206 22.1138 17.8039 168.236 19.933 13.5501 12.9777 6.00934 9.20663 12.2107 9.26997 8.73793
internal_count=16925 13415 6168 4692 1874 3510 1890 1476 975 677 1299 315 575 348 526 148 1213 418 227 179 141 7247 600 93 172 78 66 147 115 118
is_linear=0
shrinkage=0.1


Tree=25
num_leaves=31
num_cat=0
split_feature=3 0 3 0 1 3 3 1 3 0 3 4 3 0 3 4 4 4 3 0 3 0 0 3 0 3 0 4 3 3
split_gain=183.239 64.1309 54.7265 18.2394 17.4796 28.1578 17.3946 16.6158 12.9999 29.2974 7.05989 6.80043 6.13423 5.94512 5.78127 6.95004 5.48143 4.33496 3.63139 9.51873 3.54361 10.6842 3.26354 6.6972 2.70004 5.73315 2.6045 2.52312 2.38338 2.24047
threshold=1.0931916080826625 0.36996779388083739 1.0045262549513969 0.087977296181630513 0.43352153505012947 1.2807270013352239 1.0004844364999712 0.60199866524282075 1.0373317000816324 0.19326542161856253 1.0188952945751943 0.51817159892918629 1.4439106845072065 0.26442841287458385 1.1365461153814294 0.37356519585105402 0.72138567027312817 0.19199976004247585 1.0129639843032912 0.13100686498855832 1.0586452584475321 0.47413024085637828 0.042109929078014162 1.0018709116917033 0.025978407557354904 1.0001263238975699 0.056079664570230552 0.12899828569670063 1.2390000898492741 1.0071033791492294
decision_type=2 2 2 2 2 2 2 2 2 2 2 2 2 2 2 2 2 2 2 2 2 2 2 2 2 2 2 2 2 2
left_child=1 2 3 6 -2 7 24 14 9 18 -11 -7 16 -12 17 -16 -13 -6 19 -4 -3 27 -8 26 25 -1 -24 -22 -17 -21
right_child=4 20 8 -5 5 11 22 -9 -10 10 13 12 -14 -15 15 28 -18 -19 -20 29 21 -23 23 -25 -26 -27 -28 -29 -30 -31
leaf_value=-0.10226293700803929 0.10267559336130326 -0.10185956897223668 0.096890365220793154 -0.099955396434395841 0.024957095790665518 0.10439270349537351 0.11309693506446231 -0.097262904868128275 0.095067757785548018 -0.10097355371915923 0.061810490473675532 0.029365502330833015 0.10643031967979111 -0.065639034714116237 0.085208749360011063 -0.083648086968047597 -0.12655762253084021 -0.11488391399725183 0.10881123278266087 -0.11316978621459305 0.10575669269093035 -0.10279624643075323 0.017629253738915322 0.094934066406106382 -0.098307921805204923 0.10602067548041468 -0.1064757591967281 -0.019029671475779095 0.029861323587704332 -0.0019280037754954749
leaf_weight=3.2025561034679439 92.578728111460805 131.24255548603833 14.710442364215853 56.775145512074232 4.5787520315498096 51.541577536612749 6.3587955273687866 15.882708571851252 31.271354489028454 16.233255222439769 6.9531733356416208 11.144446488469841 8.2835890278220159 7.7278102058917284 17.696708533912901 3.9194466788321725 2.8264267444610587 4.2971758972853422 17.105341657996178 2.6023206003010255 3.5533933416008976 16.087826941162348 3.3771866485476476 7.0171891674399376 15.24430659599602 2.2500331476330757 3.3868492431938648 2.9785153102129698 3.5031813830137253 5.9504506718367338
leaf_count=148 1621 6521 190 2636 70 880 93 600 452 680 70 89 146 141 235 67 23 98 268 65 32 739 42 84 661 34 110 27 41 62
internal_value=-0.00271202 -0.0470143 -0.00969915 -0.0632946 0.0698155 0.0452174 -0.0123256 -0.0128219 0.0413136 0.0177319 -0.0555277 0.0844455 0.0382477 -0.00527669 0.0266292 0.0511427 -0.00217907 -0.0427453 0.0738341 0.0481156 -0.0955592 -0.0590039 0.0538356 0.0264919 -0.0767066 -0.0163139 -0.0445119 0.0488548 -0.0300762 -0.0357751
internal_weight=570.281 354.029 200.166 97.6121 216.253 123.674 40.8369 49.878 102.554 71.2828 30.9142 73.796 22.2545 14.681 33.9953 25.1193 13.9709 8.87593 40.3686 23.2632 153.862 22.6197 20.14 13.7812 20.6969 5.45259 6.76404 6.53191 7.42263 8.55277
internal_count=16925 13055 5736 3808 3870 2249 1172 1111 1928 1476 891 1138 258 211 511 343 112 168 585 317 7319 798 329 236 843 182 152 59 108 127
is_linear=0
shrinkage=0.1


Tree=26
num_leaves=31
num_cat=0
split_feature=3 0 3 1 3 1 0 3 3 0 4 3 4 3 0 3 0 3 0 0 0 3 2 3 5 5 3 0 4 4
split_gain=162.339 57.1801 46.205 20.0929 29.4261 15.0838 14.1518 13.6759 9.90849 23.773 6.6962 6.9509 6.5805 6.50227 5.7124 5.42698 11.1346 5.1642 4.87045 4.52994 3.28817 6.07444 3.02273 2.8072 2.93048 2.88918 2.69694 7.33903 2.30548 2.21224
threshold=1.0799384910756398 0.32529069767441865 1.0036363008698423 0.41945926406911499 1.2476453896658557 0.60199866524282075 0.077677224736048267 1.0002720006616583 1.0290885585440597 0.17349498327759191 0.40517945213048873 1.1677197295093269 0.48501478541153359 1.4439106845072065 0.97467948717948738 1.0491599199686514 0.4380482456140351 1.0159461119456594 0.54631217838765023 0.23145604395604394 0.042109929078014162 1.0012376406307693 0.36159545207560456 1.3521205096262741 0.59181572485222922 0.53108216750701576 1.0071033791492294 0.10582306830907051 0.16029893529129377 0.096952348220742612
decision_type=2 2 2 2 2 2 2 2 2 2 2 2 2 2 2 2 2 2 2 2 2 2 2 2 2 2 2 2 2 2
left_child=1 2 6 -2 5 10 7 -1 9 26 11 18 -6 14 23 -3 29 -11 28 -19 -9 -22 -10 24 25 -14 27 -4 -5 -17
right_child=3 15 8 4 12 -7 -8 20 22 17 -12 -13 13 -15 -16 16 -18 19 -20 -21 21 -23 -24 -25 -26 -27 -28 -29 -30 -31
leaf_value=-0.086137881763106272 0.1025711760649175 -0.10163558988212196 0.10441795895665291 0.11678630062556972 0.098976972284548367 -0.10258042152312241 -0.099148099547812618 0.093847377632612583 0.10127072974360159 -0.09430134212892477 -0.10062025118460721 0.090183908845494709 0.016047348395143719 0.1057970072669781 -0.14386641945879317 0.090906859280243557 -0.10260996788597226 0.064640733632849459 -0.051547233367819661 -0.064173130588976349 -0.074447764988882628 0.07909996463618682 -0.015235880308859093 0.077885388029704794 0.064203239251978017 -0.12536993795014711 0.096244892253769046 -0.047614132718658518 0.0021188248221081793 -0.007227494114589339
leaf_weight=14.259678529575465 84.901655372232199 124.58380492404103 7.2738081850111467 3.3326753843575778 51.35673594661057 15.420986380428074 45.967260964214802 7.7842508405447033 25.715348478406671 14.204318625852467 4.2625552061945191 12.505192467942832 2.9330976456403786 9.1618046984076482 2.334342446178197 4.0966949611902255 15.378617623820899 5.2064210847020131 10.276111634448169 5.7396826948970556 4.8079522941261512 5.551100580021739 2.4380138963460913 5.920040898025035 3.3266510963439941 2.8468765988945961 20.791777461767197 5.634969936683774 3.7001204937696457 5.2295454405248165
leaf_count=668 1627 6812 106 42 953 708 2328 123 425 604 101 165 31 177 21 32 799 56 222 106 141 76 20 55 28 18 318 88 37 38
internal_value=-0.00268986 -0.0482789 -0.00777674 0.0648873 0.0397696 -0.0205197 -0.0634703 -0.0128573 0.0423899 0.0190488 0.0166159 0.0333773 0.0780874 0.0376385 0.00166976 -0.0931452 -0.0503293 -0.0545229 -0.00766394 -0.00290391 0.0447373 0.00783378 0.0911815 0.0242783 -0.0105706 -0.0536065 0.0739547 0.0380526 0.056457 0.0358795
internal_weight=526.942 314.663 165.375 212.279 127.377 49.4976 78.3702 32.403 87.0043 58.851 34.0767 29.8141 77.8795 26.5228 17.361 149.289 24.7049 25.1504 17.3089 10.9461 18.1433 10.3591 28.1534 15.0267 9.10663 5.77997 33.7006 12.9088 7.0328 9.32624
internal_count=16925 12740 5059 4185 2558 1275 3336 1008 1723 1278 567 466 1283 330 153 7681 869 766 301 162 340 217 445 132 77 49 512 194 79 70
is_linear=0
shrinkage=0.1


Tree=27
num_leaves=31
num_cat=0
split_feature=3 0 3 1 3 0 3 3 0 0 3 0 0 3 4 3 0 3 5 0 3 0 3 0 3 5 3 0 3 0
split_gain=143.82 51.3847 37.8539 24.5011 36.5148 12.2692 12.4723 10.6215 17.0178 9.0731 7.25812 16.0667 4.54202 5.51993 4.41526 4.17442 8.77949 4.05972 3.2712 2.8545 6.29237 2.72415 2.70554 2.40639 6.46139 2.28337 2.41289 2.15092 2.05107 4.31966
threshold=1.0637604743489464 0.282329988851728 1.0036363008698423 0.41945926406911499 1.1677197295093269 0.084039548022598873 1.0002466771110343 1.4439106845072065 0.76293487957181105 0.57019704433497542 1.0259040968441291 0.17349498327759191 0.97849213691026848 1.2807270013352239 0.67752856669506323 1.0382826008115529 0.38138528138528138 1.0126002939251477 0.37819975925724142 0.051503094606542808 1.0018709116917033 0.19326542161856253 1.1204515143443838 0.12613636363636363 1.0101791555662516 0.18443876444910617 1.0188952945751943 0.48683298683298687 1.0008248272658653 0.036038961038961002
decision_type=2 2 2 2 2 2 2 2 2 2 2 2 2 2 2 2 2 2 2 2 2 2 2 2 2 2 2 2 2 2
left_child=1 2 5 -2 9 6 -1 8 -6 22 11 23 13 -10 -14 -3 18 -13 -17 28 -21 -19 27 -4 -25 -23 -27 -5 29 -8
right_child=3 15 10 4 7 -7 19 -9 12 -11 -12 17 14 -15 -16 16 -18 21 -20 20 -22 25 -24 24 -26 26 -28 -29 -30 -31
leaf_value=-0.093899487919013314 0.099410507411907531 -0.10070171762581792 0.092966680981146924 0.058999759121754564 0.091205556155488546 -0.10040539349393503 0.076972821426608232 0.10516923387224626 -0.064872429413415172 -0.089556759509764119 0.1010002522120739 -0.10391420958963633 -0.04561738929355158 0.033174033227589425 -0.29217046784921052 0.094480658379089547 -0.095322132900475198 0.088771039621904885 -0.04369879995528448 -0.082964630258047414 0.09896041226499129 -0.12125568602466955 0.085929192625408324 -0.045134671068216232 0.10127232758874377 -0.085587898471699092 0.056971219874024759 -0.061907709030754002 0.10745609470031181 -0.10659854472973061
leaf_weight=12.383008267730473 87.478518024086952 116.9609391503036 18.534722991287712 2.2912527136504632 27.561930926516652 34.803099909797311 4.5261301659047621 36.962038774043322 9.4653236251324468 24.53763135522604 18.260419074445963 7.7710588220506933 2.0608654711395498 14.597692739218472 1.1216452363878486 4.2167221121490028 15.951303858309982 2.2830999717116338 2.8857070710510015 4.9149786550551635 3.1005627997219563 2.2080745939165354 4.0321782343089581 5.4552554376423341 6.7371592670679092 1.956310838460922 3.020183889195323 4.1118194684386253 5.7718342207372189 1.7883345857262609
leaf_count=684 1779 6939 295 25 471 1947 58 791 204 1157 333 378 49 115 10 43 827 24 18 169 35 30 45 90 109 50 28 79 99 44
internal_value=-0.00265616 -0.0507113 -0.00632606 0.0587032 0.0306068 -0.0591509 -0.0149522 0.063742 0.0358036 -0.0563408 0.0473456 0.0269194 -0.0202417 -0.0053931 -0.132513 -0.0930358 -0.0541438 -0.0503497 0.0383385 0.0336804 -0.0125926 -0.00638398 0.0217639 0.0702694 0.0357654 -0.0366222 0.000929776 -0.0186426 0.0643682 0.0249831
internal_weight=487.75 273.529 133.514 214.221 126.742 67.2879 32.4848 91.7695 54.8075 34.9729 66.2263 47.9659 27.2455 24.063 3.18251 140.015 23.0537 17.2387 7.10243 20.1018 8.01554 9.46767 10.4353 30.7271 12.1924 7.18457 4.97649 6.40307 12.0863 6.31446
internal_count=16925 12200 4373 4725 2946 3036 1089 1640 849 1306 1337 1004 378 319 59 7827 888 510 61 405 204 132 149 494 199 108 78 104 201 102
is_linear=0
shrinkage=0.1


Tree=28
num_leaves=31
num_cat=0
split_feature=3 0 3 0 3 3 0 3 0 3 3 0 0 3 0 3 0 0 3 0 3 4 1 2 1 3 0 0 3 3
split_gain=127.989 51.2168 41.768 15.9873 13.7213 12.2276 26.269 9.60119 22.5047 5.83944 5.22852 5.17676 3.95206 9.84724 3.86155 3.16073 9.73238 2.72435 3.50842 2.67942 4.56856 2.61865 2.97005 3.25094 2.46625 2.41259 6.38103 2.40104 5.33924 2.3811
threshold=1.1109163928113424 0.40651483050847464 1.0053100241536783 0.091750841750841708 1.0004844364999712 1.4439106845072065 0.76043478260869579 1.0437045304326193 0.21913109756097562 1.2807270013352239 1.0223033929562433 0.97849213691026848 0.54631217838765023 1.1984424831133145 0.30094339622641514 1.0129639843032912 0.14946808510638296 0.38138528138528138 1.0637604743489464 0.019419306184012056 1.0001263238975699 0.31163206922151376 0.54127575758850277 0.54512793207504484 0.27264458527098956 1.0750792230598634 0.49576271186440685 0.038838612368024113 1.0014498808424011 1.0323134714664681
decision_type=2 2 2 2 2 2 2 2 2 2 2 2 2 2 2 2 2 2 2 2 2 2 2 2 2 2 2 2 2 2
left_child=1 2 3 4 19 6 12 8 15 -8 -10 -11 -2 21 24 16 -4 -9 -19 20 -1 22 23 -14 29 -3 -27 -6 -29 -12
right_child=5 25 7 -5 27 -7 9 17 10 11 14 -13 13 -15 -16 -17 -18 18 -20 -21 -22 -23 -24 -25 -26 26 -28 28 -30 -31
leaf_value=-0.10170635577072328 0.1033041549169047 -0.10083417058333549 0.08846428869033196 -0.09696462059361298 0.11659802434431166 0.10464569217546854 -0.075785342646845388 0.09729045788527535 -0.099986982308153921 0.032399995606803837 -0.056298622453381755 -0.12681593579320946 -0.0090819556439571056 0.097127657777690585 -0.074825515042452356 0.096110895216987291 -0.06985120480914396 -0.091829167132866152 0.091292189765584786 -0.087039649423965304 0.23854628015868681 -0.09634523857340592 -0.078206403622745099 0.13443485387215109 0.11872304165872501 0.06151423794444514 -0.093478034861215697 -0.051204755862824691 0.076160732660657204 0.081676260298338479
leaf_weight=0.89077418670058495 37.860155157744884 97.962999689392745 11.894742831587793 48.59665803797543 4.2423871830105808 59.175365623086691 14.25158426910639 25.281964100897316 12.991549186408522 14.946625329554083 3.251260329037903 2.3653049785643807 4.0469616241753084 21.456851277500391 5.4697964936494827 18.268999915570021 5.7650414528325191 1.8681824961677183 2.3780157193541527 15.224627131596206 0.70847473666071892 3.0004161279648534 2.6583328973501921 2.5874986555427313 2.4172775465995073 3.4525765702128401 11.516709381714461 5.1003737533465019 9.2797667905688268 2.0327952094376087
leaf_count=54 846 6507 182 2943 78 1395 505 479 728 125 29 21 41 427 137 350 132 18 26 809 10 41 91 18 21 33 558 145 146 30
internal_value=-0.00262228 -0.0425804 -0.00880262 -0.0597152 -0.00864672 0.068408 0.0476239 0.0378997 0.0155758 -0.0283793 -0.0549749 0.0106465 0.0811237 0.0562421 -0.0105765 0.0669495 0.0367822 0.0848422 0.010725 -0.0741054 0.0490271 -0.0151204 0.0111051 0.0468909 0.0350558 -0.0951207 -0.05773 0.0504896 0.0309865 -0.00321919
internal_weight=450.944 288.595 175.663 84.0431 35.4464 162.349 103.174 91.6196 62.0915 31.5635 26.1627 17.3119 71.6102 33.7501 13.1711 35.9288 17.6598 29.5282 4.2462 16.8239 1.59925 12.2932 9.29279 6.63446 7.70133 112.932 14.9693 18.6225 14.3801 5.28406
internal_count=16925 13415 6317 4185 1242 3510 2115 2132 1609 651 945 146 1464 618 217 664 314 523 44 873 64 191 150 59 80 7098 591 369 291 59
is_linear=0
shrinkage=0.1


Tree=29
num_leaves=31
num_cat=0
split_feature=3 0 3 0 3 3 0 3 0 3 0 3 0 3 4 3 3 0 3 0 0 3 3 3 0 0 3 4 3 5
split_gain=113.254 47.0998 38.2904 16.5269 13.7693 10.8796 23.708 7.91545 16.6124 6.15476 4.62594 4.30173 4.08496 10.3318 3.57668 3.62829 3.28528 7.17848 3.00988 5.99379 2.72099 4.45234 2.69827 2.44155 2.88835 2.388 7.42329 2.88198 2.139 1.98903
threshold=1.1204515143443838 0.40651483050847464 1.0071033791492294 0.10582306830907051 1.0004844364999712 1.4439106845072065 0.72281323877068571 1.0599967903878085 0.27361853832442068 1.2182695848680105 0.90098039215686299 1.0290885585440597 0.15319426336375488 1.018128468669484 0.72138567027312817 1.3374471320600141 1.0750792230598634 0.49576271186440685 1.0031266266374554 0.056079664570230552 0.031754032258064509 1.0001263238975699 1.3374471320600141 1.0018709116917033 0.077677224736048267 0.56711711711711721 1.1984424831133145 0.31163206922151376 1.1677197295093269 0.48577891371277254
decision_type=2 2 2 2 2 2 2 2 2 2 2 2 2 2 2 2 2 2 2 2 2 2 2 2 2 2 2 2 2 2
left_child=1 2 3 4 20 6 25 8 12 -8 22 -10 -4 -14 15 -12 -3 -18 19 -6 21 -1 29 -21 -25 -2 27 28 -27 -11
right_child=5 16 7 -5 18 -7 9 -9 11 10 14 -13 13 -15 -16 -17 17 -19 -20 23 -22 -23 -24 24 -26 26 -28 -29 -30 -31
leaf_value=-0.10156063591698095 0.10302614366168748 -0.10056930984538702 0.10664347342937969 -0.095039131842909255 0.076979832646730306 0.10418411697448954 -0.094912130752287507 0.099024503804083702 -0.10269766113293813 -0.073462462317494662 -0.090262877464087954 -0.01005914286422302 -0.045308107438825684 0.084170110221904293 -0.16236198099454696 0.050453894955023983 0.06376665094633413 -0.088772817661171649 0.099463327189560302 -0.10460433899524689 -0.10218369676880046 0.078856946160915375 0.097122500556482416 0.11173198690754425 -0.075489425904791116 -0.012074239069859823 0.10587588967688802 -0.10502734985262051 0.12262519691395223 0.030275068812660011
leaf_weight=2.9048451036214855 35.29689808934927 88.86230868473649 13.556451782584189 45.754376284778118 8.4250772576779145 53.769204068928957 7.9835968334227791 18.733204562216997 8.5213187541812676 2.2881492115557256 3.5197859518229944 12.173437392339109 9.4117120960727352 17.853662751615047 2.2001765351742506 3.8220996372401714 4.0412028115242746 13.039779697544871 6.9649312533438197 3.6634783176705232 11.494531497359274 2.5850855782628059 5.12442772835493 1.577891778200865 1.7247301992028949 4.3711816426366585 14.006760839372872 2.4220919236540794 1.6142734624445436 9.6147394161671382
leaf_count=192 856 6507 275 2963 151 1395 403 395 520 18 74 150 243 347 20 23 46 638 121 175 739 41 81 20 27 63 319 28 15 80
internal_value=-0.00257393 -0.0407949 -0.00744188 -0.0541745 -0.00664752 0.0684297 0.047593 0.0421122 0.0247811 -0.0179186 0.00521653 -0.0482042 0.0617813 0.0394756 -0.0505227 -0.0170074 -0.0928488 -0.0526834 0.0449185 0.0202354 -0.0745222 -0.016606 0.0364527 -0.0483935 0.0139592 0.0868162 0.0612896 -0.01299 0.0242541 0.0103331
internal_weight=417.321 271.288 165.345 85.0949 39.3406 146.033 92.2642 80.2498 61.5166 34.553 26.5694 20.6948 40.8218 27.2654 9.54206 7.34189 105.943 17.081 22.3561 15.3912 16.9845 5.48993 17.0273 6.9661 3.30262 57.7112 22.4143 8.40755 5.98546 11.9029
internal_count=16925 13550 6359 4429 1466 3375 1980 1930 1535 699 296 670 865 590 117 97 7191 684 494 373 972 233 179 222 47 1281 425 106 78 98
is_linear=0
shrinkage=0.1


Tree=30
num_leaves=31
num_cat=0
split_feature=3 0 3 3 0 1 3 0 3 0 3 3 0 0 3 0 3 0 3 3 0 4 3 0 4 0 4 0 3 1
split_gain=100.456 41.0304 31.16 13.3451 15.5375 13.3025 16.7007 11.6336 8.65018 8.85342 5.61472 5.05747 3.58181 3.37825 3.35205 5.69564 3.17293 3.60038 3.12445 3.08814 7.02299 3.04348 3.09564 3.98178 2.46045 2.3778 2.54889 2.36315 2.29965 2.25113
threshold=1.0931916080826625 0.36996779388083739 1.0002466771110343 1.0348168789387537 0.19326542161856253 0.41945926406911499 1.3374471320600141 0.76043478260869579 1.0071033791492294 0.087977296181630513 1.1677197295093269 1.0188952945751943 0.24780701754385961 0.54631217838765023 1.0018709116917033 0.056079664570230552 1.0036363008698423 0.13100686498855832 1.2182695848680105 1.0586452584475321 0.47413024085637828 0.51817159892918629 1.4439106845072065 0.91341829085457293 0.12899828569670063 0.9213106295149639 0.55634721549401445 0.31311274509803927 1.0501646228670813 0.44787448850650607
decision_type=2 2 2 2 2 2 2 2 2 2 2 2 2 2 2 2 2 2 2 2 2 2 2 2 2 2 2 2 2 2
left_child=1 2 -1 4 8 -2 7 10 9 14 13 -6 -13 -7 15 -4 -11 -18 -9 -3 24 -8 23 -23 -21 26 -20 -5 -29 -15
right_child=5 19 3 27 11 6 21 18 -10 16 -12 12 -14 29 -16 -17 17 -19 25 20 -22 22 -24 -25 -26 -27 -28 28 -30 -31
leaf_value=-0.098076758868921213 0.10063124490787559 -0.10079108379277696 0.047224785068676306 0.10511004563878011 -0.099601334397814711 0.062285286081239427 0.10501582224069289 -0.10175188271775565 0.079053785738005852 -0.10212584889990294 0.079688435848373387 0.067732056522011821 -0.052961863783710365 -0.16334281504708464 0.092282843593001498 -0.10425910168138469 0.036916446967057669 -0.10950242347413904 0.027630424726068331 0.093370896062944367 -0.10255158100420943 0.09179543718454608 0.10381427233015515 -0.048510929305520541 -0.035695064236382988 -0.10676948853507723 -0.079548412052845796 -0.026780992796447307 0.083792007641721747 -0.021824114635238562
leaf_weight=30.174574212171137 55.094436306506395 81.209745978936553 10.119566123001279 15.967567883431913 16.20990394148976 4.6592561751604107 27.833667431026697 8.4632304804399627 20.859769089147449 8.0918316459283215 16.925882382318377 3.7442749068140966 7.1623071655631065 1.320001507177947 7.8706014789640895 3.2886637840419999 5.0276417434215537 2.5217461986467242 7.7168931514024717 3.1900657173246172 10.453074864111839 3.4306829050183278 5.871434122323989 4.9282467737793922 2.7505799289792776 2.7862791363149872 3.114364106208086 3.2210511378943911 4.5206800624728203 7.5705330008640885
leaf_count=2303 1533 6521 191 395 1112 62 774 560 423 561 328 48 146 15 151 169 48 104 68 32 739 41 166 29 27 73 20 23 62 201
internal_value=-0.00252592 -0.0431199 -0.00818072 0.0167957 -0.00172897 0.0615676 0.0388221 0.00123689 0.0275783 -0.00150534 0.0412843 -0.0641768 -0.0115271 -0.00668865 0.0404789 0.01007 -0.058622 -0.0119923 -0.0540362 -0.0927992 -0.0532095 0.0857826 0.0481636 0.00907379 0.033612 -0.0243812 -0.00318723 0.0831271 0.0377866 -0.0428358
internal_weight=386.099 236.384 138.78 108.606 84.8963 149.715 94.6205 52.5564 57.7798 36.9201 30.4757 27.1165 10.9066 13.5498 21.2788 13.4082 15.6412 7.54939 22.0808 97.6035 16.3937 42.064 14.2304 8.35893 5.94065 13.6175 10.8313 23.7093 7.74173 8.89053
internal_count=16925 13055 5736 3433 2953 3870 2337 1327 1647 1224 606 1306 194 278 511 360 713 152 721 7319 798 1010 236 70 59 161 88 480 85 216
is_linear=0
shrinkage=0.1


Tree=31
num_leaves=31
num_cat=0
split_feature=3 0 3 3 0 3 0 3 0 3 3 3 0 0 3 0 0 3 0 3 3 0 3 3 0 3 4 4 1 4
split_gain=88.9367 39.2078 31.0114 12.7677 17.3495 9.99416 19.5057 6.95618 7.37479 5.1499 4.57721 3.80596 4.21914 3.76006 3.86542 3.65124 3.45881 3.31089 3.24842 3.71826 3.15973 5.75692 2.90189 2.56519 2.40773 6.35691 2.8331 2.40618 3.35929 2.96578
threshold=1.1204515143443838 0.41341829085457271 1.0004844364999712 1.0348168789387537 0.19326542161856253 1.4439106845072065 0.72281323877068571 1.0129639843032912 0.12613636363636363 1.2182695848680105 1.0188952945751943 1.0051202155943313 0.063164893617021267 0.31311274509803927 1.0637604743489464 0.26442841287458385 0.97849213691026848 1.0022452742527939 0.031754032258064509 1.0001263238975699 1.0750792230598634 0.49576271186440685 1.3521205096262741 1.0064071162036627 0.6066017316017317 1.1984424831133145 0.28724007158121173 0.55634721549401445 0.64625338546056854 0.42363912256324709
decision_type=2 2 2 2 2 2 2 2 2 2 2 2 2 2 2 2 2 2 2 2 2 2 2 2 2 2 2 2 2 2
left_child=1 2 18 4 7 6 24 8 11 -8 -6 12 -4 -5 -15 -12 22 -14 19 -1 -3 -22 27 -10 -2 26 -26 28 29 -11
right_child=5 20 3 13 10 -7 9 -9 23 16 15 -13 17 14 -16 -17 -18 -19 -20 -21 21 -23 -24 -25 25 -27 -28 -29 -30 -31
leaf_value=-0.10127820356667681 0.098204342288238988 -0.10121738609389813 0.066201403408904722 0.10447696103993563 -0.099107147604513779 0.10340122926956329 -0.093289079841279793 0.10619663406161339 -0.10315674391593187 0.12879574289423187 0.043280821453110171 0.10414721927085165 -0.097180010008945245 -0.010965306848809368 0.088495946353237431 -0.07050847977678866 -0.10630625018359063 0.018792392328077393 -0.1014393720777463 0.074659580613269716 0.057204555571074948 -0.086111673888244172 0.073671282068471053 -0.010708543962105412 0.035920726243511218 0.10534088126458106 -0.10078171805633587 -0.065295788387169235 -0.074377520517273241 0.0064600080363010313
leaf_weight=2.3924364242702714 34.714839015156031 71.52260216139257 10.024080068804329 16.653555363416672 16.859442678280178 44.372854717075825 6.8377319285646072 10.092847026884554 5.3876133374869806 3.0953227225691169 5.3326197005808336 7.2245765328407279 3.9249938912689668 8.2341720312833768 7.436089824885129 5.9846394201740623 2.5320357475429764 6.6030461639165878 30.322355018928647 2.4125210344791412 3.7153286449611178 11.412263384088872 6.4494109489023677 6.7765597477555275 3.2279137615114442 8.5772974602878076 2.8586408235132694 4.7710144873708478 2.8752752412110558 5.5079292841255665
leaf_count=192 967 6399 207 461 1301 1395 403 257 385 23 62 160 256 84 152 199 35 98 2532 41 44 638 94 82 53 227 34 47 50 47
internal_value=-0.00249657 -0.0391706 -0.0074849 0.0185264 -0.00332289 0.0652175 0.0444149 0.0320219 0.0132783 -0.0163105 -0.0660851 0.0417142 0.0197675 0.0713928 0.0362326 -0.0168917 0.00455106 -0.0244437 -0.089334 -0.0129416 -0.0924352 -0.0509133 0.016917 -0.0516546 0.0838527 0.0498771 -0.0282836 -0.00560861 0.0192002 0.0504746
internal_weight=358.132 232.312 145.662 110.534 78.2104 125.82 81.4474 50.0337 39.9409 32.0687 28.1767 27.7767 20.5521 32.3238 15.6703 11.3173 25.231 10.528 35.1273 4.80496 86.6502 15.1276 22.699 12.1642 49.3787 14.6639 6.08655 16.2495 11.4785 8.60325
internal_count=16925 13550 6469 3704 3007 3375 1980 1445 1188 699 1562 721 561 697 236 261 296 354 2765 233 7081 682 261 467 1281 314 87 167 120 70
is_linear=0
shrinkage=0.1


Tree=32
num_leaves=31
num_cat=0
split_feature=3 0 3 1 3 3 0 0 3 3 3 0 3 4 0 3 0 5 3 0 3 0 5 2 0 5 2 3 0 0
split_gain=78.4896 34.4913 25.6389 12.0102 14.2742 10.2245 15.7513 8.6565 6.42154 6.20741 4.96084 4.89474 5.39814 4.33522 4.32258 3.31696 4.12368 3.00428 2.98875 2.93067 2.90558 4.49168 2.6361 2.32405 2.49062 1.80589 1.75435 3.75177 1.63333 1.62615
threshold=1.0931916080826625 0.39339826839826841 1.0002466771110343 0.41350182432674459 1.4439106845072065 1.0201764086423881 0.14946808510638296 0.76043478260869579 1.1677197295093269 1.0071033791492294 1.2807270013352239 0.27361853832442068 1.0437045304326193 0.67752856669506323 0.087977296181630513 1.0104624936819859 0.21103238866396759 0.66487245004178963 1.0036363008698423 0.63299319727891168 1.0018709116917033 0.056079664570230552 0.38927674341668667 0.54784436997786401 0.50423728813559332 0.51166943415305588 0.35489420079716277 1.0586452584475321 0.12613636363636363 0.32529069767441865
decision_type=2 2 2 2 2 2 2 2 2 2 2 2 2 2 2 2 2 2 2 2 2 2 2 2 2 2 2 2 2 2
left_child=1 2 -1 -2 7 6 9 8 19 14 -9 -7 29 17 20 -8 -17 -12 -16 23 21 -4 -14 24 -5 -26 27 -3 -20 -13
right_child=3 26 5 4 -6 11 15 10 -10 -11 13 12 22 -15 18 16 -18 -19 28 -21 -22 -23 -24 -25 25 -27 -28 -29 -30 -31
leaf_value=-0.097354591463708118 0.10061531375750424 -0.10330654412741978 0.040185001943956716 0.10781259442096557 0.10306664371344949 0.090943679487269585 -0.10311458269538171 -0.073588281870625646 0.082098678921888588 0.10695225183891821 0.06623468841750306 -0.014084543247029627 0.10394578710841956 -0.081392159936497857 -0.10229511905948541 0.035056178927746637 -0.089518009568340634 -0.057065898439179454 0.039361601867278904 -0.085255255859240389 0.088203847270566155 -0.10405227090514962 -0.0034250988291043513 0.11456623605855464 -0.073236123592831506 0.041745605851781817 -0.098813463601616441 0.07649439209295833 -0.072890299748094092 -0.11304785558082386
leaf_weight=26.295007791370153 44.182614276185632 3.1725262487307182 9.576765016652649 1.5625656582415084 23.350850163027644 18.917255697771907 14.57293991930783 13.271732407622041 19.93314752727747 8.1743837594985944 9.244424941018222 5.527055440470579 6.5719647174701077 3.9342148117721072 4.677891902625559 5.1130384635180217 5.5324073284864426 2.5133685730397692 4.1414092853665352 3.5631378917023531 7.025014527142047 2.7874062191694966 3.5066756568849087 2.0770264975726604 3.9807951245456934 2.0794948469847441 70.714739880524576 1.8299064785242078 1.886797430925071 2.3733978979289532
leaf_count=2439 1485 277 191 38 809 510 1227 662 490 198 80 66 130 32 363 62 338 27 40 155 151 169 38 30 42 20 6690 22 34 110
internal_value=-0.00245225 -0.0413689 -0.00945374 0.0582802 0.0364061 0.0135713 -0.0107583 0.0113645 0.0462223 0.0296754 -0.0285869 0.0554355 0.0180745 0.00947359 0.00868566 -0.0721176 -0.0296847 0.0398777 -0.0423163 -0.00769682 0.0368473 0.00766783 0.0665881 0.0207934 -0.00475727 -0.0337819 -0.0947649 -0.0375348 0.00422734 -0.0438144
internal_weight=332.09 202.397 126.679 129.693 85.5108 100.384 63.4881 62.1599 33.1962 38.2697 28.9637 36.8963 17.9791 15.692 30.0953 25.2184 10.6454 11.7578 10.7061 13.263 19.3892 12.3642 10.0786 9.69988 7.62286 6.06029 75.7172 5.00243 6.02821 7.90045
internal_count=16925 13055 6066 3870 2385 3627 2773 1576 775 1146 801 854 344 139 948 1627 400 107 437 285 511 360 168 130 100 62 6989 299 74 176
is_linear=0
shrinkage=0.1


Tree=33
num_leaves=31
num_cat=0
split_feature=3 0 3 3 0 3 0 3 0 3 0 3 0 3 0 3 0 0 4 3 3 3 4 4 1 3 3 0 5 3
split_gain=69.2988 32.5066 25.8841 11.5638 13.6381 9.30719 15.9759 7.04774 6.94654 5.32257 5.35373 4.42615 3.83858 4.28164 3.66768 3.28452 4.73027 3.77135 2.88824 2.79343 2.67569 2.46178 2.55858 2.45415 3.99896 2.21336 2.06655 3.46932 1.8541 1.85078
threshold=1.1204515143443838 0.4380482456140351 1.0001263238975699 1.0348168789387537 0.21913109756097562 1.4439106845072065 0.65669642857142863 1.0129639843032912 0.14415584415584412 1.2390000898492741 0.85839598997493749 1.0071033791492294 0.31311274509803927 1.0686108008718731 0.019419306184012056 1.0008248272658653 0.084039548022598873 0.036038961038961002 0.72138567027312817 1.0031266266374554 1.3285594431535992 1.0223033929562433 0.054276286282822155 0.032382208745490755 0.22101534984086413 1.0002720006616583 1.0814325633474631 0.54261501210653762 0.66487245004178963 1.0104624936819859
decision_type=2 2 2 2 2 2 2 2 2 2 2 2 2 2 2 2 2 2 2 2 2 2 2 2 2 2 2 2 2 2
left_child=1 2 -1 4 7 6 -2 8 11 -8 -11 14 -5 -14 -4 17 -17 25 20 -18 28 -6 23 -23 -25 -16 -3 -28 -12 -10
right_child=5 26 3 12 21 -7 9 -9 29 10 18 -13 13 -15 15 16 19 -19 -20 -21 -22 22 -24 24 -26 -27 27 -29 -30 -31
leaf_value=-0.10097767938255858 0.088610509815606697 -0.10115961874111179 0.23644633611479537 0.10379862145700308 -0.0994195960954527 0.10276960283279313 -0.058989042095637871 0.090013171132349523 -0.10508909535369054 0.071392285840430433 -0.0057611676430773459 0.11194492241238817 -0.008417859720230644 0.096669956469200402 -0.06906605141331644 0.069698315758111515 -0.10431357864041212 -0.10321723145132376 -0.11877341264952067 0.010311184584424401 0.051305867471016002 -0.10383555262980837 -0.12036243588628844 -0.090799127162257437 0.12001980046456628 0.093297945678304281 0.011130898560000114 -0.10261394129357165 -0.12884316572087573 -0.0073214320291945705
leaf_weight=24.568041168153286 35.708180285058916 57.142856593243778 0.68217776902020233 13.916408412158491 14.156848878599705 36.577941859140992 12.278674951754509 11.080347603186963 6.5251775514334422 11.509959449991586 3.4861893476918322 4.666918843984603 10.000371107831599 6.3319525066763154 1.3700205991044661 10.711985382251443 3.1358695104718191 5.2337755346670747 2.4985124291852108 6.6025676038116217 5.2723767384886742 1.4488449497148383 2.1865286808460951 1.3660776093602178 2.6358679635450244 2.1686114221811295 4.7031227732077223 6.2383629530668259 1.8860151721164582 2.7532552517950535
leaf_count=2565 1105 6207 15 461 1327 1395 515 298 506 229 36 114 129 159 27 263 226 377 22 88 37 59 68 12 55 36 45 484 36 29
internal_value=-0.0024087 -0.0374461 -0.00841457 0.0128439 -0.00780026 0.0616318 0.0409169 0.0187562 0.000750658 -0.00519669 0.0215951 0.0213699 0.0652071 0.0323241 0.00723496 0.00188425 0.0238418 -0.0493035 -0.0220144 -0.0265991 0.000696991 -0.0747341 -0.0289761 0.00768257 0.048056 0.0304369 -0.0935361 -0.0537215 -0.0489715 -0.0760778
internal_weight=308.844 199.626 131.542 106.974 76.7249 109.218 72.6399 54.9307 43.8504 36.9317 24.6531 34.5719 30.2487 16.3323 29.905 29.2228 20.4504 8.77241 13.1431 9.73844 10.6446 21.7942 7.63732 5.45079 4.00195 3.53863 68.0843 10.9415 5.3722 9.27843
internal_count=16925 13550 6814 4249 3500 3375 1980 1979 1681 875 360 1146 749 288 1032 1017 577 440 131 314 109 1521 194 126 67 63 6736 529 72 535
is_linear=0
shrinkage=0.1


Tree=34
num_leaves=31
num_cat=0
split_feature=3 0 3 3 0 3 0 3 0 3 0 5 3 3 3 0 3 0 0 3 0 3 3 0 3 4 3 0 4 1
split_gain=61.1741 29.7322 24.2074 11.326 11.5191 8.11437 14.1719 6.17964 6.78322 4.03051 3.62257 3.41796 3.34864 3.15983 3.00614 3.87663 2.84637 4.02586 3.42953 2.55068 2.51803 2.37819 2.35352 2.47586 2.08993 1.92503 1.91235 4.50193 2.8634 1.79187
threshold=1.1365461153814294 0.44208407871198574 1.0001263238975699 1.0373317000816324 0.23145604395604394 1.4439106845072065 0.72281323877068571 1.0129639843032912 0.14415584415584412 1.0071033791492294 0.019419306184012056 0.38927674341668667 1.2182695848680105 1.0750792230598634 1.0814325633474631 0.57019704433497542 1.0008248272658653 0.084039548022598873 0.036038961038961002 1.0031266266374554 0.97849213691026848 1.3764677907238665 1.0259040968441291 0.31643132220795894 1.0004844364999712 0.10382426550668152 1.1984424831133145 0.62605932203389847 0.29687983362966919 0.47394285755904925
decision_type=2 2 2 2 2 2 2 2 2 2 2 2 2 2 2 2 2 2 2 2 2 2 2 2 2 2 2 2 2 2
left_child=1 2 -1 4 7 6 26 8 9 10 -4 -5 -8 25 -3 29 18 -18 24 -19 21 -14 -6 -24 -12 -13 27 -2 -29 -16
right_child=5 14 3 11 22 -7 12 -9 -10 -11 16 13 20 -15 15 -17 17 19 -20 -21 -22 -23 23 -25 -26 -27 -28 28 -30 -31
leaf_value=-0.10088343353189431 0.090428018453228357 -0.10106052302895425 0.25572327173211429 0.088029117889565689 -0.094564280118595856 0.10249911120976569 -0.088414961659371447 0.080278446881289309 -0.075835123515024624 0.1112301769627881 -0.023511392586770999 0.019549833464785258 0.0028429690180571138 0.11009065366381093 -0.033888148353052441 -0.10194584771844639 0.065628649192924854 -0.1039473949466429 -0.10292908630250266 0.0092677302664412632 -0.092669133336086965 0.10633689560928745 0.030109468877464921 -0.10984151050789753 0.14620075332768129 -0.098324191790538529 0.10328269518940313 0.04175597073266011 -0.12867154301195299 0.071422114934224193
leaf_weight=22.396913474425673 10.429693346843122 51.413677297532558 0.57292229868471878 20.972333975136284 14.002859848551454 33.179983457550406 4.6859301673248437 11.954183746129273 9.4439140241593105 4.2485662288963786 2.3692006953060649 3.4099948881193978 18.689252584241338 2.3128139283508062 4.5801400113850814 6.9343663668259978 10.262742560356857 2.8469406524673087 4.7482997812330723 6.6108927149325609 2.4130153339356175 2.5196635276079169 3.6846010312438002 1.9242274919524787 1.0459585934877393 2.3336410783231258 20.765563312917948 2.2032936494797464 1.7841053716838358 2.4963456280529499
leaf_count=2583 329 6169 15 644 1314 1395 305 331 619 114 44 51 197 70 51 597 263 226 377 88 35 64 37 110 19 25 778 28 19 28
internal_value=-0.00237272 -0.0352419 -0.0066817 0.0138531 -0.00698204 0.062422 0.0414778 0.0168178 -0.00118051 0.0203765 0.00681218 0.0667616 -0.0111931 0.0113984 -0.0898706 -0.0488085 0.0016979 0.0222542 -0.0479602 -0.0248116 0.00412558 0.0151383 -0.0726398 -0.0179037 0.0284662 -0.0283424 0.0838566 0.0558763 -0.0344994 0.00326176
internal_weight=287.236 190.566 125.141 102.744 73.7153 96.6705 63.4905 54.1036 42.1494 32.7055 28.457 29.0288 28.3079 8.05645 65.4245 14.0109 27.884 19.7206 8.16346 9.45783 23.6219 21.2089 19.6117 5.60883 3.41516 5.74364 35.1827 14.4171 3.9874 7.07649
internal_count=16925 13775 6930 4347 3557 3150 1755 2096 1765 1146 1032 790 601 146 6845 676 1017 577 440 314 296 261 1461 147 63 76 1154 376 47 79
is_linear=0
shrinkage=0.1


Tree=35
num_leaves=31
num_cat=0
split_feature=3 0 3 1 3 3 0 3 0 1 0 3 0 3 1 4 3 4 0 3 0 3 0 1 3 4 3 4 3 4
split_gain=53.8475 25.4087 15.7638 13.5571 16.2309 7.05518 7.56627 5.41517 9.3304 4.29817 3.82493 3.60274 5.37677 3.14327 2.55372 2.92732 2.99687 2.69169 2.47787 2.47527 2.2336 3.23396 2.45003 2.15949 2.0474 2.28841 2.25048 1.96193 2.67114 3.13398
threshold=1.0586452584475321 0.32529069767441865 1.0001263238975699 0.42201682153981052 1.1624976166854266 1.4439106845072065 0.72281323877068571 1.0192974833736999 0.18274582560296848 0.54127575758850277 0.23145604395604394 1.0045262549513969 0.091750841750841708 1.0348168789387537 0.7147196408189852 0.67752856669506323 1.3285594431535992 0.55634721549401445 0.12613636363636363 1.0101791555662516 0.021980676328502403 1.0008248272658653 0.036038961038961002 0.22101534984086413 1.2807270013352239 0.42363912256324709 1.2182695848680105 0.27767986504660014 1.1365461153814294 0.19199976004247585
decision_type=2 2 2 2 2 2 2 2 2 2 2 2 2 2 2 2 2 2 2 2 2 2 2 2 2 2 2 2 2 2
left_child=1 2 -1 -2 9 6 -6 8 11 27 -9 12 20 23 15 16 17 24 -13 -20 -4 22 -22 -12 25 26 -8 28 29 -5
right_child=3 -3 7 4 5 -7 14 10 -10 -11 13 18 -14 -15 -16 -17 -18 -19 19 -21 21 -23 -24 -25 -26 -27 -28 -29 -30 -31
leaf_value=-0.10081006589627872 0.087686961029681515 -0.095366170801532535 0.17016600222697026 0.019127943167950662 0.0866942168481563 0.10225225566729515 -0.060308580963984573 0.10456427533194911 -0.090547806228559222 -0.10148883192566333 -0.13727015110390636 0.08979136468175504 -0.090573234433959718 0.081140203230743405 -0.10582023905532688 -0.07227279234059944 0.076516562831136004 -0.098540714918186556 -0.041777022865011282 0.067627585221577621 0.022126839143696776 0.046380964701429363 -0.10316535498054356 0.0021780849923931501 0.085850975413013453 -0.081993921177224621 0.086847512042560096 -0.10972544312166693 0.099892947848653879 -0.1215654789463908
leaf_weight=15.447696106508372 47.508848119527102 57.871581769082695 0.92446091212332859 5.2221113010309654 13.111784984357653 16.9071503020823 1.6540788356214848 8.7804645821452159 10.451374735683201 10.073519531637428 1.4390882961451987 8.308230062946679 6.0821773586794725 4.3118492811918259 2.3580329939723006 4.1976531427353612 6.2888762839138499 2.6025196919217697 4.1702795866876823 4.1022945381700993 2.8862777519971159 9.7441323427483422 3.3982893968932331 4.8638620031997561 2.938324673101306 2.9018859658390284 2.7958726743236184 1.7459068428724993 2.2892049122601748 2.2721091792918742
leaf_count=1939 1860 7101 27 145 418 785 67 320 955 1087 16 230 560 97 124 47 82 33 85 67 51 239 261 72 24 48 28 70 34 53
internal_value=-0.00232261 -0.0442683 -0.00944208 0.0456408 0.0198189 0.0483307 0.024864 0.0108771 -0.00650093 -0.0537691 0.0557372 0.015672 -0.00991303 0.0153479 -0.0066353 0.00336852 0.0199217 -0.00768449 0.0512167 0.0124757 0.0190249 0.0103078 -0.0456231 -0.0296607 0.0152943 -0.0129053 0.0321485 -0.012075 0.00535126 -0.0235277
internal_weight=267.65 142.782 84.9105 124.868 77.359 55.7562 38.849 69.4628 50.0675 21.6029 19.3953 39.6161 23.0353 10.6148 25.7372 23.3792 19.1816 12.8927 16.5808 8.27257 16.9532 16.0287 6.28457 6.30295 10.2902 7.35184 4.44995 11.5293 9.78343 7.49422
internal_count=16925 12020 4919 4905 3045 1656 871 2980 2475 1389 505 1520 1138 185 453 329 282 200 382 152 578 551 312 88 167 143 95 302 232 198
is_linear=0
shrinkage=0.1


Tree=36
num_leaves=31
num_cat=0
split_feature=3 0 3 1 3 3 0 1 0 3 3 0 0 3 3 4 5 4 3 4 3 0 0 0 5 4 3 3 0 1
split_gain=47.5182 24.7228 17.3378 9.96298 10.6348 5.92327 10.8585 5.30228 5.04412 3.534 3.17328 4.86348 3.12332 4.59423 3.98522 3.03428 2.96912 2.63854 2.68819 2.65446 2.21653 3.62044 2.19446 1.9073 2.34836 1.89738 1.91619 1.81358 2.7178 1.77563
threshold=1.0931916080826625 0.41341829085457271 1.0001263238975699 0.41350182432674459 1.4439106845072065 1.0192974833736999 0.18274582560296848 0.7147196408189852 0.24780701754385961 1.0437045304326193 1.0053100241536783 0.10582306830907051 0.63714733542319768 1.1585151169016423 1.1365461153814294 0.20085286428457097 0.38927674341668667 0.67752856669506323 1.3285594431535992 0.55634721549401445 1.0027917683936225 0.051503094606542808 0.12613636363636363 0.32529069767441865 0.20473858472812773 0.060517355747532704 1.0290885585440597 1.0008248272658653 0.036038961038961002 0.12953391574978612
decision_type=2 2 2 2 2 2 2 2 2 2 2 2 2 2 2 2 2 2 2 2 2 2 2 2 2 2 2 2 2 2
left_child=1 2 -1 -2 7 6 10 12 -7 23 11 20 14 -14 15 -5 -11 18 19 -15 21 27 -12 24 -10 26 -26 28 -4 -22
right_child=3 -3 5 4 -6 8 -8 -9 9 16 22 -13 13 17 -16 -17 -18 -19 -20 -21 29 -23 -24 -25 25 -27 -28 -29 -30 -31
leaf_value=-0.10072541812337164 0.098449697951083409 -0.095924570345827423 0.05357182662610302 0.038800757375902988 0.10203491702765753 0.096173091232614638 -0.091174851480921804 -0.10265912434710392 -0.0913510449437515 0.088431830275203779 0.099362295396416875 -0.091390101173176932 -0.10682542519022004 0.020630869567867666 0.092330715753607059 -0.11211607865279516 -0.012657463040502784 -0.058473956839608057 0.076637778786127153 -0.089254519812017083 0.11745740001513026 -0.055832155298594748 0.018182856689030448 -0.11110864887977628 -3.5898693105759541e-05 -0.039828433198200619 0.15820551772212943 0.10447504018343162 -0.10479072290972793 -0.044474685594139619
leaf_weight=17.295931020751595 30.953573398292065 49.125682202167809 3.7288479944691115 4.0905318437144187 15.809436155483125 11.314798379316924 12.99880928499624 3.9663997376337639 2.281532561406495 7.6106692496687156 5.9005622435361129 5.3167740581557146 3.5957167525775722 14.810325823724279 10.028211852535604 1.9756922246888278 4.6996338693425059 4.3862982871942213 7.2965885605663052 2.5815357891842714 3.1584656555205575 6.6580346943810573 7.643420166336 2.2623363859020174 1.4914571437984707 2.2473922586068511 1.5715965665876863 3.0506611149758101 1.5277028731070457 0.86194637790322293
leaf_count=2421 1485 6736 78 65 809 440 1422 347 36 200 199 487 309 253 347 26 54 55 138 36 77 371 130 157 34 22 13 89 77 12
internal_value=-0.00227712 -0.0376791 -0.00952188 0.0513612 0.0300957 0.00918499 -0.0123214 0.0085275 0.0418468 0.0141138 0.0147618 -0.00685497 0.0175711 -0.000191846 0.0536285 -0.0103509 0.0498396 0.0129957 0.0256934 0.00432019 0.0168184 -0.000891557 0.0535494 -0.030516 -0.00650012 0.0299545 0.0811549 0.043142 0.00754718 0.0827404
internal_weight=250.241 150.746 101.621 99.4943 68.5407 84.3246 50.8452 52.7313 33.4794 22.1646 37.8464 24.3024 48.7649 32.6705 16.0944 6.06622 12.3103 29.0747 24.6885 17.3919 18.9857 14.9652 13.544 9.85431 7.59198 5.31045 3.06305 8.30721 5.25655 4.02041
internal_count=16925 13055 6319 3870 2385 3898 2942 1576 956 516 1520 1191 1229 791 438 91 254 482 427 289 704 615 329 262 105 69 47 244 155 89
is_linear=0
shrinkage=0.1


Tree=37
num_leaves=31
num_cat=0
split_feature=3 0 3 1 3 1 3 0 0 3 3 4 3 3 4 1 0 3 1 0 0 3 0 3 4 0 4 0 3 3
split_gain=41.9444 21.3151 13.1813 12.1332 12.589 6.43263 4.86685 7.9058 3.70052 3.80549 3.55463 5.36087 3.34562 3.0228 3.34241 2.59143 2.49589 3.68599 2.46159 3.49036 2.43228 2.71056 3.72766 2.31217 2.91867 3.43734 3.84984 2.2609 2.43735 2.22504
threshold=1.0637604743489464 0.32529069767441865 1.0001263238975699 0.39174344472967176 1.3764677907238665 0.64252005905241416 1.0129639843032912 0.14946808510638296 0.19326542161856253 1.0348168789387537 1.1365461153814294 0.29167119744734787 1.0071033791492294 1.1984424831133145 0.42363912256324709 0.51279912234679481 0.97979591836734714 1.4439106845072065 0.47394285755904925 0.54261501210653762 0.10582306830907051 1.0027917683936225 0.019419306184012056 1.0437045304326193 0.092596954904318171 0.38138528138528138 0.089483517963107759 0.056079664570230552 1.0008248272658653 1.2476453896658557
decision_type=2 2 2 2 2 2 2 2 2 2 2 2 2 2 2 2 2 2 2 2 2 2 2 2 2 2 2 2 2 2
left_child=1 2 -1 -2 5 10 7 12 -8 -10 15 -12 20 -13 -15 18 -6 -18 -5 -20 21 22 -4 -3 25 -25 -27 28 -24 -16
right_child=3 23 6 4 16 -7 8 -9 9 -11 11 13 -14 14 29 -17 17 -19 19 -21 -22 -23 27 24 -26 26 -28 -29 -30 -31
leaf_value=-0.10066221127524849 0.095068748541243864 -0.10110362696524144 0.29249813906885763 -0.043578196879780512 0.10244009398486729 -0.081016676168828516 0.1041243263378354 -0.0826459518547394 -0.017252834837206261 0.08441916583444635 0.090300251105598556 -0.074688159316606786 0.10601566644936616 0.086342300871975808 -0.1076628612385139 -0.10648155145833903 -0.13409948627586471 0.1018343578666368 0.23245934345031666 -0.0068505532877946576 -0.052955621355000176 0.085130329078621392 -0.023768105738156339 0.12792697676510886 -0.091844265594292568 -0.11643801246257456 0.32037692206146773 -0.061004397868759552 0.083692287738916307 0.0091414033181125079
leaf_weight=12.665223358198999 32.311597947962582 41.810252734925598 0.42061580251903308 5.4080059300176782 17.690978923812512 8.9156543696299178 7.6698718015104559 10.938226337544618 10.160956943873314 5.7729099988937369 9.8784662857651693 4.1644634241238263 3.6991463955491772 5.375319546088579 1.8748777601867903 3.580067766364663 1.172785505652427 1.5209071375429628 0.91275307722389731 1.8341993931680916 5.7497719456441692 4.9291985966265193 4.9648775854147953 1.6938716992735847 5.4808640205301344 1.7516775834374128 0.22803142480552185 5.3099579513072959 3.6715195514261723 12.531125747133045
leaf_count=1939 1549 6599 15 119 927 835 328 1091 236 188 371 108 118 90 37 360 5 86 21 67 308 134 163 11 461 161 11 339 98 150
internal_value=-0.00221036 -0.0411083 -0.00753856 0.0438543 0.0217487 -0.00333694 0.0110977 -0.0102895 0.0470544 0.0195834 0.0118645 0.0283172 0.017244 0.00274699 0.019049 -0.0355576 0.0887861 -0.00088701 -0.00442166 0.072667 0.00413289 0.0211438 -0.000809448 -0.091137 -0.0456172 0.0233522 -0.0661238 -0.00965547 0.0219156 -0.00606016
internal_weight=234.088 126.917 75.9523 107.171 74.8596 54.4749 63.2871 39.6833 23.6037 15.9339 45.5593 33.8243 28.7451 23.9458 19.7813 11.735 20.3847 2.69369 8.15496 2.74695 25.0459 19.2962 14.367 50.9647 9.15444 3.67358 1.97971 13.9464 8.6364 14.406
internal_count=16925 12200 4957 4725 3176 2158 3018 2266 752 424 1323 756 1175 385 277 567 1018 91 207 88 1057 749 615 7243 644 183 172 600 261 187
is_linear=0
shrinkage=0.1


Tree=38
num_leaves=31
num_cat=0
split_feature=3 3 1 3 0 0 0 3 3 3 0 0 3 0 2 0 3 3 3 0 0 3 0 3 0 0 1 2 5 1
split_gain=36.8287 20.4855 15.913 8.08885 9.69628 4.74859 4.47458 8.32936 3.75795 3.3383 7.66614 3.49447 3.32593 3.14813 3.2102 3.02886 2.72681 2.3745 2.13656 2.76384 2.04266 2.00824 2.51194 2.60224 2.78877 1.86526 1.67115 3.49775 1.62714 1.62711
threshold=1.0001263238975699 1.2476453896658557 0.51004998353333231 1.0437045304326193 0.30094339622641514 0.38138528138528138 0.80178571428571443 1.4439106845072065 1.0750792230598634 1.0101791555662516 0.14415584415584412 0.17712418300653593 1.1365461153814294 0.47413024085637828 0.54784436997786401 0.64218328840970362 1.0259040968441291 1.0071033791492294 1.1818738269056885 0.76293487957181105 0.021980676328502403 1.0004844364999712 0.042109929078014162 1.0018709116917033 0.084039548022598873 0.61620294599018022 0.59939892064339328 0.63338351208423693 0.37819975925724142 0.33929825415882325
decision_type=2 2 2 2 2 2 2 2 2 2 2 2 2 2 2 2 2 2 2 2 2 2 2 2 2 2 2 2 2 2
left_child=-1 2 3 4 9 -5 -3 -8 29 10 17 -11 -4 -10 18 -14 28 20 25 -20 -2 -22 -23 -24 -25 -15 27 -17 -13 -7
right_child=1 6 12 5 -6 8 7 -9 13 11 -12 16 15 14 -16 26 -18 -19 19 -21 21 22 23 24 -26 -27 -28 -29 -30 -31
leaf_value=-0.10057526395036438 0.1649044020483095 0.10220127843575906 -0.10101684309214405 0.087833004066620077 -0.088869465756486618 -0.16050330437947169 -0.0058156318971293672 0.10167657523344216 0.095510882532535021 0.094408657518979811 -0.10305980134849371 -0.045238285644129801 0.10955356594125649 -0.018925347597917076 0.11333841053565706 -0.07390472387966894 0.062858492429509444 0.11449107678483728 0.1079752019624247 -0.13532090177126219 -0.066875207955080992 0.10212164006961758 -0.060022918631128463 0.090714692444373343 -0.01234834393147251 -0.1572382280648949 -0.10747259723758287 0.092535893609472675 0.10867726451363402 -0.026618096795946705
leaf_weight=32.397909755818546 0.77222835738212481 22.395312672480941 16.971439237706367 16.487932460382581 12.640164770185946 1.164796433411541 15.957766609732063 13.148266822099684 6.5648059789091375 7.5205607544630793 7.1269990638829759 6.8507244046777469 1.3698147069662798 7.0834020292386395 2.5177511270157984 3.7115771556273085 5.4475165698677301 2.1561101712286463 2.4078778009861703 0.57924351468682278 3.8007344324141767 2.699128599837425 5.2617784738540676 4.1206069942563754 7.2357693500816822 1.1306565119884906 3.2367780199274421 1.9135773205198345 0.76338485907763232 4.1128590134903789
leaf_count=5703 27 1236 2724 710 1662 14 158 811 268 295 929 193 36 123 54 77 132 71 92 8 278 85 343 129 170 43 279 35 25 215
internal_value=-0.00213683 0.0149041 -0.00548186 0.0116725 -0.0100619 0.045991 0.0685981 0.0427426 0.0190016 0.008469 -0.0111602 0.0401063 -0.0738673 0.0385598 0.0113075 -0.0288343 0.00884042 0.0139861 -0.0116265 0.0607968 0.00491543 -0.000428797 0.0126447 -0.00188814 0.0250476 -0.037964 -0.0502253 -0.0172846 -0.0298068 -0.056167
internal_weight=219.547 187.15 135.648 108.445 66.3957 42.0493 51.5013 29.106 25.5614 53.7555 33.1734 20.5822 27.2032 20.2837 13.7189 10.2317 13.0616 26.0464 11.2012 2.98712 23.8902 23.118 19.3173 16.6182 11.3564 8.21406 8.86193 5.62515 7.61411 5.27766
internal_count=16925 11222 9017 5866 4339 1527 2205 969 817 2677 2032 645 3151 588 320 427 350 1103 266 100 1032 1005 727 642 299 166 391 112 218 229
is_linear=0
shrinkage=0.1


Tree=39
num_leaves=31
num_cat=0
split_feature=3 3 1 3 3 0 3 3 0 3 0 1 3 0 0 0 3 3 0 5 0 3 0 3 0 1 2 2 0 2
split_gain=33.1558 18.4531 10.9093 10.3662 8.13449 7.12658 6.18506 4.14302 3.27209 3.61131 3.22024 3.76871 3.76886 3.82075 3.10114 3.0768 2.70535 2.14907 2.14358 2.04204 1.88884 3.63279 1.84881 2.33243 1.78264 1.64505 1.97596 3.19111 2.32905 1.89745
threshold=1.0001263238975699 1.3764677907238665 0.51004998353333231 1.0686108008718731 1.1585151169016423 0.27361853832442068 1.0259040968441291 1.0290885585440597 0.17712418300653593 1.0101791555662516 0.48683298683298687 0.50166351316484847 1.1818738269056885 0.76293487957181105 0.14415584415584412 0.65669642857142863 1.0136885861786806 1.0071033791492294 0.36996779388083739 0.28665777009876842 0.97979591836734714 1.4439106845072065 0.60172413793103463 1.1085208197876983 0.13100686498855832 0.7147196408189852 0.6013540575243369 0.56054606545772467 0.90521114106019784 0.74528112307776062
decision_type=2 2 2 2 2 2 2 2 2 2 2 2 2 2 2 2 2 2 2 2 2 2 2 2 2 2 2 2 2 2
left_child=-1 2 3 5 -4 6 8 -7 9 14 -5 12 22 -14 17 -6 -10 24 -9 -18 -3 -22 23 -12 -2 26 27 -17 29 -28
right_child=1 20 4 10 15 7 -8 18 16 -11 11 -13 13 -15 -16 25 19 -19 -20 -21 21 -23 -24 -25 -26 -27 28 -29 -30 -31
leaf_value=-0.10052022435741143 0.011364995613669604 0.10190780919273812 -0.096043766799614017 0.090558276828191286 0.10182642745112169 -0.10123481356098296 0.10501530420617421 0.015311625876570707 -0.10311056058690252 0.089869069557486247 -0.094085423959897982 0.15636711821342347 0.10097589753053693 -0.047285394010651204 -0.10656139080712901 0.057318479687990288 -0.033520939704825517 0.11357872852959508 -0.062403988575466023 0.10822511174053101 -0.12040995004744946 0.10151306267461889 -0.1264718499365671 0.033451971948581884 -0.11055283589394015 -0.10997954096854134 0.015263236467049222 -0.12686191596509844 -0.047518985032770265 0.12529251787388621
leaf_weight=29.330076430924237 21.798732760362338 22.935569553636018 17.233432778622955 17.855643019080162 2.4387949872761991 9.4159836643375474 6.8463926445692769 8.7294569653458876 4.6402016049250943 5.7769639492034903 2.1485045365989262 2.145905790384858 6.4456138648092729 2.3799738753587008 2.3660985049791625 1.3925505159422815 4.2921429905109107 1.9658099580556143 5.9807400540448716 1.3316770177334545 1.1699185818433755 1.9962341459468005 1.6890318891964851 4.3115567918866873 1.2691287412308145 1.7453251369297493 6.6522571593523008 2.8992094197310507 4.4854379384778431 2.0503942845389247
leaf_count=5703 937 1479 2855 909 108 1585 350 126 635 223 58 34 302 29 230 21 69 71 418 25 5 136 64 63 95 130 118 37 80 30
internal_value=-0.00206889 0.0143017 0.000822221 0.0167434 -0.0447709 -0.00476087 0.0166745 -0.0494395 0.00275172 0.018017 0.0600199 0.0315019 0.0157167 0.0609947 0.00286777 -0.00398385 -0.0465909 0.0132106 -0.0162853 4.34274e-05 0.091913 0.0195107 -0.03332 -0.00896476 0.00465742 -0.0174063 -0.0081631 -0.0671008 0.0110168 0.0411868
internal_weight=205.719 176.389 150.287 111.39 38.8974 74.4133 50.2871 24.1262 43.4408 33.1767 36.9762 19.1206 16.9747 8.82559 27.3998 21.664 10.264 25.0337 14.7102 5.62382 26.1017 3.16615 8.14909 6.46006 23.0679 19.2252 17.4798 4.29176 13.1881 8.70265
internal_count=16925 11222 9602 6223 3379 4764 2635 2129 2285 1556 1459 550 516 331 1333 524 729 1103 544 94 1620 141 185 121 1032 416 286 58 228 148
is_linear=0
shrinkage=0.1


Tree=40
num_leaves=31
num_cat=0
split_feature=3 3 1 3 3 0 3 0 3 0 0 1 1 3 3 4 1 2 3 3 0 0 2 3 0 2 0 2 4 0
split_gain=29.837 16.7389 9.37891 9.07341 7.57159 6.97889 3.16563 3.4086 3.89141 3.09561 3.09075 2.65701 2.69097 2.50832 2.16941 2.25825 2.39885 1.98597 1.88933 1.85539 3.53261 2.62009 1.83202 2.59677 2.18113 2.01792 1.79279 1.91395 1.99309 2.21584
threshold=1.0001263238975699 1.3764677907238665 0.51004998353333231 1.0586452584475321 1.1365461153814294 0.32529069767441865 1.0348168789387537 0.21913109756097562 1.0129639843032912 0.14946808510638296 0.64218328840970362 0.36934826082722161 0.50166351316484847 1.0071033791492294 1.0192974833736999 0.055503344048473055 0.26088599753186859 0.36159545207560456 1.1984424831133145 1.1818738269056885 0.76293487957181105 0.60172413793103463 0.34754278716311554 1.0814325633474631 0.48683298683298687 0.49407147903722543 0.79830508474576278 0.60667950325255271 0.3519785144466972 0.9213106295149639
decision_type=2 2 2 2 2 2 2 2 2 2 2 2 2 2 2 2 2 2 2 2 2 2 2 2 2 2 2 2 2 2
left_child=-1 2 3 5 -4 6 7 8 9 13 -6 -5 19 -2 -9 16 -16 -8 -12 21 -21 22 -13 -24 -25 -26 -20 -28 -29 -30
right_child=1 -3 4 11 10 -7 17 14 -10 -11 18 12 -14 -15 15 -17 -18 -19 26 20 -22 -23 23 24 25 -27 27 28 29 -31
leaf_value=-0.10047046986571938 0.0033704391414493655 0.09139556273215399 -0.10052322108662951 0.085532859973029951 0.10574698471186701 -0.074903674001403284 0.11268848265940806 -0.10600765998700945 0.081751021642580496 -0.06706372325435328 -0.080575011960398749 0.17356311604798788 0.13717137175452163 0.10302123975332654 -0.045586238343242248 -0.12319505272483255 0.09325655064979306 -0.039355696987080781 0.055587654328075269 0.099473296621949495 -0.046134275187684592 -0.11972068500977801 -0.09968201709908546 0.097925344401103787 -0.055051240113987654 0.066734330328969069 -0.10740943761089183 -0.11162903734635132 0.053924136951657479 -0.046245109373182117
leaf_weight=26.551424470264465 23.135932502336807 23.756192768923938 14.025656093377618 15.885489089414476 2.1904390556737807 12.216077130753545 4.2489045495167366 4.1369288829155249 7.0472113508731118 5.7114532627165309 4.0337303690612343 0.68592252396047726 2.2257652878761283 2.8355036154389373 2.6929334555752575 1.4487836854532359 2.3134033437818289 1.0767926983535288 3.8450099276378777 5.9422000637277943 2.3154608877375722 1.6500503858551372 1.9394265683367837 2.9641297068446857 3.5027592079713941 2.2246462404727936 2.1892568850889793 1.4981103632599104 5.381792667321859 3.7451303023844957
leaf_count=5703 1057 1620 2724 881 99 1641 213 683 298 506 275 20 41 118 40 20 37 8 82 297 28 71 64 114 57 29 21 76 44 58
internal_value=-0.00200827 0.0136589 0.0007546 0.0158466 -0.0426702 -0.00657265 0.00870218 0.000793374 0.0145412 -0.000408295 -0.00721112 0.0539554 0.0325646 0.0142501 -0.0494758 -0.0132459 0.0185723 0.081947 -0.0191682 0.0215948 0.0586447 -0.00199953 0.0151647 0.00494466 0.028291 -0.00774713 -0.00429969 -0.0222693 -0.00472639 0.0128208
internal_weight=193.417 166.865 143.109 106.2 36.9091 66.8639 54.6478 49.3222 38.7301 31.6829 22.8835 39.3358 23.4504 25.9714 10.592 6.45512 5.00634 5.3257 20.693 21.2246 8.25766 12.9669 11.3169 10.631 8.69154 5.72741 16.6593 12.8143 10.625 9.12692
internal_count=16925 11222 9602 6223 3379 4621 2980 2759 1979 1681 655 1602 721 1175 780 97 77 221 556 680 325 355 284 264 200 86 281 199 178 102
is_linear=0
shrinkage=0.1


Tree=41
num_leaves=31
num_cat=0
split_feature=3 3 1 3 3 0 0 3 0 0 3 0 3 3 0 0 3 2 3 1 1 0 3 0 0 3 4 3 0 0
split_gain=26.8449 14.9669 8.09 7.98087 7.0608 7.00669 3.12608 3.88453 2.7338 2.30764 2.15278 2.03275 3.28218 1.89496 4.95331 3.24718 3.48343 2.01889 2.1776 1.61118 1.94481 1.54494 2.07244 1.9781 1.64612 1.97257 1.47866 1.50861 1.8301 1.44259
threshold=1.0001263238975699 1.3764677907238665 0.51004998353333231 1.0451785307992318 1.1365461153814294 0.32529069767441865 0.35111427216690377 1.1204515143443838 0.63714733542319768 0.5727513227513229 1.3285594431535992 0.97979591836734714 1.4439106845072065 1.0045262549513969 0.091750841750841708 0.16515151515151513 1.012177058009387 0.37117385143591136 1.0341574265631219 0.51838617539921583 0.7147196408189852 0.021980676328502403 1.0008248272658653 0.036038961038961002 0.051503094606542808 1.0018709116917033 0.28724007158121173 1.1924587048371766 0.72281323877068571 0.95060975609756115
decision_type=2 2 2 2 2 2 2 2 2 2 2 2 2 2 2 2 2 2 2 2 2 2 2 2 2 2 2 2 2 2
left_child=-1 2 3 5 -4 13 -5 -8 -6 -9 26 -3 -13 14 21 -15 -17 18 -18 -10 29 -2 23 -23 -24 -26 -11 -28 -29 -21
right_child=1 11 4 6 8 -7 7 9 19 10 -12 12 -14 15 -16 16 17 -19 -20 20 -22 22 24 -25 25 -27 27 28 -30 -31
leaf_value=-0.10042550048839793 0.15650722987818141 0.10158312543196442 -0.1002355189235086 0.10231903531421208 0.11135086555500839 -0.094413223798290938 -0.0050334366809215618 0.096343945993452432 -0.10051245943250964 0.089320702697099241 0.13199007631778392 -0.11768972845975048 0.10124761062061849 0.061857074287438085 -0.090704242446192768 -0.10293415782685184 0.0059070061320128714 -0.10840312609673315 0.10595593732046334 0.012994707512117249 -0.10738546031379968 0.017698295616229362 0.10359586123415715 -0.10266752432813504 -0.069042601839032561 0.053955560261724336 -0.095364651201150452 0.10271596412814282 -0.033943038944355464 -0.084601659452318886
leaf_weight=24.03493299940601 0.72774527408182876 19.02746649179608 12.725570223759858 8.50064385589212 1.8005377175286437 8.2173770205117744 14.338384312577544 10.21246216632426 2.0838481085374978 1.6498674284666757 1.6281575281172989 1.1681382358074182 1.6546519370749591 11.855874347966166 6.486179055646061 3.0448497110046473 11.586797141004352 1.2386600207537402 2.6783445980399838 14.787334376014774 1.767331892158835 2.8125277366489163 2.6501225344836694 2.6534666670486331 2.0861235246993601 3.4771999046206474 1.762288538739085 1.5192613098770378 2.760458342730999 1.6873370660468925
leaf_count=5703 27 1479 2724 551 95 1512 423 640 20 31 46 5 136 445 976 448 295 27 103 303 185 51 101 261 66 72 33 82 33 52
internal_value=-0.0019411 0.0129847 0.000704325 0.0149303 -0.0408842 -0.00868471 0.0481002 0.0344927 -0.00674947 0.0635081 0.027528 0.0898352 0.0106461 0.00504808 -0.0181373 0.0209806 -0.00514667 0.0140582 0.0246916 -0.0172112 -0.00769544 0.0145326 0.00697958 -0.0407333 0.0387322 0.00783396 0.00541628 -0.0174952 0.0145697 0.00299888
internal_weight=182.624 158.589 136.739 101.887 34.852 59.5153 42.3715 33.8709 22.1264 19.5325 9.32003 21.8503 2.82279 51.2979 20.8934 30.4045 18.5487 15.5038 14.2651 20.3259 18.242 14.4072 13.6794 5.46599 8.21345 5.56332 7.69188 6.04201 4.27972 16.4747
internal_count=16925 11222 9602 6223 3379 4384 1839 1288 655 865 225 1620 141 2872 1554 1318 873 425 398 560 540 578 551 312 239 138 179 148 115 355
is_linear=0
shrinkage=0.1


Tree=42
num_leaves=31
num_cat=0
split_feature=3 3 1 3 0 5 3 3 0 0 0 0 3 5 1 3 3 0 0 3 2 1 4 3 0 3 5 0 3 3
split_gain=24.1694 13.5632 7.00304 4.92863 8.63092 5.53348 4.15386 2.50962 5.14537 2.13291 2.02272 1.90447 2.82843 1.84278 1.71353 3.86929 2.99643 3.21789 2.32766 1.66582 1.66556 1.88239 1.67847 1.65594 1.64467 2.3463 1.4816 1.39938 1.5643 1.36894
threshold=1.0001263238975699 1.3764677907238665 0.61049441770713408 1.0437045304326193 0.32529069767441865 0.38671423835131918 1.3015535049891904 1.1365461153814294 0.62605932203389847 0.56711711711711721 0.38138528138528138 0.97979591836734714 1.4439106845072065 0.46386281539405844 0.18555127014496622 1.0159461119456594 1.0061414482588964 0.019419306184012056 0.12613636363636363 1.0003701833543546 0.37117385143591136 0.22101534984086413 0.022625446110189403 1.0586452584475321 0.042109929078014162 1.0012376406307693 0.3840297514779597 0.077677224736048267 1.0031266266374554 1.2548928199007963
decision_type=2 2 2 2 2 2 2 2 2 2 2 2 2 2 2 2 2 2 2 2 2 2 2 2 2 2 2 2 2 2
left_child=-1 2 3 4 14 10 -4 9 -9 -7 -5 -3 -13 29 16 -16 17 -2 19 -19 21 -17 -23 -12 -21 -26 -25 -27 -29 -10
right_child=1 11 6 5 -6 7 -8 8 13 -11 23 12 -14 -15 15 20 -18 18 -20 24 -22 22 -24 26 25 27 -28 28 -30 -31
leaf_value=-0.1003848462505596 0.30607324763719018 0.10143479430256566 -0.096358066945977469 0.10502598379438509 -0.10168290945097208 -0.0077435838056807539 0.056727149180856452 0.10488468880484139 -0.13948455136444346 -0.10368942742138579 -0.10985191286155621 -0.10700631398182088 0.10112747849249824 0.012444962502046521 -0.092225154871908077 -0.049455503614281027 0.057607202389998939 -0.069502742248402291 -0.10347781421929064 0.080173761007418756 -0.10149193996200095 -0.062002803088049674 0.07334703365153257 0.042011099179871357 -0.076137271308507976 0.07159357186343937 0.19023781991105246 -0.084146628947102453 0.027414971648736138 -0.00093322208426303464
leaf_weight=21.756066960748285 0.32686591241508978 17.240660099312667 10.424842587672172 9.1665459806099552 9.1460224569309485 11.025074261706321 2.1356081487610927 6.0961903203278807 1.5254586138762563 2.9334524967707685 0.67355120508000155 1.1568493396043771 1.4988790713250635 15.833318486344067 5.3378635132685295 2.4496210906654579 11.77306357771158 2.7870415267534616 2.3690162044949821 3.060571724548935 1.149406297598033 1.0840523368678985 5.91775584500283 10.397934211185198 3.1629113219678393 3.6794621106237155 0.72110530175268728 1.817829505074769 4.0730219259858131 1.3391445036977527
leaf_count=5703 15 1479 1965 604 2116 317 35 398 30 465 47 5 136 256 886 76 492 206 375 101 21 44 102 480 251 127 12 103 53 25
internal_value=-0.00187315 0.0123862 0.000652545 0.00821805 -0.0125081 0.0283967 -0.0703295 0.00600921 0.0251033 -0.0279071 0.0697903 0.0892921 0.0104633 -0.00090826 0.00414064 -0.0227906 0.0171286 -0.00526948 -0.0101271 0.00177486 0.0121719 0.0259948 0.0523915 0.0424011 0.0143528 -0.00146797 0.0516241 0.0232096 -0.00701129 -0.0747146
internal_weight=172.059 150.303 130.407 117.846 58.1345 59.7118 12.5605 38.7526 24.7941 13.9585 20.9591 19.8964 2.65573 18.6979 48.9885 15.9387 33.0498 21.2767 20.9499 18.5808 10.6008 9.45143 7.00181 11.7926 15.7938 12.7332 11.119 9.57031 5.89085 2.8646
internal_count=16925 11222 9602 7602 4968 2634 2000 1491 709 782 1143 1620 141 311 2852 1129 1723 1231 1216 841 243 222 146 539 635 534 492 283 156 55
is_linear=0
shrinkage=0.1


Tree=43
num_leaves=31
num_cat=0
split_feature=3 3 1 3 0 0 3 3 0 4 3 3 0 0 2 4 3 3 1 3 0 0 1 2 1 3 0 5 1 4
split_gain=21.7453 12.3093 5.69215 4.64179 8.31057 5.98578 2.46116 2.29988 3.77103 2.23169 2.43175 2.0494 5.7169 4.19561 1.90137 1.86573 2.2848 1.8044 1.68831 1.87897 2.5023 2.49206 2.28055 1.54118 2.102 1.49928 1.86633 1.40471 1.35157 1.96449
threshold=1.0001263238975699 1.4439106845072065 0.64252005905241416 1.0783527443836116 0.41341829085457271 0.50423728813559332 1.3015535049891904 1.1872213772209419 0.72281323877068571 0.42363912256324709 1.2476453896658557 1.0192974833736999 0.18274582560296848 0.23145604395604394 0.59648263865280982 0.64471467070763855 1.3285594431535992 1.0129639843032912 0.13771986288966662 1.0027917683936225 0.10582306830907051 0.056079664570230552 0.12232713793887347 0.44536185489470176 0.54349904135502569 1.0348168789387537 0.31311274509803927 0.26548407165438537 0.22101534984086413 0.054276286282822155
decision_type=2 2 2 2 2 2 2 2 2 2 2 2 2 2 2 2 2 2 2 2 2 2 2 2 2 2 2 2 2 2
left_child=-1 2 3 4 11 -5 -4 23 -9 14 -11 12 17 -13 -10 16 -12 18 19 21 -21 -2 -22 -7 -25 28 -27 -23 -15 -30
right_child=1 -3 6 5 -6 7 -8 8 9 10 15 13 -14 25 -16 -17 -18 -19 -20 20 22 27 -24 24 -26 26 -28 -29 29 -31
leaf_value=-0.10034809019622407 0.02844914152922793 0.10101975871458257 -0.10041025706553049 0.089143471543179476 -0.096970732588311029 -0.10394716770287821 0.033677325247340135 0.09062114141680741 -0.032065071171560204 -0.13402670875849659 -0.015931316027385563 0.10357205532301375 -0.0856626183491494 -0.13186543775314716 0.11900181529442783 -0.048515719452773748 0.090159625069442348 0.10696685171516576 -0.039420063463025845 0.109838610406169 -0.044990194385409195 -0.078934791828662462 0.11926193670721995 0.014660603184793584 -0.098787912428700081 0.10265369168648326 0.0046520531153922363 0.14331685127213353 0.024277386036608863 -0.11531343514658471
leaf_weight=19.692547287093475 7.6265884106978863 13.935874820686875 7.2249808127526176 13.077089083380995 9.2879817562643421 2.078858488937839 1.6888454565778372 6.9037534203380373 1.2132268305867939 1.505976725835352 4.7921088486909849 5.5659822989255217 7.8707858654670408 1.1727041299454892 2.6595574584789574 4.9540043659508219 3.5218728631734848 1.8132884362712491 6.7579858708195379 4.149877022020517 3.052797908661887 4.3500180440023541 1.1690122976433484 7.7704647104255837 2.0677906677592546 2.4703858429566017 9.1061795055866224 0.30427074758335937 3.7825567130930722 1.374532498186454
leaf_count=5703 270 1395 1601 936 2228 45 39 484 11 33 54 372 1422 16 43 56 48 95 404 187 81 440 32 192 255 162 113 11 134 63
internal_value=-0.00181966 0.0117251 0.00210196 0.00781064 -0.0088914 0.0308936 -0.0750055 0.010563 0.0274834 0.00410731 -0.0136052 0.00461562 -0.0100169 0.0277402 0.0716771 6.32387e-05 0.0290097 0.0103566 0.00396557 0.0181623 0.054695 -0.00674144 0.00049095 -0.0257147 -0.00918385 0.00416869 0.0255652 -0.0644053 -0.0349633 -0.0129281
internal_weight=162.942 143.249 129.313 120.4 69.8549 50.5447 8.91383 37.4676 25.5505 18.6467 14.774 60.567 37.0946 23.4723 3.87278 13.268 8.31398 29.2238 27.4106 20.6526 8.37169 12.2809 4.22181 11.9171 9.83826 17.9064 11.5766 4.65429 6.32979 5.15709
internal_count=16925 11222 9827 8187 6030 2157 1640 1221 729 245 191 3802 2942 860 54 158 102 1520 1425 1021 300 721 113 492 447 488 275 451 213 197
is_linear=0
shrinkage=0.1


Tree=44
num_leaves=31
num_cat=0
split_feature=3 3 1 3 3 0 0 3 2 0 3 0 0 2 0 3 3 4 1 1 0 3 2 1 3 0 5 3 0 3
split_gain=19.5833 11.2104 5.14026 6.27526 6.14898 4.26084 2.94416 2.57666 3.17561 2.49281 2.39972 3.97316 3.25796 2.70423 2.10784 2.06069 1.96585 2.87008 2.04632 2.18507 1.60996 1.61617 1.59762 2.31514 2.2608 1.50334 1.9312 1.9276 2.26913 1.83793
threshold=1.0001263238975699 1.4439106845072065 0.51004998353333231 1.1585151169016423 1.0766539490001412 0.39339826839826841 0.47413024085637828 1.1818738269056885 0.54784436997786401 0.019419306184012056 1.0259040968441291 0.23145604395604394 0.27361853832442068 0.40859683427063004 0.65669642857142863 1.0192974833736999 1.0637604743489464 0.10382426550668152 0.33665891194219483 0.29183619088991281 0.76293487957181105 1.3285594431535992 0.35489420079716277 0.33929825415882325 1.0586452584475321 0.18274582560296848 0.28665777009876842 1.0009807908646831 0.036038961038961002 1.0004844364999712
decision_type=2 2 2 2 2 2 2 2 2 2 2 2 2 2 2 2 2 2 2 2 2 2 2 2 2 2 2 2 2 2
left_child=-1 2 4 -4 5 9 -6 8 -8 -2 11 15 -12 16 -5 25 17 18 19 -14 -9 -22 23 -7 -25 27 -27 28 29 -11
right_child=1 -3 3 14 6 22 7 20 -10 10 12 -13 13 -15 -16 -17 -18 -19 -20 -21 21 -23 -24 24 -26 26 -28 -29 -30 -31
leaf_value=-0.10031485311714482 0.28928351759187304 0.10092177637252034 -0.093296493739720959 0.098671526947035626 0.097998523209717817 -0.13868269518333959 -0.034961503902132533 0.09753886444951558 0.13105533412360698 -0.030947687955882541 0.10428683670939794 -0.082521024963214659 -0.01275414274157469 0.12623305661592477 -0.010484557662987917 0.1067518274419282 0.10691203767062403 -0.16973482280418528 -0.1039029410249913 0.13530491542516263 -0.044449058883150441 0.087557786731498166 -0.10761543936571885 -0.10195898194882039 0.16072057787887228 -0.11375529425074893 0.046043023299132749 0.021299243712942575 -0.097452354541900599 0.12988082228827535
leaf_weight=17.824157300405204 0.30921323783695598 12.621320610865949 11.074189268983899 1.9463613508269215 9.5895021725446004 0.83913671644404475 7.468364058062436 5.9697730569168908 1.3623648844659326 2.3059736331924863 4.9883878882974413 6.1495344669092438 3.998227537609635 1.6194283543154586 19.419348368886858 1.8763391571119417 1.1818501790985454 1.2624806731473652 1.6295768050476906 1.3277955083176491 2.0948460046201949 1.6642909403890369 4.9240614676382393 0.50041487952694275 0.949041279964149 2.3817432995419945 1.1081553150434045 21.343485432676971 3.4058619211427867 1.0270334612578151
leaf_count=5703 15 1395 2855 129 796 45 163 452 32 44 382 1060 56 34 486 100 45 19 41 28 26 24 1044 113 13 278 86 963 467 31
internal_value=-0.00174183 0.0111451 0.00198629 -0.0322053 0.014138 -0.00319379 0.0530066 0.0297599 -0.00934918 0.00613704 0.00456252 -0.00864582 0.0372358 0.00688225 -0.000540718 0.00493617 -0.0136796 -0.031022 -0.00584486 0.0241575 0.0652583 0.0139946 -0.0755298 -0.00649529 0.0700322 -0.00111474 -0.0630142 0.00657773 -0.0400485 0.01861
internal_weight=154.162 136.338 123.717 32.4399 91.2769 63.1277 28.1491 18.5596 8.83073 55.9151 55.6059 39.5981 16.0077 11.0194 21.3657 33.4486 9.39993 8.21808 6.9556 5.32602 9.72891 3.75914 7.21265 2.28859 1.44946 31.5723 3.4899 28.0824 6.73887 3.33301
internal_count=16925 11222 9827 3470 6357 4864 1493 697 195 3649 3634 3029 605 223 615 1969 189 144 125 84 502 50 1215 171 126 1869 364 1505 542 75
is_linear=0
shrinkage=0.1


Tree=45
num_leaves=31
num_cat=0
split_feature=3 3 1 3 0 0 3 0 3 0 0 3 0 0 3 1 2 4 3 4 3 0 3 3 4 3 4 0 3 3
split_gain=17.634 10.2124 4.52775 3.52773 6.85829 5.66378 2.27193 2.06842 2.18909 4.68778 2.82319 1.64835 2.7187 1.92619 1.61316 1.55383 2.09255 1.96672 2.255 1.7906 2.86617 1.77917 2.06607 1.54909 1.67079 2.23239 1.691 1.50365 2.22792 1.43976
threshold=1.0001263238975699 1.4439106845072065 0.64252005905241416 1.0931916080826625 0.4380482456140351 0.50423728813559332 1.3015535049891904 0.019419306184012056 1.0223033929562433 0.21913109756097562 0.27361853832442068 1.0045262549513969 0.091750841750841708 0.12613636363636363 1.0101791555662516 0.39174344472967176 0.44536185489470176 0.64471467070763855 1.3285594431535992 0.42363912256324709 1.2182695848680105 0.95789007092198597 1.3521205096262741 1.0750792230598634 0.12899828569670063 1.0586452584475321 0.089483517963107759 0.8738636363636364 1.2807270013352239 1.0008248272658653
decision_type=2 2 2 2 2 2 2 2 2 2 2 2 2 2 2 2 2 2 2 2 2 2 2 2 2 2 2 2 2 2
left_child=-1 2 3 4 7 -5 -4 -2 9 11 -10 12 29 -13 -15 -7 -17 18 19 20 -18 22 -19 24 25 -12 -27 28 -21 -9
right_child=1 -3 6 5 -6 15 -8 8 10 -11 23 13 -14 14 -16 16 17 21 -20 27 -22 -23 -24 -25 -26 26 -28 -29 -30 -31
leaf_value=-0.10028480427944736 0.2652955732711369 0.10083328790729906 -0.10003073577142385 0.10218063592778506 -0.089748937074348667 0.10164746788279072 0.031374935118352279 -0.034217479603392102 0.080330270481900667 -0.096085070688371466 -0.01692741944876645 0.077051075332636484 -0.08543404219176115 -0.050192147939609334 0.035759047967952332 -0.088841845300459646 0.002872235289155047 -0.10688019536546332 0.088431753065185012 -0.065821800707854788 0.10127920444907611 -0.13596308857693484 0.049338044506478461 0.10779662560983268 -0.11047171174590438 -0.021750478047192663 0.1474414134087246 -0.12249182253408719 0.067901895987637878 0.035294066505331255
leaf_weight=16.132551603717729 0.30380616430193086 11.429755273275076 6.1221127745229742 8.5508136497810465 8.7742569399997574 1.8093641689047206 1.6759056420996783 5.0838115271180921 7.1351586645469096 5.5338444882072499 9.4758168596308661 5.2344201216474167 4.3547727297991505 3.6774876690469664 5.3753958065062761 2.1533755350392303 10.761864804895604 1.3126487303525203 4.5296899154782286 2.8409226732328525 4.082468011416494 1.4770320865791289 2.3845538944005966 1.3035120079293836 1.3833409007638682 0.91191685292869751 1.6771681588143108 1.456184080103412 2.2190927313640714 7.1994615565054119
leaf_count=5703 15 1395 1601 823 2171 178 39 324 481 1327 284 243 715 170 131 52 335 29 162 65 146 21 36 77 28 29 23 53 30 239
internal_value=-0.00166488 0.0105519 0.00186595 0.00704034 -0.0072917 0.029215 -0.0717898 0.00504422 0.0036891 -0.0113186 0.0286889 0.00384969 -0.0175443 0.0287637 0.000843713 0.0114026 0.00648702 0.0130952 0.0243437 0.0107532 0.029936 -0.0431888 -0.00612542 0.00371091 -0.00637791 0.0055573 0.0878493 -0.0329463 -0.00717667 0.00652457
internal_weight=146.363 130.23 118.8 111.002 67.4242 43.578 7.79802 58.6499 58.3461 36.4592 21.8869 30.9253 16.638 14.2873 9.05288 35.0272 33.2178 31.0645 25.8902 21.3605 14.8443 5.17423 3.6972 14.7518 13.4482 12.0649 2.58909 6.5162 5.06002 12.2833
internal_count=16925 11222 9827 8187 6257 1930 1640 4086 4071 3149 922 1822 1278 544 301 1107 929 877 791 629 481 86 65 441 364 336 52 148 95 563
is_linear=0
shrinkage=0.1


Tree=46
num_leaves=31
num_cat=0
split_feature=3 3 1 3 3 0 0 1 3 0 0 3 0 3 3 0 4 0 4 1 4 3 1 3 4 3 0 2 2 5
split_gain=15.8823 9.30012 4.07588 5.37147 4.96519 3.57819 2.59923 2.17321 2.46212 2.08269 2.0363 1.95596 2.20538 3.23458 2.1133 1.74297 1.71842 1.6247 1.54889 1.89383 2.04766 1.54074 1.49878 1.70883 1.8754 1.48912 1.73054 1.3993 1.93333 1.50366
threshold=1.0001263238975699 1.4439106845072065 0.51004998353333231 1.1365461153814294 1.0783527443836116 0.39339826839826841 0.46225071225071229 0.50417091870603381 1.1818738269056885 0.64218328840970362 0.76293487957181105 1.0451785307992318 0.23145604395604394 1.0192974833736999 1.0223033929562433 0.019419306184012056 0.10519563293237992 0.61620294599018022 0.077051155284390757 0.22101534984086413 0.032382208745490755 1.0637604743489464 0.47394285755904925 1.1109163928113424 0.21206823955895851 1.1984424831133145 0.9213106295149639 0.6013540575243369 0.57350052305523691 0.58309803066473898
decision_type=2 2 2 2 2 2 2 2 2 2 2 2 2 2 2 2 2 2 2 2 2 2 2 2 2 2 2 2 2 2
left_child=-1 2 4 -4 5 11 -6 8 17 -5 -10 12 13 15 -14 -2 -13 22 19 -16 -21 -18 23 -8 -25 -11 27 28 -27 -29
right_child=1 -3 3 9 6 -7 7 -9 10 25 -12 16 14 -15 18 -17 21 -19 -20 20 -22 -23 -24 24 -26 26 -28 29 -30 -31
leaf_value=-0.10025762594536401 0.2401613193994766 0.10075336365863795 -0.099464476800662616 0.10450557366504848 0.10200852388821212 -0.073994715568730912 -0.090675873630892759 0.15462495576636792 0.095827906385475226 -0.074756283263796741 -0.0072727429681728184 0.097155584069292603 -0.10139639143762716 0.10388815191680688 -0.10866087833739752 -0.0012232352405459254 -0.062984770945029953 -0.13651064740229099 -0.10435777981701909 -0.10242900290869537 0.058004409805783232 0.10790012326921757 0.074329842713570696 0.13283810617136887 -0.031245138620171281 0.043861745010714513 -0.05033742641678645 0.090304058027968648 -0.112202993338685 0.0060680756508197219
leaf_weight=14.60109214670956 0.30214281845838087 10.349857076071201 8.1009735064581054 1.6325232004746819 6.9830571217462447 6.318005684297531 2.4218049743212813 1.30551576334983 5.4120820430107397 3.2652233392000225 2.965237838216126 4.0374043891206375 3.6812264451291403 3.4102405728772274 1.1453524082899074 30.080102225532755 1.6729783779010179 1.0020167587790636 1.4585291591938583 0.94976784521713842 4.899522652849555 0.77067488804459561 1.9586739544756708 1.0170260146260264 2.2107041412964463 1.5280008544214099 5.0146034765057257 3.5623752931132895 1.6519149066880343 5.2305472511798143
leaf_count=5703 15 1395 2724 116 738 1222 39 20 479 275 44 210 1021 271 20 1869 38 49 32 50 96 34 31 30 49 22 118 84 18 113
internal_value=-0.00159484 0.00999119 0.0017502 -0.0298992 0.0130481 -0.00290202 0.0501061 0.0302933 0.0207382 -0.00414907 0.0593344 0.00566851 -0.00158873 0.0115426 -0.0381574 0.00117727 0.0570956 -0.0168139 -0.0106178 0.008929 0.0319543 -0.00909141 -0.00104956 -0.0271833 0.0204559 -0.0129075 -0.00101928 0.0196367 -0.0372114 0.0401955
internal_weight=138.939 124.338 113.988 29.9862 84.0021 58.7259 25.2761 18.2931 16.9875 21.8852 8.37732 52.4079 45.9269 33.7925 12.1344 30.3822 6.48106 8.61023 8.45317 6.99464 5.84929 2.44365 7.60821 5.64954 3.22773 20.2527 16.9874 11.9728 3.17992 8.79292
internal_count=16925 11222 9827 3470 6357 4878 1479 741 721 746 523 3656 3374 2155 1219 1884 282 198 198 166 146 72 149 118 79 630 355 237 40 197
is_linear=0
shrinkage=0.1


Tree=47
num_leaves=31
num_cat=0
split_feature=3 3 1 3 0 0 3 3 0 0 1 2 1 1 5 0 3 0 0 3 0 3 0 0 5 2 3 5 2 2
split_gain=14.305 8.47016 3.5765 2.64611 5.94059 3.38532 2.16685 1.66787 4.19983 2.35121 1.63643 2.03308 1.57788 2.06536 1.88482 1.39472 1.33587 3.03805 2.64056 1.52274 1.7147 1.48981 2.50471 2.33034 1.4231 2.23599 1.29425 1.29142 1.25802 1.49798
threshold=1.0001263238975699 1.4439106845072065 0.64252005905241416 1.0480715876649989 0.33615819209039549 0.35111427216690377 1.3654505878942931 1.1204515143443838 0.56711711711711721 0.54261501210653762 0.33386631281471996 0.33520688056464459 0.47673733275289448 0.36683758109596493 0.44509379156182355 0.019419306184012056 1.0031266266374554 0.077677224736048267 0.095695970695970675 1.0018709116917033 0.056079664570230552 1.0101791555662516 0.16515151515151513 0.14415584415584412 0.06209447263214541 0.10426737109555446 1.0002720006616583 0.18778389032997814 0.73325836489989571 0.71110960756481967
decision_type=2 2 2 2 2 2 2 2 2 2 2 2 2 2 2 2 2 2 2 2 2 2 2 2 2 2 2 2 2 2
left_child=-1 2 3 4 15 -5 -4 9 -9 10 -7 -12 13 -13 -14 -2 17 19 -18 20 26 23 -23 24 -20 -26 -17 -28 29 -10
right_child=1 -3 6 5 -6 7 -8 8 28 -11 11 12 14 -15 -16 16 18 -19 21 -21 -22 22 -24 -25 25 -27 27 -29 -30 -31
leaf_value=-0.10023305310250857 0.2176717625396353 0.10068115922976224 -0.084725619305844255 0.10159625852196928 -0.10109169030665771 -0.068430672933916095 0.12820673231772747 0.093249322122063591 0.0065947845968586747 -0.1027705390937437 0.16934990720870988 0.097714919404122136 0.2588599423301815 -0.035563441619158191 -0.00033263284308840635 -0.064990617875618065 0.103869470975956 -0.093322469100029226 0.079018881435737168 0.10515947703031302 -0.10479887178454224 0.10366597207381326 0.0032697123117032879 -0.10421038918167339 -0.14464143408838659 0.020960851448796586 0.058255739679849178 -0.087910560271741406 0.078584024916210637 -0.10723754557461936
leaf_weight=13.214688979089258 0.30011862702667613 9.3713125418871623 6.2918731714598826 4.8344631111249319 6.2909579274710259 2.4708108664490274 0.51719490624964226 7.2707822057418516 23.304295846028261 2.5090432986617079 0.86274598189629514 1.4530441944953034 0.51642532530240692 5.8193463305942714 0.61427783616818488 1.6137766358442585 2.9077310850843814 4.3635576080996534 1.8254827796481565 1.3655100828036655 1.5187442526221273 2.9774456205777851 15.024185421410946 2.873421021271497 1.1562639842741194 2.7652221652679145 4.3405203637667 0.70226937811821688 2.2813761678989968 1.2163849410135288
leaf_count=5703 15 1395 1617 523 2284 60 23 740 662 591 19 26 17 142 35 80 175 875 32 48 145 224 574 608 23 46 138 20 50 35
internal_value=-0.00151081 0.00941915 0.00164329 0.00627571 -0.0102317 0.0218117 -0.068552 0.013829 0.0258423 -0.0149044 0.0038795 0.0231616 0.00815243 -0.00893405 0.118048 0.00283805 0.00135361 -0.024204 0.0133877 0.00740781 -0.0089195 0.00350498 0.0198751 -0.0306802 0.00608414 -0.0278676 0.0129561 0.0379003 0.0075563 0.000947962
internal_weight=132.573 119.359 109.987 103.178 50.0252 53.153 6.80907 48.3185 34.0728 14.2457 11.7367 9.26584 8.40309 7.27239 1.1307 43.7342 43.4341 13.9044 29.5298 9.54082 8.17531 26.622 18.0016 8.62039 5.74697 3.92149 6.65657 5.04279 26.8021 24.5207
internal_count=16925 11222 9827 8187 5287 2900 1640 2377 1487 890 299 239 220 168 52 3003 2988 1306 1682 431 383 1507 798 709 101 69 238 158 747 697
is_linear=0
shrinkage=0.1


Tree=48
num_leaves=31
num_cat=0
split_feature=3 3 1 3 0 0 3 2 3 1 2 4 3 4 3 0 3 4 3 0 0 3 4 1 2 0 3 0 0 3
split_gain=12.883 7.71463 3.10388 2.28533 5.13352 4.80084 2.07517 1.62345 2.21333 1.31216 1.71711 1.50141 1.95471 1.50976 2.27585 1.47418 1.66478 1.25499 2.5686 2.17029 1.25249 1.79228 1.19974 1.21904 1.31976 1.14211 1.24494 3.16597 2.21814 1.32879
threshold=1.0001263238975699 1.4439106845072065 0.64252005905241416 1.0931916080826625 0.47413024085637828 0.50423728813559332 1.3015535049891904 0.48660493378436992 1.0766539490001412 0.39174344472967176 0.44536185489470176 0.64471467070763855 1.3285594431535992 0.42363912256324709 1.2182695848680105 0.95789007092198597 1.3521205096262741 0.12899828569670063 1.0586452584475321 0.38138528138528138 0.8738636363636364 1.2807270013352239 0.37356519585105402 0.54349904135502569 0.57350052305523691 0.019419306184012056 1.0053100241536783 0.10582306830907051 0.12613636363636363 1.0136885861786806
decision_type=2 2 2 2 2 2 2 2 2 2 2 2 2 2 2 2 2 2 2 2 2 2 2 2 2 2 2 2 2 2
left_child=-1 2 3 4 7 -5 -4 8 17 -7 -11 12 13 14 22 16 -13 18 19 25 21 -15 23 24 -12 -2 27 -27 -28 -30
right_child=1 -3 6 5 -6 9 -8 -9 -10 10 11 15 -14 20 -16 -17 -18 -19 -20 -21 -22 -23 -24 -25 -26 26 28 -29 29 -31
leaf_value=-0.10021082196540786 0.19885826837453424 0.10061591663557562 -0.099181006588702852 0.10233529005278677 -0.10196109919073684 0.10150949118138844 0.032382789586391819 -0.12606109879988855 0.12463422873299382 -0.083915518602502875 0.0082944331812943931 -0.098123671000122648 0.083581260561280471 -0.062845291302160086 0.09292999995414479 -0.12617951809600389 0.045357967937061421 -0.080163946585288109 0.092719691324010478 -0.10448632526193405 -0.11967477185156955 0.060391085721416375 -0.10843633624032772 -0.062268342604022309 0.11059811888163509 0.0061844266995791982 0.091546473507446283 -0.089058803884665749 -0.033380631484836006 0.01910308781331441
leaf_weight=11.959662582492454 0.29586591804399986 8.4847328015603107 4.7727778127882621 6.6107812360860398 5.1397536932490757 1.4614506573416282 1.6010714638978241 0.96470381459221144 1.4990006564185012 2.0494784638285664 5.9444239621516388 1.2471187403425568 4.1418895022943607 2.7312140276189885 3.7489342358894637 1.402985075721517 2.3000750066712499 1.8210168580990274 3.087941068224608 1.9579913534689684 1.3166190469637511 2.078008574899286 0.89979767985642034 1.7674942603334782 1.600505960639566 13.420074515510352 3.3404089333489564 4.7167811295948914 6.666238600388172 17.455942911561579
leaf_count=5703 15 1395 1601 823 1907 178 39 128 110 52 113 29 162 65 146 21 36 68 136 523 53 30 34 164 24 689 222 1064 606 789
internal_value=-0.0014511 0.00886221 0.00152061 0.00584718 -0.00637097 0.0246142 -0.066133 0.00252538 0.0048115 0.00889691 0.00456277 0.0107773 0.0210305 0.00813265 0.0262928 -0.0394073 -0.00508716 0.00140728 0.00432324 -0.00138092 -0.0332553 -0.0095963 0.00183005 0.0124844 0.0299961 0.00301778 0.00174709 -0.0185851 0.0151749 0.00459905
internal_weight=126.485 114.525 106.04 99.6665 60.3657 39.3008 6.37385 55.226 54.2613 32.69 31.2285 29.1791 24.2289 20.087 13.9612 4.95018 3.54719 52.7623 50.9412 47.8533 6.12584 4.80922 10.2122 9.31242 7.54493 45.8953 45.5994 18.1369 27.4626 24.1222
internal_count=16925 11222 9827 8187 6257 1930 1640 4350 4222 1107 929 877 791 629 481 86 65 4112 4044 3908 148 95 335 301 137 3385 3370 1753 1617 1395
is_linear=0
shrinkage=0.1


Tree=49
num_leaves=31
num_cat=0
split_feature=3 3 1 3 3 0 0 1 3 0 1 4 3 0 3 1 2 4 1 2 3 0 3 3 4 3 1 4 3 0
split_gain=11.605 7.02436 2.82022 4.21157 3.59147 2.43907 2.43446 1.99206 1.77352 1.76491 1.34202 1.56683 1.59196 1.86038 1.56022 1.4501 1.46542 1.36186 1.87728 1.24761 2.00889 1.20547 3.47193 2.82812 1.47351 1.55561 1.46212 1.89427 2.12158 1.42077
threshold=1.0001263238975699 1.4439106845072065 0.51004998353333231 1.1365461153814294 1.0931916080826625 0.47413024085637828 0.50423728813559332 0.50166351316484847 1.1085208197876983 0.64218328840970362 0.51838617539921583 0.72138567027312817 1.3654505878942931 0.9213106295149639 1.3015535049891904 0.60199866524282075 0.6013540575243369 0.60765652612158738 0.63696425895787934 0.49174445652914861 1.0766539490001412 0.27361853832442068 1.0259040968441291 1.0290885585440597 0.12899828569670063 1.0586452584475321 0.27547328793792586 0.092596954904318171 1.0437045304326193 0.36996779388083739
decision_type=2 2 2 2 2 2 2 2 2 2 2 2 2 2 2 2 2 2 2 2 2 2 2 2 2 2 2 2 2 2
left_child=-1 2 4 -4 5 19 -6 8 -8 -5 -11 12 13 14 15 16 -12 18 -15 20 21 22 -2 -23 25 26 -25 28 -28 -30
right_child=1 -3 3 9 6 -7 7 -9 -10 10 11 -13 -14 17 -16 -17 -18 -19 -20 -21 -22 23 -24 24 -26 -27 27 -29 29 -31
leaf_value=-0.1001907221196926 0.00086707354665376815 0.10055696463099911 -0.098906613401114798 0.10363192189915271 0.10211572800225766 -0.10354773807047624 -0.11913751363855432 0.12024856453720206 0.021492744062208552 -0.091341434084557471 -0.048004120049952324 -0.10697184824685808 0.098787715871016146 0.040591493776778197 0.087896933475236472 -0.066110027399496785 0.056424701799285382 -0.21665671419824362 -0.13254055188926228 -0.13028240352026041 0.12334243284238389 -0.10169376383740057 0.10379117731174597 0.05934912667827931 -0.087498742043255029 0.083767413799160972 -0.062827065404401347 -0.14840161082683406 0.15036582951286612 -0.021655623159556756
leaf_weight=10.823610793333499 32.41826706356369 7.6815758906304827 6.1837489306926754 1.4005231051705802 5.8475894886069026 2.2541458122432223 0.97699111606925626 1.898534942883997 10.92094623763114 1.9471191819757248 2.0121938707306999 1.3530288450419892 1.6284167538397003 1.292597397463396 2.2450044099241486 2.7244180496782064 4.0451061306521297 0.55307230167090882 1.21495891129598 0.69713279837742348 1.3823513900861133 3.4639077908359459 3.646072342991828 2.3711588978767377 1.6437150072306383 2.4703067345544687 2.692186227068305 1.1559632071293888 1.0846728757023809 0.86144872196018685
leaf_count=5703 2285 1395 2724 116 810 694 27 29 471 21 40 20 74 30 53 167 72 10 143 93 111 1136 382 30 40 61 102 34 13 39
internal_value=-0.00138819 0.0083277 0.00140811 -0.0266057 0.0112408 -0.0016363 0.0480426 0.0251239 0.00994499 -0.00470718 -0.0126864 -0.0037138 0.00517607 -0.0056449 0.0135007 -0.0055184 0.0217342 -0.0746218 -0.0432943 0.00262674 0.00436871 0.00119421 0.0112726 -0.021893 0.000617942 0.0142361 -0.00679942 -0.033869 -0.00532514 0.0742207
internal_weight=120.891 110.067 102.386 26.6002 75.7854 56.1413 19.6441 13.7965 11.8979 20.4164 19.0159 17.0688 15.7158 14.0874 11.0267 8.78172 6.0573 3.06063 2.50756 53.8872 53.1901 51.8077 36.0643 15.7434 12.2795 10.6357 8.16543 5.79427 4.63831 1.94612
internal_count=16925 11222 9827 3470 6357 5020 1337 527 498 746 630 609 589 515 332 279 112 183 173 4326 4233 4122 2667 1455 319 279 218 188 154 52
is_linear=0
shrinkage=0.1


Tree=50
num_leaves=31
num_cat=0
split_feature=3 3 1 3 0 0 3 0 4 4 2 5 2 3 5 1 4 0 3 0 3 0 0 3 0 3 0 3 5 3
split_gain=10.4549 6.39497 2.43049 1.68852 5.03036 4.26889 1.32593 3.38993 1.66482 1.38549 1.29594 1.69761 1.23628 1.8072 1.21483 1.98769 1.25803 1.15119 1.21874 1.05916 1.07216 2.42845 1.84109 1.40351 1.10729 2.04198 1.8147 1.68261 1.68246 1.45964
threshold=1.0001263238975699 1.4439106845072065 0.7147196408189852 1.0931916080826625 0.47413024085637828 0.50423728813559332 1.2390000898492741 0.78221343873517801 0.37356519585105402 0.48501478541153359 0.49407147903722543 0.54156775581817984 0.49174445652914861 1.0766539490001412 0.60343303899129153 0.58255525938480324 0.64471467070763855 0.54261501210653762 1.1677197295093269 0.41341829085457271 1.0348168789387537 0.26442841287458385 0.31311274509803927 1.0259040968441291 0.17712418300653593 1.0101791555662516 0.14415584415584412 1.0136885861786806 0.28665777009876842 1.0071033791492294
decision_type=2 2 2 2 2 2 2 2 2 2 2 2 2 2 2 2 2 2 2 2 2 2 2 2 2 2 2 2 2 2
left_child=-1 2 3 4 12 -5 8 -8 10 -9 -7 17 13 19 15 16 -11 -12 -19 20 21 23 -22 24 25 26 29 -26 -29 -2
right_child=1 -3 -4 5 -6 6 7 9 -10 14 11 -13 -14 -15 -16 -17 -18 18 -20 -21 22 -23 -24 -25 27 -27 -28 28 -30 -31
leaf_value=-0.10017253961681881 0.00050916806210631591 0.10050368127752368 -0.099486361627246708 0.1020272939442082 -0.10141917274704688 -0.050614764524411618 0.10182785700540307 0.063055028925173215 -0.085276396507114716 0.035151525723669336 0.18594415989917942 -0.028206891661605067 -0.12243909714793116 0.12223392002070708 0.030530790047935675 -0.13260689742635723 -0.060117011077808848 -0.0049661337864451999 0.10412919845224727 -0.080180786775795418 0.10179182141910803 -0.06741153281471246 0.0070678205880349166 0.10768024990950374 -0.10362186345667375 0.079671085306642034 -0.10603859206851751 -0.033902874114811896 0.10526090347168232 0.11132989126254683
leaf_weight=9.7952952523482946 18.701707964297395 6.9540747241117051 2.3362703733146182 5.4412128324620417 5.147735286387614 3.5418183517176649 4.3333844556473222 2.8251352207735172 2.7868655873462549 2.9201174853369576 0.63728379039093663 3.8666447470895946 0.78489998623262991 1.2615824709646393 3.7909848862327635 1.7375578801147638 2.6385020925663412 2.3954862367827445 1.7885575040709225 1.5552261696429912 2.7735727895051223 5.2386560837039715 7.8859673477709293 1.299958812072872 2.3003188380971542 3.7340401392430058 1.512994039338081 3.457962338346988 1.1602309099398551 1.2691674241796125
leaf_count=5703 1032 1395 926 823 2423 83 476 31 189 34 13 262 111 111 36 21 31 89 40 368 331 988 110 104 585 223 230 64 22 71
internal_value=-0.00132335 0.00780444 0.00130108 0.0037339 -0.00704786 0.0199145 0.00648215 0.0245952 -0.0155257 0.000538826 0.000368741 0.0211531 0.00212918 0.00400398 -0.015391 -0.0392513 -0.0100695 0.0607393 0.041669 0.00107301 0.00363446 -0.00410496 0.0317147 0.00581362 0.00169299 0.0114156 -0.000447646 -0.0337459 0.00105931 0.00755193
internal_weight=115.873 106.078 99.1238 96.7876 58.084 38.7036 33.2623 18.2457 15.0167 13.9123 12.2298 8.68797 52.9363 52.1514 11.0872 7.29618 5.55862 4.82133 4.18404 50.8898 49.3346 38.675 10.6595 33.4364 32.1364 25.2179 21.4839 6.91851 4.61819 19.9709
internal_count=16925 11222 9827 8901 6773 2128 1305 629 676 153 487 404 4350 4239 122 86 65 142 129 4128 3760 3319 441 2331 2227 1556 1333 671 86 1103
is_linear=0
shrinkage=0.1


Tree=51
num_leaves=31
num_cat=0
split_feature=3 3 1 3 0 0 1 2 2 3 0 2 3 0 3 4 3 5 2 0 3 0 3 1 3 0 3 0 3 3
split_gain=9.42744 5.81495 2.17723 1.43048 4.56176 3.93367 1.15927 1.24727 1.07712 1.60974 1.05078 1.63849 1.62647 1.88885 1.43293 1.6513 1.40416 1.13844 1.42567 0.965649 0.970134 1.35414 1.98362 1.4865 3.04067 2.33873 1.42588 1.25435 1.35648 1.32854
threshold=1.0001263238975699 1.4439106845072065 0.7147196408189852 1.0931916080826625 0.47413024085637828 0.50423728813559332 0.39174344472967176 0.44536185489470176 0.48660493378436992 1.0766539490001412 0.90098039215686299 0.74528112307776062 1.3374471320600141 0.79830508474576278 1.2476453896658557 0.40517945213048873 1.2182695848680105 0.58309803066473898 0.60667950325255271 0.019419306184012056 1.0003701833543546 0.036038961038961002 1.0009807908646831 0.13771986288966662 1.0126002939251477 0.23145604395604394 1.0223033929562433 0.17349498327759191 1.0201764086423881 1.0065962476593528
decision_type=2 2 2 2 2 2 2 2 2 2 2 2 2 2 2 2 2 2 2 2 2 2 2 2 2 2 2 2 2 2
left_child=-1 2 3 4 8 -5 -7 -8 9 19 11 12 13 14 15 16 -9 18 -15 -2 -21 -22 -23 27 -25 -26 -27 29 -29 -24
right_child=1 -3 -4 5 -6 6 7 10 -10 -11 -12 -13 -14 17 -16 -17 -18 -19 -20 20 21 22 23 24 25 26 -28 28 -30 -31
leaf_value=-0.10015609366260292 0.18339271291258163 0.10045551811964673 -0.098775072910667006 0.10186964964677221 -0.10131596742569454 0.10140527438579226 -0.074076578117594036 0.0067136129940697344 -0.11378974309548565 0.12127661508350394 -0.029154225067638213 0.10300202622181545 0.083931139583812306 -0.075849539372445735 0.10287874298036688 -0.10042955574862165 0.12722613524799431 -0.11739627235237866 0.052999258038745702 -0.060296777963053605 0.085558381927801921 -0.095040317182616324 0.022120741730541699 -0.062448429965220577 0.071438471050690622 -0.10280620766094462 0.0019889803980812182 -0.12907324129981132 0.1015979008143388 0.097292409027087523
leaf_weight=8.8645312393782643 0.28886493237223376 6.2951705087907603 2.1284205710981032 4.9306467487476757 4.6623688307590774 1.2262631333433081 2.0020129147451398 9.1864287257194643 0.79116513417102297 1.1401193579658855 6.1732763570034868 2.0338247317122287 2.5487686540000132 1.9418599960627028 1.7579669668339182 1.2951294791419048 1.0805633580312122 1.7684714556671677 1.5395625706296412 2.5293895327486089 1.9185390956699837 2.1032891521463162 8.9845906514674407 7.6359564912272644 4.9345927094109383 1.4195880062179664 15.206150039797647 0.89477957703638711 0.35650519235059619 3.1843628562055519
leaf_count=5703 15 1395 926 823 2423 178 52 302 128 110 173 92 144 32 148 32 37 81 34 249 65 347 420 1424 324 386 537 58 41 246
internal_value=-0.00124029 0.00735969 0.00123349 0.00350921 -0.00660409 0.0186314 0.00602418 0.00229069 0.00198902 0.00379942 0.00750412 0.0172785 0.00902297 -0.00125834 0.018764 0.00597475 0.0193971 -0.0520592 -0.0188697 0.00109122 2.01871e-05 0.00329142 -0.000237937 0.00444092 -0.0082213 0.0109842 -0.00695895 0.0319881 -0.0633524 0.0417916
internal_weight=110.823 101.959 95.6635 93.535 56.0503 37.4848 32.5541 31.3279 51.3879 50.5967 29.3259 23.1526 21.1188 18.57 13.3201 11.5621 10.267 5.24989 3.48142 49.4566 49.1677 46.6384 44.7198 42.6165 29.1963 21.5603 16.6257 13.4202 1.25128 12.169
internal_count=16925 11222 9827 8901 6773 2128 1305 1127 4350 4222 1075 902 810 666 519 371 339 147 66 4112 4097 3848 3783 3436 2671 1247 923 765 99 666
is_linear=0
shrinkage=0.1


Tree=52
num_leaves=31
num_cat=0
split_feature=3 3 1 3 3 0 0 1 1 4 3 0 3 4 1 2 4 1 0 3 0 1 0 3 4 3 2 2 3 0
split_gain=8.50089 5.28746 2.00424 3.29838 2.62386 1.43867 1.28048 1.14949 1.07081 1.20266 1.29722 1.31111 1.22062 1.23333 1.44868 1.47827 1.05349 1.63942 1.00415 1.38293 1.82172 1.71862 1.61427 1.0735 1.40704 1.35308 1.22152 0.970245 1.72591 1.58469
threshold=1.0001263238975699 1.4439106845072065 0.51004998353333231 1.1365461153814294 1.1624976166854266 0.63714733542319768 0.62605932203389847 0.50166351316484847 0.51838617539921583 0.72138567027312817 1.3654505878942931 0.9213106295149639 1.2807270013352239 0.48501478541153359 0.61049441770713408 0.63338351208423693 0.60765652612158738 0.63696425895787934 0.57019704433497542 1.0637604743489464 0.39827586206896554 0.47394285755904925 0.38935969868173265 1.1109163928113424 0.21206823955895851 1.1330545242441556 0.41159179650263727 0.41159179650263727 1.0426326953889971 0.31643132220795894
decision_type=2 2 2 2 2 2 2 2 2 2 2 2 2 2 2 2 2 2 2 2 2 2 2 2 2 2 2 2 2 2
left_child=-1 2 4 -4 18 -5 -6 -8 -7 10 11 12 13 14 15 -10 17 -13 19 22 -21 23 27 26 -25 -26 -22 29 -29 -2
right_child=1 -3 3 5 6 8 7 -9 9 -11 -12 16 -14 -15 -16 -17 -18 -19 -20 20 21 -23 -24 24 25 -27 -28 28 -30 -31
leaf_value=-0.10014121546088282 0.0061215865335927013 0.10041198475035756 -0.09843858084915226 0.11134594669048914 0.101289043268024 -0.083563928616569361 0.0054003594410026671 0.12462450167939775 -0.03319002570732911 -0.097507636786352311 0.093906241910639232 0.040419337993324686 0.058448281282689613 -0.11925569296918966 -0.10011927426545747 0.078752210361795194 -0.19096781251458969 -0.12961405496332687 -0.062479895921633513 0.1022880150350297 0.011528091429066575 0.10026645391137667 -0.077191462404957556 0.12521539556557945 -0.13901144283931527 0.10180501627964783 -0.10072034499171845 -0.10252956222778285 0.14703980918856221 -0.05407424078873363
leaf_weight=8.0220905388705415 37.344504290958866 5.6984497727826229 4.7540589643176672 1.0026349104009593 4.0367522453889233 1.8602540434803838 4.4655955978669226 0.98751457501202811 2.1794270537793619 1.2509699910879124 1.465272394940256 1.2631920177955178 3.5807201992720366 0.95180308073759068 1.0964340211357919 2.5717091532424092 0.54171763104386617 1.0289473199518395 2.3228923123097038 3.0573356300592405 1.9138296532910319 1.6730835998896507 2.7479638322256497 1.0441101440228524 0.57952639739960421 0.39056282630190253 1.9647565737832335 0.37390513007994641 1.0702738324180243 4.9534192710416383
leaf_count=5703 2941 1395 2724 112 669 21 162 14 57 20 74 30 66 23 153 37 10 143 274 478 40 35 1007 66 12 42 52 101 10 454
internal_value=-0.00116476 0.0069231 0.00116206 -0.0240257 0.00976693 -0.00520157 0.0585955 0.0269909 -0.01177 -0.0033862 0.00463487 -0.00526428 0.0111943 -0.0136909 0.00349177 0.0274024 -0.06555 -0.0359091 0.00197072 0.00459204 0.0371445 0.0108203 -0.00284636 -0.0145753 0.0446525 -0.0420575 -0.0453331 0.00182414 0.0824251 -0.000927818
internal_weight=106.194 98.1716 92.4732 23.5471 68.926 18.7931 9.48986 5.45311 17.7904 15.9302 14.6792 13.214 10.3801 6.79937 5.84757 4.75114 2.83386 2.29214 59.4362 57.1133 10.6232 7.56587 46.4901 5.89279 2.0142 0.970089 3.87859 43.7421 1.44418 42.2979
internal_count=16925 11222 9827 3470 6357 746 845 176 634 613 593 519 336 270 247 94 183 173 5512 5238 725 247 4513 212 120 54 92 3506 111 3395
is_linear=0
shrinkage=0.1


Tree=53
num_leaves=31
num_cat=0
split_feature=3 3 5 3 0 0 5 3 1 3 0 3 0 1 0 2 0 3 2 4 3 1 0 3 3 5 5 1 2 3
split_gain=7.66316 4.8099 1.78038 1.40444 2.18509 2.09046 1.79482 1.25928 1.24468 1.20203 2.56694 1.04585 3.07418 2.4108 1.15176 1.03296 1.37319 1.38801 0.997447 0.976701 1.4822 1.03451 2.34912 1.65207 1.31633 1.20056 1.89211 1.20412 1.1052 1.05706
threshold=1.0001263238975699 1.4439106845072065 0.65835504855097182 1.2807270013352239 0.78647416413373872 0.83034857691077724 0.59181572485222922 1.2182695848680105 0.54349904135502569 1.2476453896658557 0.86512474012474028 1.0348168789387537 0.30094339622641514 0.25452262877934179 0.31311274509803927 0.60390717372038227 0.61620294599018022 1.1624976166854266 0.55078945763457643 0.060517355747532704 1.0296048581010331 0.29438294267965159 0.21913109756097562 1.017651844929174 1.0192974833736999 0.06209447263214541 0.056238310426789111 0.14860318155026711 0.19808015953669372 1.0090829383976041
decision_type=2 2 2 2 2 2 2 2 2 2 2 2 2 2 2 2 2 2 2 2 2 2 2 2 2 2 2 2 2 2
left_child=-1 2 3 4 7 -5 -7 8 11 -4 -11 12 19 -13 -15 16 17 18 -16 20 21 22 23 25 -23 26 -2 28 -27 -29
right_child=1 -3 9 5 -6 6 -8 -9 -10 10 -12 13 -14 14 15 -17 -18 -19 -20 -21 -22 24 -24 -25 -26 27 -28 29 -30 -31
leaf_value=-0.10012775924091354 0.014185858551785325 0.10037262628045607 -0.093470527911460197 0.10234677257013791 -0.07982391700219657 -0.020252776807228482 0.082874737215346078 0.068656687535149086 -0.072809301207007446 0.13116891133387409 -0.069798839539618227 0.11153456671520237 -0.10115194409689664 0.10230431643762457 -0.0043549006581191816 0.11209116799878127 -0.06197855110759605 0.10197145440446609 0.10163931429673163 -0.095695995158556313 0.12313548154852619 -0.10031150953808284 -0.07977872506671102 0.10421025786934741 0.14516741517797016 -0.0030522905294207911 0.16428770229142206 -0.10034714592406879 0.16012937494270324 -0.012517705071420747
leaf_weight=7.2596134864725164 8.6143538570031595 5.1580895793158552 3.1913516335189334 3.4533133446238926 3.2997362109599626 5.8293092539533955 2.3752535777166486 2.8418490204494438 2.2273849152261382 0.94143765326589379 1.9562201297376303 2.5212490793783244 3.2027618826832613 1.2450733401346976 16.061695448472179 0.84305846760980685 3.1312439647736019 1.4961312266532321 0.93976792914327134 1.0085074059898023 1.0157845099456597 0.2821997390128661 3.5425433387281364 1.6350998640991736 0.9668511706404388 10.581322221085429 0.93051178846508342 2.593997294548898 0.43199262884445566 2.9048433259595186
leaf_count=5703 542 1395 1574 488 556 54 21 251 785 54 38 396 1641 179 753 32 156 212 45 30 48 120 467 155 11 658 33 424 25 79
internal_value=-0.00109176 0.00645856 0.00108002 0.00486597 -0.000326347 0.0370757 0.00960305 0.0034744 0.000675243 -0.0511334 -0.00450521 0.00323476 -0.00743251 0.0185662 0.00868318 0.00349603 -0.000736841 0.00963006 0.001504 0.00126579 0.00418484 0.000465183 -0.00310349 0.00670527 0.089706 0.000586747 0.028819 -0.0157329 0.00334844 -0.05395
internal_weight=102.483 95.2229 90.0648 83.9758 72.318 11.6579 8.20456 69.0182 66.1764 6.08901 2.89766 63.949 37.7108 26.2382 23.717 22.4719 21.6288 18.4976 17.0015 34.508 33.4995 32.4837 31.2347 27.6921 1.24905 26.057 9.54487 16.5122 11.0133 5.49884
internal_count=16925 11222 9827 8161 7598 563 75 7042 6791 1666 92 6006 4233 1773 1377 1198 1166 1010 798 2592 2562 2514 2383 1916 131 1761 575 1186 683 503
is_linear=0
shrinkage=0.1


Tree=54
num_leaves=31
num_cat=0
split_feature=3 3 1 4 1 3 3 0 0 0 2 0 1 1 4 4 1 2 1 4 3 4 0 3 0 0 3 3 0 2
split_gain=6.91141 4.37241 1.63284 1.08384 0.940994 2.42223 1.96421 1.31129 1.17821 1.12625 1.12749 1.08542 1.00083 0.948455 1.16339 1.29833 1.14682 0.900057 0.924781 1.27262 1.8784 1.58986 0.771341 0.962028 1.93144 1.75203 2.55233 1.10027 1.46338 1.39837
threshold=1.0001263238975699 1.4439106845072065 0.7147196408189852 1.0000000180025095e-35 0.51004998353333231 1.1365461153814294 1.1433623633822243 0.57019704433497542 0.5727513227513229 0.63714733542319768 0.74105851365310593 0.9175170068027213 0.50417091870603381 0.50166351316484847 0.29167119744734787 0.32997151528534602 0.46703176480576625 0.71110960756481967 0.52986445717281361 0.42363912256324709 1.2807270013352239 0.60765652612158738 0.019419306184012056 1.0012376406307693 0.051503094606542808 0.10582306830907051 1.0055155507012519 1.0034085484447643 0.077677224736048267 0.10426737109555446
decision_type=2 2 2 2 2 2 2 2 2 2 2 2 2 2 2 2 2 2 2 2 2 2 2 2 2 2 2 2 2 2
left_child=-1 2 3 -2 6 -6 7 12 -8 -7 17 -12 22 14 -10 -16 -17 18 -11 -20 -21 -22 -5 24 -24 27 -27 28 -25 -30
right_child=1 -3 -4 4 5 9 8 -9 13 10 11 -13 -14 -15 15 16 -18 -19 19 20 21 -23 23 25 -26 26 -28 -29 29 -31
leaf_value=-0.10011558277423833 -0.10868199968309862 0.10033703767872067 -0.098314280773283733 0.16960558909116372 -0.097203126336369336 0.11100606357883913 0.1008290591185521 -0.10505874469959849 0.11960575471600117 -0.057241923603747351 0.097889384112849476 -0.017948747901881095 0.1885581569064545 0.10592615865314932 -0.12715444008503446 0.07078059235900129 -0.03433184957337429 -0.10504042710420694 0.049588986479335427 -0.11843011754992805 0.089305142653468991 -0.053651725587253223 0.0075541373100932677 0.063622294541351959 -0.099964995540865784 -0.083089208924683133 0.0074911791974130205 0.09886135033010357 -0.1402240605865813 0.050191189013262909
leaf_weight=6.56952817342244 0.86187736422289063 4.6688037009444079 1.6242554542841379 0.27831482130568375 3.0379750614520189 0.86409472418017941 3.1622255814727378 1.1135850213468064 0.83261437295004714 3.1879075444303444 1.8106090065557503 1.4621109243016688 0.29404557950328936 1.2615700017195193 0.77358768833801139 1.9172400217503307 2.2633241070434451 1.1258620232110832 3.7281554908258823 1.5571874593151731 1.5189768495038154 1.5946380943059919 4.6402615271508685 2.8153736013919106 2.6107532855821773 3.412974882987327 35.132749867276289 3.0322103071957827 0.88176318956539013 0.68550169467926025
leaf_count=5703 121 1395 926 15 1955 112 681 260 27 55 70 29 27 20 17 164 54 51 142 55 28 14 174 105 590 917 2969 199 27 23
internal_value=-0.00101814 0.00604664 0.00101447 0.00289357 0.00402498 -0.0150131 0.00984022 0.00234948 0.0501145 -0.000194188 -0.00620513 0.0461379 0.00457335 0.0273615 0.0102336 -0.00814788 0.0138736 -0.0196801 -0.0113859 0.00601919 -0.0287575 0.0160898 0.00356194 0.00269348 -0.0311585 0.00803417 -0.000529129 0.05255 0.0205087 -0.0569389
internal_weight=98.7201 92.1505 87.4817 85.8575 84.9956 19.8875 65.1081 54.8975 10.2106 16.8495 15.9854 3.27272 53.7839 7.04834 5.78677 4.95415 4.18056 12.7127 11.5869 8.39896 4.6708 3.11361 53.4899 53.2116 7.25101 45.9606 38.5457 7.41485 4.38264 1.56726
internal_count=16925 11222 9827 8901 8780 2511 6269 5306 963 556 444 99 5046 282 262 235 218 345 294 239 97 42 5019 5004 764 4240 3886 354 155 50
is_linear=0
shrinkage=0.1


Tree=55
num_leaves=31
num_cat=0
split_feature=3 3 1 4 3 0 0 3 0 3 4 0 0 3 2 4 4 5 5 0 1 5 5 5 0 3 4 3 0 4
split_gain=6.23048 3.97675 1.45873 0.969984 0.824806 2.82103 2.07694 1.25252 1.38888 1.11521 1.73749 1.06754 1.36246 1.34512 1.04029 0.964173 0.962054 1.10525 1.61073 0.910695 0.904348 0.8977 0.847202 0.821993 0.770257 1.29602 0.965724 1.61579 1.46278 1.07958
threshold=1.0001263238975699 1.4439106845072065 0.7147196408189852 1.0000000180025095e-35 1.2390000898492741 0.78221343873517801 0.65261756876663723 1.1365461153814294 0.54261501210653762 1.1772299398445962 0.37356519585105402 0.53390804597701158 0.5147186147186148 1.0931916080826625 0.48660493378436992 0.29167119744734787 0.44469732939043199 0.60343303899129153 0.51166943415305588 0.5727513227513229 0.54858719485621654 0.64819568693522767 0.54156775581817984 0.47200431162509426 0.47413024085637828 1.0766539490001412 0.12899828569670063 1.0586452584475321 0.38138528138528138 0.10519563293237992
decision_type=2 2 2 2 2 2 2 2 2 2 2 2 2 2 2 2 2 2 2 2 2 2 2 2 2 2 2 2 2 2
left_child=-1 2 3 -2 6 -6 7 8 11 -8 22 12 13 14 24 -9 -7 18 23 -17 -20 -19 -11 -18 25 26 27 28 29 -5
right_child=1 -3 -4 4 5 16 9 15 -10 10 -12 -13 -14 -15 -16 19 17 21 20 -21 -22 -23 -24 -25 -26 -27 -28 -29 -30 -31
leaf_value=-0.10010457275736794 -0.10801817870439492 0.10030486171106633 -0.097394912479954965 0.0054813288206867353 0.10137330587288229 0.070632525550210462 -0.10151823357932691 0.092454757834924461 -0.070172238331010217 0.095559690486292787 -0.095645496560038706 0.12993197110793095 -0.11049395669967571 0.077540371541429565 -0.10801396233638219 0.10139980535659286 -0.032791286510108916 0.079803496741738325 -0.032819417299308574 -0.03802996185907094 -0.127855337826384 -0.014522474427963681 -0.021204950916916678 0.074325673514831575 -0.10706467668823616 0.11949518606185627 -0.073136251417284415 0.081386359150473903 -0.10412035853191366 -0.13805098216039996
leaf_weight=5.9449754502857095 0.7844089602585872 4.2257944974116972 1.4828794562490646 39.233711407869123 3.6456178398802903 1.7428116337396193 2.7992124314187086 2.7518725483678272 2.6479063263395792 1.1701058545149865 1.7859928186517207 0.66532691521569987 1.0464024727698404 2.4194125428330144 0.85788714536465605 0.67019744915887747 1.3551654752809539 2.0029830080457032 2.3169622097630054 1.5561564536765216 1.7633200639393178 2.0330323744565248 1.3250792901962993 1.5198397198691962 0.62611284025479008 0.9613462844863524 1.6416135153267521 2.6035162240732452 1.302783811232074 0.53112545807380129
leaf_count=5703 121 1395 926 3304 667 21 1544 339 780 16 61 58 142 266 228 128 21 23 26 34 24 18 39 20 175 110 68 136 512 20
internal_value=-0.000972086 0.00561503 0.000920915 0.00266149 0.0037078 0.0238113 -0.0012368 0.00485439 0.000471422 -0.0524373 -0.0203461 0.00407637 0.00244168 0.00479684 0.00111167 0.0528704 0.00160622 -0.00933878 -0.0334948 0.00394246 -0.0738898 0.0322894 0.0335513 0.0238349 0.00310777 0.00459846 0.00216084 0.00499128 0.00014815 0.00356422
internal_weight=95.4136 89.4686 85.2428 83.7599 82.9755 16.3797 66.5958 59.5154 54.5371 7.08039 4.28118 51.8892 51.2239 50.1775 47.7581 4.97823 12.7341 10.9913 6.95529 2.22635 4.08028 4.03602 2.49519 2.87501 46.9002 46.2741 45.3128 43.6711 41.0676 39.7648
internal_count=16925 11222 9827 8901 8780 820 7960 6300 5799 1660 116 5019 4961 4819 4553 501 153 132 91 162 50 41 55 41 4325 4150 4040 3972 3836 3324
is_linear=0
shrinkage=0.1


Tree=56
num_leaves=31
num_cat=0
split_feature=3 3 1 4 2 1 3 0 0 2 3 0 3 2 4 4 4 3 0 3 0 3 0 2 1 3 0 1 0 3
split_gain=5.61872 3.61523 1.30166 0.868706 0.775861 1.54608 0.850453 3.38324 2.0683 1.04445 1.46559 0.904331 2.23889 2.04862 1.86459 2.13825 1.36311 1.28396 1.47642 1.24925 1.73825 1.12347 1.13676 1.01349 1.37477 1.70436 2.20578 1.30541 1.23934 1.15436
threshold=1.0001263238975699 1.4439106845072065 0.7147196408189852 1.0000000180025095e-35 0.82213004059448169 0.64625338546056854 1.0437045304326193 0.32529069767441865 0.34654631083202514 0.37117385143591136 1.0341574265631219 0.19326542161856253 1.0129639843032912 0.21804763463467766 0.025382954044942903 0.054276286282822155 0.023186581059997553 1.0254121260455429 0.24417344173441732 1.0101791555662516 0.14415584415584412 1.0071033791492294 0.13100686498855832 0.1665347975420077 0.14139910563393945 1.0034085484447643 0.077677224736048267 0.15912323958274968 0.10582306830907051 1.0018709116917033
decision_type=2 2 2 2 2 2 2 2 2 2 2 2 2 2 2 2 2 2 2 2 2 2 2 2 2 2 2 2 2 2
left_child=-1 2 3 -2 5 6 7 9 -8 10 11 12 16 -13 -15 17 19 18 -16 20 21 22 23 24 25 26 29 -25 -27 -5
right_child=1 -3 -4 4 -6 -7 8 -9 -10 -11 -12 13 -14 14 15 -17 -18 -19 -20 -21 -22 -23 -24 27 -26 28 -28 -29 -30 -31
leaf_value=-0.10009461418588853 -0.10739106672771224 0.10027576824262119 -0.096339768609757639 -0.0076906157762190105 0.10694868173263612 -0.09667242865510968 0.092095781844352992 -0.10242185290299699 0.0079818989193309094 -0.094746355391076953 0.099543909523500812 -0.09753092134599084 0.10425152601505772 -0.10315074652051746 0.080686489479960891 -0.103685149795022 -0.12144397992669026 0.1451547667670145 -0.10484078069920265 0.091225086367240055 -0.10510112562288494 0.11000768579896346 -0.11099884753242939 0.11080952074718307 -0.10853081772189224 0.12709370289726479 -0.11985902173248134 -0.057360845304556207 0.0019757869945582424 0.10350126341382125
leaf_weight=5.3797443612129419 0.71369739068904792 3.8247100627049795 1.3557387005421322 6.9331382319797061 0.71746476157568295 1.5419849790632714 3.1740865870378903 3.3352775907842434 37.003211953269783 1.0618384367553506 1.5954508562572289 2.7599208633182553 2.3305121148005119 1.1787163318367673 1.342202916974202 0.84397387248463918 0.8704094251152118 1.4578624684363601 0.63039663480594743 1.5994391227141012 1.4745913175865997 1.0150960604660202 0.85009799432009359 1.7905042140046128 1.1289720344357181 1.732889114879071 1.6446163405198593 0.62190634105354536 1.4575927751138804 1.0789785478264091
leaf_count=5703 121 1395 926 360 30 641 558 2238 2512 71 100 357 253 305 32 38 23 18 151 48 323 69 94 66 53 96 224 51 17 52
internal_value=-0.000915891 0.00521234 0.000844398 0.00245344 0.00341925 0.002496 0.00443382 -0.00613914 0.0146271 0.00293254 0.00595314 0.00139263 0.0110094 -0.0273282 0.00820242 0.0389091 0.00122021 0.0739906 0.0213963 0.00622625 -0.000664856 0.00777179 0.00175166 0.00760017 -0.00273148 0.00656583 -0.0143699 0.0674561 0.0699328 0.00728341
internal_weight=92.445 87.0653 83.2406 81.8848 81.1711 80.4537 78.9117 38.7344 40.1773 35.3991 34.3373 32.7418 24.5287 8.21307 5.45315 4.27444 22.1982 3.43046 1.9726 21.3278 19.7284 18.2538 17.2387 16.3886 13.9762 12.8472 9.65673 2.41241 3.19048 8.01212
internal_count=16925 11222 9827 8901 8780 8750 8109 5039 3070 2801 2730 2630 1729 901 544 239 1476 201 183 1453 1405 1082 1013 919 802 749 636 117 113 412
is_linear=0
shrinkage=0.1


Tree=57
num_leaves=31
num_cat=0
split_feature=3 3 1 4 0 3 4 0 3 1 0 3 2 5 3 0 0 5 1 1 3 4 0 3 3 5 0 3 0 4
split_gain=5.06748 3.2857 1.15938 0.778419 0.691545 1.67609 1.00247 1.60724 1.6067 1.815 0.921367 0.978731 0.853827 0.81688 1.82965 1.58786 1.5142 1.38904 1.38307 1.15673 1.13326 1.03943 0.952834 1.67753 1.36266 1.29238 1.16583 1.24469 1.73861 1.11546
threshold=1.0001263238975699 1.4439106845072065 0.7147196408189852 1.0000000180025095e-35 0.97849213691026848 1.3521205096262741 0.55634721549401445 0.80600358422939078 1.2476453896658557 0.60199866524282075 0.8119103773584907 1.2390000898492741 0.59874763730107783 0.38671423835131918 1.0426326953889971 0.38138528138528138 0.32529069767441865 0.37819975925724142 0.26968720177858302 0.39724710286576742 1.052493146346746 0.38808925848620079 0.21103238866396759 1.0129639843032912 1.0192974833736999 0.26841362608675562 0.17712418300653593 1.0031266266374554 0.084039548022598873 0.060517355747532704
decision_type=2 2 2 2 2 2 2 2 2 2 2 2 2 2 2 2 2 2 2 2 2 2 2 2 2 2 2 2 2 2
left_child=-1 2 3 -2 5 6 8 -8 9 10 11 13 -6 14 16 19 17 22 -17 -16 -15 -22 23 25 -24 26 27 28 -5 -26
right_child=1 -3 -4 4 12 -7 7 -9 -10 -11 -12 -13 -14 20 15 18 -18 -19 -20 -21 21 -23 24 -25 29 -27 -28 -29 -30 -31
leaf_value=-0.10008560500373148 -0.10680111444542427 0.1002494568820662 -0.095127645105095054 0.0069073035270375369 0.026311132182274568 0.065773190069887952 0.09967103651017091 -0.08047220017963215 0.054912435009810037 -0.10133991821454336 -0.10682214103110964 0.14277138949970986 -0.11955732893867428 -0.068979635554509103 0.11744710901478604 -0.13353725620787535 -0.10482127953255337 0.16216053472595052 0.03213086520303679 -0.090397537944662099 0.0048171519394888951 -0.088434622797064474 -0.10733641295463002 0.077988345152175162 0.02013453020823144 -0.088830537123440023 -0.1077629237892745 0.041360713179467566 -0.10244297811103593 -0.079938718157238381
leaf_weight=4.8682099684956475 0.64916658995207299 3.4616027865558854 1.2415859985048872 9.3004817306064194 0.67357796826399752 4.2239172183908513 0.59369365312159006 2.9876233124523424 5.6186922832857809 1.7486404521041539 0.76893198094330628 0.49923575972206791 0.99263485899427906 3.2859526113024939 3.3181427521631108 0.55799100408330549 1.3550150598166499 0.5396799948066463 5.2007047524675727 0.29126878734678019 12.903957091504706 1.317337043932638 1.7793989634374145 3.1502022230997673 4.1127513682004064 1.5265080063836638 0.85303568560629983 8.144857974490149 1.7234281614655618 1.5275110853835938
leaf_count=5703 121 1395 926 466 14 304 87 71 348 1037 124 29 81 1589 605 23 666 15 322 8 753 60 641 313 95 116 174 353 454 32
internal_value=-0.000882108 0.00484353 0.000760528 0.00225534 0.00315155 0.00452497 0.000986122 -0.0506089 0.00364389 -0.000863766 0.00196292 0.00332555 -0.060589 0.0021822 0.00954041 0.0486722 -0.00123761 0.0030602 0.0160784 0.100675 -0.0160506 -0.00382088 0.00038685 0.00982724 -0.0310382 -0.000137406 0.00662476 0.0117152 -0.010188 -0.00696758
internal_weight=89.2157 84.3475 80.8859 79.6443 78.9952 77.329 73.105 3.58132 69.5237 63.905 62.1564 61.3875 1.66621 60.8882 43.381 9.36811 34.0129 32.6579 5.7587 3.60941 17.5072 14.2213 32.1182 24.6985 7.41966 21.5483 20.0218 19.1688 11.0239 5.64026
internal_count=16925 11222 9827 8901 8780 8685 8381 158 8223 7875 6838 6714 95 6685 4283 958 3325 2659 345 613 2402 813 2644 1876 768 1563 1447 1273 920 127
is_linear=0
shrinkage=0.1


Tree=58
num_leaves=31
num_cat=0
split_feature=3 3 1 4 0 3 0 3 0 3 0 3 0 3 1 0 4 3 4 0 3 4 4 1 3 3 0 0 2 0
split_gain=4.57036 2.98601 1.03038 0.697769 0.65452 0.862238 0.831972 1.50386 0.939319 1.29661 1.18717 1.32213 1.39778 1.52918 1.153 1.21734 0.953486 2.08163 1.52095 0.846655 1.32819 0.832014 1.64341 0.808459 1.59901 1.26504 1.11963 0.922135 0.842841 0.826171
threshold=1.0001263238975699 1.4439106845072065 0.7147196408189852 1.0000000180025095e-35 0.019419306184012056 1.0002466771110343 0.031754032258064509 1.0004844364999712 0.036038961038961002 1.0009807908646831 0.051503094606542808 1.0022452742527939 0.10582306830907051 1.0055155507012519 0.066421497023710904 0.056079664570230552 0.010459976214370751 1.0068572966335816 0.010015336552013051 0.14415584415584412 1.0104624936819859 0.0067914387658644512 0.0064629201535956011 0.51004998353333231 1.1365461153814294 1.1818738269056885 0.72281323877068571 0.64218328840970362 0.56848824317670099 0.57019704433497542
decision_type=2 2 2 2 2 2 2 2 2 2 2 2 2 2 2 2 2 2 2 2 2 2 2 2 2 2 2 2 2 2
left_child=-1 2 3 -2 -5 -6 -7 -8 -9 -10 -11 14 -13 21 15 -12 18 -18 -15 -19 -21 22 -14 25 -25 29 -27 -26 -28 -22
right_child=1 -3 -4 4 5 6 7 8 9 10 11 12 13 16 -16 -17 17 19 -20 20 23 -23 -24 24 27 26 28 -29 -30 -31
leaf_value=-0.10007745003545583 -0.10624824862324914 0.10022566100096804 -0.093736270898395216 0.15941418931048087 -0.10208666740038055 0.070684572917606964 -0.10662077009178782 0.1360272814062494 -0.091249878454344124 0.10314336723050484 0.12825635854246767 0.06032030643026573 -0.1015611821118067 0.024722410532434229 -0.12830814944093658 -0.082027169861889612 -0.15962150052604857 0.083206858679161722 0.21167976364956928 -0.10560323835179437 0.0097798372293711605 -0.11322071297692884 0.20917781267347155 -0.095322527142233868 0.099576058962570504 0.10143904964716099 -0.021631673280909619 -0.0076647751365312754 0.079475669243884439 -0.049669151077675187
leaf_weight=4.4052791200228958 0.59029181161895294 3.1328935853671274 1.1392886919784349 0.26623298047343169 0.78249913809122418 1.7955470765009511 1.257732143101747 0.53224512748420139 1.439960182935464 1.2018282851204265 0.47910722903907232 4.3613783456385127 0.45694792363792602 2.0833309238078068 1.4084148588590322 0.64715512958355248 0.78374056174652551 1.3336715032346536 0.55002238857559849 1.1121346406289365 27.949324208835609 1.7317517889314329 0.27121741033624858 2.0726094587589641 0.84799168957397242 2.7819179862271985 2.1861434639431541 14.724509784020482 1.3236986445263026 2.5510240388684897
leaf_count=5703 121 1395 926 15 126 60 201 11 279 65 4 239 104 327 426 39 192 88 20 441 2294 591 12 1708 112 660 51 437 22 256
internal_value=-0.000857838 0.00448591 0.000672846 0.00206031 0.00289134 0.0023478 0.00342471 0.00179464 0.00366691 0.0026925 0.00460157 0.00290136 0.00557861 0.00177445 -0.0679956 0.00742655 0.00492719 0.00224005 0.0637718 0.0044702 0.00257983 -0.0755089 0.0141788 0.00478997 -0.0128073 0.0132295 0.0540559 -0.00182504 0.0164999 0.00480757
internal_weight=86.1999 81.7946 78.6617 77.5224 76.9321 76.6659 75.8834 74.0879 72.8301 72.2979 70.8579 69.6561 67.1214 62.76 2.53468 1.12626 60.3001 57.6668 2.63335 56.883 55.5494 2.45992 0.728165 54.4372 17.6451 36.7921 6.29176 15.5725 3.50984 30.5003
internal_count=16925 11222 9827 8901 8780 8765 8639 8579 8378 8367 8088 8023 7554 7315 469 43 6608 6261 347 6069 5981 707 116 5540 2257 3283 733 549 73 2550
is_linear=0
shrinkage=0.1


Tree=59
num_leaves=31
num_cat=0
split_feature=3 3 1 4 2 1 2 5 3 0 0 5 3 5 2 1 3 4 0 3 3 4 4 0 1 2 5 3 3 0
split_gain=4.12266 2.71308 0.919329 0.629087 0.596728 1.34724 0.663865 1.16208 0.636265 2.57097 1.7692 1.20175 0.812935 0.817889 0.876674 1.28673 1.73169 1.53985 1.06846 1.51449 0.930884 1.95663 1.30896 0.850294 0.956144 1.18537 1.05603 0.935141 0.793489 0.751212
threshold=1.0001263238975699 1.4439106845072065 0.73017478545081949 1.0000000180025095e-35 0.82213004059448169 0.64625338546056854 0.73325836489989571 0.65835504855097182 1.0373317000816324 0.31643132220795894 0.3304597701149426 0.51952589451120179 1.0437045304326193 0.38671423835131918 0.45344983439915293 0.27264458527098956 1.0637604743489464 0.13668715550865143 0.61620294599018022 1.1677197295093269 1.1109163928113424 0.16029893529129377 0.079461065371367864 0.37617924528301888 0.26968720177858302 0.33865447044426733 0.3840297514779597 1.0700421029030791 1.0348168789387537 0.19326542161856253
decision_type=2 2 2 2 2 2 2 2 2 2 2 2 2 2 2 2 2 2 2 2 2 2 2 2 2 2 2 2 2 2
left_child=-1 2 3 -2 5 6 7 8 9 28 11 -10 -12 23 15 -15 -17 -18 20 -20 21 22 -16 -14 -25 -26 27 -27 29 -5
right_child=1 -3 -4 4 -6 -7 -8 -9 10 -11 12 -13 13 14 18 16 17 -19 19 -21 -22 -23 -24 24 25 26 -28 -29 -30 -31
leaf_value=-0.10007007412802918 -0.10568665655342276 0.10020413977438328 -0.10160820914375282 0.0096210701687221897 0.091445674449600944 -0.094745031982619882 0.06312699946521598 -0.078325453860674521 0.10445148204458675 -0.103695345854838 -0.10905208834077258 -0.12908106985578718 0.11806056251628359 0.16653276565927252 -0.10295854615031026 -0.14299857133984614 0.072825896065881163 -0.058316266822466489 -0.10754345299348798 0.0058335240500295357 0.089775240025918898 -0.11799268695739516 0.11727995767643429 -0.094208236213999319 0.12904436416443807 -0.12137911738189543 0.14417802411281924 0.016220201802373112 0.14776211563741615 -0.0264178178875016
leaf_weight=3.9863403124618335 0.54097377596190099 2.8353372463025144 0.87019645940745149 21.96981911116746 0.74740171519806509 1.4223512104945246 1.8219657241133962 1.7567842196440313 2.8026304063387211 2.4945667542633592 0.59841463464544986 0.23915635421872128 1.0834978700149784 0.29911099420860665 0.34424283483531626 1.3814988685189744 1.368780344957486 2.5886617852374911 1.2993297546054225 12.637508423300458 2.6538345727603883 0.85277725261403237 1.2489310454111544 0.63408347778022278 1.103292145533487 0.55418554716743518 0.57534334086813022 4.5407989628147334 0.36858139140531321 7.8506979526136993
leaf_count=5703 125 1395 787 1733 51 755 66 428 545 1934 159 5 149 9 65 59 91 182 427 293 264 47 72 52 109 58 13 399 22 928
internal_value=-0.000832627 0.00414436 0.00059101 0.0017646 0.00253719 0.00164512 0.00352146 0.00199718 0.00402783 -0.00612654 0.0130449 0.0860903 0.0064643 0.00854857 -0.000663564 -0.0352993 -0.0466068 -0.0129575 0.00959444 -0.0047366 0.0487587 0.00425616 0.0696922 0.0353182 0.0232158 0.0342079 0.0157553 0.00125341 0.00193571 0.000133293
internal_weight=83.4711 79.4848 76.6494 75.7792 75.2382 74.4908 73.0685 71.2465 69.4897 32.6837 36.8061 3.04179 33.7643 33.1659 24.6747 5.63805 5.33894 3.95744 19.0366 13.9368 5.09979 2.44595 1.59317 8.4912 7.4077 6.77362 5.67033 5.09498 30.1891 29.8205
internal_count=16925 11222 9827 9040 8915 8864 8109 8043 7615 4617 2998 550 2448 2289 1509 341 332 273 1168 720 448 184 137 780 631 579 470 457 2683 2661
is_linear=0
shrinkage=0.1


Tree=60
num_leaves=31
num_cat=0
split_feature=3 3 1 4 0 3 0 3 0 3 0 3 0 1 4 2 1 3 0 3 4 3 0 3 5 1 1 3 0 3
split_gain=3.7202 2.46405 0.828998 0.564707 0.558146 0.778176 0.734382 0.923892 1.18347 1.14147 1.07282 1.17043 1.31858 1.04268 0.8086 0.747776 1.02336 1.32283 0.762383 1.37208 0.670065 1.86846 0.981827 1.02044 0.808315 0.793332 1.29392 1.70598 0.695961 0.884016
threshold=1.0001263238975699 1.4439106845072065 0.73017478545081949 1.0000000180025095e-35 0.019419306184012056 1.0002466771110343 0.025978407557354904 1.0004844364999712 0.036038961038961002 1.0009807908646831 0.051503094606542808 1.0022452742527939 0.077677224736048267 0.066421497023710904 0.00036443492302620008 0.029284908012114304 0.11054940508739371 1.0045262549513969 0.10582306830907051 1.0055155507012519 0.010459976214370751 1.0071033791492294 0.14415584415584412 1.0104624936819859 0.20177960034538278 0.12232713793887347 0.18555127014496622 1.0159461119456594 0.17712418300653593 1.0136885861786806
decision_type=2 2 2 2 2 2 2 2 2 2 2 2 2 2 2 2 2 2 2 2 2 2 2 2 2 2 2 2 2 2
left_child=-1 2 3 -2 -5 -6 -7 14 -9 -10 -11 13 -13 -12 -8 -14 18 -18 -17 -20 24 -22 -23 -24 -19 -25 28 -28 -27 -30
right_child=1 -3 -4 4 5 6 7 8 9 10 11 12 15 -15 -16 16 17 20 19 -21 21 22 23 25 -26 26 27 -29 29 -31
leaf_value=-0.10006339894986548 -0.10521042356125687 0.10018467471004096 -0.10147726131332509 0.15077918782432634 -0.10190686209047926 0.10487086251707174 0.044610143270260895 0.11848686658863748 -0.089192900529984992 0.10281908201665579 0.006226253486588707 0.10293854447450718 -0.078845457024905363 -0.12790155806432044 -0.10996826923013339 0.11366720838123184 -0.10526976823346522 0.088661043325613115 -0.11955695084538187 0.075833461733137431 -0.12457782454352187 0.10797998765922148 -0.10578554133229497 -0.12092711633021552 -0.02161218740711043 0.13648301118026127 -0.11920947631793757 0.0041968094317510075 -0.11341515478333204 0.071857512289253342
leaf_weight=3.6072182419593437 0.49159662547754024 2.5659923200728363 0.78835096448892628 0.25238987396005441 0.71627919882303004 0.69861267786472936 0.45740170264616509 0.88592282868921657 1.3409996377304185 1.0805712426081289 1.0599197201663622 1.3431690130382765 1.1019195921253402 1.2789073832682332 1.3007612158544359 1.435420562513172 1.1418266022228625 1.899965499993413 0.52495417185127724 1.1395708329509942 1.1609092996222887 0.88712614309042592 0.86559164931531896 0.50589125766418774 1.0224296898813916 1.0578621511813247 1.1470500548020925 47.870166439388413 0.33211180334910739 1.1468890842515973
leaf_count=5703 125 1395 787 15 128 29 10 39 279 65 43 106 68 427 194 61 493 141 37 106 365 65 406 14 213 47 524 4916 7 117
internal_value=-0.000793395 0.00382707 0.000527485 0.00161204 0.00232501 0.00181456 0.00283667 0.00184647 0.00363894 0.00217166 0.00397336 0.00237732 0.00489401 -0.0671169 -0.0697533 0.00281161 0.00425967 0.00131899 0.0602643 0.0142117 0.00342114 0.000940711 0.00364854 0.00189976 0.0500808 0.00369023 0.00491307 0.00130898 0.0745512 0.0302543
internal_weight=81.1078 77.5006 74.9346 74.1462 73.6546 73.4022 72.686 71.9873 70.2292 69.3433 68.0023 66.9217 64.5829 2.33883 1.75816 63.2397 62.1378 59.0378 3.09995 1.66453 57.896 54.9736 53.8127 52.9256 2.9224 52.06 51.5541 49.0172 2.53686 1.479
internal_count=16925 11222 9827 9040 8915 8900 8772 8743 8539 8500 8221 8156 7686 470 204 7580 7512 7308 204 143 6815 6461 6096 6031 354 5625 5611 5440 171 124
is_linear=0
shrinkage=0.1


Tree=61
num_leaves=31
num_cat=0
split_feature=3 3 1 3 0 0 1 0 2 4 1 0 3 4 0 3 3 1 4 5 0 0 3 5 5 3 2 5 2 3
split_gain=3.35757 2.23737 0.747712 0.55222 2.2772 1.53653 0.78767 0.865792 0.761792 1.48613 0.759454 0.816568 0.843089 0.807326 0.626487 2.06188 1.06392 1.14287 1.41034 1.07377 0.660533 1.15595 0.820787 0.575665 1.22587 0.955605 0.782529 1.06214 0.762016 0.641069
threshold=1.0001263238975699 1.4439106845072065 0.73017478545081949 1.2807270013352239 0.83034857691077724 0.83964285714285725 0.60199866524282075 0.83484848484848495 0.58470986625054844 0.60765652612158738 0.5944571775494325 0.8119103773584907 1.2390000898492741 0.55634721549401445 0.54631217838765023 1.1171694524032008 1.1204515143443838 0.44787448850650607 0.37356519585105402 0.55250264900331658 0.53390804597701158 0.5147186147186148 1.0975855257992129 0.48577891371277254 0.62400148679952971 1.0915645317614124 0.48660493378436992 0.47776403648526317 0.45344983439915293 1.0586452584475321
decision_type=2 2 2 2 2 2 2 2 2 2 2 2 2 2 2 2 2 2 2 2 2 2 2 2 2 2 2 2 2 2
left_child=-1 2 3 5 -5 6 10 -8 -6 -10 11 12 14 -14 15 20 -16 -18 19 -19 21 23 -22 25 28 26 27 29 -25 -2
right_child=1 -3 -4 4 8 -7 7 -9 9 -11 -12 -13 13 -15 16 -17 17 18 -20 -21 22 -23 -24 24 -26 -27 -28 -29 -30 -31
leaf_value=-0.10005736320899582 -0.0035852836481698306 0.10016707094566005 -0.10135514847551162 0.10216011843616871 -0.05638915907443029 -0.10247054165469141 -0.10118779250060952 0.11809949914855922 0.056952651083048811 -0.035691129827591185 0.097367210330674817 -0.11797283071399133 0.11810572281450765 -0.075897493048638701 -0.10369676548701855 0.10129592317529756 -0.082589911496954438 0.070298462006676096 -0.084540907746887384 -0.034743079655746183 -0.10071013134580004 -0.11640968988877187 0.17023516708905256 -0.11504988042216863 0.10688574030890639 0.097301891093867943 -0.11304087689783789 0.13364207356547655 0.032119863030652313 0.039135153793500944
leaf_weight=3.2641329485923043 34.261810639407486 2.3221931768348432 0.71414535702206094 2.6873694679234168 2.045497650280593 1.4951452693203453 1.3072228228556912 0.20880689256591711 3.6534588076174259 3.2914521279744804 0.82372633676277374 0.57439219881780346 1.0868771099485446 0.26724427845329035 1.4225594918243567 2.1047108819475389 1.6492807565955443 3.1101044948445633 1.1991490453947333 1.416362061165273 0.14810621208744024 0.85740038059884582 0.45618064701557159 1.4947889862814911 0.42551130976062257 1.0614554707426567 0.59112549532437597 0.61146905110217531 0.46012393856653933 3.9139081512112162
leaf_count=5703 3828 1395 787 530 19 622 781 8 36 36 79 41 144 21 974 531 44 72 32 44 88 141 2 191 47 159 123 30 142 275
internal_value=-0.000755515 0.00352849 0.000468557 0.00146982 0.0213908 -0.00234711 0.000170855 -0.0709848 -0.00275242 0.0130453 0.0020328 0.000657803 0.00186302 0.079818 -4.98649e-05 0.00459028 -0.0245161 -0.00924275 0.0118851 0.0374303 -6.12541e-06 -0.00144269 0.103828 0.000859321 -0.0469307 0.00367241 0.0011486 0.00288887 -0.0804108 0.000794565
internal_weight=78.9257 75.6616 73.3394 72.6252 11.6778 60.9475 59.4523 1.51603 8.99041 6.94491 57.9363 57.1126 56.5382 1.35412 55.184 46.3866 8.79746 7.3749 5.72562 4.52647 44.2819 43.6776 0.604287 42.8202 2.38042 40.4398 39.3783 38.7872 1.95491 38.1757
internal_count=16925 11222 9827 9040 621 8419 7797 789 91 72 7008 6929 6888 165 6723 5557 1166 192 148 116 5026 4936 90 4795 380 4415 4256 4133 333 4103
is_linear=0
shrinkage=0.1


Tree=62
num_leaves=31
num_cat=0
split_feature=3 3 1 3 3 0 0 1 0 0 0 0 3 1 3 0 5 5 2 5 0 3 0 2 4 4 0 5 5 3
split_gain=3.03219 2.03003 0.675572 1.5934 1.30795 1.19107 1.17869 0.943702 0.852298 0.724749 0.9785 0.674402 1.00733 0.928475 0.749642 0.620216 0.777027 1.64075 1.18955 0.922887 0.592818 0.592448 1.18791 0.590606 0.685819 0.562914 0.529878 0.514074 1.0915 0.907231
threshold=1.0001263238975699 1.4439106845072065 0.51004998353333231 1.1984424831133145 1.1204515143443838 0.54631217838765023 0.72281323877068571 0.50166351316484847 0.54261501210653762 0.53390804597701158 0.5147186147186148 0.88303693570451447 1.3100682772951584 0.44787448850650607 1.1872213772209419 0.97467948717948738 0.60343303899129153 0.58309803066473898 0.65951872951394452 0.61458282271528419 0.66954022988505757 1.3285594431535992 0.86512474012474028 0.63338351208423693 0.22921351689625488 0.38808925848620079 0.85839598997493749 0.48577891371277254 0.62400148679952971 1.0931916080826625
decision_type=2 2 2 2 2 2 2 2 2 2 2 2 2 2 2 2 2 2 2 2 2 2 2 2 2 2 2 2 2 2
left_child=-1 2 4 20 8 -6 -5 11 9 10 27 12 13 14 -7 16 17 18 26 -18 23 22 -21 -4 -25 -15 -8 29 -29 -2
right_child=1 -3 3 6 5 7 15 -9 -10 -11 -12 -13 -14 25 -16 -17 19 -19 -20 21 -22 -23 -24 24 -26 -27 -28 28 -30 -31
leaf_value=-0.10005190089328836 0.0012585427938168984 0.1001511460385103 -0.061566690223600055 0.10341788385203297 0.10097815616717827 -0.097387188458507037 0.0068622581612964514 0.10092090342737051 -0.10553783924299578 0.11755249467599847 -0.11592718597946688 -0.081037486850910931 0.10545057222120049 0.075608258399558093 0.047731384738665977 -0.078532117887607888 0.12134916850026466 -0.12269305423842117 0.083385947526437826 0.030599725579177652 -0.10177422536374073 0.068090027322041322 -0.11592006811602995 -0.10119459206615533 0.12424811564117855 -0.020586285995458517 -0.072179512242036337 -0.07843064209322699 0.10307738065827235 0.097114818343164724
leaf_weight=2.9536625964683472 39.262497488787631 2.1015243930742136 1.6577228426176618 1.0431602322496463 2.36129809822887 1.3403576108394188 1.9568021502345785 1.1888614315539596 0.77097565942676638 0.52287697634892438 0.72696467471541737 0.81648595922160883 1.0290333195589481 1.4415853971149775 0.48468604590743769 1.1127533474354994 0.90975658642128099 1.3067318599205462 1.3473973418585954 1.6396577634150169 2.3731697993061971 1.1472424136009065 0.83519353059818957 0.19772511173505325 0.42494603013619781 1.0524583836086092 1.4969496685080228 1.831356446957215 0.40448203781852488 1.0128328606951971
leaf_count=5703 4251 1395 620 178 750 25 31 22 346 44 93 10 153 52 66 49 11 17 45 26 2234 25 59 150 9 37 16 307 37 164
internal_value=-0.000699946 0.00327651 0.000436954 -0.0166785 0.00594236 0.0391875 0.00154521 0.0193457 -0.00131015 0.000526122 -0.000889073 0.00361366 0.0165372 -0.00464667 -0.0588473 -0.00749709 -6.79129e-05 -0.0233459 0.00369349 0.0313054 -0.0667871 0.00868922 -0.0188466 -0.0303765 0.0526603 0.0350152 -0.0273966 0.00107814 -0.0455943 0.00366911
internal_weight=76.7511 73.7975 71.696 17.4492 54.2468 9.71477 12.7956 7.35347 44.532 43.761 43.2381 6.16461 5.34812 4.31909 1.82504 11.7525 10.6397 6.10788 4.80115 4.53185 4.65356 3.62209 2.47485 2.28039 0.622671 2.49404 3.45375 42.5112 2.23584 40.2753
internal_count=16925 11222 9827 3470 6357 1115 457 365 5242 4896 4852 343 333 180 91 279 230 109 92 121 3013 110 85 779 159 89 47 4759 344 4415
is_linear=0
shrinkage=0.1


Tree=63
num_leaves=31
num_cat=0
split_feature=3 3 1 0 3 0 3 0 3 0 3 0 5 1 0 0 5 3 3 0 0 2 2 3 4 4 3 3 0 0
split_gain=2.73868 1.8416 0.611829 0.489968 1.5573 0.749959 1.05607 1.11072 1.22472 1.35263 0.90207 0.969232 0.898073 0.803928 1.33002 0.661244 0.645513 1.32332 0.591256 1.87586 1.77251 1.07335 1.8594 0.963053 1.30055 1.37091 0.838967 0.632952 0.913997 0.831142
threshold=1.0001263238975699 1.4439106845072065 0.73017478545081949 0.031754032258064509 1.0004844364999712 0.036038961038961002 1.0008248272658653 0.051503094606542808 1.0018709116917033 0.077677224736048267 1.0031266266374554 0.095695970695970675 0.26548407165438537 0.066421497023710904 0.056079664570230552 0.087977296181630513 0.026746334566336103 1.0002720006616583 1.018128468669484 0.21913109756097562 0.20722186076772933 0.21804763463467766 0.18091916141544293 1.0068572966335816 0.010459976214370751 0.0079424945097579022 1.0038288174381433 1.0290885585440597 0.27361853832442068 0.26442841287458385
decision_type=2 2 2 2 2 2 2 2 2 2 2 2 2 2 2 2 2 2 2 2 2 2 2 2 2 2 2 2 2 2
left_child=-1 2 3 16 -5 -6 -7 -8 13 -10 12 -12 -11 14 -9 -14 -2 -18 20 -20 21 22 23 24 25 26 -13 29 -29 -21
right_child=1 -3 -4 4 5 6 7 8 9 10 11 18 15 -15 -16 -17 17 -19 19 27 -22 -23 -24 -25 -26 -27 -28 28 -30 -31
leaf_value=-0.10004695906497714 0.10478713086564478 0.10013674204276533 -0.10110950223554804 -0.10449626368336003 0.12924783248329128 -0.10306845352357411 0.10336012284064949 0.12548763753790249 0.10284815282475979 -0.12638262129228062 0.10388766795780567 0.048984148328264844 0.15887376149860127 -0.13123984632176541 -0.10773003044353824 -0.10089406267953545 -0.1102793313268879 0.10530090077556314 0.10272638939336601 -0.0020378352926871033 -0.10182855221493332 0.077886848715006743 -0.10672235515905518 0.056304946585910676 -0.16071545909653223 0.088266001030721478 -0.10469104996989168 0.1012668878305224 0.0035425248860576765 -0.10259001252935025
leaf_weight=2.6727097790571852 1.0421604006551199 1.901797551778144 0.58869263721862708 1.4029873173858494 0.4597450802102675 0.95936391869326954 1.0763763641007233 0.4265629425644869 1.340722738765179 1.0332072040764604 0.94084230251610179 0.52555844618473102 0.23324772715568531 1.133162763668224 0.57302081712987274 0.16898691726964898 0.57821337319910504 0.56100044213235378 1.9434227822348464 2.3006834720727052 2.1007306696847072 1.4832639039959756 1.7177808808628467 2.6504787929588929 0.578808182501234 1.1384575121337546 1.0962976611917836 0.98057701648212869 39.905026880500372 1.2790446698782032
leaf_count=5703 41 1395 787 320 11 206 66 3 110 208 83 23 1 387 41 150 12 36 348 28 1720 83 63 145 37 25 38 219 3970 666
internal_value=-0.000645501 0.00303823 0.000408407 0.0012667 -0.00024187 0.00197278 0.00108061 0.00262668 0.000920504 0.00350744 0.00129046 0.00320763 -0.0770301 -0.0735762 -0.00820659 0.04974 0.0479119 -0.00411787 0.00156597 0.0065591 -0.0189563 -1.39984e-05 -0.0150058 0.011298 -0.024427 0.00415118 -0.054893 0.00235597 0.00588629 -0.0379653
internal_weight=74.7929 72.1202 70.2184 69.6297 67.4484 66.0454 65.5856 64.6263 63.5499 61.4171 60.0764 58.641 1.43544 2.13275 0.999584 0.402235 2.18137 1.13921 57.7001 46.4088 11.2914 9.19065 7.70738 5.9896 3.33912 2.76031 1.62186 44.4653 40.8856 3.57973
internal_count=16925 11222 9827 9040 8951 8631 8620 8414 8348 7917 7807 7448 359 431 44 151 89 48 7365 5231 2134 414 331 268 123 86 61 4883 4189 694
is_linear=0
shrinkage=0.1


Tree=64
num_leaves=31
num_cat=0
split_feature=3 3 5 0 3 1 2 3 0 0 5 3 5 4 0 0 3 5 3 0 3 3 1 4 3 2 5 1 3 0
split_gain=2.47287 1.671 0.567604 0.74314 1.3863 0.708027 1.02001 0.694858 1.43413 1.29834 0.968172 0.747973 0.655018 0.642812 0.725775 0.594841 1.06678 0.763008 0.533131 0.465021 1.70995 1.10898 1.00386 0.615512 0.576119 0.607557 0.531695 0.508657 0.683107 0.464756
threshold=1.0001263238975699 1.4439106845072065 0.65835504855097182 0.94782214156079869 1.3192318612885923 0.61049441770713408 0.71480851892287312 1.2807270013352239 0.83034857691077724 0.78647416413373872 0.59181572485222922 1.2182695848680105 0.51166943415305588 0.42363912256324709 0.74106002554278427 0.61620294599018022 1.1624976166854266 0.38671423835131918 1.1677197295093269 0.44208407871198574 1.0750792230598634 1.0814325633474631 0.47394285755904925 0.13668715550865143 1.0610796799325719 0.41159179650263727 0.51381829719745309 0.42201682153981052 1.1018447956972997 0.54261501210653762
decision_type=2 2 2 2 2 2 2 2 2 2 2 2 2 2 2 2 2 2 2 2 2 2 2 2 2 2 2 2 2 2
left_child=-1 2 7 4 5 6 -4 9 -9 11 12 15 -10 -13 -15 16 19 -17 -19 20 23 -21 27 24 26 -26 -2 28 -23 -24
right_child=1 -3 3 -5 -6 -7 -8 8 10 -11 -12 13 -14 14 -16 17 -18 18 -20 21 -22 22 29 -25 25 -27 -28 -29 -30 -31
leaf_value=-0.10004248875268694 0.00068971466399724447 0.10012371266783521 -0.058608223229732775 -0.12206693282664705 0.11927267960475858 -0.10356436124018642 0.13547857050157838 0.10205058497503378 0.02544817360951572 -0.073511546144370887 0.067151181707707688 0.11496586206036451 -0.045865650858144355 0.1015574240638481 -0.070852028630021227 0.053109422186343229 0.10176737137439514 -0.10642129560678015 -0.025945532862564721 -0.10424696421637741 0.10313012014833056 -0.050448847406229735 0.11283467907146645 -0.091474503405054031 0.11127682113521581 -0.039296060085621941 -0.11964776101215008 -0.059352042486029245 0.11073142316741516 0.014973657156474579
leaf_weight=2.4184703973005517 34.36795534772682 1.7210301213199262 0.83075568536878586 0.80992593095288601 0.61902012419886876 1.1867513267789034 0.40171047113835812 2.0367159037850779 2.2539849318563938 2.4056049697683184 1.9529082030057905 1.0594733757898205 3.0051945506129414 0.42751787730958302 0.56930122338235378 0.77798499641357821 1.057821878697722 1.3237465765851086 2.177014873479493 1.3674601503880683 1.6818190058693279 0.57832977490033977 0.77530387160368297 0.7209089623647732 0.9176477096043516 0.37850789586082101 0.37112924721441132 2.597681755782105 0.4821692481637001 1.2973743701004421
leaf_count=5703 3738 1395 267 335 38 1023 3 488 22 556 21 169 32 76 6 56 244 751 37 1096 466 12 13 30 98 7 105 49 42 47
internal_value=-0.000623353 0.00280406 0.000356507 -0.0369538 -0.0142645 -0.0484335 0.0046525 0.00257961 0.0279509 -0.00166102 0.00702497 0.00160455 -0.0153019 0.060733 0.0030913 -0.000785434 0.00249137 -0.0364687 -0.0563759 0.000185155 0.00452781 -0.0233307 -0.00402294 1.61486e-05 0.00184648 0.067306 -0.000595891 -0.0355265 0.0228338 0.0515794
internal_weight=72.5712 70.1528 68.4317 3.84816 3.03824 2.41922 1.23247 64.5836 9.2488 55.3348 7.21209 52.9291 5.25918 2.05629 0.996819 50.8729 46.5941 4.27875 3.50076 45.5363 38.438 7.09832 5.73086 36.7561 36.0352 1.29616 34.7391 3.65818 1.0605 2.07268
internal_count=16925 11222 9827 1666 1331 1293 270 8161 563 7598 75 7042 54 251 82 6791 5947 844 788 5703 4444 1259 163 3978 3948 105 3843 103 54 60
is_linear=0
shrinkage=0.1


Tree=65
num_leaves=31
num_cat=0
split_feature=3 3 4 1 3 1 4 1 0 3 0 3 3 4 1 4 3 0 0 3 0 3 3 5 4 4 3 4 0 3
split_gain=2.2348 1.5148 0.518116 0.494025 1.32671 0.988487 0.768194 0.732063 0.916597 0.967328 0.580222 0.732003 0.72603 0.654951 0.888431 0.628762 0.563962 1.50319 0.899446 0.542045 0.580757 1.45882 0.6974 0.670872 0.826529 0.567679 0.7515 0.949225 0.866067 1.66535
threshold=1.0001263238975699 1.4439106845072065 1.0000000180025095e-35 0.51004998353333231 1.1365461153814294 0.50166351316484847 0.77859937438604876 0.51838617539921583 0.66954022988505757 1.1984424831133145 0.9213106295149639 1.3374471320600141 1.3654505878942931 0.57728733917273056 0.63696425895787934 0.42363912256324709 1.1818738269056885 0.76293487957181105 0.61620294599018022 1.1624976166854266 0.44208407871198574 1.0750792230598634 1.0814325633474631 0.49854283058324284 0.20367706052040693 0.12899828569670063 1.0586452584475321 0.10519563293237992 0.38138528138528138 1.0451785307992318
decision_type=2 2 2 2 2 2 2 2 2 2 2 2 2 2 2 2 2 2 2 2 2 2 2 2 2 2 2 2 2 2
left_child=-1 2 -2 5 -5 16 7 -6 -9 -10 11 15 13 14 -12 -11 18 -18 19 20 21 25 -22 24 -24 26 27 28 29 -4
right_child=1 -3 3 4 6 -7 -8 8 9 10 12 -13 -14 -15 -16 -17 17 -19 -20 -21 22 -23 23 -25 -26 -27 -28 -29 -30 -31
leaf_value=-0.10003844498637343 -0.10483332258079357 0.10011192765477039 -0.00078770123628987766 -0.094918499685845814 -0.062145747230764339 0.085118025971433628 -0.1249025821949441 0.093793706977655614 -0.10376404900322705 0.04814755651597516 0.02946438696392677 0.10745220087015864 0.040972820983971731 -0.15224211469797791 -0.13045653746274205 -0.017516210702979863 0.088165145975227399 -0.029730182795933091 -0.12478609096905191 0.10242405402737548 -0.10484232008336476 0.10276425369438809 0.0078608929736724703 0.055927756423458812 -0.087623830935029012 -0.069351391220060496 0.064508265285366101 -0.12835124147041299 -0.10510724304003566 0.10349530248297167
leaf_weight=2.1884064732003017 0.46506319026229803 1.5574264692841087 30.356910079106459 1.8085712974134356 1.6373607862042234 1.5283143346605346 0.50617666775360781 1.1557200275128696 0.82804054414736938 2.6545694792876002 0.99021129496395655 0.93201999855227757 1.0524494685232637 0.57040301919914771 0.53511690685991198 3.2358255272265524 2.5190094553399822 1.895107004093006 0.56952539525809598 0.52780991652980347 1.0031232550973062 1.466789363301358 2.0952195198042323 1.086896304390393 1.5979304079664869 1.1106024106265966 1.8955029068747524 0.56835025543114071 0.73790071910479937 1.6127188159152854
leaf_count=5703 173 1395 3222 2660 38 116 11 131 246 68 19 83 11 15 60 43 687 42 111 91 729 464 57 30 37 46 122 39 377 99
internal_value=-0.00056057 0.00261747 0.000349276 0.0010851 -0.0142859 0.00591979 -0.00394181 0.000562959 0.00915203 9.32826e-05 0.00871845 0.0251054 -0.0267936 -0.060825 -0.0266392 0.0120759 0.00345177 0.0375493 7.9315e-05 0.00169335 0.000472025 0.00499292 -0.0290375 -0.0131293 -0.0334529 0.00104028 0.00326302 -0.000225705 0.0020007 0.00447289
internal_weight=70.6891 68.5007 66.9432 66.4782 15.9065 50.5717 14.0979 13.5917 11.9544 10.7986 9.9706 6.82242 3.14818 2.09573 1.52533 5.8904 49.0434 4.41412 44.6293 44.0598 43.5319 37.7488 5.78317 4.78005 3.69315 36.282 35.1714 33.2759 32.7075 31.9696
internal_count=16925 11222 9827 9654 3385 6269 725 714 676 545 299 194 105 94 79 111 6153 729 5424 5313 5222 4369 853 124 94 3905 3859 3737 3698 3321
is_linear=0
shrinkage=0.1


Tree=66
num_leaves=31
num_cat=0
split_feature=3 3 4 0 3 0 3 0 3 0 3 0 5 3 2 0 1 0 1 0 3 3 5 3 0 1 3 3 4 0
split_gain=2.01874 1.37381 0.466361 0.444083 1.3876 0.665445 0.907914 1.00999 1.06585 1.23264 0.779034 1.0387 0.813229 0.80466 0.940538 1.15252 0.736015 1.17507 0.645192 0.621842 1.3919 1.03684 0.574334 1.13964 0.561158 0.488484 1.09582 0.853664 0.931462 0.707157
threshold=1.0001263238975699 1.4439106845072065 1.0000000180025095e-35 0.031754032258064509 1.0004844364999712 0.036038961038961002 1.0008248272658653 0.051503094606542808 1.0018709116917033 0.077677224736048267 1.0031266266374554 0.10582306830907051 0.26548407165438537 1.0055155507012519 0.21804763463467766 0.12613636363636363 0.066421497023710904 0.056079664570230552 0.14139910563393945 0.16515151515151513 1.012177058009387 1.0093296188352328 0.026746334566336103 1.0002720006616583 0.087977296181630513 0.51004998353333231 1.1365461153814294 1.3285594431535992 0.90654991263340301 0.87609649122807032
decision_type=2 2 2 2 2 2 2 2 2 2 2 2 2 2 2 2 2 2 2 2 2 2 2 2 2 2 2 2 2 2
left_child=-1 2 -2 22 -5 -6 -7 -8 16 -10 12 18 -11 14 -13 -16 17 -9 -12 21 -21 -15 -4 -24 -14 27 -27 29 -29 -22
right_child=1 -3 3 4 5 6 7 8 9 10 11 13 24 19 15 -17 -18 -19 -20 20 25 -23 23 -25 -26 26 -28 28 -30 -31
leaf_value=-0.10003478099884472 -0.1044244135646763 0.1001012654795681 0.10202617809562993 -0.10413567035389953 0.12627898322527276 -0.10285091632782753 0.10304721675806534 0.1226086671163753 0.10258534810114035 -0.12517335014578457 0.11067504710544518 -0.11259434251425862 0.15023035470493501 0.00095738217379019101 0.20160215486789632 -0.10013066206455867 -0.13084476707446865 -0.10719111181316857 -0.035861598786415656 -0.10249286332420311 0.0073251780378904207 0.10299701210843171 -0.10111931159214538 0.10483539511200707 -0.10083369368220277 -0.093042309699872441 -0.0036783531519822207 0.11251413769462987 -0.097742929043661719 -0.11745217474434562
leaf_weight=1.9802208910987236 0.42237080799532023 1.409360218560322 0.98163395933806841 1.2659611712151662 0.42530404403805633 0.83422305216663417 0.97684531239792605 0.39459539949893851 1.2162019256502379 0.93545505229849257 1.365571318194269 1.2576032783836115 0.22256194055080414 2.6685888150241217 0.24998420476913441 0.25646132510155439 1.0210004354885311 0.51026183471549302 0.38522874377667893 1.3103859673137765 28.752013439370792 1.5886150791775433 0.56804152019321896 0.50980120134772733 0.14837777224602178 1.524808644899166 13.709931753226554 1.3649955288274203 0.2491599085042252 0.46148751577129488
leaf_count=5703 173 1395 40 323 11 201 66 3 110 204 105 176 1 42 1 330 386 39 13 908 3006 218 12 36 154 2297 725 214 18 15
internal_value=-0.000526915 0.00241467 0.000315237 0.000994217 -0.00049733 0.00162466 0.000761272 0.00218831 0.000535041 0.00297901 0.000833067 0.00264118 -0.0754902 0.00015597 -0.0662574 0.0488063 -0.0726467 -0.00697869 0.0784326 0.00242512 -0.000864807 0.0390344 0.0466903 -0.00370625 0.0498035 0.00202631 -0.0126226 0.00926566 0.080059 0.00535406
internal_weight=68.9671 66.9868 65.5775 65.1551 63.0956 61.8297 61.4044 60.5701 59.5933 57.6674 56.4512 55.1448 1.30639 53.394 1.76405 0.506446 1.92586 0.904857 1.7508 51.63 47.3728 4.2572 2.05948 1.07784 0.37094 46.0624 15.2347 30.8277 1.61416 29.2135
internal_count=16925 11222 9827 9654 9566 9243 9232 9031 8965 8537 8427 8068 359 7950 507 331 428 42 118 7443 7183 260 88 48 155 6275 3022 3253 232 3021
is_linear=0
shrinkage=0.1


Tree=67
num_leaves=31
num_cat=0
split_feature=3 3 1 2 1 2 2 3 0 0 2 3 1 3 4 3 4 3 0 0 0 3 0 3 0 3 0 3 0 3
split_gain=1.82364 1.2458 0.437241 0.460849 0.854812 0.456106 0.749986 0.615119 1.12294 0.795686 1.02697 0.698773 0.684722 0.616134 0.727004 0.580872 0.492724 0.806683 0.695045 0.55075 0.407607 0.602283 0.619761 0.589088 0.874353 0.836258 0.924444 0.949895 1.12497 0.699189
threshold=1.0001263238975699 1.4439106845072065 0.73017478545081949 0.82213004059448169 0.64625338546056854 0.73325836489989571 0.71110960756481967 1.3285594431535992 0.86240703177822864 0.8119103773584907 0.58470986625054844 1.2807270013352239 0.60199866524282075 1.2390000898492741 0.55634721549401445 1.2807270013352239 0.37356519585105402 1.1818738269056885 0.64760348583878014 0.66954022988505757 0.019419306184012056 1.0002466771110343 0.025978407557354904 1.0004844364999712 0.036038961038961002 1.0008248272658653 0.051503094606542808 1.0018709116917033 0.077677224736048267 1.0034085484447643
decision_type=2 2 2 2 2 2 2 2 2 2 2 2 2 2 2 2 2 2 2 2 2 2 2 2 2 2 2 2 2 2
left_child=-1 2 3 4 5 6 7 9 -9 11 -11 12 13 16 -15 -12 17 19 -18 20 -2 -22 -23 -24 -25 -26 -27 -28 -29 -30
right_child=1 -3 -4 -5 -6 -7 -8 8 -10 10 15 -13 -14 14 -16 -17 18 -19 -20 -21 21 22 23 24 25 26 27 28 29 -31
leaf_value=-0.10003147085638808 0.13590582642645335 0.10009161798187623 -0.10111162714079697 0.087185220572393821 -0.091406759585966779 0.055500857839986276 -0.093161278726425295 0.11814760959055813 0.0069905363292165484 -0.12038716501813931 -0.069987436108263024 0.10215157088660148 -0.10183595537925377 0.11827935523420677 -0.077489613934527829 0.042371998818023282 0.092114722931705931 0.063437734101782342 -0.086350605723230361 -0.10285085443790579 -0.10172674244452068 0.10544784655234199 -0.062563786884809333 0.11408767629611348 -0.10254448401716494 0.10276269441449955 -0.072139054507522879 0.1023459543109851 -0.066488202099348026 0.0027000978640499521
leaf_weight=1.7918342209304672 0.22000359708908845 1.2753585148602713 0.42253849207190697 0.61373903922503714 1.0043440976005502 1.5307734662783321 0.84785156388534133 1.2356533053098235 3.4360978743061423 1.2544567545119201 0.78121270315023128 0.68156286457087745 0.64901323226513241 0.86421932012308278 0.24303753371350467 1.1194032591301946 0.26326864125439797 2.0250107059255233 1.2754858623666221 0.52544142361148161 0.58066030545160074 0.55861780885606904 1.4801619420177292 0.68009052146226068 0.78367469951626745 0.88620895612984796 1.7688627809111483 1.1029081919696171 1.5230907264340192 35.594883900281275
leaf_count=5703 15 1395 787 52 767 66 64 290 36 120 208 177 289 143 21 15 79 192 68 330 123 29 205 39 202 66 421 110 417 4496
internal_value=-0.000505736 0.00222828 0.000276659 0.000950996 0.00010979 0.00159439 0.000227757 0.00155778 0.036391 -0.00140847 -0.0501618 0.00156642 0.000222852 0.00153772 0.075309 -0.00381125 -0.000120211 0.00167538 -0.0558166 -0.00106109 0.000122744 -0.000541699 0.000782234 -0.000552048 0.00161583 -0.000220263 0.0017415 -0.000497222 0.00281836 -0.000138959
internal_weight=67.0195 65.2276 63.9523 63.5297 62.916 61.9117 60.3809 59.533 4.67175 54.8613 3.15507 51.7062 51.0246 50.3756 1.10726 1.90062 49.2684 47.7296 1.53875 45.7046 45.1792 44.9592 44.3785 43.8199 42.3397 41.6596 40.876 39.9897 38.2209 37.118
internal_count=16925 11222 9827 9040 8988 8221 8155 8091 326 7765 343 7422 7245 6956 164 223 6792 6645 147 6453 6123 6108 5985 5956 5751 5712 5510 5444 5023 4913
is_linear=0
shrinkage=0.1


Tree=68
num_leaves=31
num_cat=0
split_feature=3 3 4 0 3 2 0 3 0 3 0 3 0 1 0 3 0 5 3 2 0 3 3 0 3 1 0 3 0 4
split_gain=1.64815 1.12916 0.4079 0.391112 1.04575 0.722612 0.369274 1.152 0.532034 0.730023 0.833289 0.787928 1.02002 0.712381 1.05494 0.586509 0.92793 0.767826 0.693187 0.846081 0.952643 0.611852 1.1442 0.819411 1.0461 0.585819 0.552464 0.566982 1.24477 1.1101
threshold=1.0001263238975699 1.4439106845072065 1.0000000180025095e-35 0.97849213691026848 1.3764677907238665 0.59874763730107783 0.031754032258064509 1.0004844364999712 0.036038961038961002 1.0008248272658653 0.051503094606542808 1.0018709116917033 0.077677224736048267 0.066421497023710904 0.056079664570230552 1.0031266266374554 0.10582306830907051 0.26548407165438537 1.0055155507012519 0.21804763463467766 0.12613636363636363 1.0057175504592355 1.0064071162036627 0.15319426336375488 1.0104624936819859 0.14139910563393945 0.16515151515151513 1.0188952945751943 0.21913109756097562 0.026069895418924304
decision_type=2 2 2 2 2 2 2 2 2 2 2 2 2 2 2 2 2 2 2 2 2 2 2 2 2 2 2 2 2 2
left_child=-1 2 -2 4 6 -5 -4 -8 -9 -10 -11 13 -13 14 -12 17 25 -14 19 -18 -21 -20 -23 -24 -25 -17 -26 29 -29 -28
right_child=1 -3 3 5 -6 -7 7 8 9 10 11 12 15 -15 -16 16 18 -19 21 20 -22 22 23 24 26 -27 27 28 -30 -31
leaf_value=-0.10002847877362753 -0.10414093571535317 0.10008289249367477 0.044425591902730488 0.031343783294035796 0.10366492530811727 -0.11276685462666576 -0.10360527759141686 0.12139761153397853 -0.10235524576683555 0.10250431860190412 0.1215407263227628 0.10212820551510282 -0.12282451998771196 -0.12928705668462223 -0.106150145010728 0.10805341110061178 -0.11158386579776491 0.055858942962268426 0.1053902748911678 0.18282769380737018 -0.1001183176594433 -0.14819238918979499 0.059805511299356955 -0.10456355821355603 0.10583147524659715 -0.032303804477019797 0.011532631309348406 0.10341867473035249 0.00018021807704500699 -0.10194848253400116
leaf_weight=1.6213647079130158 0.37200415364350092 1.1540875959908579 1.8466654621297482 0.60907940226024837 0.99709268705919285 0.81157091702334583 1.0739421851176292 0.36430706828832526 0.68618312070611764 0.80379344848915835 0.3819403052330006 0.99997216952033241 0.81681458165985421 0.88374761477462016 0.43552289751823992 1.2733568004332472 1.145465793495531 0.34083908153115772 0.55997751670656626 0.2477944642305373 0.22892622667131945 0.51366285761468944 2.3204916277900329 0.95710355247137968 0.4981507807970037 0.38797049596905697 1.9473928442166646 1.204596421914174 38.339531763253035 1.5466346734028773
leaf_count=5703 173 1395 88 14 220 248 321 11 201 66 3 110 204 385 39 105 176 152 40 1 330 120 193 567 48 13 164 215 4924 696
internal_value=-0.000464174 0.00206812 0.000260968 0.000885146 0.00209703 -0.0509819 0.000403646 -0.000998985 0.000938166 0.000161727 0.00142164 -5.48257e-05 0.00208236 -0.0670503 0.000233018 0.000170542 0.00176291 -0.0702161 -0.00070385 -0.0649935 0.0469541 0.00147395 0.000244422 0.00187314 -0.00114825 0.0752757 0.00112524 -8.66964e-05 0.00332508 -0.0386999
internal_weight=65.37 63.7486 62.5945 62.2225 60.8019 1.42065 59.8048 57.9581 56.8842 56.5199 55.8337 55.0299 53.3287 1.70121 0.817463 52.3287 51.1711 1.15765 49.5097 1.62219 0.476721 47.8875 47.3276 46.8139 44.4934 1.66133 43.5363 43.0382 39.5441 3.49403
internal_count=16925 11222 9827 9654 9392 262 9172 9084 8763 8752 8551 8485 8058 427 42 7948 7592 356 7474 507 331 6967 6927 6807 6614 118 6047 5999 5139 860
is_linear=0
shrinkage=0.1


Tree=69
num_leaves=31
num_cat=0
split_feature=3 3 1 2 1 2 5 0 3 1 4 0 3 0 3 0 3 0 3 0 4 1 0 2 1 3 0 1 1 3
split_gain=1.48902 1.02377 0.386019 0.413524 0.679896 0.366408 0.633899 0.424831 0.454036 0.341626 0.335371 0.329095 0.543884 0.511431 0.484051 0.686736 0.684726 0.722004 0.747371 0.882473 0.676987 0.638079 0.941643 0.595248 0.693742 0.983004 0.489174 0.785989 1.26104 1.14546
threshold=1.0001263238975699 1.4439106845072065 0.7147196408189852 0.82213004059448169 0.64625338546056854 0.73325836489989571 0.65835504855097182 0.77003205128205143 1.2118855571175333 0.59701224893299976 1.0000000180025095e-35 0.019419306184012056 1.0002466771110343 0.025978407557354904 1.0004844364999712 0.036038961038961002 1.0008248272658653 0.051503094606542808 1.0018709116917033 0.077677224736048267 0.00036443492302620008 0.066421497023710904 0.056079664570230552 0.029284908012114304 0.11054940508739371 1.0045262549513969 0.11215932914046121 0.12232713793887347 0.13771986288966662 1.0126002939251477
decision_type=2 2 2 2 2 2 2 2 2 2 2 2 2 2 2 2 2 2 2 2 2 2 2 2 2 2 2 2 2 2
left_child=-1 2 3 4 5 6 10 8 -8 -7 -2 -12 -13 -14 20 -16 -17 -18 21 -20 -15 22 -19 -21 -25 -26 -27 -28 -29 -30
right_child=1 -3 -4 -5 -6 9 7 -9 -10 -11 11 12 13 14 15 16 17 18 19 23 -22 -23 -24 24 25 26 27 28 29 -31
leaf_value=-0.1000257668069488 -0.10427644982321067 0.10007499723932706 -0.090240053030671161 0.088028813541157394 -0.086805116834876586 -0.016476940036425095 -0.096906605715314661 -0.11072500356427713 0.10434444792187432 0.084488575424134169 0.13020207048579666 -0.1017172905207679 0.10477385044653389 0.053431679526741438 0.11148253788180154 -0.10214135576395951 0.10226975050069043 0.11916522057210802 0.10193023012628331 -0.074699763211529061 -0.10247818353219125 -0.128109258200964 -0.10559754758292128 0.055184804639148759 -0.10329335911491531 0.079020098196855598 -0.083668147166380977 0.11710941749065161 -0.059308524397674672 0.0057434361203928868
leaf_weight=1.4671092535136256 0.29670913706649926 1.0443398348288599 0.4680900963867306 0.5401340881944624 0.88617958182294287 0.50673865096177795 0.21194442678824887 0.84609762919717468 0.23796925414353609 0.98954296033480205 0.20051436114590515 0.50240059036877838 0.48749619442969461 0.39245971897616871 0.58132984815165301 0.62156217489973542 0.72888569114729662 0.35212768614292034 0.90648027462884684 0.98241999908350308 0.95916994832805358 0.80446603214659262 0.3960347615648061 2.5035969500895581 0.88417068851413105 0.83469011052511533 1.0516793012502592 0.96080701926257361 2.9079344339261288 39.136474416911369
leaf_count=5703 110 1395 926 30 650 16 270 126 34 50 15 122 29 10 39 199 66 3 110 73 193 374 39 213 571 43 41 68 984 4423
internal_value=-0.000448868 0.001899 0.00022309 0.000920585 0.00013863 0.00143828 0.000173233 -0.0689749 0.00953951 0.0502951 0.00175961 0.00231948 0.00186154 0.0027993 0.00189551 0.00338446 0.00220039 0.0034369 0.00204408 0.00415881 -0.0572081 -0.0662866 0.00018856 0.00235969 0.00392774 0.00112436 0.00318094 0.00174411 0.00383284 0.00124422
internal_weight=63.6896 62.2224 61.1781 60.71 60.1699 59.2837 57.7874 1.29601 0.449914 1.49628 56.4914 56.1947 55.9942 55.4918 55.0043 53.6527 53.0713 52.4498 51.7209 50.1683 1.35163 1.55263 0.748162 49.2618 48.2794 45.7758 44.8916 44.0569 43.0052 42.0444
internal_count=16925 11222 9827 8901 8871 8221 8155 430 304 66 7725 7615 7600 7478 7449 7246 7207 7008 6942 6526 203 416 42 6416 6343 6130 5559 5516 5475 5407
is_linear=0
shrinkage=0.1


Tree=70
num_leaves=31
num_cat=0
split_feature=3 3 0 3 4 1 0 3 1 0 3 4 5 5 1 3 4 0 3 4 3 3 0 0 1 1 0 3 4 1
split_gain=1.34544 0.928089 0.358105 0.880161 0.966489 0.909678 0.804651 0.641467 0.537574 0.904272 0.545484 0.651692 0.480133 1.35993 0.631653 0.845475 1.1063 0.813746 1.2625 1.00464 0.701553 0.606583 1.42502 1.27906 1.05404 0.925206 0.889999 1.05464 0.863922 0.851866
threshold=1.0001263238975699 1.4439106845072065 0.9213106295149639 1.2807270013352239 0.53705869862524935 0.60199866524282075 0.83034857691077724 1.3374471320600141 0.5944571775494325 0.8119103773584907 1.2390000898492741 0.55634721549401445 0.38671423835131918 0.3840297514779597 0.26968720177858302 1.0637604743489464 0.083564206269494276 0.62605932203389847 1.1365461153814294 0.20085286428457097 1.052493146346746 1.0373317000816324 0.30094339622641514 0.38138528138528138 0.39724710286576742 0.29438294267965159 0.21103238866396759 1.0129639843032912 0.023186581059997553 0.26968720177858302
decision_type=2 2 2 2 2 2 2 2 2 2 2 2 2 2 2 2 2 2 2 2 2 2 2 2 2 2 2 2 2 2
left_child=-1 2 3 5 -5 8 -6 -4 9 10 12 -12 13 21 -14 16 20 18 19 -17 -16 22 25 24 -23 26 27 28 -2 -25
right_child=1 -3 7 4 6 -7 -8 -9 -10 -11 11 -13 14 -15 15 17 -18 -19 -20 -21 -22 23 -24 29 -26 -27 -28 -29 -30 -31
leaf_value=-0.10002331227736166 0.0024048273748904937 0.10006785690321869 -0.10272902651251542 0.10203371689440628 0.10279362095404641 -0.07692101560009218 -0.0086082986731308986 -0.0073009262924296344 0.088301163790179868 -0.10850467961088622 0.11697065024615338 -0.071119403820317811 0.076961795127705082 0.13913768948868971 -0.049149474798048903 0.01525663335989412 -0.12701445939690531 -0.046272211162626357 0.10582595665609901 -0.094252386633225493 0.1010073720715436 0.090980728742190264 -0.10689701813672413 -0.12844112303085448 -0.09831099820463654 0.092660116326053032 -0.04337839360935801 0.070228352068710809 -0.10948454235585824 0.0074858207818524385
leaf_weight=1.3275262429087877 14.158728955895654 0.94502177019603451 0.90366055472986673 1.7159578124992538 0.80316193343605835 1.570475059445015 3.3641473660245538 3.194574442692101 0.68603346540476096 0.76776252913987164 0.78722731675952562 0.24048062041401863 0.68530330836074327 0.74805949747678724 1.1201353639044094 4.0047661743883491 1.5439841308980247 3.4256949248083401 1.2158080927329136 1.0593425352126358 0.43082396252430033 3.084280035924166 1.3021769744809706 0.52253707265481342 0.3251819455763324 1.0431613648834162 4.4928742981282985 2.2627132323104879 0.72543220286024812 3.9191026111075189
leaf_count=5703 1559 1395 677 364 178 1456 33 29 94 108 144 21 75 30 806 208 780 223 203 40 42 660 766 24 9 105 533 288 32 340
internal_value=-0.000427929 0.00173781 0.000191748 0.00227979 0.0388706 -0.00201519 0.0128621 -0.0283428 0.00040775 -0.000851983 0.000902912 0.0729581 -0.000704459 0.00586314 -0.016573 -0.0215805 -0.067092 -0.00706774 0.0143183 -0.00765116 -0.00743905 0.00273157 -0.00516574 0.0268578 0.0729268 0.000674432 -0.00375981 0.00662117 -0.0030485 -0.00850532
internal_weight=62.3761 61.0486 60.1036 56.0054 5.88327 50.1221 4.16731 4.09823 48.5516 47.8656 47.0978 1.02771 46.0701 32.5842 13.4859 12.8006 3.09494 9.70561 6.27992 5.06411 1.55096 31.8362 23.9851 7.8511 3.40946 22.6829 21.6397 17.1469 14.8842 4.44164
internal_count=16925 11222 9827 9121 575 8546 211 706 7090 6996 6888 165 6723 4346 2377 2302 1628 674 451 248 848 4316 3283 1033 669 2517 2412 1879 1591 364
is_linear=0
shrinkage=0.1


Tree=71
num_leaves=31
num_cat=0
split_feature=3 3 4 1 3 1 2 1 4 0 3 0 3 0 3 0 0 1 0 3 0 2 0 1 3 2 0 3 3 0
split_gain=1.21645 0.840751 0.338091 0.896637 0.655953 0.390261 0.340389 0.641759 0.299067 0.291589 0.485467 0.466352 0.404399 0.856624 0.655507 0.809208 0.571032 0.568717 0.841612 0.512822 0.872849 0.764275 0.668036 0.635833 0.575161 0.839114 0.638553 0.519033 0.97007 0.621099
threshold=1.0001263238975699 1.4439106845072065 0.77859937438604876 0.4875774292327158 1.3764677907238665 0.7147196408189852 0.82213004059448169 0.64625338546056854 1.0000000180025095e-35 0.019419306184012056 1.0002466771110343 0.025978407557354904 1.0008248272658653 0.051503094606542808 1.0018709116917033 0.077677224736048267 0.036038961038961002 0.066421497023710904 0.056079664570230552 1.0034085484447643 0.10582306830907051 0.1665347975420077 0.091750841750841708 0.14139910563393945 1.0055155507012519 0.21804763463467766 0.12613636363636363 1.0057175504592355 1.0064071162036627 0.13100686498855832
decision_type=2 2 2 2 2 2 2 2 2 2 2 2 2 2 2 2 2 2 2 2 2 2 2 2 2 2 2 2 2 2
left_child=-1 2 4 -4 5 6 7 8 -2 -10 -11 -12 16 -14 17 -16 -13 18 -15 21 23 -17 -23 -21 25 -22 -27 -26 -29 -30
right_child=1 -3 3 -5 -6 -7 -8 -9 9 10 11 12 13 14 15 19 -18 -19 -20 20 24 22 -24 -25 27 26 -28 28 29 -31
leaf_value=-0.10002109521288641 -0.10389048352478605 0.10006139539692988 0.099767704527802065 -0.11876163668737004 0.087947090534982689 -0.10103344274923026 0.083598743974685544 -0.091052724211867789 0.12656962837218741 -0.10155916866985044 0.10433787838289668 0.0020900615766446355 0.10173756889322248 0.11704384436240332 0.10174626357909522 -0.11961637370768381 -0.10133076486123611 -0.12676399430926738 -0.10510272669768361 0.12559903703296821 -0.11218121641936568 0.13202567128123049 -0.10013244137726113 -0.028740780729421891 0.099883245387471328 0.16359339902749892 -0.10010674440832626 -0.14203501173164587 0.078708519824056897 0.0013602475316885692
leaf_weight=1.2012207140651288 0.27016264453413796 0.85514346417039533 0.25825345690827717 0.68782584363361821 0.85791026847436924 0.38089603948173945 0.48900631000287731 0.76678272115532209 0.18602039775578205 0.45629946784174436 0.44183677574619551 1.2868725312873714 0.86343177407979865 0.32343611493706592 0.8196869301609685 0.81842872779816278 0.91240898752585042 0.73533074048464186 0.3607710130745545 0.96653625322505721 0.97989652401883975 0.30033599585294724 0.21104016432946082 0.36876321583986282 0.54528766730800171 0.23761864006519318 0.14966753331827931 0.46447418628667847 1.0641730334609736 42.450766043999465
leaf_count=5703 112 1395 61 16 174 924 21 641 15 122 29 21 95 3 110 127 393 377 39 103 145 2 294 13 35 1 251 110 95 5498
internal_value=-0.0003896 0.00162151 0.000186311 -0.0591092 0.00115842 -0.000151291 0.000529181 -0.000196462 0.00106532 0.0015814 0.00115679 0.00201993 0.00118056 0.00296845 0.00128958 0.00321571 -0.0408158 -0.0657082 -9.03394e-05 0.00155242 0.00327689 -0.059691 0.0362162 0.0829758 0.000957918 -0.0629293 0.0616859 0.00291965 0.00171743 0.00325183
internal_weight=60.7103 59.5091 58.6539 0.946079 57.7078 56.8499 56.469 55.98 55.2132 54.9431 54.7571 54.3008 53.8589 51.6596 50.7962 49.3767 2.19928 1.41954 0.684207 48.557 47.2272 1.3298 0.511376 1.3353 45.8919 1.36718 0.387286 44.5247 43.9794 43.5149
internal_count=16925 11222 9827 77 9750 9576 8652 8631 7990 7878 7863 7741 7712 7298 7203 6784 414 419 42 6674 6251 423 296 116 6135 397 252 5738 5703 5593
is_linear=0
shrinkage=0.1


Tree=72
num_leaves=31
num_cat=0
split_feature=3 3 1 4 1 3 4 0 3 0 3 0 4 3 0 3 0 1 0 2 0 3 4 3 0 2 0 0 5 3
split_gain=1.09936 0.761975 0.298539 0.301305 0.786432 0.56315 0.271657 0.259995 0.433602 0.426422 0.366742 0.611802 0.578037 0.542674 0.606706 0.572707 0.744209 0.507219 0.753279 0.470621 0.561806 0.738693 0.803502 1.13509 0.662461 0.56432 0.763109 0.552772 0.550629 0.486037
threshold=1.0001263238975699 1.4439106845072065 0.73017478545081949 0.77859937438604876 0.4875774292327158 1.3764677907238665 1.0000000180025095e-35 0.019419306184012056 1.0002466771110343 0.025978407557354904 1.0004844364999712 0.036038961038961002 0.00036443492302620008 1.0008248272658653 0.051503094606542808 1.0018709116917033 0.077677224736048267 0.066421497023710904 0.056079664570230552 0.029284908012114304 0.10582306830907051 1.0055155507012519 0.010459976214370751 1.0068572966335816 0.16035714285714289 0.21804763463467766 0.12220009955201593 0.13536417773705908 0.031741186130937953 1.0206601048787831
decision_type=2 2 2 2 2 2 2 2 2 2 2 2 2 2 2 2 2 2 2 2 2 2 2 2 2 2 2 2 2 2
left_child=-1 2 3 5 -5 6 -2 -8 -9 -10 12 -12 -11 -13 -15 17 -17 18 -16 -18 28 25 24 -24 -23 -22 -27 -25 -21 -26
right_child=1 -3 -4 4 -6 -7 7 8 9 10 11 13 -14 14 15 16 19 -19 -20 20 21 22 23 27 29 26 -28 -29 -30 -31
leaf_value=-0.10001908741134065 -0.10346694114449512 0.10005554910063508 -0.10109925565689859 0.097809052569311494 -0.11498202109133787 0.084590061051490584 0.1234965405882999 -0.10140773435911542 0.1039478992781262 0.048185330135327609 0.11082085253041746 -0.1017711103671247 -0.097449863808197076 0.10185993242392344 0.11521784718511406 0.10158317822082658 -0.070369949997286962 -0.12519082475832688 -0.10463921800937906 -0.01537042225946085 -0.10947280287292856 0.11376252191079779 -0.13915261319129302 0.103210200513705 -0.10116231645546379 0.15399634411066485 -0.10007950207712286 0.00026749818096922324 0.10441364336431463 0.070504805863878181
leaf_weight=1.0869301569036895 0.25079736518091422 0.77380872116191213 0.28970367956207965 0.23812381236348201 0.6417828350677155 0.80552289274055411 0.17228967678965901 0.41469675813277618 0.40121410507708688 0.39427015162072965 0.50932425167411466 0.51186679897364129 0.88267627703316975 0.59781577391549845 0.2970566228032101 0.74281359161250193 0.91350154479732637 0.67402647774724755 0.32781156618148088 0.6129620959982266 1.0468428226595268 1.1445835491176684 0.58125819303677317 0.52811178914271195 0.31751415843609709 0.22768978774547566 0.24585290680988692 42.439980055845808 1.0263069188222287 0.34319738997146487
leaf_count=5703 125 1395 787 61 16 174 15 128 29 10 39 201 194 66 3 110 73 382 39 33 315 90 192 62 95 1 486 5875 76 150
internal_value=-0.000372827 0.00148325 0.000158545 0.000670586 -0.0573957 0.00157633 0.000373736 0.000844219 0.000461269 0.00123263 0.000474594 0.0017484 -0.0524835 0.000691841 0.00169914 0.000535778 0.00223306 -0.0650227 -0.00012118 0.000739998 0.00207897 6.65726e-05 0.00236498 -0.000344998 0.0677381 -0.0684973 0.0220858 0.00153275 0.0596235 -0.0119922
internal_weight=59.4403 58.3534 57.5796 57.2899 0.879907 56.41 55.6045 55.3537 55.1814 54.7667 54.3655 53.0885 1.27695 52.5792 52.0673 51.4695 50.1706 1.29889 0.624868 49.4278 48.5143 46.875 45.3546 43.5494 1.8053 1.52039 0.473543 42.9681 1.63927 0.660712
internal_count=16925 11222 9827 9040 77 8963 8789 8664 8649 8521 8492 8288 204 8249 8048 7982 7558 424 42 7448 7375 7266 6464 6129 335 802 487 5937 109 245
is_linear=0
shrinkage=0.1


Tree=73
num_leaves=31
num_cat=0
split_feature=3 3 0 3 0 3 4 3 2 0 1 1 0 0 0 3 5 4 3 0 5 3 1 2 2 2 0 3 3 5
split_gain=0.993755 0.690406 0.27834 0.726913 0.611044 0.574894 0.559414 0.711152 0.953788 1.15437 0.726155 0.453873 0.759789 0.4628 0.542529 0.562326 0.411484 0.392006 0.802416 0.562014 0.352198 0.330611 0.307889 0.592299 0.477368 0.739648 0.607674 1.35697 0.670015 0.61418
threshold=1.0001263238975699 1.4439106845072065 0.9213106295149639 1.3374471320600141 0.86240703177822864 1.3374471320600141 0.64471467070763855 1.2807270013352239 0.58161312528333731 0.8426212590299279 0.60199866524282075 0.5944571775494325 0.8119103773584907 0.80901722391084097 0.78647416413373872 1.2390000898492741 0.64523077730134826 0.37356519585105402 1.2118855571175333 0.64760348583878014 0.76661334052483554 1.2548928199007963 0.54349904135502569 0.57599417051962509 0.5580199289277078 0.54784436997786401 0.44208407871198574 1.0750792230598634 1.0814325633474631 0.30638202480747961
decision_type=2 2 2 2 2 2 2 2 2 2 2 2 2 2 2 2 2 2 2 2 2 2 2 2 2 2 2 2 2 2
left_child=-1 2 3 6 -5 -4 7 10 9 -9 11 12 13 14 15 17 -10 18 22 -19 -12 -22 23 24 25 26 27 -2 -28 -30
right_child=1 -3 5 4 -6 -7 -8 8 16 -11 20 -13 -14 -15 -16 -17 -18 19 -20 -21 21 -23 -24 -25 -26 -27 28 -29 29 -31
leaf_value=-0.10001727094030788 1.2313424655693634e-05 0.10005025851845804 -0.10254744217738948 0.11966788317602955 0.010527713039381473 -0.0063632608899767103 -0.084245902817697421 0.10206925894717589 0.1204536403061055 -0.13233734515483106 -0.097844259679883305 0.082583761626947305 -0.10820115990037449 0.14517857688480151 -0.11739124671136394 0.10178815873312919 0.018184739130699009 0.090144974913611425 0.11653482975286321 -0.080750176464996506 -0.10007505253482032 0.10926656133334563 -0.076318732680386248 0.079667292808663678 -0.080600459325289309 0.10035525696784509 -0.10435558647079027 0.10231171292998656 0.10037658394090997 -0.024572333785161965
leaf_weight=0.98351200150500417 30.084759737466815 0.70020622201263805 0.77885603248432689 0.94042673741932903 1.1286254120059309 3.0740739237517118 0.78226881270529602 0.3557067450601602 1.3305997879942877 0.51319549977779388 1.1276465263363196 0.66055779128509939 0.65054368089476966 0.22048315696883847 0.39062345217098382 0.5464837746694674 0.55859172868076701 0.2305985739803863 0.59717594122048367 1.1628204045264281 0.12895427134935733 0.18179345200769603 0.52488289850589254 0.92960853839758684 0.74087931390385975 0.72692639495653466 0.99345701064157665 1.3550567604834203 0.42394512158352871 5.4594239062862471
leaf_count=5703 3972 1395 677 313 18 29 47 128 59 3 1050 94 101 5 39 159 18 79 83 53 400 6 501 115 68 52 965 555 25 213
internal_value=-0.000349625 0.00136112 0.000140202 0.00203553 0.0601342 -0.0258065 -0.000336535 0.000979029 0.0503338 -0.0363772 -0.00190885 0.000293185 -0.000913753 0.000658665 -6.27887e-05 0.00098416 0.090215 -0.000290148 0.00144774 -0.0524685 -0.0718683 0.0223939 -0.000218825 0.00076225 -0.00108146 0.000427474 -0.00146831 0.00442142 -0.0283953 -0.0155687
internal_weight=58.2827 57.2992 56.599 52.746 2.06905 3.85293 50.677 49.8947 2.75809 0.868902 47.1366 45.6982 45.0377 44.3871 44.1666 43.776 1.88919 43.2295 41.8361 1.39342 1.43839 0.310748 41.2389 40.7141 39.7844 39.0436 38.3166 31.4398 6.87683 5.88337
internal_count=16925 11222 9827 9121 331 706 8790 8743 208 131 8535 7079 6985 6884 6879 6840 77 6681 6549 132 1456 406 6466 5965 5850 5782 5730 4527 1203 238
is_linear=0
shrinkage=0.1


Tree=74
num_leaves=31
num_cat=0
split_feature=3 3 4 1 3 2 5 4 5 0 0 3 4 0 0 5 5 0 4 3 1 2 0 2 0 3 5 2 3 2
split_gain=0.898683 0.625258 0.267403 0.671341 0.471562 1.02193 1.08311 1.36104 1.32839 0.764257 0.75066 0.448199 0.762491 0.713632 0.621364 0.341917 0.762824 0.507023 0.331989 0.93542 0.63137 0.54252 0.482449 0.345661 0.413027 0.528341 0.445018 0.357632 0.75615 0.581793
threshold=1.0001263238975699 1.4439106845072065 0.77859937438604876 0.4875774292327158 1.3285594431535992 0.57350052305523691 0.59445742656942457 0.60765652612158738 0.58952865874148008 0.95959183673469395 0.86512474012474028 1.2390000898492741 0.48501478541153359 0.80178571428571443 0.78647416413373872 0.60621772803575957 0.50898418998735073 0.9213106295149639 0.37356519585105402 1.1924587048371766 0.54349904135502569 0.55536627403301397 0.76293487957181105 0.63338351208423693 0.61620294599018022 1.1624976166854266 0.32806629878355936 0.55312698998261911 1.0814325633474631 0.53370644753961105
decision_type=2 2 2 2 2 2 2 2 2 2 2 2 2 2 2 2 2 2 2 2 2 2 2 2 2 2 2 2 2 2
left_child=-1 2 4 -4 10 -6 7 8 -7 -8 11 14 -13 -14 18 16 -12 -18 19 20 23 22 -20 24 25 27 -26 29 -29 -2
right_child=1 -3 3 -5 5 6 9 -9 -10 -11 15 12 13 -15 -16 -17 17 -19 21 -21 -22 -23 -24 -25 26 -27 -28 28 -30 -31
leaf_value=-0.10001562591220181 -0.00021502053987253766 0.10004547490905602 0.096496147726135018 -0.11147381158351524 0.12824442182118898 0.1164491861713598 0.11587242435606269 -0.10468548496339292 -0.12674304362842398 -0.026010139981471316 -0.11295516158553889 0.081904096590046341 0.10208720965605345 -0.04985673310334416 -0.10357186247412814 -0.10849719382423802 0.083729278695097983 -0.10207192514338925 0.069845840969739101 0.082390438931771753 -0.082683418755753066 -0.114384797826804 -0.11193370070581438 0.10629526717361792 0.078964849289189398 0.10187670724029303 -0.079548168504783578 -0.11144482307898503 0.12191690240123772 -0.12015532548199369
leaf_weight=0.8899323769583124 36.475022619619267 0.63360154410474834 0.21014931163517658 0.59381388494512066 0.87779261579271306 0.78697351820301287 1.1646428004023617 1.2765293093398211 0.31431854900438339 0.5632578961085527 0.59755236579803683 1.7422460372908966 0.40937794256024052 1.261979824863374 0.59414389230369025 0.85113870167697303 0.58558752492535859 0.1960362673853524 0.46700807493470964 1.3645558287389565 0.94229740167793252 0.65794283674040344 0.21240950655192137 0.30436375911813129 0.20958639230229792 0.51465850265230884 1.1430589570663867 0.18140897229022712 0.59186830627731979 0.40895989359705609
leaf_count=5703 5363 1395 61 16 153 91 64 19 5 7 73 266 95 12 550 847 58 94 102 147 1224 27 6 13 10 128 203 95 13 85
internal_value=-0.000312426 0.00126829 0.000140597 -0.0571122 0.000982162 0.0303084 0.0093699 -0.0344136 0.04704 0.0696218 -0.00195777 0.000705517 0.0356137 -0.01264 -0.00199859 -0.0586562 -0.0278975 0.0371291 -0.000610399 0.000946462 -0.00177935 -0.0496619 0.0130152 0.000134724 -0.000682778 0.00124154 -0.0549873 -0.000133837 0.0671708 -0.00154489
internal_weight=57.0222 56.1323 55.4987 0.803963 54.6947 4.98351 4.10572 2.37782 1.10129 1.7279 49.7112 47.4809 3.4136 1.67136 44.0673 2.23031 1.37918 0.781624 43.4731 42.1358 40.7712 1.33736 0.679418 39.8289 39.5246 38.1719 1.35265 37.6573 0.773277 36.884
internal_count=16925 11222 9827 77 9750 339 186 115 96 71 9411 8339 373 107 7966 1072 225 152 7416 7281 7134 135 108 5910 5897 5684 213 5556 108 5448
is_linear=0
shrinkage=0.1


Tree=75
num_leaves=31
num_cat=0
split_feature=3 3 4 4 1 3 1 2 1 2 0 3 0 3 0 3 0 3 0 1 0 4 2 1 3 4 4 1 1 2
split_gain=0.812676 0.566267 0.257184 0.237871 0.587991 0.41909 0.256913 0.255702 0.266029 0.29852 0.228172 0.393965 0.381121 0.313744 0.544095 0.494088 0.542977 0.524931 0.60216 0.519138 0.571767 0.492351 0.391532 0.549628 0.688645 0.465803 0.479749 0.415009 1.06732 0.49071
threshold=1.0001263238975699 1.4439106845072065 1.0000000180025095e-35 0.77859937438604876 0.4875774292327158 1.3764677907238665 0.7147196408189852 0.83517993436871318 0.64625338546056854 0.78570142410604427 0.019419306184012056 1.0002466771110343 0.025978407557354904 1.0004844364999712 0.036038961038961002 1.0008248272658653 0.051503094606542808 1.0022452742527939 0.077677224736048267 0.066421497023710904 0.056079664570230552 0.00036443492302620008 0.029284908012114304 0.11054940508739371 1.0045262549513969 0.0067914387658644512 0.0079424945097579022 0.12232713793887347 0.13771986288966662 0.21804763463467766
decision_type=2 2 2 2 2 2 2 2 2 2 2 2 2 2 2 2 2 2 2 2 2 2 2 2 2 2 2 2 2 2
left_child=-1 2 -2 5 -5 6 7 8 10 -10 -4 -12 -13 21 -15 -16 -17 19 -19 20 -18 -14 -20 25 -25 -24 -27 -26 -29 -30
right_child=1 -3 3 4 -6 -7 -8 -9 9 -11 11 12 13 14 15 16 17 18 22 -21 -22 -23 23 24 27 26 -28 28 29 -31
leaf_value=-0.10001414237064843 -0.10297813874878461 0.10004114439807832 0.12083500461100163 0.094219261382054109 -0.10785452596537753 0.078918138175639474 -0.10089513177717938 0.10734326337221547 -0.099942478394139764 0.026699231714976481 -0.10127848627561915 0.10359173056656799 0.042926629166400887 0.10989201914844471 -0.10160843640793459 0.10168538013642521 0.11329293637702385 0.10135112147575123 -0.064151302195662049 -0.11720779390294492 -0.078171272327996977 -0.091980799748791323 0.1097889661566338 -0.10287674214613207 -0.058669834267669807 -0.090418517721278596 0.049516991076879513 0.10982895915329301 -0.027742372166177032 0.0053064406787902973
leaf_weight=0.80525545940326893 0.24080985916952968 0.57332993904128571 0.15917681454447929 0.19451713567832385 0.55441842653090134 0.68808816751697932 0.24935908438055676 0.224502845085225 0.53705521322990435 0.28485671934322454 0.37442467184155148 0.36428942810743947 0.39827595162205287 0.46463823970407148 0.46333964752557122 0.54191534454002876 0.27929371455684193 0.61206825729459424 0.89065354422200371 0.73489101890299935 0.35323346470249817 0.84335980708419811 0.84802916221087743 0.63699440509662864 1.1023274246253993 0.32625347241992109 0.98366756783798337 0.92293399944901366 5.1548357259307513 34.979796052997699
leaf_count=5703 173 1395 15 61 16 174 872 10 604 39 122 29 10 39 200 66 4 106 68 489 47 194 75 479 52 14 115 80 552 5122
internal_value=-0.00028214 0.00117853 0.000136757 0.000595173 -0.055371 0.00137983 0.000368015 0.00084916 0.000391641 -0.0560512 0.00129359 0.000922488 0.00167428 0.000939609 0.0021901 0.00116528 0.00214982 0.00102196 0.00281936 -0.0600443 0.00637015 -0.0487069 0.0015039 0.00280467 0.000321763 0.0520462 0.0146642 0.00188099 0.00350668 0.0010617
internal_weight=55.7866 54.9813 54.408 54.1672 0.748936 53.4183 52.7302 52.4808 52.2563 0.821912 51.4344 51.2752 50.9008 50.5365 49.2949 48.8302 48.3669 47.825 46.4576 1.36742 0.632527 1.24164 45.8455 44.9548 42.7969 2.15795 1.30992 42.1599 41.0576 40.1346
internal_count=16925 11222 9827 9654 77 9577 9403 8531 8521 643 7878 7863 7741 7712 7508 7469 7269 7203 6663 540 51 204 6557 6489 6285 204 129 5806 5754 5674
is_linear=0
shrinkage=0.1


Tree=76
num_leaves=31
num_cat=0
split_feature=3 3 4 2 3 3 0 3 1 2 5 2 0 2 0 1 0 3 2 2 0 3 4 0 3 1 2 5 1 3
split_gain=0.734777 0.512929 0.231937 0.241793 1.56129 1.12675 0.867529 1.36701 0.960964 1.67195 1.36607 0.884282 1.20166 0.776657 0.772788 0.757435 0.730701 0.711295 0.66497 1.10692 0.820133 0.713218 0.687823 0.660947 0.709308 0.631576 0.978905 0.639051 0.657401 0.639698
threshold=1.0001263238975699 1.4439106845072065 1.0000000180025095e-35 0.37674121112425768 1.0426326953889971 1.0637604743489464 0.32529069767441865 1.0341574265631219 0.33386631281471996 0.32887069735320207 0.48051314424337538 0.30861794729656372 0.26442841287458385 0.32197113856431686 0.30094339622641514 0.28389527558858085 0.25211864406779666 1.0240593258908965 0.21804763463467766 0.19450355849308479 0.23145604395604394 1.0068572966335816 0.010838067980441251 0.17349498327759191 1.0197495010107107 0.36157777316058343 0.45102677675585384 0.45058575520918215 0.44184306188251837 1.0739300874060673
decision_type=2 2 2 2 2 2 2 2 2 2 2 2 2 2 2 2 2 2 2 2 2 2 2 2 2 2 2 2 2 2
left_child=-1 2 -2 5 -5 6 7 11 10 13 -8 12 15 -10 17 16 18 -13 19 20 21 22 -4 -23 -25 -6 27 28 29 -27
right_child=1 -3 3 4 25 -7 8 -9 9 -11 -12 14 -14 -15 -16 -17 -18 -19 -20 -21 -22 23 -24 24 -26 26 -28 -29 -30 -31
leaf_value=-0.10001279922427592 -0.10271118319408752 0.10003722827205463 4.4260256165453961e-05 -0.10757686100253701 0.064947649739840962 0.071030883915452217 -0.11995212085201704 0.092900324403802928 -0.053117740873392744 -0.12087441647966637 0.14157908128204946 -0.0086843632009099593 -0.086099019531478985 0.18522789793411432 -0.1029784833828519 0.12836586863391997 -0.11146090358221239 0.17955500220159654 0.051475676906206885 -0.092750656894182257 -0.16030789625835032 0.080509463526015734 -0.11071787042176284 -0.048266288914597097 0.10308206738267676 -0.073876702759781657 0.0038524999871562835 -0.096984790728343803 -0.12430134314004293 0.091022583208802743
leaf_weight=0.72863456532650062 0.21843133388028846 0.51878965474315819 8.3485735107388095 1.4416695892432496 1.3917965468135687 2.5000827235635361 1.7720125848863966 1.7344105293741439 0.18627146485960089 0.47743840981274843 0.22509197451290663 0.28810443269321584 1.6536066912813101 0.51387586345663294 0.18100663897348568 0.46942424672306415 0.57249704847345029 0.66196240368299186 2.4571403044974423 1.3018252565816499 0.29684605883085247 2.1576529883313937 0.60101391380885694 1.0950584518141111 0.43174252752214659 0.35966603597626379 19.546956125748693 1.731813961319858 0.35096622514538456 0.68010333966230974
leaf_count=5703 173 1395 1059 2306 201 729 222 262 105 195 13 117 259 15 51 27 59 9 316 154 50 299 144 54 41 32 2680 123 17 115
internal_value=-0.000260894 0.00108096 0.000124012 0.000544431 -0.00649505 0.00697321 0.000674448 0.00765169 -0.0482279 0.0234206 -0.0904752 0.000444986 -0.0045698 0.121817 0.086393 0.00303334 -0.00037489 0.122472 0.00343559 -0.00485806 0.00399058 0.00785089 -0.00739402 0.044881 -0.00546862 -0.00043858 -0.00445297 -0.0564447 -0.00596213 0.0339824
internal_weight=54.8945 54.1658 53.647 53.4286 25.503 27.9256 25.4256 22.2509 3.17469 1.17759 1.9971 20.5165 19.3854 0.700147 1.13107 17.7318 17.2624 0.950067 16.6899 14.2327 12.9309 12.634 8.94959 3.68445 1.5268 24.0613 22.6695 3.12255 1.39074 1.03977
internal_count=16925 11222 9827 9654 5474 4180 3451 2901 550 315 235 2639 2462 120 177 2203 2176 126 2117 1801 1647 1597 1203 394 95 3168 2967 287 164 147
is_linear=0
shrinkage=0.1


Tree=77
num_leaves=31
num_cat=0
split_feature=3 3 0 3 3 0 3 0 3 0 3 2 0 1 0 3 2 0 0 2 3 0 0 3 1 0 1 1 0 3
split_gain=0.664195 0.464699 0.224222 0.802752 0.395686 0.336193 0.448572 0.504461 0.459872 0.627584 0.398901 0.613219 0.574585 0.679802 0.479248 0.422444 0.646448 0.446843 0.425852 0.781921 0.445594 0.881635 0.591194 0.441727 0.39328 0.61754 0.355132 0.967618 1.21479 1.15987
threshold=1.0001263238975699 1.4439106845072065 0.031754032258064509 1.0004844364999712 1.0002720006616583 0.036038961038961002 1.0008248272658653 0.051503094606542808 1.0018709116917033 0.077677224736048267 1.0034085484447643 0.1665347975420077 0.10582306830907051 0.14139910563393945 0.091750841750841708 1.0055155507012519 0.21804763463467766 0.12613636363636363 0.12613636363636363 0.10426737109555446 1.0101791555662516 0.16515151515151513 0.14415584415584412 1.012177058009387 0.066421497023710904 0.056079664570230552 0.18096145332888544 0.22101534984086413 0.25211864406779666 1.0302896699900816
decision_type=2 2 2 2 2 2 2 2 2 2 2 2 2 2 2 2 2 2 2 2 2 2 2 2 2 2 2 2 2 2
left_child=-1 2 4 -4 -2 -5 -7 -8 24 -10 11 -11 13 -12 -13 16 -14 -18 19 -17 22 -22 -20 -23 25 -9 -25 29 -29 -28
right_child=1 -3 3 5 -6 6 7 8 9 10 12 14 15 -15 -16 18 17 -19 20 -21 21 23 -24 26 -26 -27 27 28 -30 -31
leaf_value=-0.10001157576386187 -0.0022679258590156954 0.10003368317871575 -0.10325406212076949 0.11443600945068531 0.10528947510093095 -0.10143408123253705 0.10153232737284767 0.11218748906028192 0.10136185785811816 -0.11614340134239172 0.1203606154257344 0.12305249327445736 -0.10955233831526415 -0.036860230317448561 -0.10011015374816722 -0.056481896434067085 0.14374339123833776 -0.1000835171254342 0.0012655956512179342 0.12854540019293376 0.10329418076295759 -0.10433331691525588 -0.10416082574150505 0.041643471480275335 -0.12212714001863673 -0.10386238130173538 -0.09941857434003494 0.086937312420103274 -0.0014779740171477634 0.10051105403406024
leaf_weight=0.65930345569358806 0.89351745601743349 0.4694360819994462 0.75644602185638987 0.25780233880504866 0.5541668308142107 0.4326671097878706 0.49251393997110327 0.24954384192824253 0.6185328554129218 0.69971910148160421 0.83297714008949586 0.25276203453540802 0.79757337263435946 0.41057579219341278 0.15539249468565686 0.34744566585868486 0.21170772612094879 0.11653222667519003 1.2215815912932151 0.66658559208735824 0.84038132859859516 0.40326997573720191 0.94211775036092138 2.025544553238432 0.56661104369413806 0.28158606786746532 1.7808727594674558 1.6290727372397658 33.71541333507048 0.34665629407390941
leaf_count=5703 21 1395 327 11 68 206 66 3 110 129 103 2 149 14 318 36 1 283 16 51 142 235 706 188 391 41 58 150 5871 131
internal_value=-0.000260197 0.000981406 9.57086e-05 -0.0010048 0.0389045 0.000533036 -5.38113e-05 0.000830453 -0.000179415 0.00128372 -2.23233e-05 -0.0593219 0.00139696 0.068452 0.0380901 -0.000454229 -0.0609403 0.0571796 0.00109626 0.065148 -0.00041756 0.00193098 -0.0446392 -0.000203909 -0.0641764 -0.00235442 0.000859252 -0.00134533 0.0025972 -0.0668423
internal_weight=53.6283 52.969 52.4996 51.0519 1.44768 50.2954 50.0376 49.605 49.1125 48.0147 47.3962 1.10787 46.2883 1.24355 0.408155 45.0448 1.12581 0.32824 43.9189 1.01403 42.9049 40.7412 2.1637 39.9008 1.09774 0.53113 39.4976 37.472 35.3445 2.12753
internal_count=16925 11222 9827 9738 89 9411 9400 9194 9128 8693 8583 449 8134 117 320 8017 433 284 7584 87 7497 6775 722 6633 435 44 6398 6210 6021 189
is_linear=0
shrinkage=0.1


Tree=78
num_leaves=31
num_cat=0
split_feature=3 3 5 5 5 3 0 3 0 2 2 3 1 0 3 0 3 2 0 4 4 0 3 2 4 3 0 3 2 4
split_gain=0.600665 0.420802 0.219598 0.566909 0.800657 0.796487 0.661111 0.516078 0.737067 0.976837 0.822795 1.37354 0.635009 0.512444 0.733959 0.485397 0.760956 0.474664 0.639445 0.459291 0.522512 0.427052 0.378124 0.387379 0.369942 0.367362 0.524962 0.981561 0.596286 0.893085
threshold=1.0001263238975699 1.4439106845072065 0.65835504855097182 0.60343303899129153 0.55250264900331658 1.2807270013352239 0.77388922702373719 1.4023383353878638 0.9213106295149639 0.62531855935611402 0.56054606545772467 1.1818738269056885 0.51004998353333231 0.94782214156079869 1.3192318612885923 0.83964285714285725 1.2476453896658557 0.54784436997786401 0.61620294599018022 0.67752856669506323 0.60765652612158738 0.88784067085953888 1.127097564101003 0.57350052305523691 0.57728733917273056 1.1624976166854266 0.42163742690058481 1.0637604743489464 0.41159179650263727 0.077051155284390757
decision_type=2 2 2 2 2 2 2 2 2 2 2 2 2 2 2 2 2 2 2 2 2 2 2 2 2 2 2 2 2 2
left_child=-1 2 3 4 7 6 -5 8 9 10 11 17 21 14 15 16 -4 18 25 20 -6 22 -12 -24 -10 26 27 28 29 -2
right_child=1 -3 13 5 19 -7 -8 -9 24 -11 12 -13 -14 -15 -16 -17 -18 -19 -20 -21 -22 -23 23 -25 -26 -27 -28 -29 -30 -31
leaf_value=-0.10001047443511156 0.0041072139666714974 0.10003047513298212 -0.066170603726076471 0.034815521145870026 -0.040999130843320283 0.099476369892388269 -0.11243558834139178 0.10824776343346112 0.0096076778465480836 0.08613772427201398 -0.087445594167645913 0.080910575242972294 -0.098395649676604746 -0.11994925691917209 0.11262774459564613 -0.10974831282652037 0.11836717877691241 0.096074975358910741 -0.11923049605914307 -0.12756963064939908 0.1196136595538197 -0.11772230250579502 -0.05053046643640078 0.10842196366984432 -0.13190633896121071 0.10191472823809718 -0.028987025109437244 0.080767778417251246 0.072327840899382739 -0.051311024348909433
leaf_weight=0.5965686609124522 21.658031502884125 0.42477626362233323 0.5671156922617222 1.1246846745125361 3.0684227554665995 1.379182247794233 0.41830050311546063 0.45923549687722598 0.2647945647186124 1.3853897710068839 0.21386567848094207 2.2152576140942974 1.4282265219662802 0.49592813402705349 0.41067101404769335 0.58225158565619495 0.36874860734678805 0.50351593158120422 0.45696124879759636 0.57093533508304961 0.21686776858405199 0.24573282897472382 0.21425150893628597 0.5391281929332763 0.61093802266987041 0.3490825891494741 5.6493088471543151 1.5890407258411858 1.086862345211556 3.3589479788497547
leaf_count=5703 3338 1395 744 353 617 60 208 92 53 247 44 563 271 335 38 530 19 77 173 12 10 2 20 42 25 85 1005 525 169 170
internal_value=-0.000239951 0.000907833 8.91748e-05 0.00154263 -0.0011657 0.044255 -0.00510399 0.00281741 0.00165825 0.00360219 0.000708008 0.00457065 -0.0532083 -0.0292872 -0.00597621 -0.0380602 0.00654085 -0.0003097 -0.00173089 -0.0447838 -0.0303968 -2.2565e-06 0.029905 0.0632179 -0.0891169 -0.000137222 -0.00120568 0.00446168 -0.000183363 -0.00333361
internal_weight=52.453 51.8565 51.4317 49.007 46.0848 2.92217 1.54299 42.2286 41.7693 40.8936 39.5082 36.867 2.6412 2.42472 1.92879 1.51812 0.935864 34.6518 34.1482 3.85623 3.28529 1.21298 0.967245 0.75338 0.875733 33.6913 33.3422 27.6929 26.1038 25.017
internal_count=16925 11222 9827 8161 7540 621 561 6901 6809 6731 6484 6105 379 1666 1331 1293 763 5542 5465 639 627 108 106 62 78 5292 5207 4202 3677 3508
is_linear=0
shrinkage=0.1


Tree=79
num_leaves=31
num_cat=0
split_feature=3 3 0 3 0 3 0 4 3 0 3 2 0 0 3 5 0 5 0 2 3 0 0 2 2 3 4 4 0 1
split_gain=0.543304 0.380982 0.205494 0.34283 0.32524 0.227681 0.502881 0.416417 0.377891 0.503945 0.360779 0.546758 0.496745 0.426531 0.266752 0.438645 0.52563 0.417038 0.298776 0.282065 0.238089 1.14775 1.03821 0.62514 1.03979 0.531989 0.640873 0.720534 0.59052 0.576268
threshold=1.0001263238975699 1.4439106845072065 0.019419306184012056 1.0002466771110343 0.025978407557354904 1.0012376406307693 0.056079664570230552 0.0022320894499320005 1.0018709116917033 0.077677224736048267 1.0034085484447643 0.1665347975420077 0.095695970695970675 0.091750841750841708 1.0008248272658653 0.01384013657137635 0.031754032258064509 0.097556381415748114 0.031754032258064509 0.16985088799445944 1.0223033929562433 0.21913109756097562 0.23145604395604394 0.21804763463467766 0.19450355849308479 1.0068572966335816 0.010459976214370751 0.010015336552013051 0.18942218080149117 0.11054940508739371
decision_type=2 2 2 2 2 2 2 2 2 2 2 2 2 2 2 2 2 2 2 2 2 2 2 2 2 2 2 2 2 2
left_child=-1 2 -2 -4 -5 7 -7 14 -8 -10 11 -11 -12 -13 15 16 -6 -17 -19 -18 21 23 -22 24 25 26 27 29 -27 -14
right_child=1 -3 3 4 5 6 8 -9 9 10 12 13 20 -15 -16 17 19 18 -20 -21 22 -23 -24 -25 -26 28 -28 -29 -30 -31
leaf_value=-0.10000947823166886 0.11853703940414438 0.10002757519596538 -0.10117793269027196 0.10334576189926803 0.1452989306911969 0.10227093896642375 -0.10264659532916731 -0.11116611961692671 0.10131645280276298 -0.11488688254682222 0.10153496857678812 0.1204267450374932 0.016111843014731082 -0.10010034301974509 0.057868404366929999 -0.13601025775134173 -0.10365446687040292 0.11455760207129342 -0.059677016977277834 0.059008033517763792 0.10117942287177338 -0.088129925113698743 0.0010146145058171972 0.059181555752565597 -0.10149230859009389 0.058931580849077951 -0.13204593558157873 0.088832452278694338 -0.080208182357593333 -0.10508779699164435
leaf_weight=0.5398027522751353 0.14604556982521799 0.38436403727973711 0.33434602864872331 0.3051442475989451 0.25738367671146967 0.48889877577312191 0.35372238492709485 0.4988065318102598 0.4964598803780963 0.64198388121439964 0.48957875440828402 0.23265112191438675 0.88042002962902077 0.1407755218751845 0.45897987016360264 0.49543567170621827 0.2520498386293184 0.14604606805369258 0.301792105572531 0.18473959970287979 1.0677023030584667 1.7036446773927307 33.579517133315676 1.5557937549019696 1.0684556236665228 2.188122978783213 0.45798327180091281 0.62535200017737214 0.35442980937659729 0.70760032840189524
leaf_count=5703 15 1395 137 29 6 78 242 391 96 129 82 2 21 318 66 56 44 4 75 5 333 2042 5170 115 46 189 43 8 27 58
internal_value=-0.000214553 0.000845908 8.973e-05 -0.000254401 0.000421366 -0.000211474 0.00137958 -0.029046 0.000319821 0.00110833 1.95794e-05 -0.0589218 0.00135914 0.0372918 -0.00950697 -0.0283924 0.031941 -0.072793 -0.00285676 -0.0348565 0.000249272 -0.0137379 0.00410133 0.00243136 -0.0116225 0.00679397 -0.024369 -0.00208886 0.0395356 -0.0378931
internal_weight=51.338 50.7982 50.4139 50.2678 49.9335 49.6283 47.0331 2.59523 46.5442 46.1905 45.694 1.01541 44.6786 0.373427 2.09643 1.63745 0.694173 0.943274 0.447838 0.436789 44.189 9.5418 34.6472 7.83816 6.28236 5.21391 2.67136 2.21337 2.54255 1.58802
internal_count=16925 11222 9827 9812 9675 9646 8999 647 8921 8679 8583 449 8134 320 256 190 55 135 79 49 8052 2549 5503 507 392 346 130 87 216 79
is_linear=0
shrinkage=0.1


Tree=80
num_leaves=31
num_cat=0
split_feature=3 3 0 3 5 3 0 3 4 2 0 4 3 2 0 5 0 5 5 3 0 3 4 4 4 3 4 3 2 2
split_gain=0.491244 0.345051 0.195819 0.96184 0.874284 0.605384 0.37198 0.29262 0.680839 1.00843 0.506906 0.304763 0.766606 0.435197 0.405325 0.315429 0.2814 0.248491 0.30429 0.459602 0.283396 1.12921 0.942489 0.894633 0.774893 1.19982 0.692449 0.866111 0.919173 0.78407
threshold=1.0001263238975699 1.4439106845072065 0.85839598997493749 1.3374471320600141 0.46386281539405844 1.2807270013352239 0.9213106295149639 1.2390000898492741 0.48501478541153359 0.61934480780306889 0.78647416413373872 0.37356519585105402 1.2118855571175333 0.55536627403301397 0.76293487957181105 0.63221308183068159 0.83484848484848495 0.62111654412439099 0.55250264900331658 1.1818738269056885 0.38138528138528138 1.0599967903878085 0.091017313429865562 0.092596954904318171 0.10519563293237992 1.0451785307992318 0.077051155284390757 1.0407266954030499 0.37117385143591136 0.30861794729656372
decision_type=2 2 2 2 2 2 2 2 2 2 2 2 2 2 2 2 2 2 2 2 2 2 2 2 2 2 2 2 2 2
left_child=-1 2 3 7 -4 -6 -7 10 -9 16 11 12 15 14 -13 17 -10 18 19 20 21 24 -22 -24 25 26 27 28 29 -2
right_child=1 -3 4 -5 5 6 -8 8 9 -11 -12 13 -14 -15 -16 -17 -18 -19 -20 -21 22 -23 23 -25 -26 -27 -28 -29 -30 -31
leaf_value=-0.10000857640708416 -0.0030602385046942038 0.10002495068164219 -0.1252171787587911 0.11680472376226435 -0.10142886475410147 0.040556967760995426 -0.01512444475808317 0.076418365645286479 0.10275800424551956 -0.11220402162599925 -0.10313679554435469 0.066481450511625087 0.11323050672238051 -0.11149796305995055 -0.11045038839653279 -0.097682754848269909 -0.0056493435520342736 0.072828918875394055 -0.048025099490060508 0.091949807238515979 -0.093755032581082129 0.10214875089377431 0.18199177461912291 -0.008450088607710354 -0.1094963022598793 0.093316769224109364 -0.082092332653103367 0.1294213578042982 -0.11297666309656956 0.075865198817797727
leaf_weight=0.48843791268154646 17.960251400931181 0.34779561984760121 0.66143739095423271 0.72322869172785331 0.56735517086053722 2.0275976061820984 2.9386050814646296 1.5744987242505879 0.48423980677034684 0.6502375015988946 0.48796498249430342 0.40410601344774366 0.59885054815094818 0.58870595550979488 0.190519638301339 0.33318118866009072 0.47365954518318176 0.46330963604122999 1.3188886651914788 0.54580843943403934 1.3140797644955444 1.1446625580429088 0.2543478871230026 8.173998676647896 0.62412513594608654 1.3949183023069043 1.037315816443878 0.51715488324407388 0.7151838769641462 1.3535561288445013
leaf_count=5703 2672 1395 46 313 1047 27 53 291 107 7 514 102 84 27 6 662 6 81 506 92 899 507 11 1052 26 105 56 37 199 292
internal_value=-0.000209263 0.000768202 7.11134e-05 0.00244889 -0.0165587 -0.00357053 0.00760912 0.000507615 0.0296751 -0.0160904 -0.00184721 -0.000577702 0.000988759 -0.0505496 0.00979202 -0.000820518 0.049153 5.60379e-05 -0.000871401 0.000903675 -0.000537159 0.00515037 -0.0149843 -0.002703 0.000446188 0.00343238 -0.00237676 0.00164785 -0.0016513 0.00247104
internal_weight=50.358 49.8696 49.5218 43.3268 6.195 5.53356 4.9662 42.6036 3.18264 1.60814 39.4209 38.933 37.7496 1.18333 0.594626 37.1508 0.957899 36.8176 36.3543 35.0354 34.4896 24.7472 9.74243 8.42835 23.6025 22.9784 21.5835 20.5461 20.029 19.3138
internal_count=16925 11222 9827 8654 1173 1127 80 8341 411 120 7930 7416 7281 135 108 7197 113 6535 6454 5948 5856 3894 1962 1063 3387 3361 3256 3200 3163 2964
is_linear=0
shrinkage=0.1


Tree=81
num_leaves=31
num_cat=0
split_feature=3 3 5 5 3 5 0 3 0 2 2 3 1 0 3 2 4 5 2 3 0 3 2 0 0 2 0 0 3 3
split_gain=0.444317 0.3124 0.19578 0.482825 0.674223 0.599883 0.520665 0.460898 0.59966 0.811647 0.655777 1.06863 0.515946 0.441812 0.652846 0.42365 0.419314 0.450154 0.903858 0.731015 0.416533 0.63165 0.416489 0.569379 0.376977 0.365091 0.34369 0.380382 0.813171 0.585168
threshold=1.0001263238975699 1.4439106845072065 0.65835504855097182 0.60343303899129153 1.2807270013352239 0.55250264900331658 0.77388922702373719 1.4023383353878638 0.9213106295149639 0.62531855935611402 0.56054606545772467 1.1818738269056885 0.51004998353333231 0.94782214156079869 1.3192318612885923 0.66502840771730176 0.67752856669506323 0.57293179846393549 0.66502840771730176 1.2390000898492741 0.83964285714285725 1.2476453896658557 0.54784436997786401 0.61620294599018022 0.88784067085953888 0.68792576413511031 0.61257406188281782 0.42163742690058481 1.0637604743489464 1.0750792230598634
decision_type=2 2 2 2 2 2 2 2 2 2 2 2 2 2 2 2 2 2 2 2 2 2 2 2 2 2 2 2 2 2
left_child=-1 2 3 5 6 7 -5 8 9 10 11 22 24 14 20 -10 17 25 19 -19 21 -4 23 26 -12 -7 27 28 -2 -29
right_child=1 -3 13 4 -6 16 -8 -9 15 -11 12 -13 -14 -15 -16 -17 -18 18 -20 -21 -22 -23 -24 -25 -26 -27 -28 29 -30 -31
leaf_value=-0.10000775920469085 -0.00029442460433099768 0.10002257762420197 -0.063725616517540815 0.03016787336257053 0.09532825209349427 -0.096569150145583191 -0.11015530166637488 0.1077559813704389 -0.12659882576264264 0.08116787960570622 0.030315497235058282 0.075640890907732378 -0.092347201368691734 -0.11804518760313583 0.11184373713349299 0.037825085057584792 -0.12290108191463285 -0.021724344640755844 -0.10909937307740757 0.11851999372508537 -0.10963658610526004 0.1152928872408876 0.09163421217507417 -0.11745250182771527 -0.11596855747347801 0.091516389626347089 0.11598284511435573 -0.10214800531933339 0.076970399833932307 -0.011263220525491969
leaf_weight=0.4419603327405629 24.927706240268897 0.31470558329601672 0.51318984735553319 1.0509546339817455 1.2739886494236996 0.99924440250470048 0.35331983369542275 0.41144249873468552 0.60017715844878594 1.289101247115467 0.87068712775362589 1.9617306333675504 1.3113937366324533 0.44584810158994503 0.36742605356266711 0.21207461591257015 0.52063404042564787 0.82023844979266891 0.53957057272054942 0.67961946618743241 0.51115583640057594 0.31999571225605905 0.48534898437355778 0.41939782959525373 0.22085025906562805 0.11508902898640372 0.25270410637312934 0.83214660132944018 1.4408618924207974 4.7651723812450655
leaf_count=5703 3677 1395 744 353 60 213 208 92 44 247 106 563 271 335 38 34 12 248 108 29 530 19 77 173 2 29 11 841 563 200
internal_value=-0.000192273 0.000711235 6.69734e-05 0.00143757 0.0426516 -0.00108977 -0.00513787 0.00246225 0.00136795 0.00314919 0.000466358 0.00392767 -0.0500721 -0.0293785 -0.00628426 -0.0836686 -0.0397583 -0.0260328 0.00189393 0.0418235 -0.0385702 0.00502876 -0.000319543 -0.00168696 0.000717912 -0.0771436 -0.000180007 -0.00109832 0.00392757 -0.024775
internal_weight=49.2677 48.8258 48.5111 46.3535 2.67826 43.6752 1.40427 40.0008 39.5894 38.7771 37.488 35.0851 2.40293 2.15762 1.71177 0.812252 3.6744 3.15376 2.03943 1.49986 1.34434 0.833186 33.1233 32.638 1.09154 1.11433 32.2186 31.9659 26.3686 5.59732
internal_count=16925 11222 9827 8161 621 7540 561 6901 6809 6731 6484 6105 379 1666 1331 78 639 627 385 277 1293 763 5542 5465 108 242 5292 5281 4240 1041
is_linear=0
shrinkage=0.1


Tree=82
num_leaves=31
num_cat=0
split_feature=3 3 4 0 3 0 3 0 4 3 0 3 0 1 0 3 0 2 1 3 2 0 0 0 2 1 1 3 0 1
split_gain=0.401795 0.282889 0.186355 0.182092 0.304184 0.292468 0.20239 0.423162 0.404603 0.365098 0.420387 0.376961 0.509353 0.321952 0.508155 0.318742 0.596608 0.494007 0.444037 0.377962 0.564442 0.376084 0.366125 0.359927 0.62808 0.42096 1.02146 0.711016 0.889836 0.612094
threshold=1.0001263238975699 1.4439106845072065 1.0000000180025095e-35 0.019419306184012056 1.0002466771110343 0.025978407557354904 1.0004844364999712 0.036038961038961002 0.00036443492302620008 1.0008248272658653 0.051503094606542808 1.0018709116917033 0.077677224736048267 0.066421497023710904 0.056079664570230552 1.0034085484447643 0.10582306830907051 0.1665347975420077 0.14139910563393945 1.0055155507012519 0.21804763463467766 0.091750841750841708 0.12613636363636363 0.12613636363636363 0.10426737109555446 0.12232713793887347 0.13771986288966662 1.0126002939251477 0.19326542161856253 0.14139910563393945
decision_type=2 2 2 2 2 2 2 2 2 2 2 2 2 2 2 2 2 2 2 2 2 2 2 2 2 2 2 2 2 2
left_child=-1 2 -2 -4 -5 -6 8 -8 -7 -9 -11 13 -13 14 -12 17 18 -14 -17 20 -18 -19 -22 24 -21 -25 -27 -28 29 -29
right_child=1 -3 3 4 5 6 7 9 -10 10 11 12 15 -15 -16 16 19 21 -20 23 22 -23 -24 25 -26 26 27 28 -30 -31
leaf_value=-0.10000701995889201 -0.10213508771138974 0.10002042677905049 0.11655449403087803 -0.10107495489348338 0.10305086665501638 0.043325357318141168 0.10798003137180007 -0.101388626947521 -0.086852064156376557 0.10130954031087805 0.11022555876765577 0.10111722086753 -0.11367969826765401 -0.11875274854376186 -0.10319333443663946 0.11961748177193621 -0.10936119173839264 0.1182640011043038 -0.02084724930792576 -0.04748699130856382 0.13568260411996955 -0.10009184894175623 -0.10008310117289515 -0.051676302413148113 0.12439921581131921 0.12326678546340911 -0.062893812887890491 -0.088763493177341307 -0.00031543123526961918 0.11628915201405861
leaf_weight=0.39990503740409522 0.17779559975315251 0.28476319537730788 0.1346633926150379 0.2952755842343312 0.27775737107731302 0.36043843114748486 0.36772321141324837 0.35053514163882837 0.70724157400400145 0.41447676229290564 0.21341788768768211 0.50710323511157085 0.58302314518368703 0.48883135690266499 0.23377080314094201 0.72443400335032382 0.70777824957622104 0.21476586908102036 0.32647616742178798 0.3311656410805871 0.19382427632808685 0.12466346394649008 0.099772563997248653 1.5303182981442649 0.59369803022127599 0.68011630605906148 1.7354486843069015 0.16953079809900273 33.958742674520181 1.0302132064243776
leaf_count=5703 173 1395 15 135 29 10 39 201 194 66 3 110 127 386 39 103 145 2 13 36 1 313 280 117 51 54 955 9 6071 150
internal_value=-0.000187522 0.000647279 5.19494e-05 0.000435612 0.000104464 0.000741132 0.00013194 0.00114006 -0.0429054 0.000271104 0.00106544 0.00013065 0.00148138 -0.0626584 -0.00134056 0.000306476 0.00158113 -0.0578421 0.0759807 -0.000324454 -0.0610065 0.0380676 0.0555627 0.00119358 0.062852 -0.000264717 0.00182918 -0.000409448 0.00267483 0.087314
internal_weight=48.2177 47.8178 47.533 47.3552 47.2205 46.9253 46.6475 45.5798 1.06768 45.2121 44.8616 44.4471 43.5111 0.93602 0.447189 43.004 42.0815 0.922452 1.05091 41.0306 1.00138 0.339429 0.293597 40.0292 0.924864 39.1044 37.5741 36.8939 35.1585 1.19974
internal_count=16925 11222 9827 9654 9639 9504 9475 9271 204 9232 9031 8965 8537 428 42 8427 7985 442 116 7869 426 315 281 7443 87 7356 7239 7185 6230 159
is_linear=0
shrinkage=0.1


Tree=83
num_leaves=31
num_cat=0
split_feature=3 3 0 4 2 1 5 1 4 4 3 4 1 0 4 3 0 1 5 1 2 0 3 1 3 0 0 3 3 2
split_gain=0.363536 0.264129 0.579627 0.553483 0.815692 0.67021 0.54875 0.460376 0.390443 0.363812 0.295104 0.676672 0.477126 0.471657 0.331556 0.496541 0.373179 0.333373 0.277415 0.264987 0.249156 0.300703 0.930549 0.469919 0.574018 0.43132 0.779852 0.32286 0.83431 0.677612
threshold=1.0001263238975699 1.3285594431535992 0.86512474012474028 0.60765652612158738 0.57350052305523691 0.51004998353333231 0.59652431710043641 0.65698285636923914 0.51817159892918629 0.90654991263340301 1.2476453896658557 0.48501478541153359 0.60199866524282075 0.80178571428571443 0.37356519585105402 1.1924587048371766 0.63299319727891168 0.54349904135502569 0.58099061774162331 0.4875774292327158 0.57599417051962509 0.54631217838765023 1.1171694524032008 0.45753404622006072 1.1204515143443838 0.53390804597701158 0.5147186147186148 1.0931916080826625 1.1134441523702872 0.49174445652914861
decision_type=2 2 2 2 2 2 2 2 2 2 2 2 2 2 2 2 2 2 2 2 2 2 2 2 2 2 2 2 2 2
left_child=-1 2 10 7 9 -6 -7 -3 -9 -5 12 -12 14 -13 15 17 -16 20 -17 -11 21 22 25 -23 -25 26 27 29 -29 -2
right_child=1 3 -4 4 5 6 -8 8 -10 19 11 13 -14 -15 16 18 -18 -19 -20 -21 -22 23 -24 24 -26 -27 -28 28 -30 -31
leaf_value=-0.10000635068991943 -0.00014959460594039074 0.097558562096930423 -0.057913386805288583 0.12140177848862709 0.10678195869158634 -0.093136300479694206 0.013815307550997186 0.096847456311032254 -0.12405862613367141 0.100029760054132 0.10059971452086638 0.10165689092148476 -0.092510456945475161 -0.04039522419156566 0.10054945070588106 0.092618903820617812 -0.068955703545397803 -0.081535776319168432 0.0069653416218643047 -0.11815929446913771 0.061538678038798769 -0.083351493314870045 0.1015787757909456 -0.10650682270697349 0.026688523400817701 0.095488909281429668 -0.1136757852440447 0.099152337218759184 -0.10842048298665813 -0.12154348970440901
leaf_weight=0.36185134846891642 26.897832279828453 1.2860468853323244 1.7712323090272537 0.62878460295905858 0.30338020400085985 1.2636840700288305 0.77330214841640543 0.13452916510868806 0.19742674447479658 0.096353551547508687 0.93973613600246553 0.29865924967452873 0.56836469005065637 1.0752881923690436 0.14638625783845682 0.90590251493267604 1.1520701374320195 0.505194777957512 0.6490411096601747 0.13180253299651667 0.6516339557201708 1.0932433116249733 0.9121124079101709 0.41003391246340459 1.5341059081547426 0.45637597001768782 0.61740860133431752 0.86497004854027071 0.24948747607413679 0.46781688743794703
leaf_count=5703 4421 563 1082 180 145 58 32 362 6 452 236 93 1106 11 78 150 118 607 22 2 113 106 357 365 36 77 106 139 20 179
internal_value=-0.000157636 0.000611387 -0.00192239 0.0227992 -0.00131855 -0.0318822 -0.0525342 0.070458 -0.0345338 0.0821528 0.000532656 0.0352086 -0.00157409 -0.00951691 -0.000196323 0.00158381 -0.0498459 -0.000896317 0.0568667 -0.026015 0.00029644 -0.000894709 0.00209663 -0.0308989 -0.00140339 -0.000973651 -0.0024866 -7.61801e-05 0.0526842 -0.00222483
internal_weight=47.3441 46.9822 42.1669 4.81531 3.19731 2.34037 2.03699 1.618 0.331956 0.856941 40.3957 2.31368 38.082 1.37395 37.5136 36.2152 1.29846 34.6602 1.55494 0.228156 34.155 33.5034 30.466 3.03738 1.94414 29.5539 29.0975 28.4801 1.11446 27.3656
internal_count=16925 11222 9422 1800 869 235 90 931 368 634 8340 340 8000 104 6894 6698 196 6526 172 454 5919 5806 5299 507 401 4942 4865 4759 159 4600
is_linear=0
shrinkage=0.1


Tree=84
num_leaves=31
num_cat=0
split_feature=3 3 5 5 3 5 0 0 3 3 0 2 2 3 1 2 0 3 2 0 4 5 4 2 2 3 4 3 4 3
split_gain=0.328921 0.233345 0.172258 0.416097 0.547804 0.504407 0.4587 0.393893 0.542152 0.391423 0.481497 0.639304 0.53123 0.833566 0.429817 0.365135 0.362931 0.485689 0.335835 0.475487 0.333022 0.393768 0.738356 0.388217 0.395887 0.32843 0.385394 0.724799 0.609366 1.09929
threshold=1.0001263238975699 1.4439106845072065 0.65835504855097182 0.60343303899129153 1.2807270013352239 0.55495044343925082 0.77388922702373719 0.94782214156079869 1.3192318612885923 1.4023383353878638 0.9213106295149639 0.62531855935611402 0.56054606545772467 1.1818738269056885 0.51004998353333231 0.68201298435578883 0.83964285714285725 1.2476453896658557 0.54784436997786401 0.61620294599018022 0.67752856669506323 0.57293179846393549 0.55634721549401445 0.66502840771730176 0.57599417051962509 1.1624976166854266 0.28724007158121173 1.1330545242441556 0.20367706052040693 1.1109163928113424
decision_type=2 2 2 2 2 2 2 2 2 2 2 2 2 2 2 2 2 2 2 2 2 2 2 2 2 2 2 2 2 2
left_child=-1 2 3 5 6 9 -5 8 16 10 11 12 13 18 -14 -12 17 -4 19 25 21 -7 23 24 -23 26 27 28 29 -2
right_child=1 -3 7 4 -6 20 -8 -9 -10 -11 15 -13 14 -15 -16 -17 -18 -19 -20 -21 -22 22 -24 -25 -26 -27 -28 -29 -30 -31
leaf_value=-0.10000574821815447 -0.0028232845221350983 0.10001685641114333 -0.055531107757714651 0.029862431622238603 0.091352060437346977 -0.077409013105664892 -0.10903525933019756 -0.11676792235496365 0.1102374914873086 0.10638140818610418 -0.12178283936279624 0.074096792809147605 0.0013610925062193418 0.070172632128295179 -0.086199053052348484 0.040495708303337249 -0.10840250326218437 0.11246070074563759 0.085303842988373679 -0.11477377193473806 -0.11851374637735862 -0.051953610588668125 0.1219199694853437 -0.10526630369406501 0.075110553728649554 0.10194362229879245 -0.090388067736905053 0.10720148534797898 -0.086384675759686114 0.11607444484790129
leaf_weight=0.32741851420359935 27.948387234879217 0.23478842392796551 0.47023159032687434 1.0080048631425591 1.1579785659268962 0.9765320395999878 0.31115181088534871 0.40576495751520258 0.31784848956158374 0.35734606531332147 0.53435109104611811 1.2165062493004359 1.0252164732301019 1.7782187544798933 1.2371232068617244 0.18723800317093264 0.44348316840842017 0.27144756057532504 0.45301498793560213 0.36571796300267934 0.44969333987683047 0.55629673720977713 0.3973123656323877 0.4823646785953315 0.43847048336101579 0.31235714006470416 0.4760988597990935 0.62107111245859314 0.83083881656784697 0.79987306904513289
leaf_count=5703 4860 1395 744 353 60 214 208 335 38 92 48 251 111 565 276 32 530 19 78 176 12 156 13 107 109 85 44 128 98 85
internal_value=-0.000130838 0.000579052 6.96288e-05 0.0013477 0.0411599 -0.0010319 -0.00289961 -0.029339 -0.00573593 0.00221337 0.00122824 0.00280331 0.000383947 0.0035434 -0.0465197 -0.0796748 -0.0368388 0.00595231 -0.000181567 -0.00141668 -0.0385351 -0.0259198 0.000904642 -0.0316455 0.00405335 -7.8876e-05 -0.00111771 0.00028962 -0.0019552 0.000484849
internal_weight=46.3921 46.0647 45.8299 43.9212 2.47714 41.444 1.31916 1.90878 1.50301 38.1434 37.786 37.0644 35.8479 33.5856 2.26234 0.721589 1.18516 0.741679 31.8074 31.3543 3.30067 2.85098 1.87444 1.47713 0.994767 30.9886 30.6763 30.2002 29.5791 28.7483
internal_count=16925 11222 9827 8161 621 7540 561 1666 1331 6929 6837 6757 6506 6119 387 80 1293 763 5554 5476 611 599 385 372 265 5300 5215 5171 5043 4945
is_linear=0
shrinkage=0.1


Tree=85
num_leaves=31
num_cat=0
split_feature=3 3 0 4 2 1 1 1 4 3 5 1 2 4 4 0 1 0 3 4 4 3 0 5 3 1 5 3 4 0
split_gain=0.297549 0.226376 0.493335 0.446298 0.651273 0.527183 0.721703 0.369974 0.323242 0.529637 0.503913 0.457066 0.422769 0.311301 0.287772 0.284203 0.268613 0.516924 0.279571 0.428425 0.258534 0.292853 0.33566 0.405812 0.39119 0.262288 0.255998 0.212643 0.668869 0.567624
threshold=1.0001263238975699 1.3285594431535992 0.9213106295149639 0.60765652612158738 0.57350052305523691 0.58991818603631074 0.51004998353333231 0.65698285636923914 0.57728733917273056 1.2807270013352239 0.66136739918222898 0.60199866524282075 0.56054606545772467 0.51817159892918629 0.90654991263340301 0.85839598997493749 0.5944571775494325 0.8119103773584907 1.2390000898492741 0.55634721549401445 0.40517945213048873 1.2182695848680105 0.72281323877068571 0.35379191141565841 1.1924587048371766 0.54349904135502569 0.43162049026139698 1.1204515143443838 0.22287395450575073 0.54261501210653762
decision_type=2 2 2 2 2 2 2 2 2 2 2 2 2 2 2 2 2 2 2 2 2 2 2 2 2 2 2 2 2 2
left_child=-1 2 8 7 14 6 -6 -3 9 11 12 16 15 -9 -5 -11 17 18 20 -20 21 22 24 -24 25 27 -22 29 -29 -2
right_child=1 3 -4 4 5 -7 -8 13 -10 10 -12 -13 -14 -15 -16 -17 -18 -19 19 -21 26 -23 23 -25 -26 -27 -28 28 -30 -31
leaf_value=-0.10000520070667754 -0.00045269469421967959 0.094125546719854902 -0.10255778539925556 0.11748921556557015 0.10557666503156729 0.082231099646329867 -0.076822957427466254 0.096003515058500383 -0.067696051092327361 0.10066953247443736 -0.092756259935452945 -0.070743426836969214 0.11428908640433288 -0.11902765302664747 -0.02526714829705988 -0.12152755997276531 0.07398730551056415 -0.105766651870454 0.10912283826578023 -0.10138549768523245 0.066133905149777891 0.078550183510880403 0.10446334866172896 -0.11276670370905964 0.10291543932393513 -0.096985273103302419 -0.095942623729938989 0.10113997371404325 -0.00075190605372004349 -0.10414797313081425
leaf_weight=0.29626205810563888 29.417361365351102 1.1274442904541491 0.47975139164191105 0.54804253658221602 0.25315690126444712 0.35874482020153653 1.5157112783927003 0.11135140580881842 0.70449910685419936 0.095134420495013527 0.18435106059769157 0.93176691706321335 0.96654164290521294 0.17027974684606306 0.1902186083025299 0.14576226472854614 0.48644172160129429 0.46336987516769923 0.49029286624863644 0.12042663793545216 0.12092842799756809 0.47437307989457522 0.10416557830467255 0.49305310227282462 0.37067155342083324 0.27871092016357479 0.50201444118283689 0.8465271033928724 2.6963813587790355 0.53753529678942769
leaf_count=5703 4966 563 674 180 145 24 66 362 78 84 13 1454 60 6 454 1 92 97 144 7 54 68 7 140 90 418 40 236 178 521
internal_value=-0.000115211 0.000539733 -0.00174833 0.0224359 -0.000220238 -0.0283012 -0.0507183 0.0685154 -0.000552116 0.000638618 0.0612366 -0.00156151 0.0847482 -0.0340086 0.080707 -0.0337779 0.000161956 -0.000810844 0.000523315 0.0676131 -0.000619851 0.000509688 -0.000555816 -0.0748779 0.000744043 -0.00037721 -0.0644796 0.000426595 0.0235937 -0.00231349
internal_weight=45.4813 45.185 40.9101 4.27495 2.86587 2.12761 1.76887 1.40908 40.4303 39.7258 1.39179 38.334 1.20744 0.281631 0.738261 0.240897 37.4023 36.9158 36.4524 0.61072 35.8417 35.2188 34.7444 0.597219 34.1472 33.7765 0.622943 33.4978 3.54291 29.9549
internal_count=16925 11222 9422 1800 869 235 211 931 8748 8670 158 8512 145 368 634 85 7058 6966 6869 151 6718 6624 6556 147 6409 6319 94 5901 414 5487
is_linear=0
shrinkage=0.1


Tree=86
num_leaves=31
num_cat=0
split_feature=3 4 0 0 3 0 3 3 0 3 0 3 0 1 0 3 2 0 1 0 3 2 0 0 2 1 1 3 0 2
split_gain=0.269914 0.612731 0.486116 0.407919 0.305904 0.312539 0.201128 0.196194 0.263025 0.33637 0.384164 0.334825 0.465749 0.284806 0.460312 0.280822 0.442537 0.43097 0.52934 0.337236 0.334797 0.508975 0.320918 0.316144 0.559622 0.336001 0.894877 0.587951 0.803031 0.603846
threshold=1.0003701833543546 0.00055375499051170016 0.031754032258064509 0.031754032258064509 1.0002466771110343 0.019419306184012056 1.4439106845072065 1.0004844364999712 0.036038961038961002 1.0008248272658653 0.051503094606542808 1.0018709116917033 0.077677224736048267 0.066421497023710904 0.056079664570230552 1.0034085484447643 0.1665347975420077 0.10582306830907051 0.14139910563393945 0.091750841750841708 1.0055155507012519 0.21804763463467766 0.12613636363636363 0.12613636363636363 0.10426737109555446 0.12232713793887347 0.13771986288966662 1.0126002939251477 0.19326542161856253 0.21466448082266262
decision_type=2 2 2 2 2 2 2 2 2 2 2 2 2 2 2 2 2 2 2 2 2 2 2 2 2 2 2 2 2 2
left_child=1 2 4 -2 5 -1 7 -5 -9 -10 -11 13 -13 14 -12 16 -14 18 -17 -18 21 -19 -23 24 -22 -25 -27 -28 -29 -30
right_child=3 -3 -4 6 -6 -7 -8 8 9 10 11 12 15 -15 -16 17 19 20 -20 -21 23 22 -24 25 -26 26 27 28 29 -31
leaf_value=0.11070329689130104 0.10585411069766602 -0.11208678833515423 -0.10338370319148196 -0.10395118065612058 0.13015712800602083 -0.10145920541293317 0.10001460906499496 0.11120816445803805 -0.10123003532181285 0.1011899880455903 0.10921133928005494 0.10101552240375522 -0.11245052276566353 -0.11717787140271521 -0.10284428750878892 0.11836107507296229 0.11635708282163636 -0.10842651325269431 -0.02990666969636618 -0.10008265829083458 -0.042117281183423248 0.13126208792246574 -0.10007528793274936 -0.046661165039678619 0.12223053327185006 0.11857919458008084 -0.058226084064132905 0.085945299226866362 -0.056870115084821017 0.0027109496048115141
leaf_weight=0.11988814294454531 0.37044213261105952 0.68054900111746974 0.24604370855377056 0.18082194897942727 0.32136572903255001 0.16498312853218522 0.20198793237795953 0.21327215200289984 0.32651324574180662 0.37672709207981725 0.1954193226993074 0.4608438266441216 0.53322300687432189 0.448057402507402 0.21497305866796523 0.66401212068740167 0.19792640209197998 0.64719468246039369 0.37778967851772904 0.11313695335411467 0.33323235157877107 0.18144264817237854 0.089566859234764706 1.5150075498386275 0.54776428814511746 0.64024570601759379 1.6916256166623487 1.1071561600547273 1.8044644338660898 29.672457631098951
leaf_count=55 58 5520 244 82 11 149 1395 11 206 66 3 110 129 391 41 103 2 149 14 318 36 1 283 117 51 54 973 159 218 5976
internal_value=-9.68661e-05 -0.041333 0.0151641 0.0013695 0.0632772 -0.0121706 0.000463783 -8.98179e-06 0.000434799 -0.000125845 0.00066368 -0.000250293 0.0010572 -0.0620527 -0.00186832 -9.10917e-05 -0.0571537 0.00113567 0.0645946 0.0376357 -0.000593639 -0.060248 0.0548066 0.000874386 0.0600668 -0.000557043 0.00144342 -0.000744592 0.0022396 -0.000704629
internal_weight=44.6381 1.53283 0.852281 43.1053 0.606237 0.284871 42.7349 42.5329 42.3521 42.1388 41.8123 41.4355 40.5771 0.85845 0.410392 40.1162 0.844286 39.272 1.0418 0.311063 38.2302 0.918204 0.27101 37.312 0.880997 36.431 34.9159 34.2757 32.5841 31.4769
internal_count=16925 5979 459 10946 215 204 10888 9493 9411 9400 9194 9128 8693 435 44 8583 449 8134 117 320 8017 433 284 7584 87 7497 7380 7326 6353 6194
is_linear=0
shrinkage=0.1


Tree=87
num_leaves=31
num_cat=0
split_feature=3 3 0 0 4 4 4 5 5 2 3 1 2 0 3 2 2 2 5 0 2 2 3 3 4 3 0 0 0 2
split_gain=0.241369 0.183704 0.453394 0.408393 0.350916 0.5353 0.342332 0.426796 0.331512 0.244529 0.331539 0.257373 0.279222 0.631063 0.5178 0.383275 0.428098 0.385156 0.371385 0.440944 0.323391 0.288112 0.284271 0.248554 0.61097 0.884748 0.832326 0.570933 0.507587 0.4538
threshold=1.0001263238975699 1.3285594431535992 0.86512474012474028 0.91341829085457293 0.67752856669506323 0.72138567027312817 0.51817159892918629 0.52242682935667595 0.59652431710043641 0.74528112307776062 1.2548928199007963 0.60199866524282075 0.60390717372038227 0.80901722391084097 1.2390000898492741 0.56054606545772467 0.54784436997786401 0.57350052305523691 0.58608059893076747 0.78221343873517801 0.53969943526221709 0.58161312528333731 1.1585151169016423 1.1365461153814294 0.20367706052040693 1.1109163928113424 0.5147186147186148 0.62605932203389847 0.49576271186440685 0.50226128597426756
decision_type=2 2 2 2 2 2 2 2 2 2 2 2 2 2 2 2 2 2 2 2 2 2 2 2 2 2 2 2 2 2
left_child=-1 2 9 4 -3 -6 -5 -8 -9 11 -11 12 13 14 15 16 20 -17 22 -20 23 -19 -14 24 25 26 29 -25 -26 -2
right_child=1 3 -4 6 5 -7 7 8 -10 10 -12 -13 18 -15 -16 17 -18 21 19 -21 -22 -23 -24 27 28 -27 -28 -29 -30 -31
leaf_value=-0.10000422389980675 0.0019731618397960424 0.1045847800161373 -0.054916090429808898 0.10941343087436553 -0.043743988402475398 0.10857115466330461 0.082266177906834992 -0.078906899836679409 0.010746846571228985 -0.10052660614054275 0.11261027687674659 -0.067004713582903469 -0.089198886955184992 -0.10472234595285256 0.10121178950494228 -0.10878442828724136 0.076006457269077107 0.043663914931428391 0.064444793863441235 -0.10351078047085537 -0.098175065022236538 -0.073303092860645527 0.084992220792155293 0.075308471262507767 0.10035930635778485 0.10727664659164393 -0.10971472464401033 -0.033290051986144167 -0.11048915380657938 -0.12614031454669963
leaf_weight=0.24040573630918416 26.706830318722517 0.820096202296553 1.5333495117083646 0.22519006416405352 0.59109166126290802 0.37846995013387641 0.33667397835961343 0.97621193776285486 0.71417524783464614 0.09016608891033584 0.38294703484280035 0.57055050828421272 0.10219817600955039 0.58048026183678203 0.50224582324153644 0.64547457064691005 0.74764790703193185 0.49037183605105383 0.29646721458993841 0.33064762631693156 0.33572060194273845 0.36909561631546239 1.1249964101589283 1.2760043583402869 0.13281262782402237 0.75916846696054463 0.70112726536535674 0.78004319453611959 0.81360018322084215 0.27937950732302752
leaf_count=5703 4559 805 1082 162 34 526 192 42 39 298 8 819 158 56 280 112 114 69 117 23 85 161 71 434 66 110 496 32 162 110
internal_value=-7.91445e-05 0.000471917 -0.00160329 0.0207785 0.0564375 0.0157125 -0.00755645 -0.0205509 -0.0410289 0.000546931 0.0719906 -0.00035335 0.000675147 -0.00132167 0.000416108 -0.00107121 0.00121113 -0.0504085 0.0384942 -0.0241101 -0.000548226 -0.0065672 0.070486 0.000493949 -0.00185732 0.00077243 -0.00214784 0.0341073 -0.0809002 0.000646844
internal_weight=43.8336 43.5932 39.5513 4.04191 1.78966 0.969562 2.25225 2.02706 1.69039 38.018 0.473113 37.5449 36.9743 35.12 34.5395 34.0373 32.5323 1.50494 1.85431 0.627115 31.7847 0.859467 1.22719 31.449 29.3929 28.4465 27.6873 2.05605 0.946413 26.9862
internal_count=16925 11222 9422 1800 1365 560 435 273 81 8340 306 8034 7215 6846 6790 6510 6168 342 369 140 6054 230 229 5969 5503 5275 5165 466 228 4669
is_linear=0
shrinkage=0.1


Tree=88
num_leaves=31
num_cat=0
split_feature=3 4 0 0 3 0 3 0 3 0 3 0 3 2 0 0 1 0 3 0 0 2 0 3 2 2 2 3 1 0
split_gain=0.226157 0.532125 0.434699 0.367132 0.267373 0.279751 0.178549 0.23327 0.307007 0.343683 0.305715 0.416743 0.256666 0.396098 0.387023 0.301321 0.252958 0.414019 0.193277 0.942051 0.896092 0.540284 0.802722 0.852564 0.592624 0.458633 1.11421 0.73138 0.4326 0.824787
threshold=1.0003701833543546 0.00055375499051170016 0.031754032258064509 0.031754032258064509 1.0002466771110343 0.019419306184012056 1.0004844364999712 0.036038961038961002 1.0008248272658653 0.051503094606542808 1.0018709116917033 0.077677224736048267 1.0034085484447643 0.1665347975420077 0.095695970695970675 0.091750841750841708 0.066421497023710904 0.056079664570230552 1.0223033929562433 0.23145604395604394 0.23145604395604394 0.21804763463467766 0.18942218080149117 1.0129639843032912 0.18091916141544293 0.20627610395962828 0.23216040288208659 1.0341574265631219 0.2666655707644095 0.30094339622641514
decision_type=2 2 2 2 2 2 2 2 2 2 2 2 2 2 2 2 2 2 2 2 2 2 2 2 2 2 2 2 2 2
left_child=1 2 4 -2 5 -1 -5 -8 -9 -10 16 -12 13 -13 -14 -15 17 -11 19 21 -20 22 23 24 -16 27 -27 -22 -28 -30
right_child=3 -3 -4 6 -6 -7 7 8 9 10 11 12 14 15 18 -17 -18 -19 20 -21 25 -23 -24 -25 -26 26 28 -29 29 -31
leaf_value=0.10859668278764903 0.10534667575892019 -0.10977082236697432 -0.1030884478108397 -0.10358337505464209 0.12690119699838526 -0.10132736231390234 0.11007112843925304 -0.10111794402224827 0.10107555741366669 0.10826033552813499 0.10091811614344946 -0.11140755567094532 0.10141450535980906 0.11459340006133878 0.0022612682809549345 -0.10007514614562507 -0.11581327139985734 -0.10258559725859853 0.10121801709944966 -0.10215428233601352 -0.12558123948371716 0.049261891777809715 -0.10902581412843584 0.10459895259026947 -0.089512919282192863 0.10703469251285253 -0.051892121850717204 0.057695345241262963 0.072756457462431576 -0.0018768955391544337
leaf_weight=0.11052505463885498 0.3360939032281739 0.60942813596193446 0.22285746362103964 0.16445366105472103 0.29740227642469108 0.14914517352008261 0.19452080130576987 0.29630320940122956 0.34057791484519739 0.17797322757542033 0.41655588638968666 0.48762631413410318 0.38390784978400816 0.18139555305242538 3.4529992492462025 0.10224208188446937 0.41054796727257781 0.19535617291694507 0.92488993506413208 1.0355105653361532 0.66620508651249366 1.6952431822137439 0.78383159376971878 0.67213610012549896 0.8836897455039433 1.0035782543709526 1.531906120195347 0.32344744357396848 1.5810190722695576 23.343364125881635
leaf_count=55 58 5520 244 82 11 149 11 206 66 3 110 129 82 2 169 318 391 41 333 1984 10 142 95 119 40 73 256 101 89 6036
internal_value=-7.16085e-05 -0.0397598 0.014946 0.00125436 0.0621658 -0.0119761 0.000406234 0.000822482 0.000302771 0.00104306 0.0001967 0.00142485 0.000363609 -0.0567515 0.00151431 0.0372124 -0.0616425 -0.00207133 0.000502314 -0.0127552 0.00434917 -0.000392066 -0.0149235 -0.000197403 -0.0164396 0.00119997 0.00361036 -0.0656811 -0.000312877 0.00285729
internal_weight=42.9747 1.38936 0.77993 41.5854 0.557073 0.25967 41.2493 41.0848 40.8903 40.594 40.2534 39.4695 39.053 0.771264 38.2817 0.283638 0.783877 0.373329 37.8978 8.52341 29.3744 7.4879 5.79266 5.00883 4.33669 28.4495 27.4599 0.989653 26.4563 24.9244
internal_count=16925 5979 459 10946 215 204 10888 10806 10795 10589 10523 10088 9978 449 9529 320 435 44 9447 2549 6898 565 423 328 209 6565 6454 111 6381 6125
is_linear=0
shrinkage=0.1


Tree=89
num_leaves=31
num_cat=0
split_feature=3 4 0 0 3 0 3 3 0 3 0 3 0 2 1 3 0 3 3 0 2 0 3 0 0 3 2 0 1 2
split_gain=0.200148 0.465806 0.389278 0.331101 0.235483 0.250098 0.166478 0.159559 0.210835 0.274899 0.3136 0.269865 0.380601 0.229901 0.31296 0.524121 0.273623 0.796939 0.472746 0.392122 0.373644 0.790371 0.912843 0.762436 0.954885 0.649398 0.550629 0.727517 0.521294 0.595384
threshold=1.0003701833543546 0.00055375499051170016 0.031754032258064509 0.031754032258064509 1.0002466771110343 0.019419306184012056 1.4439106845072065 1.0004844364999712 0.036038961038961002 1.0008248272658653 0.051503094606542808 1.0018709116917033 0.077677224736048267 0.029284908012114304 0.11054940508739371 1.0045262549513969 0.14415584415584412 1.0104624936819859 1.0071033791492294 0.16515151515151513 0.21109712938497641 0.27361853832442068 1.0290885585440597 0.27842377260981915 0.29217479674796754 1.0302896699900816 0.19450355849308479 0.20169491525423733 0.25161472989760075 0.26796581991649621
decision_type=2 2 2 2 2 2 2 2 2 2 2 2 2 2 2 2 2 2 2 2 2 2 2 2 2 2 2 2 2 2
left_child=1 2 4 -2 5 -1 7 -5 -9 -10 -11 -12 -13 -14 -15 -16 18 -18 -17 -19 25 -22 -23 -24 -25 26 27 -21 -26 -30
right_child=3 -3 -4 6 -6 -7 -8 8 9 10 11 12 13 14 15 16 17 19 -20 20 21 22 23 24 28 -27 -28 -29 29 -31
leaf_value=0.10609207671537108 0.10488564383631223 -0.10673011164319673 -0.10280239500394482 -0.10324296424942361 0.12405610885717384 -0.10120017513875045 0.10001211716130128 0.1090704680262886 -0.10101381845689575 0.10097393860877038 -0.061128682504815984 0.10083157329963431 -0.058872837293437535 0.044685683948918725 -0.1026710799404949 0.0041393551373542139 -0.10370231773794687 0.1055564972572082 0.10429420820134359 0.055439741115983411 0.052016644688206062 -0.10206168512997399 -0.13235584076277607 0.12988290271658487 0.10721780574492244 0.069988455137493369 -0.12189235833758437 -0.080490579428434628 -0.084249948047368683 0.0010468562213072391
leaf_weight=0.10224871444370254 0.30537922617804625 0.56635718093093601 0.20218233600826352 0.14926948190259182 0.27495415782323107 0.13511311170441331 0.16697545007627823 0.17754192976280947 0.26836855383953562 0.30846200487576325 0.71491451004840101 0.3772224064450701 0.65438120759790663 1.5654389545816219 0.49987276327010377 1.5665727469604456 0.75063695189601176 0.35155365557875384 0.67407135054236267 0.69445964740589239 2.9331575883552459 0.89334253798006358 0.42300960491411643 0.57964606271707708 0.44541944772936659 0.49290546897100274 0.83185711712576438 0.90927969585754909 0.84825778740924107 23.199609460476495
leaf_count=55 58 5520 244 82 11 149 1395 11 206 66 435 110 73 214 622 32 912 56 109 42 310 1418 10 50 76 200 22 54 71 4312
internal_value=-7.25102e-05 -0.0389959 0.0146945 0.00114998 0.061064 -0.0119046 0.000367334 -4.54308e-05 0.000338141 -0.000144684 0.000536941 -0.000249267 0.000875643 -0.000108491 0.000912624 -0.000985883 0.000442166 -0.00183035 0.0342698 0.000515139 -0.000629871 0.00277171 -0.00270185 0.000779583 0.00302573 -0.0346891 -0.0558733 -0.0216293 2.35933e-05 -0.00196188
internal_weight=42.0625 1.28086 0.714498 40.7816 0.512316 0.237362 40.4762 40.3093 40.16 39.9824 39.7141 39.4056 38.6907 38.3135 37.6591 36.0937 35.5938 33.3531 2.24064 32.6025 32.2509 29.3224 26.3893 25.4959 25.0729 2.9285 2.4356 1.60374 24.4933 24.0479
internal_count=16925 5979 459 10946 215 204 10888 9493 9411 9400 9194 9128 8693 8583 8510 8296 7674 7533 141 6621 6565 6247 5937 4519 4509 318 118 96 4459 4383
is_linear=0
shrinkage=0.1


Tree=90
num_leaves=31
num_cat=0
split_feature=3 3 0 0 5 0 0 4 2 5 1 4 0 3 5 0 2 4 3 1 0 3 0 3 5 4 4 3 0 3
split_gain=0.177028 0.155024 0.421663 0.373395 0.315245 0.514867 0.561075 0.342677 0.329994 0.436562 0.575677 0.259494 0.499108 0.479414 0.453303 0.362855 0.352876 0.257376 0.489597 0.287074 0.227231 0.181144 0.384769 0.374137 0.325754 0.313293 0.23497 0.612455 0.393253 0.276242
threshold=1.0001263238975699 1.3285594431535992 0.9213106295149639 0.83034857691077724 0.44509379156182355 0.86512474012474028 0.91341829085457293 0.72138567027312817 0.64459334488575171 0.59445742656942457 0.58991818603631074 0.57728733917273056 0.8426212590299279 1.2807270013352239 0.66487245004178963 0.83964285714285725 0.56054606545772467 0.48501478541153359 1.2476453896658557 0.60199866524282075 0.85839598997493749 1.2182695848680105 0.72281323877068571 1.1984424831133145 0.35379191141565841 0.35948622876441211 0.31163206922151376 1.1677197295093269 0.62605932203389847 1.1464055991666593
decision_type=2 2 2 2 2 2 2 2 2 2 2 2 2 2 2 2 2 2 2 2 2 2 2 2 2 2 2 2 2 2
left_child=-1 2 11 -3 -5 -6 -7 8 -8 -10 -11 13 -13 15 16 17 20 18 19 21 -15 22 23 26 -24 -23 27 -2 29 -28
right_child=1 3 -4 4 5 6 7 -9 9 10 -12 12 -14 14 -16 -17 -18 -19 -20 -21 -22 25 24 -25 -26 -27 28 -29 -30 -31
leaf_value=-0.10000313355844251 -0.0012581361362992694 0.10134257934687832 -0.10221128228490661 0.12190715627564935 -0.10435668050412972 0.10340663650874991 0.11443535732594511 -0.075257754123303391 -0.065777060214009572 -0.10645606511881237 0.10286943231011905 0.086412930859644979 -0.11479361827162229 0.10054991545789203 -0.093927550187179298 -0.10150751289828404 0.11245091332776541 -0.072862631614346807 0.10728925597701158 -0.083578603477938856 -0.1172009557706189 0.087910250718442148 0.093930757457759848 0.10327035688733469 -0.10840962726669384 -0.020348349712493212 -0.090837246098840363 0.10672876320756293 -0.1127423591585448 0.10156591073504671
leaf_weight=0.17652906320836237 29.791088652440532 0.48640752011124222 0.41215371894213504 0.22520448758587042 0.41491215089627109 0.57049384958372718 0.27852849494956933 0.56200496856035886 0.62708755511266623 0.17639704825705849 0.5148310487929848 0.16572911602270224 0.48138462990755215 0.077633960521778844 0.16287227062275622 0.35942835483365243 0.87911441072355956 0.48474574947613192 0.42413635723641974 0.41405182894595682 0.12522473931312561 0.60891100988373981 0.093384782274369083 0.34960442371084255 0.53766617296787445 0.47650553972925991 0.11802342135342669 0.53463430827832681 0.47068337820746819 0.20292173704365268
leaf_count=5703 6177 1023 674 298 79 130 6 69 33 6 156 61 17 84 11 572 62 58 99 948 1 83 9 80 211 34 14 120 42 65
internal_value=-7.66486e-05 0.000353323 -0.00162655 0.0194389 0.00761552 -0.000570521 0.015207 -0.00810055 0.0155353 -0.00535997 0.0494509 -0.000498721 -0.0632636 0.000626046 0.061605 -0.00155114 0.0850177 -0.000509966 0.000520927 -0.000826922 -0.0338678 0.000205626 -0.00115303 0.000397447 -0.0784667 0.040384 -0.000758334 0.000645644 -0.0545419 0.0308121
internal_weight=41.2023 41.0258 37.1699 3.85587 3.36946 3.14426 2.72934 2.15885 1.59684 1.31832 0.691228 36.7577 0.647114 36.1106 1.24485 34.8658 1.08197 34.5064 34.0216 33.5975 0.202859 33.1834 32.098 31.467 0.631051 1.08542 31.1174 30.3257 0.791629 0.320945
internal_count=16925 11222 9422 1800 777 479 400 270 201 195 162 8748 78 8670 158 8512 147 7940 7882 7783 85 6835 6718 6498 220 117 6418 6297 121 79
is_linear=0
shrinkage=0.1


Tree=91
num_leaves=31
num_cat=0
split_feature=3 5 0 0 0 3 3 0 3 0 3 0 1 0 3 0 1 2 3 2 3 3 0 3 3 0 3 2 0 3
split_gain=0.165557 0.416043 0.363659 0.299133 0.169677 0.15199 0.144702 0.18814 0.249849 0.281888 0.227103 0.342246 0.241909 0.373018 0.215757 0.349488 0.456165 0.349483 0.29278 0.455802 0.257549 0.534569 0.365492 0.610671 0.391847 0.356124 0.332659 0.257818 0.959645 0.80889
threshold=1.0003701833543546 0.01384013657137635 0.031754032258064509 0.031754032258064509 0.025978407557354904 1.0002466771110343 1.0004844364999712 0.036038961038961002 1.0008248272658653 0.051503094606542808 1.0018709116917033 0.077677224736048267 0.066421497023710904 0.056079664570230552 1.0034085484447643 0.10582306830907051 0.14139910563393945 0.1665347975420077 1.0055155507012519 0.21804763463467766 1.0057175504592355 1.0064071162036627 0.15319426336375488 1.0104624936819859 1.0071033791492294 0.16515151515151513 1.012177058009387 0.21109712938497641 0.24780701754385961 1.0254121260455429
decision_type=2 2 2 2 2 2 2 2 2 2 2 2 2 2 2 2 2 2 2 2 2 2 2 2 2 2 2 2 2 2
left_child=1 2 -1 -2 5 -3 -5 -8 -9 -10 12 -12 13 -11 17 16 -16 -13 19 -17 -20 -22 24 -24 -23 -25 -27 -28 -29 -30
right_child=3 4 -4 6 -6 -7 7 8 9 10 11 14 -14 -15 15 18 -18 -19 20 -21 21 22 23 25 -26 26 27 28 29 -31
leaf_value=0.085242073505766694 0.10446469215303776 -0.10096898890578287 -0.10284661631462931 -0.10293118670115875 -0.11611373531231531 0.10403091916318277 0.10818243131059008 -0.10091813887354278 0.10088295372050371 0.10789668128715368 0.10075405236164042 -0.10984286117450966 -0.11381746270313142 -0.1022098949480625 0.11689318472545085 -0.10758702209170548 -0.028313786075373187 0.039863941867243805 0.080269927786641354 0.05788403618737168 -0.12373946325826478 -0.010430464276843399 -0.10381365352988133 0.10518653761807557 0.090647862069317423 -0.10467343207888731 -0.02735596385438482 0.075394689601886611 -0.10271085636340448 0.0020833054464515547
leaf_weight=0.35881423298633197 0.27770908903039426 0.069115500140469521 0.14406708673959656 0.135287674042046 0.51694220475292241 0.075864788552280515 0.16208555176854034 0.24272919020404415 0.27969533740542729 0.17115210741758247 0.34200085233896871 0.43144387759093561 0.35764264142198954 0.16689694853266701 0.57351436978205939 0.57549657029448908 0.34739000396803021 0.24419183421923663 0.40616020153174659 0.23421851733110088 0.34467986636809556 0.65852894308045395 0.566091283064451 0.324539748311511 0.91843008348951116 0.30131602491383347 2.9253013524867155 1.7572627436020436 0.75825773770339111 25.755035039393988
leaf_count=96 58 88 301 82 5486 8 11 206 66 3 110 129 391 41 103 149 14 320 40 284 124 9 585 48 185 195 333 174 1056 6230
internal_value=-5.55742e-05 -0.0372089 0.0313578 0.00104681 -0.089301 0.00630266 0.000310007 0.000669579 0.000219078 0.000857721 0.000124573 0.00117584 -0.0564873 0.00416574 0.000258431 0.00129643 0.0621172 -0.055735 -0.000280194 -0.0597228 0.00110626 0.000169109 0.00142655 -0.000862437 0.0484381 0.000969011 -0.000104823 0.000905189 0.00382952 -0.000913719
internal_weight=40.4219 1.1648 0.502881 39.2571 0.661922 0.14498 38.9793 38.8441 38.682 38.4392 38.1596 37.4639 0.695692 0.338049 37.1219 36.4462 0.920904 0.675636 35.5253 0.809715 34.7156 34.3094 33.9648 32.3878 1.57696 31.8217 31.4972 31.1959 28.2706 26.5133
internal_count=16925 5979 397 10946 5582 96 10888 10806 10795 10589 10523 10088 435 44 9978 9529 117 449 9412 433 8979 8939 8815 8621 194 8036 7988 7793 7460 7286
is_linear=0
shrinkage=0.1


Tree=92
num_leaves=31
num_cat=0
split_feature=3 5 0 0 0 3 3 2 3 1 0 5 3 3 1 0 1 5 1 0 0 3 0 3 2 0 0 3 4 2
split_gain=0.146158 0.372546 0.314758 0.26994 0.151027 0.138699 0.137173 0.133769 1.20174 0.614263 0.847339 0.798933 0.673471 0.647285 1.78321 0.82297 0.577114 0.571308 0.553555 0.630988 0.520848 0.500795 0.595617 1.04553 0.70177 0.507558 0.484099 0.642953 0.446837 0.408985
threshold=1.0003701833543546 0.01384013657137635 0.031754032258064509 0.031754032258064509 0.025978407557354904 1.4439106845072065 1.0002466771110343 0.35821184911321918 1.0382826008115529 0.3176048459819395 0.36996779388083739 0.22176089814386288 1.0783527443836116 1.0302896699900816 0.27811222515466205 0.26442841287458385 0.3176048459819395 0.27661656106259402 0.28389527558858085 0.24417344173441732 0.23956521739130437 1.0501646228670813 0.39827586206896554 1.0799384910756398 0.39443469540566528 0.46225071225071229 0.23145604395604394 1.0192974833736999 0.026069895418924304 0.45102677675585384
decision_type=2 2 2 2 2 2 2 2 2 2 2 2 2 2 2 2 2 2 2 2 2 2 2 2 2 2 2 2 2 2
left_child=1 2 -1 -2 6 7 -3 9 -9 10 13 -11 -12 15 -15 18 -10 -16 19 20 26 -18 24 -24 -23 -25 27 28 -5 -27
right_child=3 4 -4 5 -6 -7 -8 8 16 11 12 -13 -14 14 17 -17 21 -19 -20 -21 -22 22 23 25 -26 29 -28 -29 -30 -31
leaf_value=0.079524801170820891 0.1040718164964468 -0.10087611543946949 -0.10258165183443452 0.0047432620008334668 -0.11489266127114406 0.1000101527982174 0.10363907669596413 -0.1082365559899698 0.095112917494016097 -0.10223278840849302 -0.12557478837090139 0.074875621447350285 0.10019438591335648 0.094741165411704797 0.095025357762116791 -0.10535542455025067 -0.10995225667307024 -0.086201837971319209 0.11547032161311031 -0.10770487531430384 0.14663793811455966 -0.047829474344546791 -0.10819619651371144 0.10485003511005207 0.12262188100802916 -0.049528863026038775 -0.11441449913016662 0.10209329637580547 -0.060757367762738206 0.0035573941208454315
leaf_weight=0.34680120140183024 0.25218200095696275 0.062592939189926255 0.13067687368129555 7.8435466205992181 0.47246848055692681 0.13892059231147769 0.068891611517756246 1.0840145377442265 0.61811789713101717 0.28996541870583259 0.84308068172686113 2.0943580526800361 0.15668131501297466 2.2841081190563286 0.21013667140505266 0.78319054895837403 0.42870433170537836 1.0101216711918821 0.40486724281800057 0.55274776816077142 0.2430002045293812 0.35030612329137756 0.93312549419352109 0.45533737310324696 0.77796231833053753 1.6331581415724929 0.36602271199808534 0.61029040429275561 1.2009675920999141 13.029511288914362
leaf_count=96 58 88 301 1488 5486 1395 8 2296 74 62 50 433 159 538 60 373 436 72 44 122 19 56 769 159 90 193 51 144 71 1734
internal_value=-6.6568e-05 -0.0363252 0.0296857 0.000949413 -0.0885126 0.000271163 0.00628006 -9.15226e-05 -0.0059446 0.00589079 -0.000961746 0.0533369 -0.0901926 0.00479037 0.042602 -0.00624752 0.000139271 -0.0549933 0.000669628 -0.00362739 0.00197759 -0.0031947 -0.000530612 -0.00546727 0.0696999 0.000873447 -0.00153035 0.00274919 -0.00395418 -0.00235546
internal_weight=39.6759 1.08143 0.477478 38.5944 0.603953 38.3422 0.131485 38.2033 19.3102 18.8931 16.5088 2.38432 0.999762 15.509 3.50437 12.0046 18.2262 1.22026 11.2214 10.8166 10.2638 17.6081 17.1794 16.0511 1.12827 15.118 10.0208 9.6548 9.04451 14.6627
internal_count=16925 5979 397 10946 5582 10888 96 9493 5807 3686 3191 495 209 2982 670 2312 3511 132 1939 1895 1773 3437 3001 2855 146 2086 1754 1703 1559 1927
is_linear=0
shrinkage=0.1


Tree=93
num_leaves=31
num_cat=0
split_feature=4 3 3 4 3 5 5 1 5 5 1 3 4 3 0 1 3 3 0 2 0 3 3 4 0 3 5 4 2 3
split_gain=0.136975 0.127498 0.12463 0.134034 0.206536 0.199846 0.152402 0.134391 0.126671 0.825224 0.378012 0.715726 0.774642 0.432217 0.377964 0.377335 0.325446 0.541671 0.365929 0.275654 0.342021 0.703844 0.538897 0.798879 0.305909 0.523285 0.3229 0.306448 0.333828 0.266809
threshold=1.0000000180025095e-35 1.0001263238975699 1.4439106845072065 0.77859937438604876 1.3764677907238665 0.55495044343925082 0.65835504855097182 0.50713374078153206 0.38671423835131918 0.3840297514779597 0.26968720177858302 1.0637604743489464 0.083564206269494276 1.052493146346746 0.39827586206896554 0.34458656525734038 1.0750792230598634 1.0649373095207524 0.45049019607843138 0.45344983439915293 0.61620294599018022 1.1677197295093269 1.1109163928113424 0.16029893529129377 0.72281323877068571 1.2182695848680105 0.48577891371277254 0.42363912256324709 0.69777375368042638 1.0389020510855793
decision_type=2 2 2 2 2 2 2 2 2 2 2 2 2 2 2 2 2 2 2 2 2 2 2 2 2 2 2 2 2 2
left_child=-1 -2 3 4 8 7 -6 -5 9 -3 -10 12 13 15 -13 29 17 -16 -18 -20 22 -22 23 -21 -23 -26 -27 28 -28 -12
right_child=1 2 -4 5 6 -7 -8 -9 10 -11 11 14 -14 -15 16 -17 18 -19 19 20 21 24 -24 -25 25 26 27 -29 -30 -31
leaf_value=-0.10174132490079879 -0.10000231797037554 0.0018986918078018966 0.10000918642901534 0.093440911748068456 0.10345176038489881 -0.10959917294486204 -0.045451351891958813 -0.10432908810274562 0.076581932662755897 0.12322808470650458 -0.070605295380982536 0.10399707022091376 -0.11799814419857187 0.094088191548569844 0.10602000301240194 -0.10805040930404441 0.10679781988734714 -0.11070995038802137 -0.04553347858670817 0.06942350638655069 -0.10426587767121953 0.053300940974945678 0.075968343786115222 -0.11148458095484659 -0.10806358678572003 -0.054400999029161581 0.099377991945661645 -0.00094570400904897078 -0.017267646355807582 0.10950671773891676
leaf_weight=0.13207881207381333 0.12639140240935276 20.834034905785305 0.12570170288381532 0.11076630747993377 0.32130309731291973 0.26188408814778086 0.087442171381553635 0.049811139688245021 0.52856183148105884 0.57608384005288726 0.14033701862353998 0.33678142417920653 1.1689219544332443 0.33375525433802977 0.14350440437192347 0.40488578000076814 0.31587383319856499 0.58711577872600174 1.3097033469530277 0.4900817043089768 0.67688726812411726 1.0134204568748826 1.4098972714273257 0.48632696899585426 0.46434358492842864 0.86722503992496047 0.70634141762275227 4.1118343905109214 0.37593093000759836 0.19869065657258034
leaf_count=255 5621 4442 1395 62 153 11 21 4 77 34 100 96 1739 56 33 857 81 250 130 36 779 114 213 27 138 21 14 104 57 5
internal_value=-7.86116e-05 0.000269577 0.000599295 0.000273129 0.000897693 -0.0557422 0.0715972 0.0320926 0.000126678 0.00516331 -0.00658347 -0.00941184 -0.0616164 -0.000460458 -0.000590482 -0.0428795 -0.00330863 -0.068141 0.00056513 -0.00225187 0.00309471 -0.00658494 0.0364215 -0.0206827 0.00218521 -0.00575293 0.00208483 0.0115159 0.0588607 0.0349512
internal_weight=38.6959 38.5638 38.4374 38.3117 37.8893 0.422462 0.408745 0.160577 37.4805 21.4101 16.0704 15.5419 2.24659 1.07767 13.2953 0.743913 12.9585 0.73062 12.2279 11.912 10.6023 8.21598 2.38631 0.976409 7.5391 6.52568 6.06133 5.19411 1.08227 0.339028
internal_count=16925 16670 11049 9654 9577 77 174 66 9403 4476 4927 4850 2757 1018 2093 962 1997 283 1714 1633 1503 1227 276 63 448 334 196 175 71 105
is_linear=0
shrinkage=0.1


Tree=94
num_leaves=31
num_cat=0
split_feature=3 0 0 5 4 2 5 2 0 4 3 4 4 4 0 3 5 0 2 2 4 3 1 0 0 0 3 0 3 5
split_gain=0.133982 0.377395 0.322567 0.285184 0.430614 0.456135 0.379815 0.351901 0.39986 0.355323 0.23172 0.227448 0.299411 0.218298 0.474175 0.411773 0.401029 0.32241 0.32155 0.215858 0.210132 0.428883 0.247515 0.196429 0.158741 0.150749 0.246296 0.277322 0.320677 0.28319
threshold=1.3285594431535992 0.9213106295149639 0.83034857691077724 0.44509379156182355 0.67752856669506323 0.64459334488575171 0.59652431710043641 0.6503479999627565 0.95959183673469395 0.53705869862524935 1.4023383353878638 0.53705869862524935 0.51817159892918629 0.57728733917273056 0.82025641025641038 1.2807270013352239 0.66487245004178963 0.83964285714285725 0.56054606545772467 0.52842898556043227 0.48501478541153359 1.2476453896658557 0.60199866524282075 0.85839598997493749 0.78221343873517801 0.8119103773584907 1.2182695848680105 0.72281323877068571 1.1984424831133145 0.35379191141565841
decision_type=2 2 2 2 2 2 2 2 2 2 2 2 2 2 2 2 2 2 2 2 2 2 2 2 2 2 2 2 2 2
left_child=1 13 -2 -4 5 -5 10 -7 11 -10 -6 12 -9 15 -15 17 18 20 23 -12 21 22 25 -17 -22 26 27 28 -1 -29
right_child=2 -3 3 4 6 7 -8 8 9 -11 19 -13 -14 14 -16 16 -18 -19 -20 -21 24 -23 -24 -25 -26 -27 -28 29 -30 -31
leaf_value=-0.0010685860003955788 0.10128171508368621 -0.10201917699816261 0.12141199496033378 0.11005936310505447 -0.12118908003476009 -0.13112834554634689 0.036323973479770864 0.10635998653051502 0.10430952541622421 -0.10666098285625712 -0.10757274248160541 0.11062630497077151 -0.11700122462782701 0.095549578931857351 -0.11282960681316333 0.10051671731244549 -0.090559481977332226 -0.1013843978878376 0.11089663266332057 0.10340623873541588 0.014348432275894753 0.10653952497516571 -0.081489514955575826 -0.1153706286144453 -0.10957807618091078 -0.10472722718741723 0.052343569624096337 0.090517085475031955 0.10279066697809661 -0.10728245225776728
leaf_weight=28.952814542990403 0.41495104385103276 0.37310349632025364 0.20510738424491171 0.50734128069598261 0.56933437217958249 0.18103513121604908 0.35400181903969496 0.11463035462656967 0.10536012420925545 0.32949332656426122 0.090770760682062246 0.43430636143602896 0.12595894845435396 0.14503307509585184 0.44201161117052834 0.066366986051433541 0.15358485875185579 0.32254819436820881 0.79070363065693527 0.10412073151383083 0.15590605672332358 0.37391573592321847 0.3792787724032668 0.11547850072383881 0.30669255302018428 0.13738436923995223 0.88176008695154351 0.087060631116400056 0.3003722598659796 0.42928930088964989
leaf_count=10257 1023 1176 298 17 9 1 26 210 90 11 16 27 3 58 21 84 11 1014 62 69 47 99 1700 1 12 59 113 12 80 319
internal_value=-8.76449e-05 -0.00199239 0.0184477 0.00743615 -0.000579779 0.0297228 -0.0493067 -0.00185346 0.0192354 -0.0555452 -0.0889722 0.0674185 -0.0105793 -0.000896029 -0.0613482 0.000164802 0.0596074 -0.00190592 0.0833218 0.00514273 -0.000903357 7.79379e-05 -0.00119926 -0.0365796 -0.0678121 -0.000210183 0.00025828 -0.00128446 -2.15728e-06 -0.0739319
internal_weight=37.9497 34.4133 3.53641 3.12146 2.91635 1.79813 1.11823 1.29078 1.10975 0.434853 0.764226 0.674896 0.240589 34.0402 0.587045 33.4532 1.12613 32.327 0.972549 0.194891 32.0045 31.5419 31.168 0.181845 0.462599 30.7887 30.6513 29.7695 29.2532 0.51635
internal_count=16925 15125 1800 777 479 359 120 342 341 101 94 240 213 13949 79 13870 158 13712 147 85 12698 12639 12540 85 59 10840 10781 10668 10337 331
is_linear=0
shrinkage=0.1


Tree=95
num_leaves=31
num_cat=0
split_feature=4 3 5 0 0 0 3 0 3 0 3 0 1 0 2 0 5 3 3 3 0 3 0 2 3 2 0 3 2 0
split_gain=0.122367 0.118072 0.333398 0.278207 0.242035 0.134726 0.131532 0.16729 0.220668 0.252416 0.205019 0.306488 0.216381 0.333128 0.202352 0.25747 0.360701 0.348333 0.406324 0.47293 0.451428 0.612757 0.410792 0.353079 0.577234 0.342284 0.33586 0.292825 0.213511 0.822178
threshold=1.0000000180025095e-35 1.0003701833543546 0.01384013657137635 0.031754032258064509 0.031754032258064509 0.025978407557354904 1.0004844364999712 0.036038961038961002 1.0008248272658653 0.051503094606542808 1.0018709116917033 0.077677224736048267 0.066421497023710904 0.056079664570230552 0.029284908012114304 0.10582306830907051 0.031741186130937953 1.0055155507012519 1.0057175504592355 1.0064071162036627 0.14415584415584412 1.0104624936819859 0.16515151515151513 0.14195156515672655 1.0078850737289038 0.21804763463467766 0.12220009955201593 1.012177058009387 0.21466448082266262 0.24780701754385961
decision_type=2 2 2 2 2 2 2 2 2 2 2 2 2 2 2 2 2 2 2 2 2 2 2 2 2 2 2 2 2 2
left_child=-1 2 3 -2 -3 -4 -6 -8 -9 -10 12 -12 13 -11 -13 16 -16 25 -19 -20 23 -22 -23 -21 -25 -17 -27 -24 -29 -30
right_child=1 4 5 -5 6 -7 7 8 9 10 11 14 -14 -15 15 17 -18 18 19 20 21 22 27 24 -26 26 -28 28 29 -31
leaf_value=-0.10159160281236992 0.076471157161267345 0.10370770685021467 0.0064317199021253942 -0.10235506275981672 -0.10267309978305386 -0.11430304369916358 0.10733573908635237 -0.10085623277621102 0.10079504697520213 0.10706342674028638 0.10067911577729145 -0.05677745477188445 -0.11276914196249921 -0.1020455863400217 -0.026244808681505572 -0.10623305419780604 0.096382205386839365 0.11251189428266324 -0.12182465340060103 0.11921602977059392 -0.10377161065725116 0.10387914466148712 -0.10421882414291334 -0.10005603881388231 0.10307701324115355 0.12437530627803944 -0.10005661037979736 -0.025026558300280933 0.073683455831676223 -0.00071089260352754692
leaf_weight=0.11837078616190311 0.33132964913602236 0.22876129011274215 0.1189312817332393 0.11797349828157166 0.12309323748013312 0.41468989859458816 0.14699651370756228 0.21378176508915103 0.25189221871551026 0.15520149655640025 0.30796485627069969 0.60647363576572288 0.32614844624549733 0.14963770614122041 0.38177725870627799 0.58338374237791768 0.64532475167652592 0.32718770712381484 0.31294252256157307 0.56957190117100498 0.56496965219958184 0.38577568059554579 0.26709310600563441 0.26427585259079933 0.29722215607762337 0.15757295489311218 0.11559420810772281 2.8466941750666619 1.5819502423983092 24.376927555120346
leaf_count=255 93 58 95 298 81 5407 11 201 66 3 110 73 386 39 33 315 76 39 120 82 574 79 193 3 57 1 509 349 163 7156
internal_value=-7.90062e-05 0.000244259 -0.0339532 0.0295168 0.00117311 -0.0873942 0.000520822 0.00087528 0.000436793 0.0010472 0.000333883 0.00136426 -0.0561547 0.0044172 0.000472161 0.0015031 0.0508013 -4.76618e-05 0.00164764 0.000494915 0.0017236 -0.000612811 0.00136562 0.0637418 0.00746998 -0.0629763 0.029404 5.33478e-06 0.00097173 0.00382275
internal_weight=37.2895 37.1711 0.982924 0.449303 36.1882 0.533621 35.9595 35.8364 35.6894 35.4756 35.2237 34.5927 0.630988 0.304839 34.2847 33.6783 1.0271 32.6512 31.7946 31.4674 31.1545 30.0234 29.4584 1.13107 0.561498 0.856551 0.273167 29.0727 28.8056 25.9589
internal_count=16925 16670 5893 391 10777 5502 10719 10638 10627 10426 10360 9932 428 42 9822 9749 109 9640 8815 8776 8656 8514 7940 142 60 825 510 7861 7668 7319
is_linear=0
shrinkage=0.1


Tree=96
num_leaves=31
num_cat=0
split_feature=3 2 0 1 2 5 3 5 0 2 2 0 3 0 2 0 3 0 4 3 3 3 0 1 3 0 2 2 1 1
split_gain=0.126914 1.08322 0.905017 0.598211 1.00815 0.764651 0.819632 0.576371 0.511621 0.503397 1.06325 0.787605 0.769569 0.661183 0.574327 0.608624 0.781377 0.518938 0.441345 0.555151 0.414295 0.336047 0.467091 0.383352 0.324009 0.417447 0.308988 0.616024 0.29474 0.370633
threshold=1.0382826008115529 0.35821184911321918 0.3304597701149426 0.31222367362744768 0.33865447044426733 0.48051314424337538 1.0783527443836116 0.51952589451120179 0.35781671159029654 0.30861794729656372 0.28289119080107444 0.30094339622641514 1.0316852235203353 0.26442841287458385 0.21804763463467766 0.18942218080149117 1.0129639843032912 0.17349498327759191 0.082309948910442757 1.1134441523702872 1.0188952945751943 1.0197495010107107 0.21103238866396759 0.29438294267965159 1.0126002939251477 0.15655637254901963 0.18091916141544293 0.14609824610067812 0.13771986288966662 0.13391150336587798
decision_type=2 2 2 2 2 2 2 2 2 2 2 2 2 2 2 2 2 2 2 2 2 2 2 2 2 2 2 2 2 2
left_child=1 9 7 5 -5 6 -4 -2 -6 10 12 20 13 14 15 16 17 26 19 -10 -11 22 24 -24 25 -16 27 28 29 -1
right_child=2 -3 3 4 8 -7 -8 -9 18 11 -12 -13 -14 -15 21 -17 -18 -19 -20 -21 -22 -23 23 -25 -26 -27 -28 -29 -30 -31
leaf_value=-0.0051223786597609537 0.1039629060236498 -0.10739052920642211 -0.10159709783686238 0.11252328543773418 0.08991290586225148 0.131868127838006 0.10015077139398953 -0.10579753842564169 -0.10708949778725652 -0.10044018005259342 -0.10509994985119586 -0.10120226121927467 0.11257179278044523 -0.10522366607344191 0.081317005790152053 -0.07148533581254074 0.10369739548391517 -0.11637763601089342 0.00081030179239930658 0.065358527558039059 0.1414096853522695 0.11356298371008605 -0.10636479804436459 0.105442275862382 0.12652529341334426 -0.10410086887351594 -0.068312260341270734 0.076483565350959168 -0.067271420370540472 0.12853821107649574
leaf_weight=4.0975026447085749 1.2662851052300563 1.0047142549419721 1.5067578027956212 0.83340110549034108 0.60900669402326713 0.19992637740506314 0.23243716514116375 0.14610984479077149 0.79395224003383436 0.078969538593811062 0.98385649465126412 0.21225275635515573 0.60851194107090201 0.59774824976375462 0.31687447557487691 1.2957431391441785 0.69531340518733475 0.41148827817960398 15.507746115414191 0.24406445434215129 0.68720942462095991 0.60013830621028308 0.36380116286090924 0.11168373737200454 0.44945346121676266 0.1968544279679918 0.61345297021034628 1.0335825402562475 0.72478683753615758 0.21852550394396519
leaf_count=1622 535 5816 24 103 51 10 449 5 333 192 381 466 75 536 96 477 206 148 3827 468 17 25 209 18 11 159 185 270 186 25
internal_value=-7.37189e-05 -0.00702361 0.00490998 -0.000572644 0.00511605 -0.0533435 -0.0746342 0.0822635 -0.000101939 2.92499e-05 -0.00505639 0.0692597 0.00292292 -0.00276676 0.00273619 -0.00802212 0.00252768 -0.00738095 -0.00341515 -0.0665425 0.116482 0.0507041 0.0244826 -0.0566147 0.0645172 0.0102672 -0.000674627 0.00615609 -0.00826405 0.00164501
internal_weight=36.6422 15.3025 21.3397 19.9273 17.9882 1.93912 1.73919 1.41239 17.1548 14.2977 13.3193 0.978432 12.3355 11.7269 11.1292 9.0904 7.79465 7.09934 16.5458 1.03802 0.766179 2.03881 1.43867 0.475485 0.963182 0.513729 6.68785 6.0744 5.04081 4.31603
internal_count=16925 11120 5805 5265 4782 483 473 540 4679 5304 4629 675 4248 4173 3637 3119 2642 2436 4628 801 209 518 493 227 266 255 2288 2103 1833 1647
is_linear=0
shrinkage=0.1


Tree=97
num_leaves=31
num_cat=0
split_feature=3 0 0 5 0 0 4 1 1 5 4 0 3 5 2 0 4 3 2 2 4 3 0 0 0 3 2 1 4 4
split_gain=0.116051 0.338925 0.290287 0.252505 0.380783 0.457196 0.253293 0.268929 0.547569 0.522804 0.196951 0.421035 0.364282 0.356617 0.290491 0.289455 0.184827 0.383229 0.224735 0.199263 0.175835 0.607022 0.506707 0.391391 0.299902 0.281127 0.34125 0.278996 0.500376 0.60135
threshold=1.3285594431535992 0.9213106295149639 0.83034857691077724 0.44509379156182355 0.86512474012474028 0.91341829085457293 0.72138567027312817 0.58476808711380157 0.58991818603631074 0.59445742656942457 0.57728733917273056 0.82025641025641038 1.2807270013352239 0.66487245004178963 0.56054606545772467 0.83964285714285725 0.48501478541153359 1.2476453896658557 0.68201298435578883 0.6714710692557001 0.28724007158121173 1.1365461153814294 0.57019704433497542 0.63714733542319768 0.56386946386946402 1.1984424831133145 0.56605971841233493 0.47394285755904925 0.13668715550865143 0.14492835566342191
decision_type=2 2 2 2 2 2 2 2 2 2 2 2 2 2 2 2 2 2 2 2 2 2 2 2 2 2 2 2 2 2
left_child=1 10 -2 -4 -5 -6 7 -7 -9 -10 12 -12 15 14 -14 16 17 18 19 20 21 22 27 -23 -22 -26 -27 28 -1 -30
right_child=2 -3 3 4 5 6 -8 8 9 -11 11 -13 13 -15 -16 -17 -18 -19 -20 -21 24 23 -24 -25 25 26 -28 -29 29 -31
leaf_value=0.0024087196080682153 0.10117868229302369 -0.10184382847172707 0.11919842567560256 -0.095101653946529821 0.10119276619982812 0.078974495389977958 -0.071341030147203402 -0.12383823207494067 -0.096385130906224969 0.098821343583745114 0.094229462548564583 -0.1115231864470468 -0.037403158787769834 -0.086452003509841474 0.10982964348029318 -0.10126390055751454 -0.065601793301583194 0.1059411068186885 -0.083069150126582017 0.081623357599357169 0.10058772358753228 0.10563243154603162 -0.10277353004840957 0.0037896846159707455 -0.069175925114089695 0.065000523175489613 -0.0503419772803953 0.04443019553773235 -0.11247941116863336 -0.011048372799921576
leaf_weight=20.32376182525881 0.37099977797333794 0.33567028352717798 0.18827325745223822 0.36813650597468983 0.48108030929142875 0.43073835728137033 0.47331636116723519 0.31600145157426596 0.20042558740533423 0.43491474528127583 0.1318889414833383 0.40442645043185621 0.16458698696805985 0.14550082414643839 0.72120782485581003 0.28974573340838006 0.43428124982528871 0.33827122775255603 0.33077587146544729 0.29479041807371587 0.17170001842896399 0.88517134624998906 0.49321756594599619 0.65776566846761853 1.2139780800143856 0.46773359517101176 0.56798570812679827 1.3136642062536328 0.85972906159804496 1.8258120499158392
leaf_count=7456 1023 1176 298 79 130 18 69 3 24 156 58 21 85 11 62 1014 59 99 850 100 126 337 2138 33 339 30 22 769 51 289
internal_value=-7.04803e-05 -0.00188252 0.0179016 0.0072217 -0.000573215 0.0143207 -0.00820406 0.0134182 -0.0162636 0.0372412 -0.000835138 -0.0609252 0.000187958 0.0586399 0.0824727 -0.00179053 -0.000835481 0.000110137 -0.00110728 -0.000174843 -0.00101268 0.00135636 -0.00242758 0.0622161 -0.0268018 -0.0365243 0.001747 -0.000392776 -0.00295184 -0.0435197
internal_weight=35.6356 32.3717 3.26389 2.89289 2.70461 2.33648 1.8554 1.38208 0.951342 0.63534 32.036 0.536315 31.4997 1.0313 0.885795 30.4684 30.1786 29.7444 29.4061 29.0753 28.7805 26.3591 24.8162 1.54294 2.4214 2.2497 1.03572 24.323 23.0093 2.68554
internal_count=16925 15125 1800 777 479 400 270 201 183 180 13949 79 13870 158 147 13712 12698 12639 12540 11690 11590 11073 10703 370 517 391 52 8565 7796 340
is_linear=0
shrinkage=0.1


Tree=98
num_leaves=31
num_cat=0
split_feature=3 2 0 5 1 2 5 3 2 2 0 3 0 2 0 3 0 0 4 3 3 3 5 5 3 1 3 0 4 3
split_gain=0.115207 0.967494 0.812127 0.518555 0.50021 0.843672 0.658626 0.672342 0.437237 0.926958 0.686417 0.677626 0.594185 0.497469 0.506826 0.703682 0.464071 0.42838 0.415261 0.461687 0.356782 0.306849 0.3005 0.508567 0.367605 0.40052 0.279521 0.37516 0.369605 0.243804
threshold=1.0382826008115529 0.35821184911321918 0.3304597701149426 0.51952589451120179 0.31222367362744768 0.33865447044426733 0.48051314424337538 1.0783527443836116 0.30861794729656372 0.28289119080107444 0.30094339622641514 1.0316852235203353 0.26442841287458385 0.21804763463467766 0.18942218080149117 1.0129639843032912 0.17349498327759191 0.35781671159029654 0.082309948910442757 1.1037986205630659 1.0188952945751943 1.0201764086423881 0.17677680187506148 0.07729996327479742 1.0159461119456594 0.18555127014496622 1.0093296188352328 0.13100686498855832 0.020158926624543754 1.0061414482588964
decision_type=2 2 2 2 2 2 2 2 2 2 2 2 2 2 2 2 2 2 2 2 2 2 2 2 2 2 2 2 2 2
left_child=1 8 3 -2 6 -6 7 -4 9 11 20 12 13 14 15 16 26 -7 19 -19 -10 -16 23 -15 25 -24 27 29 -28 -1
right_child=2 -3 4 -5 5 17 -8 -9 10 -11 -12 -13 -14 22 21 -17 -18 18 -20 -21 -22 -23 24 -25 -26 -27 28 -29 -30 -31
leaf_value=-0.0059163820304269747 0.10360340500219099 -0.10682749300772587 -0.095127411267279527 -0.10183667655189627 0.10479744268201585 0.083955220300937938 0.12798538572084969 0.10013797827372224 -0.10039950245659664 -0.10159965099009485 -0.10109263473577268 0.10947180218235855 -0.10474284642590481 0.10847719202512091 -0.11493178534815994 0.10338140377164882 -0.11474869048324383 -0.11018714154659093 0.00095240047225509479 0.045616905247235516 0.13472142491670266 -0.01642017206691487 0.10100986548696106 -0.071139148682725015 0.11624750663930172 -0.098945641180108665 0.11000515951939252 -0.071384617883266555 -0.045555328757966335 0.061586212520411521
leaf_weight=4.5063284988027466 1.1504973435367016 0.9073593684197484 1.4196823100792269 0.13755357987247396 0.80535132776640495 0.58547830613679508 0.1856225490264477 0.20134381950629165 0.071653738628811747 0.92149034896920134 0.1926522294716051 0.56418201458291228 0.54446254427784957 0.24993673860080967 0.63965745166933607 0.62950490997172881 0.37813204856684013 0.6890978596838967 14.841682322006816 0.26269517268883646 0.64995022281073034 0.62527193024288863 0.1974562345385491 0.42685832508504973 0.82755041855853051 0.20332768085427233 0.46749313635518763 0.80401156880361657 0.22684917529113591 0.60714484116761003
leaf_count=1724 535 5816 24 5 103 51 10 449 192 381 466 75 536 48 456 206 148 308 3827 493 17 21 42 133 21 274 50 424 16 74
internal_value=-5.79409e-05 -0.00681776 0.0048226 0.081664 -0.000389133 0.00487314 -0.0504423 -0.070874 -0.000210415 -0.00497535 0.0666033 0.00250801 -0.00281642 0.00232701 -0.00761629 0.00211536 -0.0070045 -4.01245e-05 -0.00315391 -0.0671852 0.111374 -0.0662361 0.0486966 -0.00480781 0.0781769 -0.000432552 -0.000842581 -0.00788569 0.0591819 0.00209849
internal_weight=34.9203 14.6413 20.279 1.28805 18.991 17.1843 1.80665 1.62103 13.7339 12.8197 0.914256 11.8982 11.334 10.7895 8.88439 7.61946 6.98996 16.379 15.7935 0.951793 0.721604 1.26493 1.90513 0.676795 1.22833 0.400784 6.61183 5.91748 0.694342 5.11347
internal_count=16925 11120 5805 540 5265 4782 483 473 5304 4629 675 4248 4173 3637 3119 2642 2436 4679 4628 801 209 477 518 181 337 316 2288 2222 66 1798
is_linear=0
shrinkage=0.1


Tree=99
num_leaves=31
num_cat=0
split_feature=4 1 1 3 0 2 2 0 3 1 4 1 2 1 3 4 1 5 1 0 1 1 3 0 3 2 1 1 2 2
split_gain=0.107092 0.103604 0.460143 0.364669 0.360204 0.365247 0.636815 0.322848 0.327242 0.339638 0.382573 0.334591 0.280681 0.223464 0.223017 0.296779 0.246425 0.213418 0.195251 0.161024 0.153655 0.397212 0.330547 0.445929 0.690978 0.500233 0.754683 0.603009 0.568991 0.5263
threshold=1.0000000180025095e-35 0.51004998353333231 0.50417091870603381 1.1365461153814294 0.64218328840970362 0.59648263865280982 0.56054606545772467 0.95959183673469395 1.3521205096262741 0.5387914262139355 0.57728733917273056 0.536248167339335 0.57903584910635586 0.4964851854057078 1.2807270013352239 0.42363912256324709 0.61049441770713408 0.62400148679952971 0.61853490175195003 0.43534002229654406 0.48266164221563818 0.47394285755904925 1.1818738269056885 0.39339826839826841 1.0637604743489464 0.40859683427063004 0.33665891194219483 0.31222367362744768 0.32578038009223836 0.30861794729656372
decision_type=2 2 2 2 2 2 2 2 2 2 2 2 2 2 2 2 2 2 2 2 2 2 2 2 2 2 2 2 2 2
left_child=-1 2 12 19 -5 6 -6 8 9 -7 14 -10 13 17 15 16 -11 20 -9 -3 21 22 23 24 25 26 27 28 29 -2
right_child=1 3 -4 4 5 7 -8 18 11 10 -12 -13 -14 -15 -16 -17 -18 -19 -20 -21 -22 -23 -24 -25 -26 -27 -28 -29 -30 -31
leaf_value=-0.10168662129353319 -0.00017797053285472416 0.10205659088645486 0.089745367252106828 0.096261693522755709 0.029768109791902198 0.085190385565791171 -0.10257237772289177 -0.084471652753724424 -0.048472200526199861 0.034179520694069265 -0.11909673147123861 0.10719781499320341 0.067953360067813759 -0.087951422116787109 0.039255184692194779 -0.079618073282450685 -0.10139744827578108 0.087114299876262111 0.045835757223137319 -0.10155026290920476 -0.049698022028906691 0.088893073702955488 0.060763203766531576 -0.029703075270801838 0.10159062515460955 0.079074788297179482 -0.08116273071132632 0.091355267816027694 -0.075502396735651789 0.11692961710260702
leaf_weight=0.10337006144163652 13.231854854941989 0.041889690568495008 0.59939867010689241 0.34141786307736754 0.59151242977168272 0.41922516695922274 0.94369241489039268 0.56121376753799257 0.17732080095083791 0.80238169123185865 0.29469744830566913 0.62378087082834099 0.61376737511545698 0.28875725334273639 0.95746274112025265 0.56781633235368645 0.16095742510515265 0.28144438916478876 0.14462035930773709 0.53396314935162081 0.6179800963964216 0.50124252980367501 0.83453226729761709 5.0049488399008615 0.6980264067533416 0.76654648957901272 1.1647925446513898 0.72490043563175355 0.9845102446615791 0.39522607551134648
leaf_count=255 4498 7 129 168 36 22 42 50 41 45 11 545 256 159 39 38 179 113 179 5023 249 158 1161 1775 500 211 458 245 221 112
internal_value=-5.70627e-05 0.000253108 0.00311713 -0.0104272 -0.00375494 -0.00922319 -0.0515818 0.00458494 0.0155785 0.00127953 -0.0113592 0.0727409 0.00112832 -0.000480438 0.00139888 -0.0222734 0.0115269 0.00052162 -0.0577726 -0.0867391 -0.000456172 0.000795773 -0.00105919 -0.00330521 0.00404874 0.000105752 -0.00356266 0.002331 -0.00208561 0.0032185
internal_weight=33.9733 33.8699 26.7079 7.16195 6.5861 6.24468 1.5352 4.70948 4.00364 3.20254 2.78332 0.801102 26.1085 25.4948 2.48862 1.53116 0.963339 25.206 0.705834 0.575853 24.9246 24.3066 23.8053 22.9708 17.9659 17.2678 16.5013 15.3365 14.6116 13.6271
internal_count=16925 16670 10245 6425 1395 1227 78 1149 920 334 312 586 10116 9860 301 262 224 9701 229 5030 9588 9339 9181 8020 6245 5745 5534 5076 4831 4610
is_linear=0
shrinkage=0.1


end of trees

feature_importances:
cost_revision_ratio=1162
timeline_elapsed_fraction=988
physical_progress_pct=264
schedule_variance_ratio=244
financial_progress_pct=207
milestone_completion_ratio=135

parameters:
[boosting: gbdt]
[objective: binary]
[metric: binary_logloss]
[tree_learner: serial]
[device_type: cpu]
[data_sample_strategy: bagging]
[data: ]
[valid: ]
[num_iterations: 100]
[learning_rate: 0.1]
[num_leaves: 31]
[num_threads: 8]
[seed: 42]
[deterministic: 0]
[force_col_wise: 0]
[force_row_wise: 0]
[histogram_pool_size: -1]
[max_depth: -1]
[min_data_in_leaf: 20]
[min_sum_hessian_in_leaf: 0.001]
[bagging_fraction: 1]
[pos_bagging_fraction: 1]
[neg_bagging_fraction: 1]
[bagging_freq: 0]
[bagging_seed: 400]
[bagging_by_query: 0]
[feature_fraction: 1]
[feature_fraction_bynode: 1]
[feature_fraction_seed: 30056]
[extra_trees: 0]
[extra_seed: 12879]
[early_stopping_round: 0]
[early_stopping_min_delta: 0]
[first_metric_only: 0]
[max_delta_step: 0]
[lambda_l1: 0]
[lambda_l2: 0]
[linear_lambda: 0]
[min_gain_to_split: 0]
[drop_rate: 0.1]
[max_drop: 50]
[skip_drop: 0.5]
[xgboost_dart_mode: 0]
[uniform_drop: 0]
[drop_seed: 17869]
[top_rate: 0.2]
[other_rate: 0.1]
[min_data_per_group: 100]
[max_cat_threshold: 32]
[cat_l2: 10]
[cat_smooth: 10]
[max_cat_to_onehot: 4]
[top_k: 20]
[monotone_constraints: ]
[monotone_constraints_method: basic]
[monotone_penalty: 0]
[feature_contri: ]
[forcedsplits_filename: ]
[refit_decay_rate: 0.9]
[cegb_tradeoff: 1]
[cegb_penalty_split: 0]
[cegb_penalty_feature_lazy: ]
[cegb_penalty_feature_coupled: ]
[path_smooth: 0]
[interaction_constraints: ]
[verbosity: 1]
[saved_feature_importance_type: 0]
[use_quantized_grad: 0]
[num_grad_quant_bins: 4]
[quant_train_renew_leaf: 0]
[stochastic_rounding: 1]
[linear_tree: 0]
[max_bin: 255]
[max_bin_by_feature: ]
[min_data_in_bin: 3]
[bin_construct_sample_cnt: 200000]
[data_random_seed: 175]
[is_enable_sparse: 1]
[enable_bundle: 1]
[use_missing: 1]
[zero_as_missing: 0]
[feature_pre_filter: 1]
[pre_partition: 0]
[two_round: 0]
[header: 0]
[label_column: ]
[weight_column: ]
[group_column: ]
[ignore_column: ]
[categorical_feature: ]
[forcedbins_filename: ]
[precise_float_parser: 0]
[parser_config_file: ]
[objective_seed: 16083]
[num_class: 1]
[is_unbalance: 0]
[scale_pos_weight: 1]
[sigmoid: 1]
[boost_from_average: 1]
[reg_sqrt: 0]
[alpha: 0.9]
[fair_c: 1]
[poisson_max_delta_step: 0.7]
[tweedie_variance_power: 1.5]
[lambdarank_truncation_level: 30]
[lambdarank_norm: 1]
[label_gain: ]
[lambdarank_position_bias_regularization: 0]
[eval_at: ]
[multi_error_top_k: 1]
[auc_mu_weights: ]
[num_machines: 1]
[local_listen_port: 12400]
[time_out: 120]
[machine_list_filename: ]
[machines: ]
[gpu_platform_id: -1]
[gpu_device_id: -1]
[gpu_device_id_list: ]
[gpu_use_dp: 0]
[num_gpu: 1]

end of parameters

pandas_categorical:[]
