tree
version=v4
num_class=1
num_tree_per_iteration=1
label_index=0
max_feature_idx=5
objective=regression
feature_names=timeline_elapsed_fraction physical_progress_pct financial_progress_pct cost_revision_ratio schedule_variance_ratio milestone_completion_ratio
feature_infos=[0.016949152542372801:1] [0:1] [0:1.5] [1:2.8736208179800604] [0:2.391783324816469] [0:1]
tree_sizes=2751 2872 2894 2889 2904 2912 2921 2919 2928 2912 2924 2944 2921 2939 2964 2969 2969 2960 2963 2964 2986 2981 2971 2979 2967 2965 2981 2991 3001 2962 2972 2987 2998 2989 2990 2958 2963 2955 2990 2948 2952 2919 2943 2906 2953 2962 2977 2937 2939 2953 2949 2903 2902 2939 2931 2926 2959 2915 2953 2975 2919 2909 2922 2980 2931 2976 2931 2963 2911 2937 2939 2953 2938 2944 2936 2943 2937 2914 2939 2965 2919 2965 2918 2961 2921 2950 2952 2924 2943 2927 2929 2919 2953 2957 2936 2956 2929 2916 2966 2944

Tree=0
num_leaves=31
num_cat=0
split_feature=3 1 3 1 3 0 4 3 3 0 4 0 3 1 4 0 3 0 4 1 4 3 0 4 4 3 0 4 3 3
split_gain=58.9199 16.6678 10.4205 9.14935 9.17159 3.70444 3.0868 2.37426 1.99645 1.6304 1.3485 1.35576 1.05187 1.90134 0.86016 0.737615 0.58908 1.14205 0.602217 0.571622 0.566192 0.536098 0.543309 0.521258 0.490003 0.458321 0.442282 0.53589 0.328803 0.264854
threshold=1.1134441523702872 0.43652342335940358 1.0002466771110343 0.2860026153130637 1.0139952366112019 0.095695970695970675 0.15138563381925213 1.224302774615089 1.0027917683936225 0.042109929078014162 0.056412872530770458 0.16807909604519775 1.0501646228670813 0.48266164221563818 0.017566784025184756 0.27361853832442068 1.2643571023220275 0.44208407871198574 0.34688589376087337 0.67203580675806818 0.00066302715838925013 1.0081591199443429 0.18697033898305088 0.0064629201535956011 0.12722793842611763 1.8686393881780512 0.78221343873517801 0.60765652612158738 1.0012376406307693 1.9082426902724818
decision_type=2 2 2 2 2 2 2 2 2 2 2 2 2 2 2 2 2 2 2 2 2 2 2 2 2 2 2 2 2 2
left_child=2 6 -1 4 5 8 -2 19 9 20 11 14 -5 -14 -6 -12 17 -8 -19 -3 -4 -7 -23 -10 -17 26 27 -9 -11 -18
right_child=1 7 3 12 10 21 16 25 23 28 15 -13 13 -15 -16 24 29 18 -20 -21 -22 22 -24 -25 -26 -27 -28 -29 -30 -31
leaf_value=0.61829936222165116 0.63395597550764482 0.62757383938732925 0.63049093851101323 0.62023203153571149 0.63389491179461444 0.62093039459186061 0.64776251815467145 0.63287804457160091 0.63553386862417349 0.62155794363311523 0.64632321884582655 0.63036293362514917 0.62983548165173731 0.62142253219866284 0.64695616608789142 0.62922712309572315 0.64649292762807842 0.630041379938446 0.64207040710732266 0.62154946453528848 0.6433651070038171 0.6320556592196529 0.62233409470273848 0.64647323867031314 0.64263730212615866 0.63629468389926558 0.62936674260000158 0.6495431027840135 0.62890457403581124 0.65053267840960571
leaf_weight=5841 253 382 72 3289 97 1146 204 548 108 229 189 344 354 1114 105 54 662 76 92 268 65 94 148 73 55 254 491 20 83 215
leaf_count=5841 253 382 72 3289 97 1146 204 548 108 229 189 344 354 1114 105 54 662 76 92 268 65 94 148 73 55 254 491 20 83 215
internal_value=0.624471 0.6361 0.621477 0.623913 0.628381 0.62472 0.644029 0.630033 0.63108 0.627505 0.637134 0.634181 0.621225 0.623451 0.640684 0.642545 0.646069 0.642734 0.636629 0.62509 0.636599 0.621834 0.62611 0.639946 0.635994 0.63248 0.631565 0.633465 0.623512 0.647483
internal_weight=16925 3465 13460 7619 2862 2018 1502 1963 630 449 844 546 4757 1468 202 298 1249 372 168 650 137 1388 242 181 109 1313 1059 568 312 877
internal_count=16925 3465 13460 7619 2862 2018 1502 1963 630 449 844 546 4757 1468 202 298 1249 372 168 650 137 1388 242 181 109 1313 1059 568 312 877
is_linear=0
shrinkage=1


Tree=1
num_leaves=31
num_cat=0
split_feature=3 1 3 1 3 0 4 3 4 4 0 0 3 1 3 4 1 3 0 4 3 0 3 0 1 4 4 0 4 3
split_gain=47.7255 14.7468 7.924 7.67455 6.41843 3.32261 2.74446 2.41901 1.30595 1.0235 0.942147 0.937481 0.792011 1.76175 0.741423 0.69673 0.566666 0.5391 0.996071 0.52944 0.407167 0.519969 0.392251 0.372004 0.361803 0.328709 0.324414 0.324092 0.215598 0.215196
threshold=1.1018447956972997 0.43652342335940358 1.0003701833543546 0.2666655707644095 1.0139952366112019 0.095695970695970675 0.13668715550865143 1.224302774615089 0.0064629201535956011 0.056412872530770458 0.16807909604519775 0.047065337763012159 1.0373317000816324 0.42714327266508106 1.0016605847776845 0.017566784025184756 0.62300330434776641 1.2643571023220275 0.44208407871198574 0.35948622876441211 1.0068572966335816 0.14946808510638296 1.5969055171940298 0.25760368663594474 0.4875774292327158 0.12016803095409261 0.0016417795720781502 0.63003220611916277 0.014907607164159902 1.9082426902724818
decision_type=2 2 2 2 2 2 2 2 2 2 2 2 2 2 2 2 2 2 2 2 2 2 2 2 2 2 2 2 2 2
left_child=2 6 -1 4 5 8 -2 16 11 10 15 26 -5 -14 -13 -6 -3 18 -8 -20 -7 28 27 -11 -24 -25 -4 -9 -22 -19
right_child=1 7 3 12 9 20 17 22 -10 23 -12 14 13 -15 -16 -17 -18 29 19 -21 21 -23 24 25 -26 -27 -28 -29 -30 -31
leaf_value=-0.0054994312434367178 0.0084595875159363485 0.0030714644418047693 0.009169707242783506 -0.0039453876065569755 0.0084817171423244731 -0.0031460875951623058 0.020476536334549288 0.0089633386492271698 0.019508313752089938 0.020657376924113201 0.0056383244783594355 -0.0019996710590581479 0.0050291452237116313 -0.0028139563958505349 0.0075391529274438296 0.020236845309180875 -0.0022868628395372073 0.019814974319159587 0.0050675755045537299 0.016037658283884607 0.0034775726692101295 -0.0014238985984619441 0.020374626919095005 0.0050396140176518309 0.0086940083396202794 0.017737890633338312 0.019969139439173236 0.0044863380406332653 0.014133563741822452 0.023455705663492515
leaf_weight=5979 285 370 97 2938 97 947 245 228 75 142 281 177 355 1482 151 105 423 663 87 89 43 210 28 36 501 47 39 556 34 215
leaf_count=5979 285 370 97 2938 97 947 245 228 75 142 281 177 355 1482 151 105 423 663 87 89 43 210 28 36 501 47 39 556 34 215
internal_value=-3.65419e-12 0.0100568 -0.0028039 -0.000582759 0.00392905 0.000714927 0.0173461 0.00457423 0.00726503 0.011978 0.00938295 0.00528605 -0.00292701 -0.00129828 0.00239168 0.0145921 0.000213239 0.0192958 0.0163539 0.0106149 -0.0021461 0.00115351 0.0072081 0.0175487 0.00931226 0.0122302 0.0122666 0.00578832 0.00818282 0.0207065
internal_weight=16925 3690 13235 7256 2481 1773 1584 2106 539 708 483 464 4775 1837 328 202 793 1299 421 176 1234 287 1313 225 529 83 136 784 77 878
internal_count=16925 3690 13235 7256 2481 1773 1584 2106 539 708 483 464 4775 1837 328 202 793 1299 421 176 1234 287 1313 225 529 83 136 784 77 878
is_linear=0
shrinkage=0.1


Tree=2
num_leaves=31
num_cat=0
split_feature=3 1 3 1 3 0 4 3 3 0 4 0 3 1 4 1 0 3 0 4 1 3 4 4 4 3 4 3 0 4
split_gain=38.7296 10.9348 6.86442 6.01343 6.14326 2.34072 2.03466 1.58101 1.44522 1.15234 0.942268 0.951405 0.685542 1.29016 0.566801 0.488789 0.474595 0.400671 0.556498 0.390061 0.384239 0.578644 0.328864 0.323789 0.282688 0.259145 0.237044 0.231351 0.313451 0.292839
threshold=1.1134441523702872 0.43652342335940358 1.0001927314292371 0.28900778245583952 1.0139952366112019 0.095695970695970675 0.15546191449760796 1.2643571023220275 1.0027917683936225 0.042109929078014162 0.058620305038581656 0.17712418300653593 1.0549808999879711 0.52073892293074853 0.017566784025184756 0.56962196628376094 0.27361853832442068 1.0038288174381433 0.14946808510638296 0.00066302715838925013 0.37443617829386927 1.4300620764563552 0.0064629201535956011 0.12722793842611763 1.1187463631221781 1.0501646228670813 0.014907607164159902 1.8686393881780512 0.77388922702373719 0.57728733917273056
decision_type=2 2 2 2 2 2 2 2 2 2 2 2 2 2 2 2 2 2 2 2 2 2 2 2 2 2 2 2 2 2
left_child=2 6 -1 4 5 8 -2 15 9 19 11 14 -5 -14 -6 -3 -12 -7 26 -4 -8 -22 -10 -18 27 -13 -19 28 29 -9
right_child=1 7 3 12 10 17 20 24 22 -11 16 25 13 -15 -16 -17 23 18 -20 -21 21 -23 -24 -25 -26 -27 -28 -29 -30 -31
leaf_value=-0.0050243122027492093 0.0077494792855826687 0.0041466303299928673 0.0048664978271699515 -0.0034177207735642079 0.0077305193327635805 -0.0036575610283391467 0.018547123724286945 0.007120049777862231 0.0091622959192911232 -0.0010299911834065957 0.017990720243249807 0.0025771609254526566 0.0040327728539892218 -0.0027878742628134837 0.017705871799212493 -0.0009884358880410313 0.0038257117063610576 0.0027644782543130636 -0.0017834996963029702 0.015209409408792576 0.010311651493925949 0.018871589473658995 0.01785137945760603 0.014793534474774151 0.018604218177497387 0.0084469451386082386 0.01209822293991844 0.0093300994327254142 0.0039273099229465659 0.019478477819357069
leaf_weight=5795 257 304 80 3413 111 785 929 464 108 337 181 229 397 920 117 475 51 90 498 67 161 155 73 57 20 112 39 247 433 20
leaf_count=5795 257 304 80 3413 111 785 929 464 108 337 181 229 397 920 117 475 51 90 498 67 161 155 73 57 20 112 39 247 433 20
internal_value=5.06478e-11 0.00942818 -0.00242709 -0.000463504 0.00309225 0.000151751 0.0158503 0.00451426 0.00504349 0.00219265 0.0102104 0.00784869 -0.00266988 -0.00073184 0.0128495 0.00101549 0.0148604 -0.00215208 -0.000267223 0.00958061 0.0175225 0.0145104 0.0126667 0.00961428 0.00681623 0.00450507 0.00558631 0.00661369 0.005882 0.00763073
internal_weight=16925 3465 13460 7665 2935 2077 1502 1963 665 484 858 569 4730 1317 228 779 289 1412 627 147 1245 316 181 108 1184 341 129 1164 917 484
internal_count=16925 3465 13460 7665 2935 2077 1502 1963 665 484 858 569 4730 1317 228 779 289 1412 627 147 1245 316 181 108 1184 341 129 1164 917 484
is_linear=0
shrinkage=0.1


Tree=3
num_leaves=31
num_cat=0
split_feature=3 1 3 1 3 0 4 3 4 4 3 0 0 0 1 3 4 3 0 4 4 3 1 3 0 3 4 0 4 0
split_gain=31.371 8.85719 5.5899 5.36129 4.49944 2.3166 1.64808 1.28643 0.798449 0.798439 0.694209 1.36615 0.687711 0.631929 0.483985 0.405196 0.400561 0.347244 0.707848 0.369277 0.278567 0.269603 0.319841 0.226662 0.261771 0.327129 0.221638 0.212363 0.202045 0.19701
threshold=1.1134441523702872 0.43652342335940358 1.0004210467487633 0.2666655707644095 1.0139952366112019 0.095695970695970675 0.15546191449760796 1.2895930345369191 0.056412872530770458 0.0060558449135106008 1.0575383141091734 0.54631217838765023 0.051503094606542808 0.15655637254901963 0.67203580675806818 1.0034085484447643 0.018824946619645556 1.2643571023220275 0.44208407871198574 0.34688589376087337 0.0016417795720781502 1.0081591199443429 0.16201357541146502 1.0049108352109002 0.45534290271132377 1.0240593258908965 1.0134287157680189 0.031754032258064509 0.20613415362779122 0.2869249394673124
decision_type=2 2 2 2 2 2 2 2 2 2 2 2 2 2 2 2 2 2 2 2 2 2 2 2 2 2 2 2 2 2
left_child=2 6 -1 4 5 9 -2 14 13 12 23 28 20 16 -3 -14 -6 18 -8 -20 27 -7 -23 -5 25 -25 -9 -4 29 -12
right_child=1 7 3 10 8 21 17 26 -10 -11 11 -13 15 -15 -16 -17 -18 -19 19 -21 -22 22 -24 24 -26 -27 -28 -29 -30 -31
leaf_value=-0.004448200846051303 0.0069745313337232183 0.0029346312333461584 0.012066937881805328 -0.0049999684487538158 0.0075625611708873249 -0.0023757598012534367 0.017201267644318185 0.0060839807387312117 0.014633329325027554 0.015306917799591839 0.01068015664856395 -0.0021645420801566957 -0.00070476699371437609 0.0051686048483158805 -0.0020180991551439677 0.0077480177655875025 0.017582106732186818 0.0168541878131197 0.003248056544199292 0.012667601047407674 0.016378440992169393 0.0065357241840683852 -0.0014548213248281852 -0.002439857291999381 -0.0032667133788505959 0.001528721895839327 0.014943154509468327 0.0027806859184495826 0.014773697397183806 0.0035905534295334464
leaf_weight=6025 257 549 46 468 76 1008 201 1077 247 83 46 957 201 331 308 79 84 876 76 92 48 80 134 745 2175 288 29 53 21 265
leaf_count=6025 257 549 46 468 76 1008 201 1077 247 83 46 957 201 331 308 79 84 876 76 92 48 80 134 745 2175 288 29 53 21 265
internal_value=2.84994e-11 0.00848536 -0.00218438 -0.000349882 0.00345732 0.000671291 0.0142653 0.00406283 0.00999579 0.00633241 -0.0022439 -0.000247041 0.00458795 0.00766285 0.00115465 0.00168013 0.0128228 0.0157703 0.0131971 0.00840638 0.0101267 -0.00169137 0.0015323 -0.0029441 -0.00264418 -0.00133342 0.00631627 0.00709551 0.00528022 0.00463918
internal_weight=16925 3465 13460 7435 2470 1732 1502 1963 738 510 4965 1289 427 491 857 280 160 1245 369 168 147 1222 214 3676 3208 1033 1106 99 332 311
internal_count=16925 3465 13460 7435 2470 1732 1502 1963 738 510 4965 1289 427 491 857 280 160 1245 369 168 147 1222 214 3676 3208 1033 1106 99 332 311
is_linear=0
shrinkage=0.1


Tree=4
num_leaves=31
num_cat=0
split_feature=3 1 3 0 3 0 4 3 3 4 0 3 0 0 1 3 4 4 1 0 3 0 4 3 3 0 0 1 3 4
split_gain=25.4666 7.96425 4.19676 3.87298 3.9494 1.51566 1.49316 1.30683 0.884934 0.838293 0.682237 0.476618 1.05903 0.413112 0.366625 0.496408 0.353494 0.350442 0.340206 0.307132 0.277886 0.394294 0.277518 0.272804 0.245535 0.220515 0.203033 0.189708 0.186757 0.179981
threshold=1.099695565524911 0.43923824838854147 1.0001581310186152 0.282329988851728 1.0093296188352328 0.077677224736048267 0.13668715550865143 1.224302774615089 1.0007637416579087 0.056412872530770458 0.15655637254901963 1.0373317000816324 0.43534002229654406 0.025978407557354904 0.37443617829386927 1.4300620764563552 0.0026785250284840508 0.022625446110189403 0.61322205389163054 0.036038961038961002 1.0047237955446777 0.16515151515151513 0.12505564906770231 1.7047612156339649 1.024795555418047 0.66954022988505757 0.095695970695970675 0.52073892293074853 1.9082426902724818 0.20085286428457097
decision_type=2 2 2 2 2 2 2 2 2 2 2 2 2 2 2 2 2 2 2 2 2 2 2 2 2 2 2 2 2 2
left_child=2 6 -1 4 5 8 -2 18 13 10 17 -5 22 -4 28 -16 19 26 -3 -10 -7 -22 -13 25 -12 -9 -6 29 -8 -14
right_child=1 7 3 11 9 20 14 23 16 -11 24 12 27 -15 15 -17 -18 -19 -20 -21 21 -23 -24 -25 -26 -27 -28 -29 -30 -31
leaf_value=-0.0040934984896482058 0.0062007955405085045 0.002441985941591336 0.0090963653776101588 -0.0030347973065188612 0.014498187308864936 -0.0027297822258196768 0.014367935100763089 0.0063892756921078986 0.013491886033891485 0.013723201628990774 0.0015325791725251047 0.0029617694854519512 -0.0010018959245244072 -0.0016982453034402305 0.0076258790803686877 0.015223881142482482 0.013303820826635905 0.015725886529896323 -0.0016799157085993133 0.0033461821680305544 0.0052808674783435955 -0.0018189750855834956 0.010332580898954932 0.0074304362927348575 0.0062463994575503827 0.003127738184751227 0.0058580733669662205 -0.0025518988015948282 0.017999267730953953 0.0048070629395431646
leaf_weight=5749 300 354 43 2896 35 999 802 319 39 198 211 189 278 202 182 163 98 86 461 127 117 236 70 390 232 592 122 1197 172 66
leaf_count=5749 300 354 43 2896 35 999 802 319 39 198 211 189 278 202 182 163 98 86 461 127 117 236 70 390 232 592 122 1197 172 66
internal_value=-2.70576e-11 0.0072895 -0.00206416 -0.000496273 0.00248774 -0.000126517 0.0125686 0.00325033 0.0045246 0.00799127 0.00633686 -0.00224055 -0.000962683 0.000196319 0.014017 0.0112157 0.00854138 0.0105948 0.000110456 0.00572981 -0.00187757 0.000534231 0.00495388 0.00521727 0.00400122 0.00426981 0.00778421 -0.0019571 0.0150092 0.000112614
internal_weight=16925 3735 13190 7441 2745 1861 1619 2116 509 884 686 4696 1800 245 1319 345 264 243 815 166 1352 353 259 1301 443 911 157 1541 974 344
internal_count=16925 3735 13190 7441 2745 1861 1619 2116 509 884 686 4696 1800 245 1319 345 264 243 815 166 1352 353 259 1301 443 911 157 1541 974 344
is_linear=0
shrinkage=0.1


Tree=5
num_leaves=31
num_cat=0
split_feature=3 1 3 1 3 0 4 4 0 3 1 3 4 0 4 1 4 4 0 3 0 1 3 0 3 0 3 4 3 0
split_gain=20.7377 5.09484 4.10715 3.79707 3.39254 1.65332 0.855201 0.756207 0.743427 0.583067 0.82855 0.558555 0.551322 0.505141 0.418283 0.340018 0.295434 0.278938 0.253973 0.232674 0.225289 0.211533 0.208188 0.33659 0.205501 0.18941 0.215591 0.192318 0.188234 0.19386
threshold=1.1433623633822243 0.43652342335940358 1.0004844364999712 0.28900778245583952 1.0139952366112019 0.095695970695970675 0.20085286428457097 0.079461065371367864 0.18942218080149117 1.0624928485739529 0.4704578380356273 1.456787184470006 0.0064629201535956011 0.063164893617021267 0.029317645315857253 0.65118634282193566 0.42363912256324709 0.0026785250284840508 0.32529069767441865 1.0061414482588964 0.036038961038961002 0.4875774292327158 1.0038288174381433 0.13536417773705908 1.0586452584475321 0.031754032258064509 1.0001581310186152 9.4293551277246793e-05 1.9082426902724818 0.51042118975249684
decision_type=2 2 2 2 2 2 2 2 2 2 2 2 2 2 2 2 2 2 2 2 2 2 2 2 2 2 2 2 2 2
left_child=2 6 25 4 5 12 -2 8 14 16 -11 15 13 17 -6 -3 -5 20 -9 -15 -4 -13 -7 -24 -10 26 -1 -27 29 -8
right_child=1 11 3 9 7 22 28 18 24 10 -12 21 -14 19 -16 -17 -18 -19 -20 -21 -22 -23 23 -25 -26 27 -28 -29 -30 -31
leaf_value=-0.0021202571074001976 0.0061936804914454885 0.0034147399727420913 0.010650008526764874 -0.0022928602308719555 0.0066116994151213613 -0.0026349507447114176 0.014812234207133341 0.014312630324857309 0.0016855957183348998 0.004128876793644546 -0.0014281404637603674 0.011662346707120286 0.013228086860540013 -0.0011722666559983376 0.014233695983259371 -0.00078045909311666309 -0.0084381849097553644 0.015214146825631984 0.0065409504079811838 0.0069915715446272359 0.0029272671635927898 0.0054209784645405587 0.0052204965383303593 -0.0011335453459182508 0.0067674602179961137 -0.0082929943750301993 0.006202440627070295 -0.0036343224397685885 0.015819095971690882 0.011604619086837895
leaf_weight=196 209 713 59 3535 168 705 265 190 269 357 1080 59 75 169 126 265 80 38 54 44 105 682 99 528 113 90 37 5748 215 652
leaf_count=196 209 713 59 3535 168 705 265 190 269 357 1080 59 75 169 126 265 80 38 54 44 105 682 99 528 113 90 37 5748 215 652
internal_value=6.96459e-12 0.00745102 -0.00164444 -0.000125427 0.00287058 0.000371104 0.0120709 0.00782062 0.00609816 -0.00175152 -4.75871e-05 0.00384705 0.0053377 0.00391173 0.00987827 0.002278 -0.00242886 0.00749431 0.0125927 0.00051416 0.00570557 0.00591793 -0.00145595 -0.000130276 0.00318887 -0.00359455 -0.000798627 -0.00370614 0.013156 0.0125316
internal_weight=16925 3060 13865 7794 2742 1822 1341 920 676 5052 1437 1719 490 415 294 978 3615 202 244 213 164 741 1332 627 382 6071 233 5838 1132 917
internal_count=16925 3060 13865 7794 2742 1822 1341 920 676 5052 1437 1719 490 415 294 978 3615 202 244 213 164 741 1332 627 382 6071 233 5838 1132 917
is_linear=0
shrinkage=0.1


Tree=6
num_leaves=31
num_cat=0
split_feature=3 1 3 1 3 0 4 0 4 4 0 0 3 3 1 4 0 3 4 1 4 4 3 1 3 0 3 3 0 4
split_gain=16.8769 3.86195 3.55291 3.46713 3.22783 1.83115 0.734174 0.680668 0.565564 0.516296 0.614306 0.474327 0.353842 0.319302 0.433237 0.318411 0.244146 0.280273 0.243466 0.227967 0.205547 0.185537 0.173733 0.172857 0.158943 0.213718 0.15889 0.157362 0.145329 0.145161
threshold=1.1624976166854266 0.43012856127214633 1.0007637416579087 0.34892633458253597 1.0201764086423881 0.12613636363636363 0.0091181059696824017 0.063164893617021267 0.21889762369018992 0.079461065371367864 0.20722186076772933 0.32529069767441865 1.456787184470006 1.072207832633254 0.60792036322966092 0.028443874653210653 0.031754032258064509 1.0001581310186152 0.48501478541153359 0.4875774292327158 0.0026785250284840508 0.20613415362779122 1.0032730259131124 0.57503899551560689 1.0081591199443429 0.23582887700534758 1.0637604743489464 1.0038288174381433 0.036038961038961002 0.017566784025184756
decision_type=2 2 2 2 2 2 2 2 2 2 2 2 2 2 2 2 2 2 2 2 2 2 2 2 2 2 2 2 2 2
left_child=2 8 16 4 5 6 7 20 -2 10 15 -11 23 18 -15 -6 17 -1 27 -14 28 -13 -9 -3 -7 -26 -12 -5 -4 -16
right_child=1 12 3 13 9 24 -8 22 -10 11 26 21 19 14 29 -17 -18 -19 -20 -21 -22 -23 -24 -25 25 -27 -28 -29 -30 -31
leaf_value=-0.0019082314147416748 0.00568713857478892 0.0036988372869282398 0.011077696290344765 -0.0049728522707708804 0.0058095166457786673 -0.002290202541298361 0.011906760973999134 -0.00089210024256255224 0.012137313434799521 0.012866390756020944 0.0013829562923987396 0.0029435919824448466 0.010871321880923851 0.0017222960193468478 0.0036379845404043432 0.013129013680812457 -0.003321420271942085 0.0061700362935450609 -0.0094180479249421599 0.0048788806330088306 0.013649687034865986 0.0093548580332724167 0.0036233929759099969 0.0008515843674668142 0.0026238283964751278 -0.0016757468955438525 0.0052986252538617809 -0.0020020391395926492 0.0036013599258298296 -0.0025118439015990495
leaf_weight=196 156 496 39 189 123 1041 117 234 1057 225 250 95 70 541 41 115 6004 55 47 682 52 86 134 374 181 320 177 3149 78 601
leaf_count=196 156 496 39 189 123 1041 117 234 1057 225 250 95 70 541 41 115 6004 55 47 682 52 86 134 374 181 320 177 3149 78 601
internal_value=3.13747e-12 0.0070398 -0.00141645 2.37777e-06 0.00248983 0.000294703 0.00472874 0.00316481 0.0113078 0.00699076 0.00527519 0.00980073 0.00384803 -0.00177663 -0.000362383 0.00934625 -0.00319368 -0.000138093 -0.00227088 0.00543669 0.00841846 0.00598983 0.000752128 0.00247485 -0.00158588 -0.000122407 0.00300608 -0.00217025 0.00609347 -0.0021191
internal_weight=16925 2835 14090 7835 3267 2196 654 537 1213 1071 665 406 1622 4568 1183 238 6255 251 3385 752 169 181 368 870 1542 501 427 3338 117 642
internal_count=16925 2835 14090 7835 3267 2196 654 537 1213 1071 665 406 1622 4568 1183 238 6255 251 3385 752 169 181 368 870 1542 501 427 3338 117 642
is_linear=0
shrinkage=0.1


Tree=7
num_leaves=31
num_cat=0
split_feature=3 1 3 1 3 0 4 4 0 4 0 0 3 3 1 3 4 4 0 4 4 3 4 0 4 4 5 4 0 3
split_gain=13.6703 3.13309 2.87786 2.80838 2.61644 1.54899 0.676121 0.505664 0.492919 0.352386 0.443512 0.385789 0.26696 0.25924 0.350806 0.20874 0.200573 0.198895 0.197758 0.232608 0.190289 0.173851 0.152131 0.148212 0.353501 0.144009 0.142393 0.141399 0.137461 0.237736
threshold=1.1624976166854266 0.43923824838854147 1.0007637416579087 0.34892633458253597 1.024795555418047 0.12613636363636363 0.011816620532192202 0.21560497119847641 0.07207792207792206 0.079461065371367864 0.18942218080149117 0.32529069767441865 1.456787184470006 1.0624928485739529 0.52073892293074853 1.013331402417466 0.033063567325753059 0.42363912256324709 0.031754032258064509 0.00045421448330245007 0.0036465066748490003 1.0027917683936225 0.20613415362779122 0.4380482456140351 0.35948622876441211 0.017566784025184756 0.55250264900331658 1.0000000180025095e-35 0.72804314329738073 1.8686393881780512
decision_type=2 2 2 2 2 2 2 2 2 2 2 2 2 2 2 2 2 2 2 2 2 2 2 2 2 2 2 2 2 2
left_child=2 7 18 4 5 6 8 -2 20 10 16 -11 26 17 -15 -7 -6 -5 19 -1 -4 -10 -13 -9 -25 -16 -3 -20 -14 -30
right_child=1 12 3 13 9 15 -8 23 21 11 -12 22 28 14 25 -17 -18 -19 27 -21 -22 -23 -24 24 -26 -27 -28 -29 29 -31
leaf_value=-0.001224549580470298 0.0048888956285152363 0.0036236978967355928 0.0051947284872862201 -0.0019830886832382043 0.0060692793832695571 -0.0018124664527478585 0.012270675952252197 0.014437614504284072 -0.0011695502541745858 0.011632328610851672 0.0033464000623310039 0.002569108126867239 0.0073223943204078594 0.0020972981365294649 0.0036038275066487217 0.0010430437827575439 0.013507905304949316 -0.0070344749563082598 -0.007038933332352078 0.0082984406890443934 0.011997088682202792 0.0032566424254477943 0.0084193722790291241 0.00099369761408429208 0.010828751341521458 -0.0016963055595304668 0.00099470097759186515 -0.0029311230460131858 0.002223529309150582 0.0063243945517266796
leaf_weight=222 165 365 163 3038 73 1313 95 103 192 224 419 92 162 384 54 318 72 80 85 29 55 165 86 38 955 1012 473 5919 322 252
leaf_count=222 165 365 163 3038 73 1313 95 103 192 224 419 92 162 384 54 318 72 80 85 29 55 165 86 38 955 1012 473 5919 322 252
internal_value=1.44181e-11 0.00633582 -0.00127481 2.14001e-06 0.00224084 0.000407217 0.00445535 0.0100499 0.00316413 0.00660852 0.00499604 0.00887081 0.00336029 -0.00159897 -0.00049427 -0.00125572 0.00976294 -0.00211269 -0.00287431 -0.000124284 0.00691092 0.000876169 0.00539564 0.0108269 0.0104524 -0.00142782 0.00213979 -0.00298928 0.00474993 0.00402391
internal_weight=16925 2835 14090 7835 3267 2301 670 1261 575 966 564 402 1574 4568 1450 1631 145 3118 6255 251 218 357 178 1096 993 1066 838 6004 736 574
internal_count=16925 2835 14090 7835 3267 2301 670 1261 575 966 564 402 1574 4568 1450 1631 145 3118 6255 251 218 357 178 1096 993 1066 838 6004 736 574
is_linear=0
shrinkage=0.1


Tree=8
num_leaves=31
num_cat=0
split_feature=3 1 3 0 3 0 4 3 3 4 3 0 0 0 4 2 1 3 4 4 3 3 0 0 4 0 4 3 1 4
split_gain=11.082 3.47181 1.82732 1.81838 1.89914 0.661483 0.640037 0.59588 0.388121 0.359374 0.321611 0.71284 0.281517 0.279117 0.273694 0.235077 0.211677 0.2985 0.19533 0.175495 0.147736 0.14623 0.161713 0.145005 0.214329 0.135701 0.271476 0.131998 0.215551 0.122944
threshold=1.099695565524911 0.43923824838854147 1.0000981857622946 0.25211864406779666 1.0090829383976041 0.077677224736048267 0.13668715550865143 1.2728978440105563 1.0012376406307693 0.040779167766283909 1.0240593258908965 0.39339826839826841 0.036038961038961002 0.15319426336375488 0.12722793842611763 0.69471029816589669 0.37443617829386927 1.5179953414512066 0.013311623591495353 0.00066302715838925013 1.0437045304326193 1.0038288174381433 0.16515151515151513 0.69604037267080754 0.40517945213048873 0.62605932203389847 0.11474087230355255 1.8686393881780512 0.74165108497824439 1.0000000180025095e-35
decision_type=2 2 2 2 2 2 2 2 2 2 2 2 2 2 2 2 2 2 2 2 2 2 2 2 2 2 2 2 2 2
left_child=2 6 29 4 5 8 -2 15 12 13 -5 14 19 18 -12 -3 -8 23 -6 -4 -15 -7 -23 24 -18 26 -13 28 -9 -1
right_child=1 7 3 10 9 21 16 27 -10 -11 11 25 -14 20 -16 -17 17 -19 -20 -21 -22 22 -24 -25 -26 -27 -28 -29 -30 -31
leaf_value=-0.0065638377535633926 0.0041250710840686228 0.0017633603661782286 0.0026108779537762647 -0.0022986259667306481 0.0046094573752530517 -0.0019713007846130217 0.0099963485887257422 0.0036637913270837021 0.0066798957975713613 0.0094987651117790107 0.0019908569500968316 -0.0017053564435345764 -0.00072381964825829286 0.0015237927237611061 0.0087637313163361034 -0.0013601423955505885 0.0026833525159163404 0.010716378201639442 0.010674098124589292 0.011117121216707998 0.006224103303255654 0.0029996611947727576 -0.0012520172604252849 -0.0019798252066331253 0.0096520820331960164 -0.0019527674197445664 0.0021228031006965556 0.0056956655625895573 -0.0012630029008723796 -0.0026633561313953126
leaf_weight=82 300 520 79 2362 112 851 974 793 183 214 308 516 264 238 74 449 100 138 101 35 93 146 231 28 79 1437 289 254 100 5575
leaf_count=82 300 520 79 2362 112 851 974 793 183 214 308 516 264 238 74 449 100 138 101 35 93 146 231 28 79 1437 289 254 100 5575
internal_value=3.81499e-12 0.00480864 -0.00136166 -0.000341673 0.00183213 5.46946e-05 0.00829416 0.00214179 0.00289963 0.00602715 -0.00145212 -0.00069013 0.0010695 0.00466148 0.00330288 0.000316041 0.00924239 0.00711384 0.00748518 0.00522244 0.00284442 -0.00124499 0.000394521 0.00471215 0.00575894 -0.00137047 -0.000331023 0.00368421 0.00311208 -0.00271989
internal_weight=16925 3735 13190 7533 2547 1789 1619 2116 561 758 4986 2624 378 544 382 969 1319 345 213 114 331 1228 377 207 179 2242 805 1147 893 5657
internal_count=16925 3735 13190 7533 2547 1789 1619 2116 561 758 4986 2624 378 544 382 969 1319 345 213 114 331 1228 377 207 179 2242 805 1147 893 5657
is_linear=0
shrinkage=0.1


Tree=9
num_leaves=31
num_cat=0
split_feature=3 1 3 0 3 0 4 0 3 4 0 4 3 3 1 4 4 0 4 1 0 4 3 0 3 0 4 3 4 4
split_gain=9.04931 2.06131 1.92962 2.22799 1.61177 1.15627 0.391356 0.340257 0.405762 0.297164 0.276939 0.270098 0.204176 0.192596 0.333274 0.177491 0.175554 0.167112 0.163059 0.150868 0.146937 0.189868 0.123032 0.226431 0.164285 0.258654 0.136859 0.118444 0.113128 0.109409
threshold=1.1624976166854266 0.43012856127214633 1.0018709116917033 0.36700680272108849 1.0235202472099634 0.12613636363636363 0.092596954904318171 0.047065337763012159 1.0001581310186152 0.21560497119847641 0.20722186076772933 0.011816620532192202 1.3887948390382003 1.0373317000816324 0.52073892293074853 0.20085286428457097 0.030828079736453202 0.07207792207792206 0.017566784025184756 0.4875774292327158 0.18942218080149117 0.022076596145757851 1.9082426902724818 0.71902412280701766 1.4750806984662996 0.57019704433497542 0.55634721549401445 1.6766425284799407 0.00077896218238600009 0.0011655330713767503
decision_type=2 2 2 2 2 2 2 2 2 2 2 2 2 2 2 2 2 2 2 2 2 2 2 2 2 2 2 2 2 2
left_child=2 9 7 4 5 11 10 8 -1 -2 16 17 -3 -5 15 -15 -6 29 -16 27 21 -7 23 24 25 -11 -27 -14 -10 -4
right_child=1 12 3 13 6 20 -8 -9 28 22 -12 -13 19 14 18 -17 -18 -19 -20 -21 -22 -23 -24 -25 -26 26 -28 -29 -30 -31
leaf_value=-0.0018407249393910035 0.0041532401520503219 0.001599712040537486 0.0019007140417428067 -0.0019325613442476748 0.0044654403124098681 -1.3108044301837007e-05 0.0091215455393452664 -0.0024531253394559694 0.0019900518716540884 0.010177957684959873 0.0030983814416751039 0.01008140785719582 0.0057338802916799781 0.00015110441951570337 0.0033831628183286417 0.0036148576955288936 0.010282527462636984 0.0022503228391397515 -0.0016182205700267891 0.0034024763909974581 -0.0013541092920847757 0.0061023005507498361 0.011022376721254813 0.0059316418969843172 0.012702954231692693 -0.0018415260477922858 0.0064364702452537649 0.014269259115237565 0.0070618890914677952 0.0089701648671855518
leaf_weight=345 153 741 30 2202 99 330 254 6277 113 314 448 92 72 495 68 211 109 207 1576 788 1021 60 212 269 122 24 119 21 72 81
leaf_count=345 153 741 30 2202 99 330 254 6277 113 314 448 92 72 495 68 211 109 207 1576 788 1021 60 212 269 122 24 119 21 72 81
internal_value=5.18678e-12 0.00515493 -0.0010372 9.41604e-05 0.00235225 0.000634914 0.00578881 -0.00224768 0.000185437 0.00827303 0.0044984 0.00530954 0.00282308 -0.0012606 -0.000630948 0.00118631 0.00751382 0.003929 -0.00141135 0.00385204 -0.000723411 0.000927724 0.00886768 0.008329 0.0094428 0.00857248 0.00504716 0.00766122 0.00396396 0.0070595
internal_weight=16925 2835 14090 7283 2731 1821 910 6807 530 1213 656 410 1622 4552 2350 706 208 318 1644 881 1411 390 1060 848 579 457 143 93 185 111
internal_count=16925 2835 14090 7283 2731 1821 910 6807 530 1213 656 410 1622 4552 2350 706 208 318 1644 881 1411 390 1060 848 579 457 143 93 185 111
is_linear=0
shrinkage=0.1


Tree=10
num_leaves=31
num_cat=0
split_feature=3 1 3 0 4 0 0 3 3 4 4 3 0 0 4 3 1 3 4 4 4 4 0 4 4 0 3 4 3 0
split_gain=7.32994 1.67158 1.57442 2.12488 0.873479 0.711022 0.378911 0.456528 0.346149 0.271387 0.26492 0.223296 0.347843 0.219508 0.179387 0.166265 0.165181 0.139009 0.13253 0.130843 0.124999 0.118114 0.117123 0.219198 0.111 0.115797 0.110669 0.131799 0.145384 0.208686
threshold=1.1624976166854266 0.43923824838854147 1.0038288174381433 0.32529069767441865 0.065469943845871112 0.18942218080149117 0.051503094606542808 1.0004210467487633 1.0586452584475321 0.21560497119847641 0.022076596145757851 1.072207832633254 0.68599439775910376 0.10084745762711866 0.48501478541153359 1.7047612156339649 0.70308902514774829 1.0599967903878085 0.22608902850543347 0.37965464628872075 0.023186581059997553 0.0016417795720781502 0.41742424242424242 0.32997151528534602 0.0086678218422785516 0.063164893617021267 2.1403482171255366 1.5937852347110988 1.7564339052711289 0.72281323877068571
decision_type=2 2 2 2 2 2 2 2 2 2 2 2 2 2 2 2 2 2 2 2 2 2 2 2 2 2 2 2 2 2
left_child=2 9 6 4 5 10 7 -1 20 -2 13 14 18 24 -5 16 -3 -6 -13 -14 -7 -9 -11 -24 25 -4 27 28 29 -25
right_child=1 15 3 11 17 8 -8 21 -10 22 -12 12 19 -15 -16 -17 -18 -19 -20 -21 -22 -23 23 26 -26 -27 -28 -29 -30 -31
leaf_value=-0.0010728609117365323 0.0035713761881219623 0.0024134540505136226 0.0096392180627932963 -0.0012814287315515644 0.0053917584487602919 -0.0017698154522405925 -0.002153516316978429 0.0033659704744209472 0.0046609939868991297 0.011708649065296509 0.0081349286097639924 0.0010858227478691171 -0.0018717219402234746 0.0019760651695353822 -0.0075682385622159306 0.0042567967698769046 -0.00072036522857528277 0.0099187326371848461 0.0044969795776593786 0.0014542489106868944 0.00076580887892298169 0.0094637724134991781 -0.00025500094668720575 0.0083769680153077033 0.0096622166201996151 0.0024524387736793284 0.010948105349649337 0.0041242682673037056 0.010899274417731379 0.0041881053085662525
leaf_weight=472 165 981 31 3405 112 397 6788 98 154 76 161 422 623 334 46 390 203 172 156 146 381 47 34 481 64 81 107 100 140 158
leaf_count=472 165 981 31 3405 112 397 6788 98 154 76 161 422 623 334 46 390 203 172 156 146 381 47 34 481 64 81 107 100 140 158
internal_value=9.58913e-12 0.00463943 -0.000933484 0.000179058 0.00302195 0.00211636 -0.00193785 0.000434801 0.000329345 0.00735232 0.00459847 -0.00093902 0.00015292 0.00348206 -0.00136523 0.00246602 0.00187615 0.00813345 0.00200648 -0.00124026 -0.000528077 0.0053425 0.00792153 0.00763936 0.00634003 0.00444164 0.00791158 0.00754194 0.00798067 0.00734122
internal_weight=16925 2835 14090 6685 1887 1603 7405 617 932 1261 671 4798 1347 510 3451 1574 1184 284 578 769 778 145 1096 1020 176 112 986 879 779 639
internal_count=16925 2835 14090 6685 1887 1603 7405 617 932 1261 671 4798 1347 510 3451 1574 1184 284 578 769 778 145 1096 1020 176 112 986 879 779 639
is_linear=0
shrinkage=0.1


Tree=11
num_leaves=31
num_cat=0
split_feature=3 1 3 0 3 0 4 0 3 4 4 3 1 4 4 1 0 0 4 4 3 3 4 3 0 4 3 3 1 4
split_gain=5.94495 1.86539 0.990257 1.04727 1.10863 0.357343 0.339567 0.455624 0.32507 0.281594 0.261047 0.213275 0.291695 0.283134 0.193839 0.159877 0.151946 0.142189 0.225241 0.112656 0.108047 0.0967466 0.111922 0.123157 0.219735 0.179493 0.147021 0.0949689 0.163834 0.0917555
threshold=1.099695565524911 0.44787448850650607 1.0000515830402554 0.25760368663594474 1.0090829383976041 0.084039548022598873 0.3519785144466972 0.41742424242424242 1.2118855571175333 0.0042029827190564516 0.13288033065669533 1.0114735776063295 0.39970952773157636 0.056412872530770458 0.056412872530770458 0.16201357541146502 0.80178571428571443 0.038838612368024113 0.00077896218238600009 1.0000000180025095e-35 1.0011448325212582 2.1403482171255366 1.5937852347110988 1.6766425284799407 0.66054582210242596 0.72138567027312817 1.3374471320600141 1.8686393881780512 0.74165108497824439 0.0034078826905999007
decision_type=2 2 2 2 2 2 2 2 2 2 2 2 2 2 2 2 2 2 2 2 2 2 2 2 2 2 2 2 2 2
left_child=2 6 19 4 5 9 7 10 16 17 -2 -5 13 29 15 -6 -3 18 -4 -1 -19 22 23 24 26 -26 -8 28 -10 -13
right_child=1 8 3 11 14 -7 21 -9 27 -11 -12 12 -14 -15 -16 -17 -18 20 -20 -21 -22 -23 -24 -25 25 -27 -28 -29 -30 -31
leaf_value=-0.0057609210333114946 0.0037007392031063405 0.0014464449605246614 0.0014587545877457746 -0.0022290857924996423 0.0054263939606029737 -0.001008244387890121 0.0061756322582829665 0.00089041992296043891 0.0025059611543073335 0.0078144018761288955 0.0087553183440052511 0.0044695778556693953 -0.0012168042263701938 0.0026865100983285489 0.0077347288923766957 0.0022142965077633831 -0.0014343883633623242 -0.00096271889160939492 0.0092368757447265845 -0.001957559665187189 0.0025463836070793197 0.009962397249022481 0.0036711967499502523 0.0094280503087333951 -0.0035300124652816785 0.0050550490529973685 0.010031282658462398 0.0041996782051911393 -0.0012458698508063598 -0.0013602180443121773
leaf_weight=79 199 327 155 1276 297 1196 221 252 932 71 210 29 2837 433 152 324 416 289 49 5486 126 109 101 190 28 187 179 251 133 391
leaf_count=79 199 327 155 1276 297 1196 221 252 932 71 210 29 2837 433 152 324 416 289 49 5486 126 109 101 190 28 187 179 251 133 391
internal_value=-1.65647e-11 0.00352198 -0.000997316 -0.00025709 0.00134451 3.72718e-05 0.00599901 0.00423517 0.00150571 0.0018495 0.006296 -0.00111465 -0.00072928 0.000892182 0.00453396 0.00375052 -0.000166512 0.00116532 0.00332703 -0.00201155 0.000102695 0.00714767 0.00680904 0.00720273 0.00651523 0.00393699 0.00790104 0.00244983 0.00203742 -0.000957685
internal_weight=16925 3735 13190 7625 2659 1886 1676 661 2059 690 409 4966 3690 853 773 621 743 619 204 5565 415 1015 906 805 615 215 400 1316 1065 420
internal_count=16925 3735 13190 7625 2659 1886 1676 661 2059 690 409 4966 3690 853 773 621 743 619 204 5565 415 1015 906 805 615 215 400 1316 1065 420
is_linear=0
shrinkage=0.1


Tree=12
num_leaves=31
num_cat=0
split_feature=3 3 0 1 3 0 4 0 4 4 4 0 3 1 4 4 0 3 0 3 5 0 3 0 3 4 3 3 0 4
split_gain=4.85676 1.08582 1.28858 1.06278 0.897283 0.654891 0.234286 0.198916 0.264306 0.182256 0.180983 0.156448 0.155234 0.276715 0.156142 0.147395 0.117419 0.106191 0.116453 0.12619 0.102519 0.102281 0.216103 0.144981 0.114072 0.116525 0.104273 0.100925 0.0973654 0.0924888
threshold=1.1718611200142106 1.0018709116917033 0.34178433889602056 0.44787448850650607 1.0235202472099634 0.13976744186046514 0.079461065371367864 0.031754032258064509 0.00066302715838925013 0.011816620532192202 0.23270222572161683 0.18942218080149117 1.0373317000816324 0.52073892293074853 0.017566784025184756 0.20085286428457097 0.07207792207792206 1.4750806984662996 0.78647416413373872 1.9889761135503299 0.28949785266216138 0.47413024085637828 1.3374471320600141 0.5727513227513229 1.5179953414512066 1.0134287157680189 1.9082426902724818 1.0599967903878085 0.53923076923076929 0.030828079736453202
decision_type=2 2 2 2 2 2 2 2 2 2 2 2 2 2 2 2 2 2 2 2 2 2 2 2 2 2 2 2 2 2
left_child=1 7 4 10 5 9 11 8 -1 16 -2 29 -4 15 -15 -14 -3 28 -19 -20 -17 -12 -23 -24 -25 -26 -27 -8 -5 -6
right_child=3 2 12 17 6 -7 27 -9 -10 -11 21 -13 13 14 -16 20 -18 18 19 -21 -22 22 23 24 25 26 -28 -29 -30 -31
leaf_value=-0.00011120966104122688 0.0030287559771760403 0.0053686522473088208 -0.001437555186226647 0.0042831500180593304 0.0036570358075361771 -0.00063732335626617614 0.0037649493208364755 -0.001768212329322573 0.0098201601176212232 0.0072026794904479427 0.0089728596382477183 0.0024166377869484926 0.00028108843546649677 0.0035177310606943342 -0.0012418118238918805 0.0072312115489039574 0.0014944775431841957 0.0047794461447904875 0.00073563854962011314 0.004112189208995031 0.0021973648641196975 0.00291317123472358 0.011214607655454208 0.0038357058500768683 0.0104279413074255 0.0050572388493051569 0.0080226545781751559 0.0082302703199137323 0.00081957748330719531 0.0084974795990956972
leaf_weight=251 179 111 2356 92 77 1202 68 6526 30 114 141 396 556 72 1615 50 265 228 290 179 212 175 68 141 85 260 218 198 689 81
leaf_count=251 179 111 2356 92 77 1202 68 6526 30 114 141 396 556 72 1615 50 265 228 290 179 212 175 68 141 85 260 218 198 689 81
internal_value=-1.61481e-11 -0.000745319 9.54894e-05 0.00385013 0.00193451 0.000618794 0.00464937 -0.00165604 0.000949079 0.00370013 0.00597533 0.00347812 -0.000854853 -0.000306811 -0.00103868 0.00120255 0.00263818 0.00202833 0.00292558 0.00202434 0.00315802 0.00646011 0.00608599 0.00680521 0.0063793 0.00701633 0.00640967 0.00708876 0.00122758 0.00613853
internal_weight=16925 14180 7373 2745 2512 1692 820 6807 281 490 1267 554 4861 2505 1687 818 376 1478 697 469 262 1088 947 772 704 563 478 266 781 158
internal_count=16925 14180 7373 2745 2512 1692 820 6807 281 490 1267 554 4861 2505 1687 818 376 1478 697 469 262 1088 947 772 704 563 478 266 781 158
is_linear=0
shrinkage=0.1


Tree=13
num_leaves=31
num_cat=0
split_feature=3 3 0 1 3 0 0 3 4 1 4 4 0 4 0 3 3 1 4 4 0 4 0 2 0 4 3 4 3 4
split_gain=3.93397 0.890275 1.21544 0.860854 0.618147 0.539472 0.221763 0.278932 0.182375 0.178507 0.147323 0.117836 0.115338 0.0978562 0.0897535 0.119501 0.088357 0.161516 0.124128 0.113463 0.0992522 0.0940429 0.126209 0.0885062 0.0841445 0.290921 0.0904724 0.0948912 0.0871907 0.0891167
threshold=1.1718611200142106 1.0038288174381433 0.36700680272108849 0.44787448850650607 1.0270812796610091 0.14946808510638296 0.051503094606542808 1.0004210467487633 0.13668715550865143 0.19150017512688633 0.24564213800642684 0.011816620532192202 0.07207792207792206 0.90654991263340301 0.86512474012474028 1.9889761135503299 1.0491599199686514 0.62076329803401908 0.017566784025184756 0.17916874641921779 0.6066017316017317 0.32997151528534602 0.82025641025641038 0.61369883301452044 0.5727513227513229 0.55634721549401445 1.5179953414512066 1.0134287157680189 1.3192318612885923 0.42363912256324709
decision_type=2 2 2 2 2 2 2 2 2 2 2 2 2 2 2 2 2 2 2 2 2 2 2 2 2 2 2 2 2 2
left_child=1 6 4 10 5 11 7 -1 9 -6 -2 12 -3 14 -5 -16 21 19 -19 20 -18 -4 -23 -24 28 -26 -27 -28 29 -12
right_child=3 2 16 13 8 -7 -8 -9 -10 -11 24 -13 -14 -15 15 -17 17 18 -20 -21 -22 22 23 -25 25 26 27 -29 -30 -31
leaf_value=-0.00079202790748548958 0.0028418165775648736 0.0067853956212414997 -0.0010209394618048741 0.0023235240734240537 0.0060350909607297248 -0.00043416566726350912 -0.0015936823231492573 0.0042225816020549376 0.0072491317895403478 0.0024755271870805324 0.0079906185336697574 0.0062279429036181206 0.001473237677001963 0.007295229205919896 -0.00011071387831678716 0.0033661750975505327 0.00037736241890165908 0.0036011873632669452 -0.0015201620784940693 0.0016238236135525629 -0.0026923220597030919 -0.0092287032008771929 -0.0060629817589027135 -0.00052121153867025819 -0.003763803825987613 0.0036981832084476123 0.009413112535618157 0.0057687002626758185 0.0098357535800180189 0.0038796806952935492
leaf_weight=472 194 52 2360 894 196 1028 6788 145 157 501 117 143 191 32 423 129 385 50 885 513 145 31 41 97 34 173 84 478 91 96
leaf_count=472 194 52 2360 894 196 1028 6788 145 157 501 117 143 191 32 423 129 385 50 885 513 145 31 41 97 34 173 84 478 91 96
internal_value=-7.83074e-13 -0.000670787 0.000157597 0.00346512 0.00204574 0.000762732 -0.00142869 0.000386446 0.00417006 0.00347649 0.0053778 0.00395032 0.00261 0.0018255 0.00170445 0.00070182 -0.000792547 -0.000291893 -0.00124629 0.000563681 -0.000462457 -0.00118412 -0.0034629 -0.00216768 0.00583631 0.00527953 0.00569786 0.00631342 0.00724475 0.0061378
internal_weight=16925 14180 6775 2745 2268 1414 7405 617 854 697 1267 386 243 1478 1446 552 4507 1978 935 1043 530 2529 169 138 1073 769 735 562 304 213
internal_count=16925 14180 6775 2745 2268 1414 7405 617 854 697 1267 386 243 1478 1446 552 4507 1978 935 1043 530 2529 169 138 1073 769 735 562 304 213
is_linear=0
shrinkage=0.1


Tree=14
num_leaves=31
num_cat=0
split_feature=3 3 0 1 3 0 4 3 0 0 3 3 0 0 4 0 3 0 3 0 4 4 4 4 4 0 4 3 1 4
split_gain=3.18652 0.722547 0.868856 0.701667 0.588328 0.464984 0.166641 0.149741 0.143099 0.141906 0.165017 0.140768 0.174859 0.134692 0.131379 0.126066 0.126379 0.114396 0.105983 0.201902 0.102495 0.101898 0.0950347 0.0852828 0.112236 0.19032 0.0779923 0.07365 0.0945226 0.0734856
threshold=1.1718611200142106 1.0018709116917033 0.34178433889602056 0.4875774292327158 1.0235202472099634 0.11814556331006977 0.079461065371367864 1.616233496832896 0.64760348583878014 0.084039548022598873 1.0000981857622946 1.3015535049891904 0.44208407871198574 0.036038961038961002 0.0091181059696824017 0.79830508474576278 1.9470621346688983 0.18942218080149117 1.0373317000816324 0.44208407871198574 0.72138567027312817 0.36710276273610531 0.0018292314266789003 0.017566784025184756 0.16029893529129377 0.76043478260869579 0.00066302715838925013 1.8686393881780512 0.74165108497824439 0.22608902850543347
decision_type=2 2 2 2 2 2 2 2 2 2 2 2 2 2 2 2 2 2 2 2 2 2 2 2 2 2 2 2 2 2
left_child=1 9 4 7 5 14 17 8 11 10 -1 12 -2 26 -3 -9 -17 -6 29 -20 -10 -14 -11 -21 -25 -26 -12 28 -5 -4
right_child=3 2 18 27 6 -7 -8 15 20 22 13 -13 21 -15 -16 16 -18 -19 19 23 -22 -23 -24 24 25 -27 -28 -29 -30 -31
leaf_value=-0.0014128971414764198 0.0058775021230269764 0.0025257596089756969 -0.00094991564046510355 0.0015055456500574242 0.0050777343895891981 -0.00033949507306476695 0.0058479071203842445 0.0086439279002713705 -0.0012457914971368941 -0.003882569254450833 0.0022268110195963185 0.0063217263582933964 -0.00041003429736331879 9.8420749944222279e-05 0.0067840822124853734 0.0028578282426604176 0.0068027078065909241 0.0018951250846903991 0.0021005844133651411 0.0024429093719344967 0.0031935149343418224 0.0037053225954063237 -0.0014688296276209186 -0.0016053926044391259 0.0014825275152748987 -0.0010693845338917826 0.0075815890263766055 0.0030114357976329977 -0.0010476238014697329 -0.0025372703824255616
leaf_weight=563 175 263 2015 896 158 1329 266 139 74 168 85 297 116 338 100 146 183 396 320 89 175 125 5613 848 467 781 40 246 173 341
leaf_count=563 175 263 2015 896 158 1329 266 139 74 168 85 297 116 338 100 146 183 396 320 89 175 125 5613 848 467 781 40 246 173 341
internal_value=7.89986e-12 -0.000603708 8.2176e-05 0.00311861 0.00159227 0.000526888 0.0037906 0.00465177 0.00393804 -0.00134662 -0.000262819 0.00465879 0.00347155 0.00113566 0.00369885 0.0061189 0.00505209 0.0028028 -0.000698191 -0.000245356 0.0018742 0.00172449 -0.00153897 -0.000588926 -0.000717663 -0.000114462 0.00394034 0.00145136 0.00109236 -0.00117966
internal_weight=16925 14180 7373 2745 2512 1692 820 1430 962 6807 1026 713 416 463 363 468 329 554 4861 2505 249 241 5781 2185 2096 1248 125 1315 1069 2356
internal_count=16925 14180 7373 2745 2512 1692 820 1430 962 6807 1026 713 416 463 363 468 329 554 4861 2505 249 241 5781 2185 2096 1248 125 1315 1069 2356
is_linear=0
shrinkage=0.1


Tree=15
num_leaves=31
num_cat=0
split_feature=3 1 3 0 3 0 4 3 4 0 3 4 4 0 4 0 3 4 0 0 4 5 3 4 4 1 4 4 3 4
split_gain=2.58943 0.840367 0.432845 0.559469 0.518726 0.187805 0.222484 0.17442 0.163526 0.281185 0.162901 0.133178 0.129863 0.114942 0.231979 0.111587 0.102891 0.0983597 0.0933442 0.0931586 0.091711 0.280189 0.0840829 0.0827415 0.0793121 0.0787656 0.124772 0.0782363 0.0770927 0.076742
threshold=1.0975855257992129 0.4704578380356273 1.0000338291605451 0.24417344173441732 1.008751561487176 0.063164893617021267 0.0024307306665599503 1.3887948390382003 0.3519785144466972 0.41742424242424242 1.0073756857885137 0.029317645315857253 0.13288033065669533 0.49038105808361082 0.079461065371367864 0.11814556331006977 1.0172262430474861 0.10204124496177601 0.031754032258064509 0.72804314329738073 0.073200115505665964 0.59445742656942457 1.8686393881780512 0.00066302715838925013 0.0034078826905999007 0.6988702100993972 0.14948881959868496 0.13876063626218502 1.0437045304326193 0.51817159892918629
decision_type=2 2 2 2 2 2 2 2 2 2 2 2 2 2 2 2 2 2 2 2 2 2 2 2 2 2 2 2 2 2
left_child=2 8 20 4 5 6 18 25 9 12 -5 15 -2 14 24 -6 17 -16 23 -9 21 -1 27 -4 -12 -3 -27 -21 -17 -15
right_child=1 7 3 10 11 -7 -8 19 -10 -11 13 -13 -14 29 16 28 -18 -19 -20 22 -22 -23 -24 -25 -26 26 -28 -29 -30 -31
leaf_value=-0.0014395174271292625 0.0026533232359244449 0.00064616015533065817 0.0018388884288326251 -0.0020005377651223029 0.0051312422582165352 -0.0004795900882186545 0.0072459964622528508 0.0038341634905713403 0.0046660997460887359 0.00043676136804166282 0.00316663709020725 0.0050632574260255168 0.0061576453270942369 -0.00084297341042487031 0.0011045548645107863 0.00053749040717050505 0.0029846631971745274 -0.0071474239061353724 -3.3882655576106651e-05 -0.0022777253867432767 -0.00092084117337866585 -0.0050813714576297964 0.0028129000618733937 0.0077413037012108062 -0.00076364540149826939 0.0011159414884329229 -0.0026980501701611851 0.0012151808086352329 0.0041061196784205924 -0.0051018989168454057
leaf_weight=2592 212 810 114 902 103 1329 65 208 1063 310 54 272 211 2633 52 259 330 20 297 83 2697 230 246 30 1044 145 210 282 79 43
leaf_count=2592 212 810 114 902 103 1329 65 208 1063 310 54 272 211 2633 52 259 330 20 297 83 2697 230 246 30 1044 145 210 282 79 43
internal_value=-1.43997e-11 0.0023066 -0.00066329 -0.000175124 0.00103404 0.000144645 0.00178419 0.000887964 0.00387373 0.00272464 -0.00078185 0.00332303 0.00440134 -0.000518618 0.00018212 0.00224969 0.00223738 -0.00118766 0.000979159 0.00200624 -0.00133782 -0.00173634 0.00138397 0.00306856 -0.000570353 0.000101812 -0.00114022 0.000420904 0.00137158 -0.000911409
internal_weight=16925 3780 13145 7626 2548 1835 506 1984 1796 733 5078 713 423 4176 1500 441 402 72 441 819 5519 2822 611 144 1098 1165 355 365 338 2676
internal_count=16925 3780 13145 7626 2548 1835 506 1984 1796 733 5078 713 423 4176 1500 441 402 72 441 819 5519 2822 611 144 1098 1165 355 365 338 2676
is_linear=0
shrinkage=0.1


Tree=16
num_leaves=31
num_cat=0
split_feature=3 1 3 0 3 0 4 4 0 3 3 0 4 4 0 3 0 3 0 3 4 0 3 4 4 1 4 1 4 3
split_gain=2.11628 0.500829 0.478553 0.697006 0.319059 0.349769 0.140802 0.134321 0.124006 0.155091 0.11238 0.133352 0.15132 0.116158 0.0965961 0.102661 0.0931288 0.0830946 0.0931857 0.077359 0.0735646 0.0692106 0.136983 0.231091 0.140075 0.0652698 0.0645683 0.0639965 0.0560653 0.0665489
threshold=1.1624976166854266 0.50166351316484847 1.0038288174381433 0.32529069767441865 1.0599967903878085 0.18942218080149117 0.022076596145757851 0.023186581059997553 0.084039548022598873 1.0007637416579087 1.616233496832896 0.59594926350245514 0.60765652612158738 0.21560497119847641 0.79830508474576278 1.9470621346688983 0.10084745762711866 1.3192318612885923 0.44543650793650796 1.5475954049679717 0.082309948910442757 0.64218328840970362 1.0290885585440597 0.18889251157323098 0.12505564906770231 0.43652342335940358 0.0086678218422785516 0.82904072613347424 0.18627570294827284 1.0071033791492294
decision_type=2 2 2 2 2 2 2 2 2 2 2 2 2 2 2 2 2 2 2 2 2 2 2 2 2 2 2 2 2 2
left_child=2 10 8 4 5 6 16 -7 9 -1 11 13 25 -2 -12 -16 -4 18 -15 -3 -6 22 23 -5 26 -13 -24 -10 29 -23
right_child=1 19 3 21 20 7 -8 -9 27 -11 14 12 -14 17 15 -17 -18 -19 -20 -21 -22 28 24 -25 -26 -27 -28 -29 -30 -31
leaf_value=-0.00063914018742978215 0.0023835385410460102 0.00037120477959631885 0.0038551332712379672 -0.00066781159501219515 0.0030514880589871153 -0.0015296329656483976 0.005268872011285855 0.00095562147779441854 -0.0011760084804975251 0.0024301252262159665 0.0072031031714868731 -0.0052752915544495467 0.0029523315808062424 0.0063584815324263721 0.0021223421819838574 0.0056578524201431526 0.0010111793542354906 0.0072942625241111496 0.0026631195321405198 0.0019270655222126251 0.0060660518450200169 -0.0052636745592198253 0.0028337622027573808 -0.0092754568352575017 0.0019619921551652098 8.5078041028121819e-05 -0.00053872217521817672 -0.0032733618113018528 -0.00047164157971742328 -0.0012912991664424634
leaf_weight=890 266 734 176 1232 158 399 177 478 6164 202 140 31 278 114 149 183 333 119 170 566 166 44 62 32 466 85 673 149 1273 1016
leaf_count=890 266 734 176 1232 158 399 177 478 6164 202 140 31 278 114 149 183 333 119 170 566 166 44 62 32 466 85 673 149 1273 1016
internal_value=6.56381e-12 0.00249288 -0.000501584 0.000111785 0.00174 0.00114797 0.00283938 -0.00017507 -0.00105531 -7.13823e-05 0.00371605 0.00314589 0.00168641 0.00400543 0.00500011 0.00407113 0.00199455 0.00507597 0.00414647 0.0010486 0.00459599 -0.000528574 -0.000159082 -0.000885727 0.00060568 -0.00134743 -0.00025424 -0.00122551 -0.000918972 -0.00145619
internal_weight=16925 2835 14090 6685 1887 1563 686 877 7405 1092 1535 1063 394 669 472 332 509 403 284 1300 324 4798 2465 1264 1201 116 735 6313 2333 1060
internal_count=16925 2835 14090 6685 1887 1563 686 877 7405 1092 1535 1063 394 669 472 332 509 403 284 1300 324 4798 2465 1264 1201 116 735 6313 2333 1060
is_linear=0
shrinkage=0.1


Tree=17
num_leaves=31
num_cat=0
split_feature=3 3 0 1 3 0 0 4 4 1 3 0 4 4 0 3 3 0 4 4 1 4 0 3 3 0 3 4 1 3
split_gain=1.71742 0.397721 0.565574 0.386441 0.298549 0.272936 0.104749 0.170415 0.0876895 0.10925 0.0872077 0.109326 0.120767 0.099717 0.0782428 0.0897905 0.0766879 0.0717356 0.108043 0.0681511 0.0624395 0.0620654 0.0598452 0.0595211 0.0575713 0.0570357 0.0566655 0.0548712 0.053846 0.0764088
threshold=1.1718611200142106 1.0038288174381433 0.36700680272108849 0.50166351316484847 1.0270812796610091 0.13976744186046514 0.051503094606542808 0.0013345552180012502 0.13668715550865143 0.19150017512688633 1.616233496832896 0.59594926350245514 0.60765652612158738 0.24564213800642684 0.79830508474576278 2.1403482171255366 1.0000338291605451 0.025978407557354904 0.00045421448330245007 0.005159164457345101 0.43652342335940358 0.00090450457180900009 0.07207792207792206 1.0000515830402554 1.3192318612885923 0.47114317425083246 1.5969055171940298 0.011816620532192202 0.70675582534744341 1.0491599199686514
decision_type=2 2 2 2 2 2 2 2 2 2 2 2 2 2 2 2 2 2 2 2 2 2 2 2 2 2 2 2 2 2
left_child=1 6 4 10 5 19 7 16 9 -6 11 13 20 -2 -12 -16 -1 18 -18 -3 -13 23 -21 -8 25 -15 -5 -24 29 -4
right_child=3 2 28 26 8 -7 21 -9 -10 -11 14 12 -14 24 15 -17 17 -19 -20 22 -22 -23 27 -25 -26 -27 -28 -29 -30 -31
leaf_value=-0.0015216770801131274 0.0022303478187632379 0.0010915025259919276 -0.00074581038437773273 0.00044798785247185028 0.0043955024847463749 -0.00029001596175633432 -0.0040146432265721482 0.0051408290039174839 0.0050098549915981111 0.0016107853323200528 0.006482792926087444 -0.0051358425671545168 0.0026570984602245426 0.0054904752876609566 0.0024985214015015938 0.005984514662240808 0.0012916462029453316 -0.00023185374468550951 0.0094436244351700661 0.008496725782662487 0.00019592660977561937 -0.0010066742740638031 0.0012883157267137187 -0.00073185874805134802 0.0065648361985736038 0.0023975832862895914 0.0018230100249345988 0.0047223372420618645 -0.0012535739305923966 0.00018665099804183519
leaf_weight=260 273 128 2185 755 196 1064 136 65 157 501 140 30 278 114 221 111 72 199 21 26 82 6559 76 93 119 125 497 120 852 1470
leaf_count=260 273 128 2185 755 196 1064 136 65 157 501 140 30 278 114 221 111 72 199 21 26 82 6559 76 93 119 125 497 120 852 1470
internal_value=-2.19321e-11 -0.000443208 0.000110472 0.0022895 0.00139846 0.000506819 -0.000949782 0.000297721 0.00287479 0.00239386 0.00337604 0.00285639 0.00154016 0.00366991 0.0045001 0.00366402 -0.000272573 0.000839643 0.00313242 0.0029292 -0.00123223 -0.00106317 0.00398877 -0.00268146 0.00476767 0.00387285 0.000993823 0.00339078 -0.000537667 -0.000370785
internal_weight=16925 14180 6775 2745 2268 1414 7405 617 854 697 1493 1021 390 631 472 332 552 292 93 350 112 6788 222 229 358 239 1252 196 4507 3655
internal_count=16925 14180 6775 2745 2268 1414 7405 617 854 697 1493 1021 390 631 472 332 552 292 93 350 112 6788 222 229 358 239 1252 196 4507 3655
is_linear=0
shrinkage=0.1


Tree=18
num_leaves=31
num_cat=0
split_feature=3 1 1 3 3 3 4 3 1 3 2 0 4 4 4 2 1 4 3 0 4 0 4 4 3 4 2 5 4 1
split_gain=1.39664 0.489506 0.25878 0.432631 0.12534 0.118014 0.119262 0.113121 0.128717 0.0946293 0.113371 0.0928741 0.194725 0.0764393 0.0761238 0.0799764 0.0747519 0.131121 0.0739414 0.108007 0.070442 0.0685625 0.0984482 0.0685174 0.108415 0.0619756 0.0617299 0.0568331 0.0556686 0.0583724
threshold=1.0880730321935899 0.5235350602663712 0.21409005309250637 1.0081591199443429 1.5475954049679717 1.0114735776063295 0.50178079662834218 1.6766425284799407 0.3176048459819395 1.0000338291605451 0.052206843354915058 0.51887464387464399 0.075659684366834415 0.011816620532192202 0.036338581673756011 0.081301503445926807 0.75023068907174728 0.11108679762504561 1.2548928199007963 0.66954022988505757 0.67752856669506323 0.38935969868173265 0.13120457082110323 1.455736477062582 2.1403482171255366 0.51817159892918629 0.36159545207560456 0.86403930241266846 0.3519785144466972 0.41677836653656258
decision_type=2 2 2 2 2 2 2 2 2 2 2 2 2 2 2 2 2 2 2 2 2 2 2 2 2 2 2 2 2 2
left_child=2 7 3 9 -3 13 11 8 -2 -1 -11 12 -7 -4 15 -5 -15 -18 21 28 -21 22 -10 -9 -25 26 -23 -6 -20 -30
right_child=1 4 5 14 27 6 -8 23 18 10 -12 -13 -14 16 -16 -17 17 -19 19 20 -22 25 -24 24 -26 -27 -28 -29 29 -31
leaf_value=-0.00098070295563621661 0.0036198318203038184 -0.00016425841728150964 -0.0023593422377836343 0.0043663359338097507 0.0020285413324899024 -0.0004471535858310551 -0.0053293211526792257 0.0056612693021417639 0.0013651488737517444 0.0015546128048389105 -0.00030842422642711909 -0.00067132052759034423 0.0020692913293963579 -0.00084050430143805762 0.0042495228779555949 0.0011301463966403476 -0.0048769776272933121 -0.0011201402637493905 0.0022850072942357815 -0.0013781876064141135 0.0020902453134580617 -0.0030002648478667081 0.0074717837282352985 0.0012014523649122567 0.0053860631809141994 0.0048702413748833353 0.00058773745710321787 -0.0012123543441822356 0.0039442576972290007 0.0085315614458963736
leaf_weight=1171 511 1234 416 99 479 940 47 168 99 447 1213 2149 457 4991 195 334 129 332 184 88 175 54 36 140 111 30 428 61 174 33
leaf_count=1171 511 1234 416 99 479 940 47 168 99 447 1213 2149 457 4991 195 334 129 332 184 88 175 54 36 140 111 30 428 61 174 33
internal_value=1.33599e-11 0.00163158 -0.000505765 0.000234398 0.000391783 -0.000776373 -0.000325022 0.00261742 0.002275 -0.000292338 0.000193249 -0.000258693 0.00037605 -0.00105274 0.00260891 0.00187006 -0.00095304 -0.0021714 0.00174679 0.00249663 0.000929705 0.000988839 0.00299358 0.00409821 0.00305202 0.000460243 0.000185762 0.00166244 0.0035506 0.00467557
internal_weight=16925 4005 12920 3459 1774 9461 3593 2231 1812 2831 1660 3546 1397 5868 628 433 5452 461 1301 654 263 647 135 419 251 512 482 540 391 207
internal_count=16925 4005 12920 3459 1774 9461 3593 2231 1812 2831 1660 3546 1397 5868 628 433 5452 461 1301 654 263 647 135 419 251 512 482 540 391 207
is_linear=0
shrinkage=0.1


Tree=19
num_leaves=31
num_cat=0
split_feature=3 1 3 0 3 0 4 2 0 3 3 0 4 0 4 3 0 3 4 1 3 0 5 4 0 4 3 4 0 3
split_gain=1.14243 0.297779 0.241062 0.376283 0.234804 0.174264 0.137898 0.0825763 0.0778842 0.0876551 0.0733531 0.123018 0.0711019 0.0678993 0.0998434 0.0665488 0.0638386 0.0647502 0.0626641 0.062222 0.0653927 0.0747603 0.0611701 0.051002 0.0506126 0.105869 0.176956 0.119896 0.0959738 0.0609918
threshold=1.1400605493898344 0.50166351316484847 1.0018709116917033 0.2869249394673124 1.0624928485739529 0.18942218080149117 0.011816620532192202 0.036444140663764509 0.88047619047619052 2.1403482171255366 1.456787184470006 0.57019704433497542 0.022625446110189403 0.031754032258064509 0.00066302715838925013 1.0049108352109002 0.73123827392120078 1.9082426902724818 0.32308826765304338 0.29666849111854177 1.3015535049891904 0.39339826839826841 0.35920506775885314 0.60765652612158738 0.68237250554323736 0.12505564906770231 1.0264730248602272 0.18889251157323098 0.62034482758620701 1.0059296610940061
decision_type=2 2 2 2 2 2 2 2 2 2 2 2 2 2 2 2 2 2 2 2 2 2 2 2 2 2 2 2 2 2
left_child=2 10 13 4 5 6 7 -4 -3 18 11 19 -7 14 -1 -14 -12 -18 -10 -2 21 -21 -17 -13 25 -5 27 -27 -29 -26
right_child=1 8 3 24 -6 12 -8 -9 9 -11 16 23 15 -15 -16 22 17 -19 -20 20 -22 -23 -24 -25 29 26 -28 28 -30 -31
leaf_value=5.7014396875763712e-05 0.0046311176299186265 0.0012758876949624342 0.0034699040390551092 -0.00051851382325723274 0.0046685540039495179 -0.0011087783972818473 0.0033273796821938536 0.0003235870074700295 -0.0021208089500347653 0.0024121371712716461 0.0050017833252678874 -0.00091019519338442472 -0.0020224919724885541 -0.00087888471542094202 0.0061610272615992773 0.00092186194484518771 0.0018071426258543131 0.0041115713493695182 0.00021145452810327446 0.0042936033737130978 0.0041940383103687869 0.00096923455592114139 0.0054827765357031519 0.0017153379827106298 -0.0037077521550318254 -0.00020336676263100429 0.0017582777589718445 -0.010520599920140662 -0.0021566707832629188 -0.00072189511522623953
leaf_weight=251 149 865 100 2341 178 429 356 503 205 103 189 150 69 6526 30 270 272 221 263 86 139 317 33 146 71 163 566 23 34 1877
leaf_count=251 149 865 100 2341 178 429 356 503 205 103 189 150 69 6526 30 270 272 221 263 86 139 317 33 146 71 163 566 23 34 1877
internal_value=5.5372e-12 0.0017333 -0.000389428 2.20403e-05 0.00120739 0.00085734 0.00176674 0.000845364 0.000677535 -0.000228902 0.00264167 0.00209059 -0.00023144 -0.000813348 0.000708688 0.000780329 0.0034392 0.00284016 -0.000810157 0.00282128 0.00232374 0.00167865 0.0014186 0.000384831 -0.000430611 -0.000181358 0.000822819 -0.00158386 -0.00553159 -0.000830723
internal_weight=16925 3105 13820 7013 1938 1760 959 603 1436 571 1669 987 801 6807 281 372 682 493 468 691 542 403 303 296 5075 3127 786 220 57 1948
internal_count=16925 3105 13820 7013 1938 1760 959 603 1436 571 1669 987 801 6807 281 372 682 493 468 691 542 403 303 296 5075 3127 786 220 57 1948
is_linear=0
shrinkage=0.1


Tree=20
num_leaves=31
num_cat=0
split_feature=3 3 0 1 4 0 0 3 4 3 4 4 4 0 4 2 4 4 3 1 4 3 5 3 0 3 0 3 0 4
split_gain=0.935936 0.226352 0.376418 0.196455 0.189436 0.170171 0.0891025 0.105808 0.0867287 0.0812207 0.0800632 0.0629364 0.0623403 0.0660817 0.0556032 0.0633802 0.0509736 0.0647162 0.0724606 0.0482114 0.0476964 0.0638712 0.0455315 0.0439501 0.0642748 0.0420479 0.051352 0.0627767 0.0596854 0.0743836
threshold=1.1924587048371766 1.0053100241536783 0.38935969868173265 0.49881990833963324 0.079461065371367864 0.20722186076772933 0.13536417773705908 1.0012376406307693 0.011816620532192202 1.1330545242441556 0.007104573111091801 0.0034078826905999007 0.015410371636761401 0.282329988851728 0.0060558449135106008 1.0000000180025095e-35 0.028443874653210653 0.089483517963107759 1.4439106845072065 0.82904072613347424 0.037965519330288709 1.0111252082521587 0.30080241070625841 1.0348168789387537 0.14946808510638296 2.1403482171255366 0.89619252873563238 1.6766425284799407 0.5727513227513229 0.60765652612158738
decision_type=2 2 2 2 2 2 2 2 2 2 2 2 2 2 2 2 2 2 2 2 2 2 2 2 2 2 2 2 2 2
left_child=1 6 4 25 5 8 7 22 -3 11 -8 -7 -13 -14 15 -9 -5 18 -18 -12 -15 -22 -1 24 -10 26 27 28 -2 -30
right_child=3 2 -4 16 -6 9 10 14 23 -11 19 12 13 20 -16 -17 17 -19 -20 -21 21 -23 -24 -25 -26 -27 -28 -29 29 -31
leaf_value=-0.00034771994631947051 0.0030755026637174936 0.00076158970874298283 -0.00042381690664689063 0.0031299290454957045 0.0031663303191836693 0.0031156450697121078 -0.0021553848498468836 0.0046806409609012516 0.0041152877204522894 0.0034301751018710326 -0.00071387831871402765 -0.0018920353703518831 0.0012211912152437271 -0.0015210885470412492 0.0037668312347488523 0.00014854773595558343 -0.0038815211662421786 0.00096337893168781043 0.00037284521370573975 -0.0026000728105402575 -0.0017299559992747478 0.0014201074017404134 -0.0042217047665373333 0.0057101784049617974 0.0011827964771081022 0.004436300016010415 0.00056294735296870825 0.0042639558444150056 -0.0005157106917225003 0.0022830786485910832
leaf_weight=1422 476 282 4357 88 393 56 445 36 148 67 5400 205 309 281 84 216 62 921 113 139 99 184 31 55 151 111 135 194 133 332
leaf_count=1422 476 282 4357 88 393 56 445 36 148 67 5400 205 309 281 84 216 62 921 113 139 99 184 31 55 151 111 135 194 133 332
internal_value=1.02193e-11 -0.000314286 0.000117 0.00175951 0.00117365 0.000747349 -0.000679767 -6.05519e-05 0.00206996 4.695e-05 -0.00086489 -0.000152941 -0.000322737 4.5769e-05 0.0015387 0.00079599 0.000814344 0.000628421 -0.00113442 -0.000761212 -0.000598212 0.000318142 -0.000430372 0.00311222 0.00263433 0.00256985 0.00240672 0.00262603 0.00228834 0.00148256
internal_weight=16925 14360 6587 2565 2230 1837 7773 1789 636 1201 5984 1134 1078 873 336 252 1184 1096 175 5539 564 283 1453 354 299 1381 1270 1135 941 465
internal_count=16925 14360 6587 2565 2230 1837 7773 1789 636 1201 5984 1134 1078 873 336 252 1184 1096 175 5539 564 283 1453 354 299 1381 1270 1135 941 465
is_linear=0
shrinkage=0.1


Tree=21
num_leaves=31
num_cat=0
split_feature=3 1 0 3 3 0 3 4 5 3 1 4 0 4 2 4 0 3 3 3 0 4 0 2 3 2 4 3 4 5
split_gain=0.774312 0.295657 0.166461 0.254851 0.0926765 0.0776851 0.0887025 0.0732597 0.116474 0.113529 0.0715382 0.110196 0.0740719 0.0701593 0.0697165 0.069111 0.0645995 0.070705 0.0854105 0.0645002 0.120045 0.115454 0.0701184 0.0627963 0.0555231 0.0491964 0.0469405 0.0647733 0.0461302 0.0419584
threshold=1.072207832633254 0.4704578380356273 0.22767145135566183 1.0065962476593528 1.0460213170288439 0.66954022988505757 1.6561596181405285 0.073200115505665964 0.59445742656942457 1.0049108352109002 0.29183619088991281 0.37356519585105402 0.41742424242424242 0.37356519585105402 0.18810162000329936 0.032382208745490755 0.44543650793650796 1.0126002939251477 1.0040217744874309 1.0000981857622946 0.063164893617021267 0.0024307306665599503 0.021980676328502403 0.32197113856431686 1.3887948390382003 0.36159545207560456 0.15771918553052583 1.3192318612885923 0.14723017638159339 0.51680540736125768
decision_type=2 2 2 2 2 2 2 2 2 2 2 2 2 2 2 2 2 2 2 2 2 2 2 2 2 2 2 2 2 2
left_child=2 10 3 19 14 24 13 8 -4 -10 -2 12 28 15 -5 -7 17 18 -9 -1 21 22 -21 -18 -3 -14 -17 -28 -12 -13
right_child=1 5 7 4 -6 6 -8 16 9 -11 11 29 25 -15 -16 26 23 -19 -20 20 -22 -23 -24 -25 -26 -27 27 -29 -30 -31
leaf_value=-0.00074715055675155526 0.0031310019642322977 0.00089157971283420918 -0.00075175843393899535 0.0021995616726677978 0.0051882656152981025 0.0019946322316194282 0.0013900859553659887 0.00050753674306206517 -0.0038397186214346084 -0.00082034323384954158 0.001021740679559637 0.002231853189931418 -0.003356215006417849 0.00073121151907806292 -2.6033145949828245e-05 -0.0019927833387071163 0.0039217555808136245 0.0019576280993857131 -0.0047626104595838124 0.005554518242521833 -0.00033884363763512549 0.0055276775225782055 0.00049568881963002443 -0.00052300557732506601 0.0033179364780875084 0.00021142439952240262 -0.00090009856746910925 0.0020311187778133898 0.0036136496320024396 0.0046220820642904276
leaf_weight=1360 461 375 3223 431 75 85 418 133 260 239 206 787 44 484 209 308 32 233 40 30 1114 65 316 4755 126 318 526 88 103 81
leaf_count=1360 461 375 3223 431 75 85 418 133 260 239 206 787 44 484 209 308 32 233 40 30 1114 65 316 4755 126 318 526 88 103 81
internal_value=1.18026e-11 0.00113944 -0.000401511 0.000172407 0.0018625 0.000393534 0.00010268 -0.000633267 -0.000971872 -0.00239356 0.00203825 0.00171092 0.000748501 -0.000258243 0.00147277 -0.00073381 -0.000390578 0.000820506 -0.000710994 -0.000246456 0.000200066 0.00166076 0.000934316 -0.000493293 0.0015018 -0.000222211 -0.000985348 -0.000479989 0.00188571 0.0024549
internal_weight=16925 4410 12515 3600 715 2410 1909 8915 3722 499 2000 1539 671 1491 640 1007 5193 406 173 2885 1525 411 346 4787 501 362 922 614 309 868
internal_count=16925 4410 12515 3600 715 2410 1909 8915 3722 499 2000 1539 671 1491 640 1007 5193 406 173 2885 1525 411 346 4787 501 362 922 614 309 868
is_linear=0
shrinkage=0.1


Tree=22
num_leaves=31
num_cat=0
split_feature=3 1 0 3 4 0 0 3 4 4 3 3 1 4 0 4 5 3 2 1 3 4 0 0 0 4 0 1 0 3
split_gain=0.627193 0.239482 0.134833 0.208148 0.101454 0.0911457 0.068716 0.0721979 0.07139 0.082812 0.0647788 0.0620502 0.0606789 0.0875352 0.0713396 0.0593403 0.0943438 0.0919581 0.0588631 0.0557477 0.0691345 0.0576224 0.0496953 0.0492345 0.0448416 0.0434987 0.0493627 0.063772 0.0402605 0.0402915
threshold=1.072207832633254 0.4704578380356273 0.22767145135566183 1.0038288174381433 0.014399976381286001 0.07207792207792206 0.78221343873517801 1.9889761135503299 0.24564213800642684 0.045711569899443603 1.0460213170288439 1.4750806984662996 0.26968720177858302 0.25324482261369285 0.36188554658840799 0.073200115505665964 0.59445742656942457 1.0049108352109002 0.34754278716311554 0.48505889813322017 1.0218285117783459 0.15138563381925213 0.11814556331006977 0.52223320158102771 0.47114317425083246 0.13120457082110323 0.54631217838765023 0.56430650309960262 0.36700680272108849 1.0040217744874309
decision_type=2 2 2 2 2 2 2 2 2 2 2 2 2 2 2 2 2 2 2 2 2 2 2 2 2 2 2 2 2 2
left_child=2 12 3 -1 5 -5 11 8 9 -8 22 24 -2 14 -14 16 -4 -18 -16 20 28 -22 -6 -23 -3 26 -26 -28 -17 -30
right_child=1 6 15 4 10 -7 7 -9 -10 -11 -12 -13 13 -15 18 19 17 -19 -20 -21 21 23 -24 -25 25 -27 27 -29 29 -31
leaf_value=-0.00030662150161485716 0.003140500713467817 0.0048370297088695226 -0.00067658262021894923 0.0043761540257002953 0.0048800685990567291 -1.7323592372467947e-06 0.0018782052446686193 0.0017927942203692674 0.00028688317528758743 -0.0017517035959601539 0.0057485661374543006 0.0025155538577758554 0.0023208869165308506 0.0021294706233940751 -0.0029820883704329997 0.0039190015803218228 -0.0034557467887106428 -0.00073830891487278259 0.00040104578725428535 -0.00052840914836581765 0.00071755953198430198 0.0069187571993097668 0.0016183044633900781 0.0018133377158722165 0.0019252376973781793 0.0010854800666769602 -0.0038913200025431694 -0.00017786233503292164 7.8559643971232165e-05 -0.0014961985717972686
leaf_weight=2630 302 24 3223 53 54 463 73 178 719 452 54 211 175 1103 60 22 260 239 360 4021 319 30 346 51 68 441 62 182 512 238
leaf_count=2630 302 24 3223 53 54 463 73 178 719 452 54 211 175 1103 60 22 260 239 360 4021 319 30 346 51 68 441 62 182 512 238
internal_value=-2.19023e-11 0.00102549 -0.00036136 0.000155166 0.00140723 0.000447934 0.000354181 -9.09105e-05 -0.000360444 -0.00124697 0.00249753 0.000994788 0.00183442 0.00160213 0.000624549 -0.00056994 -0.000874685 -0.00215421 -8.22591e-05 -0.00035152 0.000255367 0.00132236 0.00205864 0.00370423 0.000581813 0.000446189 -0.000457425 -0.00112145 -0.00029748 -0.000421164
internal_weight=16925 4410 12515 3600 970 516 2410 1422 1244 525 454 988 2000 1698 595 8915 3722 499 420 5193 1172 400 400 81 777 753 312 244 772 750
internal_count=16925 4410 12515 3600 970 516 2410 1422 1244 525 454 988 2000 1698 595 8915 3722 499 420 5193 1172 400 400 81 777 753 312 244 772 750
is_linear=0
shrinkage=0.1


Tree=23
num_leaves=31
num_cat=0
split_feature=3 1 1 3 0 3 4 3 0 4 0 0 4 4 4 0 1 4 5 3 2 2 1 4 0 3 3 4 3 3
split_gain=0.508026 0.193981 0.112074 0.170216 0.0589914 0.0617032 0.0533531 0.052609 0.0743506 0.0958329 0.0545886 0.052325 0.0782176 0.0503747 0.0494569 0.0641655 0.0476138 0.0462283 0.0637046 0.096206 0.0549012 0.0449864 0.0454551 0.0425554 0.0561047 0.0507554 0.0383896 0.0377284 0.0466324 0.0386858
threshold=1.072207832633254 0.4704578380356273 0.19570330213166748 1.0057175504592355 0.62034482758620701 1.6766425284799407 0.37356519585105402 1.0000338291605451 0.063164893617021267 0.0024307306665599503 0.031754032258064509 0.2869249394673124 0.22287395450575073 0.029317645315857253 0.029317645315857253 0.095695970695970675 0.82904072613347424 0.073200115505665964 0.59445742656942457 1.0055155507012519 0.32578038009223836 0.086331485349377055 0.11054940508739371 0.00021516091327995 0.021980676328502403 1.0007637416579087 1.0750792230598634 0.007104573111091801 1.1433623633822243 1.1984424831133145
decision_type=2 2 2 2 2 2 2 2 2 2 2 2 2 2 2 2 2 2 2 2 2 2 2 2 2 2 2 2 2 2
left_child=2 11 3 7 -3 6 13 -1 9 10 23 -2 -13 27 15 -5 17 18 -4 -20 -19 -12 -23 -9 -25 -26 -15 28 -6 -29
right_child=1 4 16 14 5 -7 -8 8 -10 -11 21 12 -14 26 -16 -17 -18 20 19 -21 -22 22 -24 24 25 -27 -28 29 -30 -31
leaf_value=-0.0007069666814670905 0.0036845568833606583 0.0015923557507424543 -0.00057683568903145325 0.0034024865643004889 0.0021497211492775628 0.001235111563320611 0.00072012825092768271 0.00020950555039759159 -0.00031064947563793179 0.0048460273888878648 0.00066861752091366977 0.00055893971047541596 0.0019539600674022099 0.0022206443112863356 0.0029634402322479942 0.00042654917716414633 -0.0019100493914847435 0.0014504896112825742 -0.0033452268573991987 -0.00035354303261112127 -0.00032326419623280906 -0.0036122631020683409 0.0014886342259123921 0.0079232665963227984 -0.00021155686180635887 0.0056210944075137381 -0.00082856156975818227 0.0008788311750524574 -0.0040840844996273516 0.0063379890769720074
leaf_weight=1074 119 316 3672 92 30 405 506 59 931 63 213 582 1299 43 199 341 233 181 217 213 4859 58 25 23 37 25 1038 27 20 25
leaf_count=1074 119 316 3672 92 30 405 506 59 931 63 213 582 1299 43 199 341 233 181 217 213 4859 58 25 23 37 25 1038 27 20 25
internal_value=-7.03438e-12 0.000922943 -0.000325224 0.000191855 0.000318763 0.000126568 -0.000139246 -0.000177744 0.00021862 0.00119824 0.000675945 0.00165098 0.00152233 -0.000506823 0.00165855 0.00105885 -0.000498411 -0.000462433 -0.000711692 -0.0018633 -0.000259564 -0.000100946 -0.00207585 0.00227289 0.00370512 0.00214032 -0.00070727 0.00161753 -0.000343801 0.00350343
internal_weight=16925 4410 12515 3140 2410 2094 1689 2508 1434 503 440 2000 1881 1183 632 433 9375 9142 4102 430 5040 296 83 144 85 62 1081 102 50 52
internal_count=16925 4410 12515 3140 2410 2094 1689 2508 1434 503 440 2000 1881 1183 632 433 9375 9142 4102 430 5040 296 83 144 85 62 1081 102 50 52
is_linear=0
shrinkage=0.1


Tree=24
num_leaves=31
num_cat=0
split_feature=3 5 0 3 1 4 3 0 3 4 3 5 3 1 3 0 4 0 0 4 3 1 0 4 4 1 3 4 1 4
split_gain=0.411501 0.163702 0.0918 0.14592 0.0619472 0.0733768 0.0586348 0.052756 0.053742 0.0516233 0.0510332 0.0486353 0.0471328 0.0462627 0.0454825 0.0721317 0.0723952 0.0467641 0.045317 0.0419 0.0646161 0.0420849 0.0412952 0.0405367 0.0383077 0.0382743 0.0381339 0.0462704 0.0361572 0.0357288
threshold=1.072207832633254 0.58952865874148008 0.22767145135566183 1.008751561487176 0.29183619088991281 0.37356519585105402 1.0460213170288439 0.75219298245614052 2.1403482171255366 0.022625446110189403 1.5787585926183347 0.42472101176995963 1.5326460843216574 0.50166351316484847 1.0000981857622946 0.063164893617021267 0.0024307306665599503 0.021980676328502403 0.095695970695970675 0.023186581059997553 1.0283308433628535 0.28900778245583952 0.59594926350245514 0.0054940422984147011 0.00090450457180900009 0.70675582534744341 1.3374471320600141 0.43560706353394768 0.82904072613347424 0.0048505778491067008
decision_type=2 2 2 2 2 2 2 2 2 2 2 2 2 2 2 2 2 2 2 2 2 2 2 2 2 2 2 2 2 2
left_child=2 4 3 14 -2 25 18 11 -9 23 13 26 22 -11 29 16 17 -16 -5 20 -4 -22 -13 -3 -19 -6 27 -7 -21 -1
right_child=1 9 19 6 5 7 -8 8 -10 10 -12 12 -14 -15 15 -17 -18 24 -20 28 21 -23 -24 -25 -26 -27 -28 -29 -30 -31
leaf_value=-0.00099040334984183361 0.0023408545073830885 2.2494176907154421e-05 -0.0013351185974781465 0.0041771841694160528 0.00061570365315169343 0.0030723613026270341 0.0041626688695202271 0.00067741037329532069 0.0032048919158188085 0.0021270966341179454 0.00085586822885803352 0.0052265380061108551 0.0073864121921360494 -0.00066598854754852037 0.0045459523765991137 -0.00018368455957033057 0.0044101425575522281 -0.00048200143836622474 0.0008938698156047485 -0.00034944434655806385 -0.0021143077229498885 0.0022105524525330919 0.0016932397673372181 0.003982775224721991 0.0017666621035517431 -0.0035020950928573375 0.0025765378010851351 -0.00092995904527593996 -0.0016703625312381087 6.0593472642138739e-05
leaf_weight=830 461 48 938 46 1214 43 75 560 99 63 373 53 30 1010 30 1220 65 190 488 7644 30 90 88 56 126 23 201 88 213 530
leaf_count=830 461 48 938 46 1214 43 75 560 99 63 373 53 30 1010 30 1220 65 190 488 7644 30 90 88 56 126 23 201 88 213 530
internal_value=4.34669e-12 0.000830649 -0.000292702 0.0001335 0.00127918 0.00107516 0.00154443 0.00164578 0.00105711 3.04041e-06 -0.000151731 0.00241702 0.00378716 -0.000501996 -0.000153781 0.000202306 0.00134807 0.000772826 0.0011767 -0.000464808 -0.0010556 0.00112934 0.00302136 0.00215495 0.000414618 0.00053914 0.00171132 0.00038378 -0.000385254 -0.000580824
internal_weight=16925 4410 12515 3600 2860 2399 609 1162 659 1550 1446 503 171 1073 2991 1631 411 346 534 8915 1058 120 141 104 316 1237 332 131 7857 1360
internal_count=16925 4410 12515 3600 2860 2399 609 1162 659 1550 1446 503 171 1073 2991 1631 411 346 534 8915 1058 120 141 104 316 1237 332 131 7857 1360
is_linear=0
shrinkage=0.1


Tree=25
num_leaves=31
num_cat=0
split_feature=3 3 0 3 0 1 4 5 1 0 5 3 1 3 0 3 4 5 0 3 4 0 4 4 2 3 1 2 0 4
split_gain=0.335242 0.0925689 0.155098 0.0857932 0.108925 0.0796034 0.0696121 0.0693522 0.0463245 0.0396448 0.0360922 0.035158 0.0482512 0.0349719 0.0631587 0.053093 0.0511143 0.0373107 0.0359956 0.0343029 0.0359032 0.0334585 0.0572104 0.0348424 0.126266 0.078078 0.0401186 0.03203 0.0510392 0.0682635
threshold=1.1924587048371766 1.0018709116917033 0.44208407871198574 1.0407266954030499 0.16515151515151513 0.49881990833963324 0.007104573111091801 0.34774707500527186 0.17783926278438433 0.047065337763012159 0.45593434417210937 1.0049108352109002 0.52073892293074853 1.1330545242441556 0.31311274509803927 1.0833655692824302 0.024584281797114804 0.3953313628563484 0.23145604395604394 1.0460213170288439 0.020158926624543754 0.031754032258064509 0.00077896218238600009 0.11836602138727077 0.75028975246787644 1.0000715908821134 0.803012659629595 0.5580199289277078 0.5147186147186148 0.47045312638461473
decision_type=2 2 2 2 2 2 2 2 2 2 2 2 2 2 2 2 2 2 2 2 2 2 2 2 2 2 2 2 2 2
left_child=1 21 3 4 6 27 9 -6 -5 -3 13 12 -4 14 15 18 -16 -15 19 -10 -21 22 -1 24 -23 -25 -26 28 -2 -30
right_child=5 2 11 8 7 -7 -8 -9 10 -11 -12 -13 -14 17 16 -17 -18 -19 -20 20 -22 23 -24 25 26 -27 -28 -29 29 -31
leaf_value=0.00016698980911371565 0.002452888941715158 0.0046780171268619598 0.00055078463876580307 0.0036145623195417489 -0.0005610692647243287 0.00045140011854675468 0.0023253891155047006 0.00075769602706625807 -0.0012651304919563701 0.00010034330386718335 0.0030051819680969646 -0.00031399474564833773 -0.0034770133419330289 0.0028283809364464257 -0.0052015468017603071 0.0033481371894304177 -0.00023590282876587783 -0.0011657112130186371 -0.00032356596223932386 0.0011826609426568593 0.006122728889126198 -0.00055842931467812594 0.0051788683934137231 -7.1934722536842863e-05 -0.005525642927041499 -0.0043782332790257448 -0.0021988280283465507 0.0025281559223618625 -0.0016325233675669678 0.0012475635573858969
leaf_weight=256 295 20 47 84 1291 1184 343 577 20 350 93 3935 81 142 23 100 210 28 150 31 28 4310 25 2020 59 43 94 278 93 715
leaf_count=256 295 20 47 84 1291 1184 343 577 20 350 93 3935 81 142 23 100 210 28 150 31 28 4310 25 2020 59 43 94 278 93 715
internal_value=1.87066e-11 -0.000188097 5.29345e-05 0.000541872 0.000247632 0.00105305 0.00129914 -0.00015372 0.00137733 0.000347785 0.00114954 -0.000367049 -0.00199806 0.000913784 0.00053363 0.00142576 -0.000726074 0.00217053 0.000586294 0.00231388 0.0035271 -0.000455543 0.000612886 -0.000501548 -0.000658645 -0.000161693 -0.00348172 0.00156887 0.00132709 0.000916068
internal_weight=16925 14360 7553 3490 2581 2565 713 1868 909 370 825 4063 128 732 562 329 233 170 229 79 59 6807 281 6526 4463 2063 153 1381 1103 808
internal_count=16925 14360 7553 3490 2581 2565 713 1868 909 370 825 4063 128 732 562 329 233 170 229 79 59 6807 281 6526 4463 2063 153 1381 1103 808
is_linear=0
shrinkage=0.1


Tree=26
num_leaves=31
num_cat=0
split_feature=3 5 1 4 2 4 1 3 3 2 4 0 5 0 0 5 3 4 2 0 3 1 3 4 2 3 4 0 3 4
split_gain=0.273521 0.117649 0.0701908 0.0962592 0.0672673 0.0710693 0.054444 0.0516642 0.046869 0.0576516 0.0467307 0.044594 0.0562142 0.0429029 0.0419608 0.0405222 0.0495976 0.0354855 0.0782112 0.0421168 0.0830338 0.0607871 0.0459078 0.0422333 0.039933 0.0397495 0.0389643 0.035307 0.0336711 0.0336606
threshold=1.0624928485739529 0.58952865874148008 0.19570330213166748 0.018824946619645556 0.27136138677273675 0.19494236360961539 0.67738255941424874 1.2548928199007963 1.0000338291605451 0.057075399593878307 0.022076596145757851 0.14415584415584412 0.056238310426789111 0.21913109756097562 0.71563342318059309 0.8270587479870406 1.6766425284799407 0.060517355747532704 0.63338351208423693 0.44543650793650796 1.0126002939251477 0.26088599753186859 1.0023563852901196 0.12341627656443106 0.39963884093323926 1.0283308433628535 0.089483517963107759 0.39827586206896554 1.0071033791492294 0.0054940422984147011
decision_type=2 2 2 2 2 2 2 2 2 2 2 2 2 2 2 2 2 2 2 2 2 2 2 2 2 2 2 2 2 2
left_child=2 4 3 8 -2 6 7 14 -1 11 29 12 -10 -5 -6 16 -12 18 -4 20 22 -22 -19 24 25 -23 27 -24 -14 -3
right_child=1 10 17 13 5 -7 -8 -9 9 -11 15 -13 28 -15 -16 -17 -18 19 -20 -21 21 23 26 -25 -26 -27 -28 -29 -30 -31
leaf_value=-0.00059411481811532784 0.0025248498669593099 0.00025286716169348975 -0.00051602828595600483 0.0023081410251314378 -1.8385550274615527e-05 0.0012194994606819116 -0.004656360604111915 0.0015489418706214893 0.00033712847137380318 -0.00012043489239712087 -0.00019662366492047018 -0.0026747689502121044 0.0020605481595091716 4.7280001482918614e-05 -0.0041164815837803946 -0.0012224818062512061 0.0014498021721638824 0.00027806711061476459 -0.0024265058457090902 -0.00033115043710628877 -0.0010762586981352222 0.0051747594943403136 -0.0033599102182495528 0.0068539203599184044 0.00017396828899269597 0.001643515022226131 -0.0061125307077808042 0.00079013924994619518 0.0059398834183812151 0.0039042024910449983
leaf_weight=1013 268 51 3334 274 640 1879 23 234 258 1195 1087 29 213 121 26 292 220 226 229 4859 57 56 41 21 68 74 21 41 25 50
leaf_count=1013 268 51 3334 274 640 1879 23 234 258 1195 1087 29 213 121 26 292 220 226 229 4859 57 56 41 21 68 74 21 41 25 50
internal_value=-8.00283e-12 0.000641725 -0.000251833 0.000156393 0.00101129 0.000866524 0.000147953 0.00027073 -5.45018e-05 0.000263305 -2.56658e-05 0.00113677 0.00135962 0.00161557 -0.000178371 -0.000157435 8.051e-05 -0.00039329 -0.000638818 -0.000233184 0.000553622 0.00183269 -0.000519394 0.00258981 0.00213756 0.00316467 -0.00226916 -0.00128489 0.00246804 0.00206046
internal_weight=16925 4770 12155 3128 3070 2802 923 900 2733 1720 1700 525 496 395 666 1599 1307 9027 3563 5464 605 276 329 219 198 130 103 82 238 101
internal_count=16925 4770 12155 3128 3070 2802 923 900 2733 1720 1700 525 496 395 666 1599 1307 9027 3563 5464 605 276 329 219 198 130 103 82 238 101
is_linear=0
shrinkage=0.1


Tree=27
num_leaves=31
num_cat=0
split_feature=3 0 3 0 3 0 3 1 4 4 3 4 0 2 4 4 4 4 4 0 0 5 2 5 2 3 4 1 4 3
split_gain=0.223356 0.0696947 0.0744014 0.0889175 0.0827354 0.0663036 0.166523 0.051088 0.0546104 0.0497943 0.0603719 0.0515484 0.0637531 0.0562719 0.0453037 0.0445852 0.0496198 0.0478608 0.0415933 0.0385683 0.0380692 0.0361698 0.0551849 0.0339338 0.0325671 0.0901681 0.0321682 0.0578327 0.0313914 0.0684896
threshold=1.2050468955035234 0.5147186147186148 1.4750806984662996 0.81375640520299586 1.9082426902724818 0.41742424242424242 1.0159461119456594 0.078802730029515516 0.056412872530770458 0.060517355747532704 1.0041819498565812 0.035596518627771002 0.55662393162393176 0.40574069274437924 0.13876063626218502 0.096952348220742612 0.17163128551578141 0.024584281797114804 0.37356519585105402 0.14946808510638296 0.9291979949874688 0.37819975925724142 0.41159179650263727 0.72593948986050305 0.029284908012114304 1.0001927314292371 0.064152885267845766 0.49351727505112936 0.092596954904318171 1.0059296610940061
decision_type=2 2 2 2 2 2 2 2 2 2 2 2 2 2 2 2 2 2 2 2 2 2 2 2 2 2 2 2 2 2
left_child=5 -2 15 -4 14 6 24 -8 19 10 11 13 21 -7 -5 17 -17 -3 20 -9 -18 -13 -23 26 25 -1 27 -11 29 -25
right_child=1 2 3 4 -6 9 7 8 -10 23 -12 12 -14 -15 -16 16 18 -19 -20 -21 -22 22 -24 28 -26 -27 -28 -29 -30 -31
leaf_value=-0.00068489301224030057 0.0023372179342076912 0.001267198193402562 0.0021297710796692338 -0.0035250808835490203 0.0015116233166869886 -0.0069052555508190595 0.0050856772484257819 0.0024517748824031136 0.0015982288154324032 -0.0012587554421962092 -0.00031907954431113062 -0.0023822201843722727 -0.0027553216544101422 -0.0022923979338439599 -0.00017708204660422028 0.0023430320417662529 -0.00086598989842459574 -0.0031419837466109381 0.00036518642691607366 0.00015487201786309015 -0.0053770552770319308 0.0052844367914367469 9.2368050729773485e-05 -0.0043151143158320342 -0.00027614087880692997 0.001828034274037319 -0.00015700033362356166 0.0038332874198978837 -0.00051687741548491959 4.8321491261516269e-05
leaf_weight=297 289 35 551 46 375 31 30 81 658 38 648 40 115 180 333 99 125 83 517 750 22 25 113 70 4675 275 4993 54 1303 74
leaf_count=297 289 35 551 46 375 31 30 81 658 38 648 40 115 180 333 99 125 83 517 750 22 25 113 70 4675 275 4993 54 1303 74
internal_value=-1.9571e-12 0.00087777 0.000684824 0.00116417 0.000458537 -0.000150345 7.79323e-05 0.000999969 0.000917651 -0.00035135 -0.000957518 -0.00177837 -0.000920144 -0.00297012 -0.000583435 -2.52158e-05 0.000254545 -0.00183418 -5.68412e-05 0.000378758 -0.00154112 0.000265504 0.00103296 -0.000244444 -0.000188996 0.000523245 -0.000122859 0.00173005 -0.000671716 -0.00207279
internal_weight=16925 2475 2186 1305 754 14450 6766 1519 1489 7684 1152 504 293 211 379 881 763 118 664 831 147 178 138 6532 5247 572 5085 92 1447 144
internal_count=16925 2475 2186 1305 754 14450 6766 1519 1489 7684 1152 504 293 211 379 881 763 118 664 831 147 178 138 6532 5247 572 5085 92 1447 144
is_linear=0
shrinkage=0.1


Tree=28
num_leaves=31
num_cat=0
split_feature=3 5 0 4 0 0 4 2 4 3 0 4 4 4 4 4 3 4 2 1 4 4 0 3 4 0 4 3 5 4
split_gain=0.184174 0.0904472 0.0539824 0.0572357 0.0632927 0.0510804 0.0929793 0.0452053 0.0514951 0.0413336 0.0525188 0.0461431 0.0436677 0.0425796 0.0398777 0.0357238 0.0536188 0.0554019 0.0403639 0.034315 0.0450274 0.0496637 0.0342048 0.0339697 0.0330592 0.0383777 0.0605014 0.0512562 0.0369035 0.0365768
threshold=1.0599967903878085 0.58952865874148008 0.25760368663594474 0.12899828569670063 0.5727513227513229 0.18942218080149117 0.022076596145757851 0.50828312074249349 0.096952348220742612 1.0010582918509754 0.084039548022598873 0.0026785250284840508 0.00055375499051170016 0.0034078826905999007 0.022076596145757851 0.016491182551466154 1.013331402417466 0.0064629201535956011 0.14609824610067812 0.76938668386600162 0.20931813207009028 0.26911210687079684 0.27361853832442068 1.6766425284799407 0.21889762369018992 0.73557158712541637 0.12722793842611763 1.0833655692824302 0.64100388819265819 0.10898071555451821
decision_type=2 2 2 2 2 2 2 2 2 2 2 2 2 2 2 2 2 2 2 2 2 2 2 2 2 2 2 2 2 2
left_child=5 2 -2 4 7 6 9 -4 -9 -1 11 -11 -12 -14 -3 16 18 -18 -7 23 -21 -22 -20 24 25 26 29 -27 -28 -16
right_child=1 14 3 -5 -6 15 -8 8 -10 10 12 -13 13 -15 19 -17 17 -19 22 20 21 -23 -24 -25 -26 27 28 -29 -30 -31
leaf_value=-0.00028110051377681211 0.0030491899399315448 0.0018605147763153973 -7.4077813708917035e-05 0.0010028522221401579 -0.0020113122403607898 -0.0035543536616023629 0.002359622281575826 0.00095973561759040294 0.0055982268574369656 0.00046330939792352108 0.0038431014772504568 0.0031660110425379621 -0.0015150409000060068 0.00034740126931183114 -0.00050012563542363106 -0.00025916997724410813 0.0022908109913866311 -0.0012485888348237495 -0.00047494539437551131 -0.00045872801811216475 -0.0063376162045945721 -0.0011509810234808053 -0.0018964867176587828 0.0013489657401724901 0.0004062823242396134 0.00065574263946523203 -0.00059390465547848087 -0.0024807647525449286 0.0033556924174553242 -0.0049756341813398264
leaf_weight=1784 107 102 431 2315 131 70 179 105 31 131 30 122 156 576 140 8131 96 82 428 311 30 48 280 180 548 73 36 182 69 21
leaf_count=1784 107 102 431 2315 131 70 179 105 31 131 30 122 156 576 140 8131 96 82 428 311 30 48 280 180 548 73 36 182 69 21
internal_value=5.49221e-13 0.000519751 0.000841915 0.000763528 -3.0218e-05 -0.000209365 0.000150062 0.000427495 0.00201704 8.7579e-06 0.000518223 0.00176659 0.00010374 -4.95126e-05 -5.79222e-05 -0.000327157 -0.000905402 0.000660301 -0.00126362 -0.000177385 -0.000997532 -0.00314584 -0.00103714 7.80487e-05 -0.00013595 -0.000706283 0.000134046 -0.00158286 0.00200154 -0.00108389
internal_weight=16925 4860 3120 3013 698 12065 2978 567 136 2799 1015 253 762 732 1740 9087 956 178 778 1638 389 78 708 1249 1069 521 266 255 105 161
internal_count=16925 4860 3120 3013 698 12065 2978 567 136 2799 1015 253 762 732 1740 9087 956 178 778 1638 389 78 708 1249 1069 521 266 255 105 161
is_linear=0
shrinkage=0.1


Tree=29
num_leaves=31
num_cat=0
split_feature=3 0 3 3 0 1 4 4 4 4 4 1 4 0 4 4 2 3 0 3 4 5 1 2 2 1 1 5 2 1
split_gain=0.151423 0.0629294 0.0812976 0.0756332 0.0446824 0.0417819 0.0663775 0.0408902 0.0489769 0.0400851 0.058092 0.0533211 0.0481947 0.0365744 0.0364237 0.0351779 0.0326121 0.0317889 0.0299048 0.0740235 0.0379379 0.0490328 0.0295454 0.027554 0.0262479 0.0260613 0.0307683 0.0255598 0.025347 0.0247117
threshold=1.072207832633254 0.73557158712541637 1.9082426902724818 1.4750806984662996 0.36188554658840799 0.19570330213166748 0.014907607164159902 0.03977591363889136 0.015410371636761401 0.21889762369018992 0.043926592227309054 0.76434107288367759 0.28724007158121173 0.14415584415584412 0.26911210687079684 0.31163206922151376 0.49653352197374062 1.1134441523702872 0.54261501210653762 1.224302774615089 0.12505564906770231 0.63824596203720307 0.5944571775494325 0.65386777987912981 0.1665347975420077 0.5944571775494325 0.68091489895965729 0.94169895379584123 1.0849390334302298 0.54349904135502569
decision_type=2 2 2 2 2 2 2 2 2 2 2 2 2 2 2 2 2 2 2 2 2 2 2 2 2 2 2 2 2 2
left_child=5 3 9 4 -2 6 -1 8 -6 10 -3 12 -11 -8 -13 -14 -4 25 19 -9 22 -22 -20 -12 -7 -17 -27 -26 -25 -23
right_child=1 2 16 -5 7 24 13 18 -10 11 23 14 15 -15 -16 17 -18 -19 20 -21 21 29 -24 28 27 26 -28 -29 -30 -31
leaf_value=-6.8554706726932097e-05 0.0016379900952808108 0.0014200413627115049 0.0032509335418780374 0.0023262960957486636 0.00096636663207651241 -0.0015999649652715887 0.0028514111639470659 0.00021671961918650151 -0.0024896211833093373 0.0019875057800274997 -0.0040827186846667356 -0.0056599573288112883 -0.00275379114805959 0.00075105639641140668 -0.00071892991765855341 0.0040678347397426311 0.00094022061960988962 -6.4665515000473505e-05 -0.0026333685597936169 0.0023511779341195641 0.00015814315524657329 0.00060301428246829249 0.00036183901673914016 -0.00086984451675865186 -0.00024333638867914139 -0.00063274300682678595 0.0031682368206822826 -0.0017435518048628381 -0.0034017631260212511 0.0044629847984165392
leaf_weight=2612 366 91 73 309 70 149 103 408 99 147 34 25 43 425 37 33 374 771 78 270 530 27 57 390 9111 57 34 115 44 43
leaf_count=2612 366 91 73 309 70 149 103 408 99 147 34 25 43 425 37 33 374 771 78 270 530 27 57 390 9111 57 34 115 44 43
internal_value=-6.64109e-12 0.00050388 0.000117112 0.000872827 0.000642271 -0.000177556 0.000138162 0.000411909 -0.00105815 -0.000197432 -0.000891781 0.000140964 0.00030395 0.00116078 -0.00271128 4.01089e-05 0.00131759 0.000174341 0.000587733 0.00106673 0.000145888 0.000486676 -0.00136873 -0.0013413 -0.0002833 0.00166042 0.000787403 -0.000262036 -0.00112654 0.00297414
internal_weight=16925 4410 2153 2257 1948 12515 3140 1582 169 1706 559 1147 1085 528 62 938 447 895 1413 678 735 600 135 468 9375 124 91 9226 434 70
internal_count=16925 4410 2153 2257 1948 12515 3140 1582 169 1706 559 1147 1085 528 62 938 447 895 1413 678 735 600 135 468 9375 124 91 9226 434 70
is_linear=0
shrinkage=0.1


Tree=30
num_leaves=31
num_cat=0
split_feature=3 0 5 3 0 0 3 4 0 3 0 3 4 3 4 0 2 2 2 0 3 4 1 2 4 4 5 2 3 4
split_gain=0.124628 0.0628038 0.046963 0.0462448 0.0531005 0.0452524 0.114799 0.0500299 0.0461904 0.0451863 0.0509537 0.051792 0.0426652 0.0432777 0.0388324 0.0513926 0.0463898 0.0312809 0.0483093 0.0369658 0.0318912 0.0305148 0.0302459 0.031633 0.0302309 0.0297147 0.0292976 0.0446998 0.0285146 0.0283119
threshold=1.2643571023220275 0.51887464387464399 0.89075391310951157 1.4750806984662996 0.64760348583878014 0.41742424242424242 1.0129639843032912 0.043926592227309054 0.11814556331006977 1.616233496832896 0.86512474012474028 2.1403482171255366 0.060517355747532704 1.0041819498565812 0.035596518627771002 0.55662393162393176 0.40574069274437924 0.34198509725558074 0.41460763185415067 0.21913109756097562 1.0460213170288439 0.051777901247666458 0.75458926302699847 0.51426365251373296 0.093868833520041717 0.079461065371367864 0.37819975925724142 0.41159179650263727 1.0416291359945806 0.64471467070763855
decision_type=2 2 2 2 2 2 2 2 2 2 2 2 2 2 2 2 2 2 2 2 2 2 2 2 2 2 2 2 2 2
left_child=5 -2 3 24 -5 6 -1 8 -8 -6 -11 -12 13 14 16 26 -7 19 -19 20 21 -9 23 -18 -3 -21 -16 -28 -27 -14
right_child=1 2 -4 4 9 12 7 17 -10 10 11 -13 29 -15 15 -17 22 18 -20 25 -22 -23 -24 -25 -26 28 27 -29 -30 -31
leaf_value=-0.00015586544654502802 0.0025380869938633355 -0.0018264593924998606 -0.0022730144504621102 0.0028563965185693474 -0.00042719434977258176 -0.0061275076121091844 0.0033492320557383611 0.0041934610577300194 5.760749025882804e-05 0.0019161141960762674 -0.00050252560829716565 0.001642611546306701 -0.00018220841982883126 -0.00029897527637496105 -0.0020937473552476151 -0.0024230161584336716 -0.00072083349604609194 0.0029812637756829368 0.00027887527767890471 -0.00063842454206056989 0.0050876665320670747 0.00021603629368567662 0.00084851146675646305 -0.0037156209820467566 0.00021208303155090009 0.0046907834056764842 0.0048062436764303128 0.00013338192448481521 0.00079345416173061075 0.0026692800942276205
leaf_weight=5059 174 84 57 136 248 31 45 28 810 409 272 192 6761 684 40 115 58 208 97 158 33 62 32 90 543 20 25 113 306 35
leaf_count=5059 174 84 57 136 248 31 45 28 810 409 272 192 6761 684 40 115 58 208 97 158 33 62 32 90 543 20 25 113 306 35
internal_value=-6.93993e-12 0.000718068 0.000554914 0.000640472 0.000990383 -0.000102547 8.65007e-05 0.000780406 0.000230851 0.000763997 0.00110239 0.000385117 -0.000264174 -0.000817073 -0.0015202 -0.000775319 -0.00255457 0.00129561 0.00212182 0.000880471 0.00242849 0.00145346 -0.00193923 -0.00254199 -6.10231e-05 0.000487069 0.000289204 0.000979915 0.00103255 -0.000167523
internal_weight=16925 2115 1941 1884 1257 14810 6826 1767 855 1121 873 464 7984 1188 504 293 211 912 305 607 123 90 180 148 627 484 178 138 326 6796
internal_count=16925 2115 1941 1884 1257 14810 6826 1767 855 1121 873 464 7984 1188 504 293 211 912 305 607 123 90 180 148 627 484 178 138 326 6796
is_linear=0
shrinkage=0.1


Tree=31
num_leaves=31
num_cat=0
split_feature=3 2 4 0 0 4 0 3 3 3 1 4 5 3 0 5 3 0 3 0 5 4 3 0 3 0 5 4 5 4
split_gain=0.102109 0.0596606 0.0596077 0.0406615 0.0352571 0.0616025 0.0342175 0.0393887 0.0405128 0.0381147 0.0476532 0.0327517 0.0718562 0.0360747 0.0381122 0.0323083 0.0305016 0.0408752 0.0300222 0.0469386 0.0518143 0.0359594 0.0604353 0.0299485 0.0304909 0.0297385 0.0296179 0.0365894 0.03592 0.0321617
threshold=1.0624928485739529 0.27136138677273675 0.34688589376087337 0.88047619047619052 0.15655637254901963 0.0086678218422785516 0.75219298245614052 2.1403482171255366 1.1171694524032008 1.5787585926183347 0.38938438091489397 0.67752856669506323 0.42672458626267523 1.3285594431535992 0.91091269841269851 0.30080241070625841 1.0000338291605451 0.031754032258064509 1.1464055991666593 0.39339826839826841 0.35920506775885314 0.17916874641921779 1.1061129023861822 0.11215932914046121 1.0259040968441291 0.2869249394673124 0.15031176033724372 0.0054940422984147011 0.22176089814386288 0.0054940422984147011
decision_type=2 2 2 2 2 2 2 2 2 2 2 2 2 2 2 2 2 2 2 2 2 2 2 2 2 2 2 2 2 2
left_child=4 -2 3 18 5 15 9 8 -8 -4 -11 12 -10 -13 -15 16 -1 -18 21 -20 -21 25 -23 -7 -25 -3 29 -28 -29 -19
right_child=1 2 6 -5 -6 23 7 -9 11 10 -12 13 -14 14 -16 -17 17 26 19 20 -22 22 -24 24 -26 -27 27 28 -30 -31
leaf_value=-0.00043433554501357111 0.0018415946662571514 0.0016784097550606187 0.0009954503102876809 -0.00078282577861749937 -0.00023867371788629336 0.0030650607599920139 0.0016748242766753654 0.0019100601055757388 -0.0049465917087601202 0.0019521530389153799 0.0070894440919484786 0.0041455705054104326 -0.00033597671908092098 0.00098519270979959971 -0.00098310842650280628 -0.0022989587126843011 0.0019597702025121052 -0.00043605606218679222 0.0026414871312833085 -0.0016101597502252629 0.00061592735200945137 0.001833659652142953 -0.00083622207205432157 0.00052008325728820643 0.0042755063516475879 -0.00073688827664491162 0.0015695952583272732 0.00073426589715873479 -0.0042981768593839979 0.001270684240708678
leaf_weight=781 268 55 556 518 9740 86 151 152 38 84 23 25 306 258 159 60 142 675 99 118 918 195 150 218 24 697 237 37 23 132
leaf_count=781 268 55 556 518 9740 86 151 152 38 84 23 25 306 258 159 60 142 675 99 118 918 195 150 218 24 697 237 37 23 132
internal_value=4.79097e-12 0.000392089 0.000305802 1.53664e-05 -0.000153868 0.000188164 0.000761679 0.000416853 0.000174625 0.00132807 0.00305643 -0.000113581 -0.000845289 0.000455893 0.000234689 -1.20603e-05 5.56328e-05 0.000362748 0.00020061 0.000561172 0.000362377 -0.000172441 0.000672842 0.00146215 0.000892522 -0.000560237 0.000157334 0.00101112 -0.00119484 -0.000156887
internal_weight=16925 4770 4502 2750 12155 2415 1752 1089 937 663 107 786 344 442 417 2087 2027 1246 2232 1135 1036 1097 345 328 242 752 1104 297 60 807
internal_count=16925 4770 4502 2750 12155 2415 1752 1089 937 663 107 786 344 442 417 2087 2027 1246 2232 1135 1036 1097 345 328 242 752 1104 297 60 807
is_linear=0
shrinkage=0.1


Tree=32
num_leaves=31
num_cat=0
split_feature=3 0 3 4 0 3 0 3 0 4 3 0 4 0 4 2 2 5 4 3 4 5 4 1 3 4 0 2 4 4
split_gain=0.0846624 0.0534768 0.0435776 0.0515633 0.0437475 0.0383967 0.0425451 0.0390171 0.0321633 0.086568 0.0389245 0.054179 0.0436355 0.0424413 0.0334544 0.0319009 0.035372 0.0312379 0.0309393 0.0304337 0.0396087 0.0707899 0.0409965 0.0311551 0.0279259 0.0457452 0.0364288 0.0303536 0.026383 0.0258807
threshold=1.2643571023220275 0.54631217838765023 1.4750806984662996 0.12505564906770231 0.64760348583878014 1.616233496832896 0.86512474012474028 2.1403482171255366 0.41742424242424242 0.092596954904318171 1.0006838903605497 0.084039548022598873 0.0024307306665599503 0.036038961038961002 0.073200115505665964 0.34198509725558074 0.41159179650263727 0.52510369679143476 0.16968799885097666 1.0049108352109002 0.035596518627771002 0.59445742656942457 0.033063567325753059 0.75458926302699847 1.0129639843032912 0.064152885267845766 0.36188554658840799 0.081301503445926807 0.028443874653210653 0.00055375499051170016
decision_type=2 2 2 2 2 2 2 2 2 2 2 2 2 2 2 2 2 2 2 2 2 2 2 2 2 2 2 2 2 2
left_child=8 -2 3 -3 -4 -6 -7 -8 9 10 -1 12 13 -12 19 -11 -17 24 -5 20 22 -22 23 -10 25 29 -27 -26 -19 -13
right_child=1 2 4 18 5 6 7 -9 14 15 11 17 -14 -15 -16 16 -18 28 -20 -21 21 -23 -24 -25 27 26 -28 -29 -30 -31
leaf_value=-0.0002896951903561187 0.0019973117532208562 -0.0025258337854609822 0.0024654728675062082 0.00300144853809958 -0.00055489414251439037 0.0015912600748760168 -0.00051837351287604646 0.0012675316347885415 -0.0023407593527689386 0.00084639722246586673 0.0033537474842980884 0.0022591066266283055 0.002768020261844088 -0.00036234693204309666 -0.0001195072839086236 0.0036199760050382871 5.0300592403417746e-05 -0.00064318365510553132 -0.00012653543149220009 -0.00025266605038000634 0.00028243686084227908 -0.0023153922636518711 -0.0060770882898941638 0.0011301413058273254 0.0023491085780708975 -0.0064367579738609489 -0.0011874583340753678 0.00026299601679350326 0.0032860559799397985 -0.00019796938686798875
leaf_weight=2911 240 89 131 34 252 413 295 209 156 313 39 44 140 145 6414 103 38 25 452 896 301 161 25 31 74 20 39 1214 54 1667
leaf_count=2911 240 89 131 34 252 413 295 209 156 313 39 44 140 145 6414 103 38 25 452 896 301 161 25 31 74 20 39 1214 54 1667
internal_value=-3.09096e-12 0.000591839 0.000411938 -0.000312946 0.00073256 0.000538367 0.000838805 0.00022221 -8.45198e-05 7.48587e-05 -2.01986e-05 0.000206471 0.00143759 0.000425304 -0.000220782 0.00140901 0.00265794 7.93173e-05 9.22947e-05 -0.000634525 -0.00114216 -0.000622867 -0.00227383 -0.00176537 2.85974e-05 -0.000229187 -0.00296688 0.00038285 0.00204263 -0.000134783
internal_weight=16925 2115 1875 575 1300 1169 917 504 14810 6826 6372 3461 324 184 7984 454 141 3137 486 1570 674 462 212 187 3058 1770 59 1288 79 1711
internal_count=16925 2115 1875 575 1300 1169 917 504 14810 6826 6372 3461 324 184 7984 454 141 3137 486 1570 674 462 212 187 3058 1770 59 1288 79 1711
is_linear=0
shrinkage=0.1


Tree=33
num_leaves=31
num_cat=0
split_feature=3 1 1 4 4 0 2 2 2 4 4 5 1 0 0 1 5 1 1 4 3 0 4 4 1 0 4 4 2 2
split_gain=0.0691123 0.05509 0.0453499 0.0349769 0.0403505 0.066535 0.0355552 0.0435968 0.0564307 0.0467126 0.0439082 0.0333923 0.0331734 0.0327104 0.0308585 0.0403566 0.0299073 0.0347677 0.0285945 0.0273788 0.0360868 0.0335785 0.0294662 0.0272402 0.0334162 0.0270937 0.042765 0.0411509 0.0266521 0.0265488
threshold=1.0323134714664681 0.4704578380356273 0.46020969229825515 0.022076596145757851 0.089483517963107759 0.60172413793103463 0.51691606160895909 0.56848824317670099 0.57599417051962509 0.24986333713899725 0.096952348220742612 0.47776403648526317 0.6988702100993972 0.18274582560296848 0.47114317425083246 0.51279912234679481 0.51680540736125768 0.37443617829386927 0.68846057975406605 0.12722793842611763 1.0536871926248097 0.73557158712541637 0.40517945213048873 0.16029893529129377 0.4964851854057078 0.15655637254901963 0.0086678218422785516 0.011816620532192202 0.52842898556043227 0.5580199289277078
decision_type=2 2 2 2 2 2 2 2 2 2 2 2 2 2 2 2 2 2 2 2 2 2 2 2 2 2 2 2 2 2
left_child=25 2 13 -3 14 -6 11 23 9 -9 -10 -7 18 -2 -5 -16 17 29 19 20 -12 22 -21 -8 -25 26 -1 -27 -4 -15
right_child=1 3 28 4 5 6 7 8 10 -11 12 -13 -14 16 15 -17 -18 -19 -20 21 -22 -23 -24 24 -26 27 -28 -29 -30 -31
leaf_value=-2.1450659766469779e-05 0.0028680330624811794 0.0013559833870973447 0.0044888733215555747 0.0030077313736546784 0.0018214593898141533 0.0010745971291153519 -0.0013951853640249065 -0.0064410499581135823 0.0029090468505164613 -0.00071039631050856165 0.0017546583693474533 -0.0030570711595380128 -0.00061636932299321677 0.00056353281151782207 -0.0034832991882436104 -0.00068876286929868153 0.001717484278125368 -0.00022781672287237599 0.0021725158421655321 0.00088765812600345912 -0.0026551927354173839 -6.8228787836233098e-05 0.0048636477254331116 -0.0013818889784698305 0.0025113029525502873 -0.00090750996634416606 0.0012254472582763848 -0.00016441470721569704 0.00049870180261607922 0.0029992426046627097
leaf_weight=2079 59 182 47 20 205 27 29 25 50 33 25 71 767 1647 58 474 183 656 70 274 72 928 20 26 145 827 317 7537 26 46
leaf_count=2079 59 182 47 20 205 27 29 25 50 33 25 71 767 1647 58 474 183 656 70 274 72 928 20 26 145 827 317 7537 26 46
internal_value=1.42529e-13 0.000266964 0.000609652 6.20415e-06 -6.78121e-05 8.79227e-05 -5.07873e-05 2.35068e-05 -0.000101514 -0.00318051 -2.05618e-05 -0.00191875 -8.85026e-05 0.000540397 -0.000848461 -0.00099343 0.000486159 0.000390232 0.000202983 9.84591e-05 -0.00151863 0.000226821 0.00115813 0.00143875 0.00191936 -0.000152959 0.000143519 -0.000237889 0.00306772 0.000629713
internal_weight=16925 6165 2664 3501 3319 2767 2562 2464 2264 58 2206 98 2156 2591 552 532 2532 2349 1389 1319 97 1222 294 200 171 10760 2396 8364 73 1693
internal_count=16925 6165 2664 3501 3319 2767 2562 2464 2264 58 2206 98 2156 2591 552 532 2532 2349 1389 1319 97 1222 294 200 171 10760 2396 8364 73 1693
is_linear=0
shrinkage=0.1


Tree=34
num_leaves=31
num_cat=0
split_feature=3 0 5 0 4 3 2 4 3 5 1 3 4 4 2 1 5 5 3 0 3 0 5 4 3 0 1 4 1 4
split_gain=0.0608985 0.0439835 0.0345514 0.0246884 0.0643061 0.0285905 0.0454139 0.0266333 0.0273443 0.0270292 0.0275874 0.0265523 0.0256378 0.0239849 0.0297049 0.0239496 0.0239149 0.0258706 0.0231434 0.0365712 0.0484687 0.0337512 0.0289892 0.0364269 0.0267288 0.0229329 0.0227631 0.0309391 0.0422249 0.0226282
threshold=1.2643571023220275 0.47413024085637828 0.9080085203767605 0.41742424242424242 0.092596954904318171 1.0006838903605497 0.029284908012114304 0.060517355747532704 1.0041819498565812 0.29776997470112082 0.52073892293074853 1.0426326953889971 0.10204124496177601 0.035596518627771002 0.40574069274437924 0.089153544020236272 0.52510369679143476 0.51166943415305588 1.6766425284799407 0.66954022988505757 1.4166503497476794 0.86512474012474028 0.77715604933392035 0.14281379536222796 2.1403482171255366 0.036038961038961002 0.56430650309960262 0.67752856669506323 0.45156178029226918 0.064152885267845766
decision_type=2 2 2 2 2 2 2 2 2 2 2 2 2 2 2 2 2 2 2 2 2 2 2 2 2 2 2 2 2 2
left_child=3 -2 18 4 5 -1 15 8 9 -5 13 12 -6 14 -11 -7 17 25 19 20 -3 -20 23 -21 -23 -8 27 28 -25 -9
right_child=1 2 -4 7 11 6 16 29 -10 10 -12 -13 -14 -15 -16 -17 -18 -19 21 22 -22 24 -24 26 -26 -27 -28 -29 -30 -31
leaf_value=-0.00024494413154118076 0.0026164579875028802 -4.3998650946512182e-05 -0.0022760247570794436 -0.0046988946629599451 0.006200688276439905 0.0020742844869192059 0.0030888097900897264 0.0013562204347552112 -0.00021607880720805775 -0.0045404440820372349 -0.0017457728640238202 0.0009704689820435289 0.0013052045792827139 0.00056375291298510846 -0.00038753132885474653 -0.0013627852799127933 0.0018107387800538868 -0.0035358425322920086 0.0016360619245769322 -0.0030099546085693876 0.0018676623639092436 -0.00040649919975612841 0.0022084490331106409 -0.0060653323493897919 0.0011786529997911382 4.8065254971965194e-05 0.00072830192139923316 2.7269933396019041e-05 -0.0011322098473559724 -0.00013733912949848016
leaf_weight=2911 94 298 47 21 20 171 25 103 684 24 256 411 23 142 61 23 79 20 342 52 239 237 43 20 193 3143 169 250 131 6693
leaf_count=2911 94 298 47 21 20 171 25 103 684 24 256 411 23 142 61 23 79 20 342 52 239 237 43 20 193 3143 169 250 131 6693
internal_value=2.17531e-12 0.000501951 0.000403602 -7.16831e-05 6.79524e-05 -1.39757e-05 0.000180289 -0.000191066 -0.000627904 -0.00118681 -0.00103411 0.00121783 0.00358217 -0.000231529 -0.00156012 0.0016668 9.20174e-05 4.94268e-05 0.000467403 0.000192995 0.000806815 0.000894654 -0.000302677 -0.000476275 0.000304976 7.2061e-05 -0.000245133 -0.000655383 -0.0017856 -0.000114703
internal_weight=16925 2115 2021 14810 6826 6372 3461 7984 1188 504 483 454 43 227 85 194 3267 3188 1974 1202 537 772 665 622 430 3168 570 401 151 6796
internal_count=16925 2115 2021 14810 6826 6372 3461 7984 1188 504 483 454 43 227 85 194 3267 3188 1974 1202 537 772 665 622 430 3168 570 401 151 6796
is_linear=0
shrinkage=0.1


Tree=35
num_leaves=31
num_cat=0
split_feature=3 0 4 4 3 0 5 2 1 3 2 4 4 0 3 0 3 3 0 4 4 5 3 1 1 4 0 2 3 4
split_gain=0.0493278 0.0371713 0.0316655 0.0241475 0.0294764 0.0233269 0.0219046 0.0256562 0.0266516 0.024925 0.0402894 0.0339611 0.0344673 0.0340982 0.0482304 0.0701183 0.047272 0.0353845 0.0312761 0.0368759 0.0295561 0.0396996 0.0288376 0.032543 0.026897 0.0403043 0.0308935 0.0311607 0.0369607 0.0328731
threshold=1.2643571023220275 0.54631217838765023 0.13288033065669533 0.063131172160172208 1.3764677907238665 0.73557158712541637 0.71088648651668884 0.99562232609031887 0.91000965127206868 1.0323134714664681 0.27136138677273675 0.17916874641921779 0.0086678218422785516 0.82404540763673906 1.0949868815700594 0.56118955926401382 1.0624928485739529 1.1204515143443838 0.85584415584415596 0.43560706353394768 0.47045312638461473 0.46386281539405844 1.0915645317614124 0.56180001899868393 0.54127575758850277 0.28724007158121173 0.47114317425083246 0.36159545207560456 1.1365461153814294 0.29687983362966919
decision_type=2 2 2 2 2 2 2 2 2 2 2 2 2 2 2 2 2 2 2 2 2 2 2 2 2 2 2 2 2 2
left_child=6 -2 3 4 -3 -5 9 8 -8 -1 -11 12 22 14 15 -13 18 -18 -15 -20 24 -22 23 -12 26 -26 27 28 -16 -30
right_child=1 2 -4 5 -6 -7 7 -9 -10 10 11 13 -14 16 20 -17 17 -19 19 -21 21 -23 -24 -25 25 -27 -28 -29 29 -31
leaf_value=-9.8408258195948044e-05 0.0016235302209922035 -0.0028380317514977204 0.00048254516020657009 -0.00030886716166666399 0.00085039407702144952 -0.0028199888382279253 -0.0003727974999212445 0.0018123114546492267 -0.0025687399271287418 0.0010675804994540765 0.0012501400604378434 0.0059186408277349294 -0.00038372113360524168 -0.005533477846932199 -0.0035424653183797313 0.0012636807755939999 0.0012963747442599613 -0.00083093789400381999 -0.00013092959357047644 -0.0049167697495293055 0.00030193101816080713 0.0055241100575585738 -0.00076997853515826551 0.0060010559502102082 0.0035451867598660144 -0.00055368266543967927 -0.0010807656865113248 0.0020871696995111203 0.0031475393927746249 -0.0011456124495626205
leaf_weight=9622 240 26 1571 75 130 73 1820 52 57 480 46 37 1378 21 29 258 174 142 69 21 37 24 36 21 49 47 234 83 31 42
leaf_count=9622 240 26 1571 75 130 73 1820 52 57 480 46 37 1378 21 29 258 174 142 69 21 37 24 36 21 49 47 234 83 31 42
internal_value=6.31287e-12 0.000451756 0.000301769 -0.00063244 0.000235656 -0.00154746 -6.45148e-05 -0.000378781 -0.000439483 -1.74516e-05 0.000221568 7.54413e-05 -0.000251829 0.000448852 0.000807719 0.00184752 -0.000283169 0.00034043 -0.00205846 -0.00124763 0.00027518 0.00235656 0.00151271 0.00273923 2.86475e-05 0.00153845 -0.000317273 0.000648441 -0.000522289 0.000677507
internal_weight=16925 2115 1875 304 156 148 14810 1929 1877 12881 3259 2779 1481 1298 871 295 427 316 111 90 576 61 103 67 515 96 419 185 102 73
internal_count=16925 2115 1875 304 156 148 14810 1929 1877 12881 3259 2779 1481 1298 871 295 427 316 111 90 576 61 103 67 515 96 419 185 102 73
is_linear=0
shrinkage=0.1


Tree=36
num_leaves=31
num_cat=0
split_feature=3 0 1 3 0 4 4 0 1 5 3 3 2 0 5 3 3 0 1 0 4 2 4 0 3 3 3 3 3 5
split_gain=0.0409874 0.0329282 0.0272144 0.0285072 0.0425875 0.0472456 0.041588 0.043662 0.0397362 0.0320782 0.0309109 0.032537 0.0305133 0.0301063 0.0287997 0.0293912 0.0285545 0.0317614 0.0279399 0.0324937 0.0382856 0.0367173 0.0300411 0.0401264 0.0274274 0.0254716 0.0303686 0.0253214 0.0247554 0.0256852
threshold=1.6766425284799407 0.79830508474576278 0.70675582534744341 1.0323134714664681 0.62605932203389847 0.19199976004247585 0.11836602138727077 0.23582887700534758 0.4964851854057078 0.81313351918947785 1.0480715876649989 1.3374471320600141 0.65386777987912981 0.57735042735042741 0.70357343491699631 1.0416291359945806 1.0460213170288439 0.17349498327759191 0.60199866524282075 0.53923076923076929 0.080895854675898118 0.48660493378436992 0.096952348220742612 0.4380482456140351 1.0491599199686514 1.0451785307992318 1.0975855257992129 1.2390000898492741 2.1403482171255366 0.32333397449590978
decision_type=2 2 2 2 2 2 2 2 2 2 2 2 2 2 2 2 2 2 2 2 2 2 2 2 2 2 2 2 2 2
left_child=2 -2 3 -1 6 12 7 16 10 -7 -8 13 14 -12 15 -6 17 -5 19 21 -21 -9 23 -23 -17 -22 -27 -25 29 -3
right_child=1 28 -4 4 5 9 8 18 -10 -11 11 -13 -14 -15 -16 24 -18 -19 -20 20 25 22 -24 27 -26 26 -28 -29 -30 -31
leaf_value=-8.5560222914778203e-05 0.0017930292110676306 0.0015486794950204418 -0.00040732967965820537 0.0025166353960407945 0.0012880938140571946 0.00011327980350609429 0.0033399206961147749 -0.00034900330315851096 0.0025172235652521292 0.0037990679537567001 0.00055509450210941167 0.0019254094944092988 -0.00025912532318549976 -0.0014317771207596013 -0.0044494964124169199 -0.0047804214465604344 0.0025375947242983702 -0.00095305954191890376 0.0022458049372096173 -0.00034435683494305619 -0.0003453610655428334 0.0037032365951953188 0.0039860088978457501 -0.0011056084723208592 -0.001309131262482722 -0.0063934931576612496 -0.0014682945850793096 0.0016027449336044294 0.001155894251183377 -0.00055991832843955633
leaf_weight=9809 204 71 1749 41 36 1464 43 658 139 24 742 156 316 85 34 27 110 74 47 129 22 35 32 90 145 31 21 56 225 310
leaf_count=9809 204 71 1749 41 36 1464 43 658 139 24 742 156 316 85 34 27 110 74 47 129 22 35 32 90 145 31 21 56 225 310
internal_value=2.67042e-12 0.000694118 -3.4889e-05 1.04541e-05 0.000217126 -0.00012154 0.000493077 0.000114459 0.000930518 0.000172728 0.000715555 0.000600756 -0.000906255 0.000350882 -0.00175127 -0.00131021 0.00138574 0.000283962 -0.000140704 -0.000245142 -0.00138449 2.04022e-05 0.00116157 0.000662222 -0.00185404 -0.00319771 -0.00440447 -6.6788e-05 0.000324188 -0.000166978
internal_weight=16925 810 16115 14366 4557 2046 2511 1346 1165 1488 1026 983 558 827 242 208 225 115 1121 1074 203 871 213 181 172 74 52 146 606 381
internal_count=16925 810 16115 14366 4557 2046 2511 1346 1165 1488 1026 983 558 827 242 208 225 115 1121 1074 203 871 213 181 172 74 52 146 606 381
is_linear=0
shrinkage=0.1


Tree=37
num_leaves=31
num_cat=0
split_feature=4 1 0 4 3 0 3 1 0 3 1 4 4 0 4 1 3 3 0 3 5 2 4 2 0 4 3 5 4 2
split_gain=0.0334013 0.024971 0.0751302 0.0376314 0.0318967 0.0201619 0.0646684 0.0372744 0.0370127 0.036941 0.0342487 0.0377111 0.0383387 0.0331054 0.0386848 0.0301158 0.0365709 0.0290055 0.0337727 0.0470553 0.0318972 0.0264457 0.0246951 0.0246773 0.0230478 0.0308633 0.0273157 0.0342115 0.0221933 0.0320215
threshold=0.67752856669506323 0.41677836653656258 0.78647416413373872 1.2347059795659303 1.3374471320600141 0.59594926350245514 1.3015535049891904 0.44184306188251837 0.69604037267080754 1.018128468669484 0.078802730029515516 0.083564206269494276 0.0034078826905999007 0.38935969868173265 0.0086678218422785516 0.27264458527098956 1.0512933981332189 1.0416291359945806 0.53390804597701158 1.0329254151409459 0.50066523564486087 0.35118980500056945 0.034664915508300205 0.63869375664908801 0.31311274509803927 0.0079424945097579022 1.1298924434505178 0.28949785266216138 0.41343069647389769 0.51426365251373296
decision_type=2 2 2 2 2 2 2 2 2 2 2 2 2 2 2 2 2 2 2 2 2 2 2 2 2 2 2 2 2 2
left_child=5 -2 -3 4 -4 6 9 8 -7 23 -11 12 15 22 -15 -12 -17 18 20 -20 -13 -16 24 -1 25 -14 27 -26 29 -8
right_child=1 2 3 -5 -6 7 28 -9 -10 10 11 17 13 14 21 16 -18 -19 19 -21 -22 -23 -24 -25 26 -27 -28 -29 -30 -31
leaf_value=-9.6238950375666791e-05 0.00031804861832901432 0.0058796271319485694 0.0025753503583152509 0.0038855137101685006 -0.00099881141371603935 -0.0010949915969887605 -0.0015113427413910229 -0.0001440130326887503 -0.0060144049371592704 0.0039379462743034726 -0.00033314609277618326 0.0019975136347657597 -0.0018540435583770066 0.0033386100337586622 -0.0031546862649835875 0.005668946340559952 0.00052838044054806239 0.00046542963487490087 -0.00083601367538915826 0.0046081335515191319 0.0059579697586596009 -0.00071903212993759669 0.00078789492725891421 -0.0028797413163886179 -0.0057732471669821638 0.00065089579815428493 0.0010646360067265302 -0.0012041594363389569 0.0027179344089796431 0.0017304141602745315
leaf_weight=6813 653 34 34 30 94 65 42 6161 20 26 36 109 62 22 49 31 25 1009 77 20 25 494 397 32 23 238 29 57 107 111
leaf_count=6813 653 34 34 30 94 65 42 6161 20 26 36 109 62 22 49 31 25 1009 77 20 25 494 397 32 23 238 29 57 107 111
internal_value=3.6005e-12 0.000612819 0.00161535 0.000697716 -4.94247e-05 -3.22035e-05 5.70363e-05 -0.000172707 -0.0022525 1.47771e-05 0.000325872 0.000291127 -5.27471e-05 -0.000185356 -0.000772269 0.00192341 0.00337405 0.000696844 0.00170765 0.000286491 0.0027364 -0.000938824 0.000226066 -0.000109252 -0.000319278 0.000133208 -0.00156465 -0.00251777 0.00161315 0.00084052
internal_weight=16925 845 192 158 128 16080 9834 6246 85 9574 2729 2703 1463 1371 565 92 56 1240 231 97 134 543 806 6845 409 300 109 80 260 153
internal_count=16925 845 192 158 128 16080 9834 6246 85 9574 2729 2703 1463 1371 565 92 56 1240 231 97 134 543 806 6845 409 300 109 80 260 153
is_linear=0
shrinkage=0.1


Tree=38
num_leaves=31
num_cat=0
split_feature=3 0 3 1 5 5 5 3 3 2 4 0 4 1 4 3 3 2 4 1 0 2 0 4 0 3 5 0 4 3
split_gain=0.0306389 0.0288513 0.0209771 0.020346 0.0221597 0.0478228 0.0330889 0.0215214 0.0193563 0.0360321 0.0302342 0.0313413 0.0342796 0.0350839 0.0319717 0.0286038 0.0311999 0.026149 0.0195502 0.0190315 0.0188376 0.0548029 0.0184796 0.0360358 0.0470128 0.0279478 0.0368176 0.029226 0.0255363 0.0405808
threshold=1.6766425284799407 0.86512474012474028 2.1403482171255366 0.70675582534744341 0.80080752342523887 0.80614298011398944 0.79410190465706165 1.5326460843216574 1.046945325784616 0.27136138677273675 0.12505564906770231 0.5727513227513229 0.064152885267845766 0.56180001899868393 0.10035237690594802 1.1544172150081462 1.3764677907238665 0.48660493378436992 0.098856338560489462 0.70308902514774829 0.35781671159029654 0.34198509725558074 0.15655637254901963 0.0024307306665599503 0.063164893617021267 1.0057175504592355 0.21847671293716756 0.087977296181630513 0.011816620532192202 1.013331402417466
decision_type=2 2 2 2 2 2 2 2 2 2 2 2 2 2 2 2 2 2 2 2 2 2 2 2 2 2 2 2 2 2
left_child=3 -2 -3 4 6 -6 8 -5 19 -10 11 17 15 14 -14 -13 -17 -11 -19 22 21 -12 23 -1 -25 -26 27 -27 29 -24
right_child=1 2 -4 7 5 -7 -8 -9 9 10 20 12 13 -15 -16 16 -18 18 -20 -21 -22 -23 28 24 25 26 -28 -29 -30 -31
leaf_value=-0.00021200442163437402 0.0012912611290888196 -0.00052395975817561002 0.00082745476510697694 -0.00030134280216245909 0.0057072374667041003 0.00053766502406420733 -0.0037152842955644398 -0.0027719319375642554 0.001167295298574767 -0.00042122881894961261 0.00013607770220883063 0.0016370302879295197 -0.0063845390188989456 -0.0011963004788098554 -0.0013291140087775685 -0.0044990821724890601 0.00046146587174007437 0.00046500450509042959 0.00288883070810698 0.0023652818839764223 0.00023806713410934658 0.0059189721253579079 -0.00097031875899654017 0.003174921164307027 0.00011414033916757352 0.0039878011967700256 0.0041600093502845419 0.00044334014960379254 -8.8706886220329666e-05 0.00090842081789805967
leaf_weight=1237 346 255 209 1713 20 170 24 36 346 455 57 64 29 162 22 21 32 198 40 32 2333 23 715 65 828 26 38 221 7071 137
leaf_count=1237 346 255 209 1713 20 170 24 36 346 455 57 64 29 162 22 21 32 198 40 32 2333 23 715 65 828 26 38 221 7071 137
internal_value=5.8221e-12 0.000600129 8.47593e-05 -3.01647e-05 9.04115e-06 0.00108183 -5.33737e-06 -0.000352195 9.54228e-07 0.00019461 9.66623e-05 -0.000358917 -0.00116102 -0.0019164 -0.00420377 0.000214155 -0.00150403 2.30375e-05 0.00087237 -6.96733e-05 0.000289807 0.00179866 -7.72104e-05 0.000164957 0.000560797 0.000408131 0.00126225 0.000816441 -0.000151025 -0.000668221
internal_weight=16925 810 464 16115 14366 190 14176 1749 14152 3782 3436 1023 330 213 51 117 53 693 238 10370 2413 80 10338 2415 1178 1113 285 247 7923 852
internal_count=16925 810 464 16115 14366 190 14176 1749 14152 3782 3436 1023 330 213 51 117 53 693 238 10370 2413 80 10338 2415 1178 1113 285 247 7923 852
is_linear=0
shrinkage=0.1


Tree=39
num_leaves=31
num_cat=0
split_feature=3 0 3 0 3 3 1 1 5 3 1 4 0 3 4 1 4 1 3 5 0 2 5 4 5 2 3 5 0 4
split_gain=0.0250349 0.0256944 0.0188103 0.0194781 0.0205553 0.0210498 0.0182943 0.01929 0.0191059 0.0202696 0.0224901 0.0185985 0.0165655 0.0411651 0.0312412 0.0464437 0.029142 0.0240769 0.031655 0.0215075 0.028778 0.0479126 0.0330231 0.0276109 0.0262637 0.0203727 0.027993 0.0403395 0.0202413 0.0286888
threshold=1.4750806984662996 0.69604037267080754 1.616233496832896 0.93813775510204089 2.1403482171255366 1.9889761135503299 0.62076329803401908 0.36157777316058343 0.36733264697421236 1.9470621346688983 0.30716050277656998 1.3486971472884677 0.57019704433497542 1.018128468669484 0.06176304764806876 0.078802730029515516 0.0034078826905999007 0.27264458527098956 1.0512933981332189 0.42194636727035001 0.51887464387464399 0.46574124412083096 0.3953313628563484 0.15546191449760796 0.37257515050267537 0.40275168561783131 1.0309564916379095 0.28321349739877605 0.30839160839160845 0.0079424945097579022
decision_type=2 2 2 2 2 2 2 2 2 2 2 2 2 2 2 2 2 2 2 2 2 2 2 2 2 2 2 2 2 2
left_child=12 -2 -3 6 5 -5 7 8 9 10 -4 -12 13 -1 15 -15 17 -17 -19 20 21 -16 -22 24 -23 26 -14 -28 29 -18
right_child=1 2 3 4 -6 -7 -8 -9 -10 -11 11 -13 25 14 19 16 28 18 -20 -21 22 23 -24 -25 -26 -27 27 -29 -30 -31
leaf_value=-8.5845280572185184e-05 0.0014034941472148427 -0.0005844963037435069 -0.0019912880312110627 -0.00053382103299466708 0.00068694586441251303 -0.0037692957179388032 2.0975612223649152e-05 0.0018854710153372305 -0.0010903851634793682 0.0026148493700432329 0.0037535249162465333 -0.00055907760341597176 -0.0044063986601451275 0.0043442764435894787 0.00037447980110702896 -0.00035629608707192045 -0.0017367907313464749 0.0051348154526203874 0.00020381961949169638 0.0011738527322973453 -0.00027353629875169309 7.7133178428718545e-05 -0.004524206420914694 0.0062002150318585343 0.004537707892384126 -0.00013853871952986178 -0.0035250093172570426 0.0013523107432478736 -0.00061437314371158222 0.00057737643661025944
leaf_weight=6626 221 229 31 124 124 24 212 191 56 53 20 20 26 24 796 36 62 30 23 549 108 33 22 20 22 6156 28 43 622 394
leaf_count=6626 221 229 31 124 124 24 212 191 56 53 20 20 26 24 796 36 62 30 23 549 108 33 22 20 22 6156 28 43 622 394
internal_value=6.36343e-12 0.000420769 0.000220416 0.000436001 -0.000262778 -0.00105849 0.000762018 0.00118547 0.000442691 0.00113505 3.04087e-05 0.00159722 -3.51538e-05 4.89867e-05 0.000374925 -1.02154e-05 -9.97679e-05 0.00163939 0.00299495 0.000670862 0.000394996 0.000602141 -0.00099288 0.00301839 0.00186136 -0.000161196 -0.00159915 -0.000571139 -0.000243353 0.000262731
internal_weight=16925 1305 1084 855 272 148 583 371 180 124 71 40 15620 9367 2741 1191 1167 89 53 1550 1001 871 130 75 55 6253 97 71 1078 456
internal_count=16925 1305 1084 855 272 148 583 371 180 124 71 40 15620 9367 2741 1191 1167 89 53 1550 1001 871 130 75 55 6253 97 71 1078 456
is_linear=0
shrinkage=0.1


Tree=40
num_leaves=31
num_cat=0
split_feature=4 1 0 4 3 5 1 1 1 3 0 4 4 3 2 3 5 0 5 5 0 4 3 0 0 4 4 3 1 4
split_gain=0.0207414 0.0216547 0.057584 0.0280934 0.025482 0.0175715 0.0214713 0.0133986 0.0169029 0.0151183 0.0171231 0.0340244 0.0256463 0.013774 0.0123247 0.0461055 0.0244919 0.0207742 0.0231066 0.029781 0.0209299 0.020637 0.0134927 0.0309338 0.023677 0.0360268 0.0310759 0.0513231 0.0351042 0.0282825
threshold=0.67752856669506323 0.41677836653656258 0.78647416413373872 1.2347059795659303 1.3374471320600141 0.9080085203767605 0.79581729130294088 0.81868486882551739 0.83746534982797394 1.099695565524911 0.95060975609756115 0.10382426550668152 0.092596954904318171 1.2643571023220275 0.029284908012114304 1.0001927314292371 0.019891738566882752 0.14415584415584412 0.044340218300586161 1.0000000180025095e-35 0.036038961038961002 0.0060558449135106008 1.0323134714664681 0.16807909604519775 0.62605932203389847 0.023186581059997553 0.15138563381925213 1.040019690371262 0.54127575758850277 0.48501478541153359
decision_type=2 2 2 2 2 2 2 2 2 2 2 2 2 2 2 2 2 2 2 2 2 2 2 2 2 2 2 2 2 2
left_child=5 -2 -3 4 -4 14 -7 -8 -9 10 11 -10 -12 -11 15 16 -1 18 19 -17 -20 -22 -16 -24 26 -26 -25 -28 -29 -27
right_child=1 2 3 -5 -6 6 7 8 9 13 12 -13 -14 -15 22 17 -18 -19 20 -21 21 -23 23 24 25 29 27 28 -30 -31
leaf_value=-0.0013891086872776059 0.00020841378689198764 0.0051497664959991689 0.0023136291406391299 0.003367480946083864 -0.00088098215297151847 0.00056090638482482588 -0.0032899838984511531 0.0015975271986858192 -0.0028612214873325742 0.0012162875922119901 -0.00047418406651228326 0.0019443476358831575 -0.0047856580201737784 -0.001512337472239459 -9.5021619552914109e-05 0.0017644099243368735 0.00042940771415417729 -0.0014750247510770956 0.0052697866790644499 -0.0013943515321918076 0.0012874187242692295 0.004772517062901032 0.0031106253373710552 4.821762028609731e-05 0.0018715614091930053 -7.2387954642896753e-05 0.0056839983999019579 0.00055466348563700722 0.0041574272909201682 -0.0011410065467464352
leaf_weight=141 653 34 34 30 94 92 28 23 34 37 22 26 37 37 10023 85 156 24 23 46 89 21 34 1556 88 2339 21 793 28 277
leaf_count=141 653 34 34 30 94 92 28 23 34 37 22 26 37 37 10023 85 156 24 23 46 89 21 34 1556 88 2339 21 793 28 277
internal_value=-4.94899e-13 0.000482913 0.0014165 0.000613136 -3.24135e-05 -2.5377e-05 -0.000740943 -0.0012318 -0.000965003 -0.00127038 -0.00196832 -0.000778808 -0.00317799 -0.000148025 -1.01058e-05 0.000440283 -0.000433928 0.00134181 0.00159789 0.000655227 0.00252638 0.00195276 -2.74867e-05 0.000104309 8.42748e-05 -0.000118594 0.00031303 0.000802399 0.000677535 -0.000185541
internal_weight=16925 845 192 158 128 16080 336 244 216 193 119 60 59 74 15744 585 297 288 264 131 133 110 15159 5136 5102 2704 2398 842 821 2616
internal_count=16925 845 192 158 128 16080 336 244 216 193 119 60 59 74 15744 585 297 288 264 131 133 110 15159 5136 5102 2704 2398 842 821 2616
is_linear=0
shrinkage=0.1


Tree=41
num_leaves=31
num_cat=0
split_feature=3 0 3 3 5 2 2 5 5 3 3 4 3 3 3 5 1 5 5 1 2 4 4 0 3 1 1 4 2 1
split_gain=0.0193748 0.0194328 0.0182087 0.0186038 0.019682 0.0173782 0.0182978 0.0158728 0.0153487 0.0247351 0.035113 0.0171168 0.024036 0.0253769 0.015255 0.0146306 0.0234269 0.0263386 0.0201376 0.029266 0.0153771 0.0172669 0.0360899 0.0243308 0.0163101 0.0131937 0.0248118 0.0205901 0.0128178 0.0198649
threshold=1.6766425284799407 0.82404540763673906 1.9082426902724818 1.7827060691876184 0.36484105348299906 0.46574124412083096 0.55078945763457643 0.31561080224259469 0.84368737088007506 1.2643571023220275 1.1818738269056885 0.17163128551578141 1.1171694524032008 1.0739300874060673 1.9082426902724818 0.80080752342523887 0.70308902514774829 0.80614298011398944 0.79410190465706165 0.74596300570499696 0.73703308355515118 0.11272940222369181 0.22287395450575073 0.9213106295149639 1.024795555418047 0.36683758109596493 0.39970952773157636 0.47045312638461473 0.76346982086095083 0.75973956939755383
decision_type=2 2 2 2 2 2 2 2 2 2 2 2 2 2 2 2 2 2 2 2 2 2 2 2 2 2 2 2 2 2
left_child=8 14 3 4 -3 -4 7 -7 15 10 11 28 13 -13 -2 18 17 -17 -1 -20 -18 24 23 -23 -22 -8 -27 -28 -10 -30
right_child=1 2 5 -5 -6 6 25 -9 9 -11 -12 12 -14 -15 -16 16 20 -19 19 -21 21 22 -24 -25 -26 26 27 -29 29 -31
leaf_value=-1.2507692355870215e-05 0.0017909774851771244 0.0027498026465764269 0.0024591445386799617 -0.0016314069805728076 -0.00046954042259073238 0.00012217828339931589 0.00236478825436758 -0.0035435107930208601 0.00029081698207153103 -0.0038159303758716723 0.0033446406179185339 2.0215503583826564e-05 -0.0027543035120918199 0.0032692041381129199 0.00017676878000518468 0.0051647601756849328 -0.0014579476912040265 0.0011173748948594283 -0.0036354208041706848 0.00099406772377816106 -0.0030821526338430973 0.0012770458739396419 -0.00067375229870076064 0.0050753264701387923 0.00039256934874824117 -0.002689380154091244 0.00027791356638099491 0.0030391777929708041 -0.0043700458470266315 -0.0010881842216478026
leaf_weight=15127 161 25 43 95 79 27 38 21 59 22 24 170 26 28 92 20 50 82 36 22 22 48 61 26 35 24 173 32 20 237
leaf_count=15127 161 25 43 95 79 27 38 21 59 22 24 170 26 28 92 20 50 82 36 22 22 48 61 26 35 24 173 32 20 237
internal_value=4.75232e-12 0.000477229 0.00014712 -0.00061976 0.00030434 0.000573402 0.000315983 -0.00148156 -2.39873e-05 -0.000526381 -0.000398065 -0.000564407 0.000104297 0.000479668 0.00120399 -5.02908e-06 0.000639863 0.00191098 -1.96384e-05 -0.00187941 0.000104103 0.000510887 0.00112709 0.00261158 -0.000948551 0.000639137 0.000352784 0.00070894 -0.00103843 -0.00134358
internal_weight=16925 810 557 199 104 358 315 48 16115 586 564 540 224 198 253 15529 344 102 15185 58 242 192 135 74 57 267 229 205 316 257
internal_count=16925 810 557 199 104 358 315 48 16115 586 564 540 224 198 253 15529 344 102 15185 58 242 192 135 74 57 267 229 205 316 257
is_linear=0
shrinkage=0.1


Tree=42
num_leaves=31
num_cat=0
split_feature=3 0 0 0 2 1 5 5 1 0 0 3 5 1 4 1 3 3 5 5 4 4 3 4 4 2 4 3 2 1
split_gain=0.0159666 0.0202451 0.013953 0.0203649 0.0184348 0.0314777 0.0169971 0.0582491 0.0236424 0.0149843 0.0133695 0.0354837 0.026358 0.0221077 0.0197114 0.0184283 0.0168824 0.018167 0.0181333 0.0321335 0.0200194 0.0337905 0.0172293 0.0461371 0.0360858 0.036085 0.0299294 0.0347826 0.0215638 0.0171584
threshold=1.4750806984662996 0.64480286738351267 0.97259759759759767 0.96329966329966332 0.33865447044426733 0.26308746575907155 0.35920506775885314 0.292312409959879 0.445345287453214 0.9417420814479639 0.44543650793650796 1.1330545242441556 0.54993412063881408 0.4704578380356273 0.073200115505665964 0.45156178029226918 1.0051202155943313 1.0008910030888631 0.31561080224259469 0.47200431162509426 0.06176304764806876 0.031582764329397557 1.0235202472099634 0.017077861859118703 0.022625446110189403 0.69471029816589669 0.0042029827190564516 1.1433623633822243 0.63338351208423693 0.49351727505112936
decision_type=2 2 2 2 2 2 2 2 2 2 2 2 2 2 2 2 2 2 2 2 2 2 2 2 2 2 2 2 2 2
left_child=10 -2 3 4 -3 -6 7 -4 -8 -7 11 12 13 -1 16 -14 17 18 -12 20 21 -20 24 26 -18 -25 27 -24 -28 -23
right_child=1 2 6 -5 5 9 8 -9 -10 -11 14 -13 15 -15 -16 -17 22 -19 19 -21 -22 29 23 25 -26 -27 28 -29 -30 -31
leaf_value=9.4687306255199657e-06 0.0015303973072150257 -0.0025301027638108837 0.0014531467622146011 0.0029125926822113498 0.004163719181503568 0.00037536510764668395 0.0025578797898358771 -0.0060875603219582922 -0.000780470336192391 -0.001017091516405344 -0.0036411853294703181 0.0010515455366427377 0.0024319188826522902 -0.0023196104749264881 -4.4904400094804783e-05 -0.00017815143274631175 -0.0030622959770262243 -0.0025868810792287283 -0.001472609376711868 -0.0010294759301832724 -0.0011199267424267924 0.0016338204801384663 0.00097868850890835634 -0.0015269389621854867 0.00094794910084817672 0.00040895194449089387 0.00098499461261477932 -0.0037425651308149103 0.0048436624842776964 0.0051119738678528891
leaf_weight=6804 128 23 20 30 21 851 27 21 99 85 20 351 76 41 6885 42 25 56 24 371 36 37 71 324 219 137 30 20 28 23
leaf_count=6804 128 23 20 30 21 851 27 21 99 85 20 351 76 41 6885 42 25 56 24 371 36 37 71 324 219 137 30 20 28 23
internal_value=-1.13922e-11 0.000336029 0.00020614 0.000346145 0.00026758 0.000334818 -0.000640597 -0.00240917 -6.51096e-05 0.000248913 -2.80741e-05 7.05164e-05 2.10634e-05 -4.48193e-06 -0.00011489 0.00150291 -0.000453982 -0.000876998 -0.000689614 -0.000569387 0.000853056 0.00169862 -0.000173127 -0.000457203 0.000537063 -0.000951631 0.00107254 -5.89497e-05 0.0028478 0.00296711
internal_weight=16925 1305 1177 1010 980 957 167 41 126 936 15620 7314 6963 6845 8306 118 1421 567 511 491 120 84 854 610 244 461 149 91 58 60
internal_count=16925 1305 1177 1010 980 957 167 41 126 936 15620 7314 6963 6845 8306 118 1421 567 511 491 120 84 854 610 244 461 149 91 58 60
is_linear=0
shrinkage=0.1


Tree=43
num_leaves=31
num_cat=0
split_feature=4 4 5 0 2 3 3 5 5 5 1 1 4 4 0 2 2 4 1 5 3 3 1 2 2 3 4 5 3 4
split_gain=0.0143037 0.019616 0.0282385 0.0236818 0.0340121 0.0244308 0.0278361 0.0231801 0.0242736 0.0220183 0.0330766 0.044918 0.0220418 0.0230779 0.0322353 0.0198196 0.0225173 0.01863 0.0180237 0.0245817 0.0375019 0.0929899 0.0595362 0.025033 0.0238004 0.0296 0.0213522 0.0209748 0.028341 0.0431052
threshold=0.24564213800642684 0.24986333713899725 0.54993412063881408 0.64760348583878014 0.56054606545772467 1.1109163928113424 1.1772299398445962 0.28949785266216138 0.33941905094287877 0.31842948086352901 0.3176048459819395 0.33122253999596213 0.40517945213048873 0.64471467070763855 0.60172413793103463 0.42228938032271129 0.47616790154340599 0.29167119744734787 0.76434107288367759 0.65835504855097182 1.0437045304326193 1.0005424719430749 0.51004998353333231 0.46819247025437588 0.6013540575243369 1.0211323784923676 0.32997151528534602 0.64523077730134826 1.1134441523702872 0.27288452781462674
decision_type=2 2 2 2 2 2 2 2 2 2 2 2 2 2 2 2 2 2 2 2 2 2 2 2 2 2 2 2 2 2
left_child=-1 2 -2 4 5 -3 7 -7 -9 -8 -11 -12 -13 15 -15 -14 -17 -10 19 20 21 23 -23 -5 26 -26 -24 28 29 -22
right_child=1 3 -4 18 -6 6 9 8 17 10 11 12 13 14 -16 16 -18 -19 -20 -21 27 22 24 -25 25 -27 -28 -29 -30 -31
leaf_value=-4.866749371854398e-05 -0.0012309386505512522 0.0032022431696532294 0.0032850885117012593 0.0034789424273185435 0.00360288834857975 0.0010227211059204171 -0.00010154110890046771 -0.0050751811591908339 -0.0030202797570382245 0.0034632453002684215 -0.0037825178046477963 -0.00059315121390533701 0.00094184277734408778 -0.0028926911321468653 0.0022566938111858981 0.0067868136567994959 0.0024252489421934149 0.0007765749606863081 -0.0010305921952095602 0.00053282129691163433 -0.0030000061783496115 -0.0077503136935688196 -0.0015296636956433456 -0.00014988541012523154 0.0015761010364318886 -0.0023683847098324735 -0.0051653223873914357 -0.0021851458640240536 3.8041903662739036e-05 0.0017756598645872956
leaf_weight=13220 20 32 45 20 38 35 192 20 24 56 20 49 30 20 31 20 29 28 153 854 21 21 30 384 30 52 35 37 1190 189
leaf_count=13220 20 32 45 20 38 35 192 20 24 56 20 49 30 20 31 20 29 28 153 854 21 21 30 384 30 52 35 37 1190 189
internal_value=-2.86e-12 0.000173653 0.00189554 0.000142905 0.000703668 0.000515664 0.000360483 -0.00108833 -0.00211453 0.00070729 0.00131629 0.000712124 0.00121432 0.0018956 0.000237327 0.00296612 0.00420548 -0.00097582 2.68849e-05 8.3397e-05 -0.000107648 -0.000792453 -0.00276968 2.97595e-05 -0.00205816 -0.00092528 -0.00348733 0.00016494 0.00022705 0.00129809
internal_weight=16925 3705 65 3640 624 586 554 107 72 447 255 199 179 130 51 79 49 52 3016 2863 2009 572 168 404 147 82 65 1437 1400 210
internal_count=16925 3705 65 3640 624 586 554 107 72 447 255 199 179 130 51 79 49 52 3016 2863 2009 572 168 404 147 82 65 1437 1400 210
is_linear=0
shrinkage=0.1


Tree=44
num_leaves=31
num_cat=0
split_feature=3 0 0 0 2 2 1 5 5 2 3 3 5 5 5 1 1 2 2 0 4 2 1 4 2 1 1 5 2 4
split_gain=0.0137148 0.0149215 0.0148719 0.0186089 0.0127169 0.0274785 0.0192776 0.0175525 0.0380803 0.0146185 0.011335 0.0141361 0.0158952 0.0114651 0.0261226 0.0112616 0.0232146 0.0112388 0.0109438 0.0155167 0.0265851 0.0132557 0.0149641 0.029981 0.0234192 0.0142536 0.0268086 0.0144387 0.0167794 0.0130098
threshold=1.6766425284799407 0.86512474012474028 0.85239651416122009 0.83964285714285725 0.87275610088760047 0.92453385136993027 0.84857741142931031 0.74691907873841579 0.87726427037955768 0.82894086604163675 2.1403482171255366 1.7827060691876184 0.36484105348299906 0.27946409861613281 0.35920506775885314 0.80921709115804774 0.73765519740705532 0.96488976026534357 0.80844583980425444 0.9826073805202663 0.29167119744734787 0.75028975246787644 0.76434107288367759 0.14948881959868496 0.72994980232077256 0.7147196408189852 0.73017478545081949 0.67166716756469891 0.73703308355515118 0.11836602138727077
decision_type=2 2 2 2 2 2 2 2 2 2 2 2 2 2 2 2 2 2 2 2 2 2 2 2 2 2 2 2 2 2
left_child=4 2 3 -2 6 -6 18 17 -9 -8 11 12 -3 -13 -15 16 -12 -7 21 -20 -21 22 24 -24 -1 27 -27 -26 -29 -23
right_child=1 10 -4 -5 5 7 9 8 -10 -11 15 13 -14 14 -16 -17 -18 -19 19 20 -22 29 23 -25 25 26 -28 28 -30 -31
leaf_value=-3.6575584932807758e-06 0.00095698574627660262 0.0030968366877641533 0.0030661317214755149 -0.0015862852536599804 -0.001328133472283558 0.00020790876975903909 0.00022858763016605132 0.0024641653130831605 -0.000527572375442385 -0.0031087624255035605 0.00071807521304140828 0.0010290719866752624 -0.00012123446288045891 -0.0040323263079959102 -0.00062917120642317791 0.0021859873432226273 -0.0025765221305191518 -0.002930130735738203 0.00070376720192217755 0.00068363387723483393 -0.0039927275525406007 -0.0013026968857613955 0.00087501176475437688 -0.0030595001177991638 0.00076814755041201702 -0.002530032783203448 0.0011211418453222295 0.00088306700034687918 0.0040852617960707802 -0.00021473116939887407
leaf_weight=14202 285 20 29 32 224 21 21 72 104 35 148 25 66 28 116 36 25 25 393 31 20 143 34 45 113 30 61 30 36 475
leaf_count=14202 285 20 29 32 224 21 21 72 104 35 148 25 66 28 116 36 25 25 393 31 20 143 34 45 113 30 61 30 36 475
internal_value=-3.63242e-12 0.000401516 0.000898548 0.000700252 -2.01817e-05 -0.000546719 -5.19444e-06 0.000241735 0.00069632 -0.00185726 3.08851e-05 -0.000416576 0.000627154 -0.000947705 -0.0012909 0.000576831 0.000241977 -0.00149755 1.44845e-06 0.000490808 -0.00115023 -1.28752e-05 6.38987e-06 -0.00136617 1.38824e-05 0.000936484 -8.25421e-05 0.00145454 0.00262972 -0.000466477
internal_weight=16925 810 346 317 16115 446 15669 222 176 56 464 255 86 169 144 209 173 46 15613 444 51 15169 14551 79 14472 270 91 179 66 618
internal_count=16925 810 346 317 16115 446 15669 222 176 56 464 255 86 169 144 209 173 46 15613 444 51 15169 14551 79 14472 270 91 179 66 618
is_linear=0
shrinkage=0.1


Tree=45
num_leaves=31
num_cat=0
split_feature=4 0 4 3 1 4 3 0 1 3 4 5 4 5 0 1 0 0 5 4 3 5 3 1 4 3 5 2 3 1
split_gain=0.0111159 0.0167554 0.0269641 0.0215561 0.022243 0.0204924 0.0347876 0.0159228 0.0406806 0.0297466 0.0250416 0.0210901 0.023108 0.0324286 0.020719 0.0203098 0.0380745 0.0171094 0.0419405 0.0323426 0.0369723 0.0329161 0.0294255 0.0274704 0.0258685 0.0242195 0.0234194 0.0232888 0.0354499 0.0295278
threshold=0.24564213800642684 0.5727513227513229 0.24986333713899725 1.3374471320600141 0.41945926406911499 0.43560706353394768 1.1984424831133145 0.36700680272108849 0.36934826082722161 1.1061129023861822 0.054276286282822155 0.34452808544489061 0.22921351689625488 0.42194636727035001 0.30839160839160845 0.4875774292327158 0.67470930232558157 0.282329988851728 0.36201971852310916 0.022076596145757851 1.0036363008698423 0.38097406523647909 1.0014498808424011 0.26088599753186859 0.027658116739319203 1.0931916080826625 0.25957280136767291 0.081301503445926807 1.0240593258908965 0.11438088252925462
decision_type=2 2 2 2 2 2 2 2 2 2 2 2 2 2 2 2 2 2 2 2 2 2 2 2 2 2 2 2 2 2
left_child=7 3 -3 4 5 6 -2 8 9 17 -11 -9 -13 -14 -10 -15 -17 19 25 -1 22 27 26 -20 -24 -19 -21 28 -22 -29
right_child=1 2 -4 -5 -6 -7 -8 11 14 10 -12 12 13 15 -16 16 -18 18 23 20 21 -23 24 -25 -26 -27 -28 29 -30 -31
leaf_value=-5.0172009033326835e-05 -0.00039814205469991098 0.0022535478487303146 4.0340308899132113e-05 0.0023006010356963285 0.0029682316148893968 -0.0010717898823984682 0.0021935238510033947 -0.00062323659920330513 0.0039114373767127593 5.9770924559274279e-05 0.0025493947453522946 -4.048418831835871e-05 -0.0048331990744918587 0.0021819247788263728 0.0010571443022320795 -0.0041456762783127488 -0.00045499685159842258 -0.00063204021514646634 0.0042643538257107136 0.0011356541377744664 0.0059608208100226795 0.0042979519333069529 -0.00048144907744314814 0.00041620051118513858 -0.0051406188957943497 -0.0036791236088093791 -0.0010878482592456482 -0.0021147636686717828 0.00071209951007227988 0.0008966826002081862
leaf_weight=3667 122 56 3238 74 31 94 90 809 30 77 85 6191 20 23 167 32 221 770 20 107 22 30 26 256 22 27 85 35 31 467
leaf_count=3667 122 56 3238 74 31 94 90 809 30 77 85 6191 20 23 167 32 221 770 20 107 22 30 26 256 22 27 85 35 31 467
internal_value=-1.47233e-12 0.000153084 7.79662e-05 0.000755122 0.000415759 0.000157175 0.000702093 -4.29029e-05 7.88919e-05 3.02898e-05 0.00136606 -0.000141794 -8.17532e-05 -0.000944918 0.00149181 -0.000663158 -0.000921802 -8.59502e-06 -0.000367356 7.71019e-05 0.000642815 0.0010716 -0.000402348 0.000695052 -0.0026169 -0.000735266 0.000151291 0.000897202 0.00289081 0.000686721
internal_weight=16925 3705 3294 411 337 306 212 13220 5924 5727 162 7296 6487 296 197 276 253 5565 1073 4492 825 585 240 276 48 797 192 555 53 502
internal_count=16925 3705 3294 411 337 306 212 13220 5924 5727 162 7296 6487 296 197 276 253 5565 1073 4492 825 585 240 276 48 797 192 555 53 502
is_linear=0
shrinkage=0.1


Tree=46
num_leaves=31
num_cat=0
split_feature=3 0 2 2 3 4 5 1 1 4 1 2 3 5 0 4 1 1 0 5 5 4 4 1 5 2 1 0 4 4
split_gain=0.0110016 0.0125054 0.0115579 0.0288875 0.0117918 0.0156276 0.0242666 0.0294331 0.0111764 0.0257037 0.014164 0.0109815 0.0226598 0.0156088 0.0138298 0.0436835 0.0245514 0.0230134 0.0431891 0.0163723 0.01522 0.0232583 0.0152377 0.0150609 0.0312291 0.0177002 0.0148957 0.0178143 0.0147869 0.0237719
threshold=1.6766425284799407 0.79830508474576278 0.37674121112425768 0.40275168561783131 2.1403482171255366 1.9277774324260402 0.32333397449590978 0.34646239925816064 0.62636717207839976 0.10035237690594802 0.31222367362744768 1.0000000180025095e-35 1.0012376406307693 0.019891738566882752 0.031754032258064509 0.00045421448330245007 0.06211730062439811 0.023752669249982952 0.042109929078014162 0.17677680187506148 0.19798240473898124 0.0048505778491067008 0.010015336552013051 0.010842409437749003 1.0000000180025095e-35 0.047232247813761959 0.074892482628737767 0.038838612368024113 0.00077896218238600009 0.005159164457345101
decision_type=2 2 2 2 2 2 2 2 2 2 2 2 2 2 2 2 2 2 2 2 2 2 2 2 2 2 2 2 2 2
left_child=11 8 -3 -4 5 6 -5 -8 10 -10 -2 12 13 -1 15 19 17 23 -19 -13 21 -20 -23 24 -16 -25 28 -28 -18 -30
right_child=1 2 3 4 -6 -7 7 -9 9 -11 -12 14 -14 -15 16 -17 26 18 20 -21 -22 22 -24 25 -26 -27 27 -29 29 -31
leaf_value=-0.00069305903269841732 -0.00038633724043686546 -0.0022323076799511911 0.0036860552231740696 0.0022705212284467725 0.00064613746712518291 -0.0026508511357510893 -0.0036970007685013118 -0.00010214844206757334 0.0019286214692935272 -0.0022464491886584541 0.0020243691925603152 0.00052591296795430537 0.0020826081833414112 0.00090010981123176878 0.0015249352501996328 0.0042481430941411569 0.0027493451578110193 -0.0042318251432984007 -0.0016365724840434271 -0.0025236658379435544 0.0015161498413922697 0.0017934280788176695 -0.0012811519559127865 0.00014456397734536995 -0.0024672212837559045 0.0035639463059245224 -0.0023499646950795347 -2.3979093745899713e-05 -0.00047365680091186529 0.002431399586806415
leaf_weight=124 31 20 23 38 218 26 25 256 30 29 114 147 75 122 36 31 35 42 175 20 26 40 27 41 43 24 33 14943 90 41
leaf_count=124 31 20 23 38 218 26 25 256 30 29 114 147 75 122 36 31 35 42 175 20 26 40 27 41 43 24 33 14943 90 41
internal_value=-5.44288e-13 0.000359614 0.00013164 0.000212321 7.04096e-05 -0.000293384 -0.000101239 -0.000421975 0.00103683 -0.000123532 0.00150898 -1.80755e-05 0.000560965 9.70491e-05 -2.9844e-05 0.000800648 -4.03876e-05 -0.000764982 -0.00125023 0.000160694 -0.000782964 -0.00102998 0.000554418 0.000279646 -0.000648011 0.00140711 -1.86622e-05 -2.91045e-05 0.000923406 0.000435559
internal_weight=16925 810 606 586 563 345 319 281 204 59 145 16115 321 246 15794 198 15596 454 310 167 268 242 67 144 79 65 15142 14976 166 131
internal_count=16925 810 606 586 563 345 319 281 204 59 145 16115 321 246 15794 198 15596 454 310 167 268 242 67 144 79 65 15142 14976 166 131
is_linear=0
shrinkage=0.1


Tree=47
num_leaves=31
num_cat=0
split_feature=5 4 5 4 0 3 4 0 3 4 3 3 2 5 5 2 0 4 2 0 4 5 3 0 5 2 3 4 0 3
split_gain=0.0101843 0.0170493 0.014435 0.0303716 0.0248492 0.0120824 0.0170611 0.0124879 0.0116642 0.0116425 0.0200967 0.011035 0.0169388 0.0272734 0.0161252 0.0142635 0.0113807 0.0104739 0.0102572 0.00927231 0.0520374 0.0306825 0.0223385 0.0340272 0.0270916 0.0276636 0.0291305 0.0255533 0.0216931 0.0206492
threshold=0.9080085203767605 0.32308826765304338 0.92262882362568888 0.12016803095409261 0.97979591836734714 1.0931916080826625 0.11272940222369181 0.9417420814479639 1.0071033791492294 0.18627570294827284 1.0013453068950384 1.4937443211890054 0.92453385136993027 0.74691907873841579 0.81313351918947785 0.87275610088760047 0.69604037267080754 0.06176304764806876 0.96488976026534357 0.084039548022598873 0.0016417795720781502 0.26548407165438537 1.0000338291605451 0.019419306184012056 0.14270567281081692 0.11888045553386946 1.0004844364999712 0.00090450457180900009 0.047065337763012159 1.0064071162036627
decision_type=2 2 2 2 2 2 2 2 2 2 2 2 2 2 2 2 2 2 2 2 2 2 2 2 2 2 2 2 2 2
left_child=11 2 3 -2 5 6 17 -7 -6 10 -8 12 15 -14 -15 19 -13 -4 -10 20 21 22 -1 -24 25 -25 -27 -26 -22 -30
right_child=1 -3 4 -5 8 7 9 -9 18 -11 -12 16 13 14 -16 -17 -18 -19 -20 -21 28 -23 23 24 27 26 -28 -29 29 -31
leaf_value=-0.00062393619969952857 -0.0050811997191472493 0.0022138023267914485 -0.00053300056983168959 -0.00036507795181629868 -0.0040364217029751409 0.0026422656398746329 0.0038743916028622719 -0.00017674508970230818 0.0003548912526722151 -0.0010872149798087777 -0.00032185717648826545 0.0009842165830382262 -0.0016905927585194941 0.0041982849999806565 0.0011196822021662704 -0.001003925929169732 0.0001640698334855603 -0.0032614992912082621 -0.0026987499652684414 -3.3707216509535128e-05 0.0035635054845792741 -0.0038269406925378877 0.0038541194793112856 0.0001604505308124418 0.0003246621979514555 -0.00019821614752380323 -0.0052057796557034765 0.003833661725447099 0.0007623725892387821 0.0036727922145035809
leaf_weight=375 22 21 34 36 21 33 21 30 22 25 25 203 23 27 46 146 1016 24 22 13931 39 22 27 324 49 26 21 36 251 27
leaf_count=375 22 21 34 36 21 33 21 30 22 25 25 203 23 27 46 146 1016 24 22 13931 39 22 27 324 49 26 21 36 251 27
internal_value=1.14013e-13 -0.000545057 -0.000728981 -0.00215395 -0.000407393 0.000164739 -0.000389632 0.00129988 -0.00209738 0.000649795 0.00159382 1.10398e-05 -1.19292e-05 0.00131224 0.00225834 -2.02519e-05 0.000300649 -0.00166203 -0.00117193 -1.07585e-05 0.000256325 -0.000139405 -4.48527e-05 0.000404746 0.000200507 -0.000168434 -0.00243564 0.00181083 0.00135488 0.00104504
internal_weight=16925 336 315 58 257 192 129 63 65 71 46 16589 15370 96 73 15274 1219 58 44 15128 1197 880 858 483 456 371 47 85 317 278
internal_count=16925 336 315 58 257 192 129 63 65 71 46 16589 15370 96 73 15274 1219 58 44 15128 1197 880 858 483 456 371 47 85 317 278
is_linear=0
shrinkage=0.1


Tree=48
num_leaves=31
num_cat=0
split_feature=5 2 5 1 5 3 5 1 1 2 1 4 4 0 3 0 4 0 1 1 4 3 1 2 2 4 0 0 1 1
split_gain=0.00873299 0.013672 0.0133881 0.0217358 0.0251398 0.0156376 0.0135326 0.0209185 0.0121872 0.0118215 0.0220885 0.0187915 0.0322373 0.0244482 0.0131708 0.0109992 0.00987719 0.0162716 0.0320967 0.0206832 0.0182983 0.0448544 0.0314424 0.0181365 0.0210431 0.0157119 0.0251801 0.0259229 0.0145704 0.033674
threshold=0.84368737088007506 0.65951872951394452 0.80080752342523887 0.70308902514774829 0.80614298011398944 1.4439106845072065 0.79410190465706165 0.74596300570499696 0.66275940072543638 0.73703308355515118 0.74596300570499696 0.23571264416038978 0.12016803095409261 0.932768361581921 1.024795555418047 0.97467948717948738 0.31163206922151376 0.68927203065134113 0.36157777316058343 0.33929825415882325 0.43560706353394768 1.2118855571175333 0.43352153505012947 0.43869339728533735 0.47077379848628148 0.29687983362966919 0.95293466223698797 0.76293487957181105 0.67738255941424874 0.66887814146513203
decision_type=2 2 2 2 2 2 2 2 2 2 2 2 2 2 2 2 2 2 2 2 2 2 2 2 2 2 2 2 2 2
left_child=2 8 6 4 -4 -6 16 -8 -2 -5 -11 12 14 -14 -12 -13 25 18 19 -18 21 -20 23 -22 -25 -1 27 -27 29 -19
right_child=1 -3 3 9 5 -7 7 -9 -10 10 11 15 13 -15 -16 -17 17 28 20 -21 22 -23 -24 24 -26 26 -28 -29 -30 -31
leaf_value=-1.6290509257689114e-05 0.0031743800872936845 -0.0004771219530132407 0.0048807996208779514 -0.0012789615355432034 0.00034976139035683852 0.003451111386779563 -0.0029952562590305869 0.00066551189973122543 -0.00023637732639062133 0.0026173422868228761 -0.0032260252535343172 -0.00034559946083887057 0.00057858269509334281 0.0043543746543441052 -0.00015216418573602467 -0.0035858451016247276 0.00039514706367942343 1.1358613413815363e-05 0.0024898568038932154 -0.0016021970148358379 0.003398768348658147 -0.0016887013326465552 0.0053237038043638073 -0.0019373770310432356 0.0016948657379292978 -0.0024328276562523479 -0.0043139059585519139 0.00036130403575387974 0.00066852562862550256 -0.0025978693711758575
leaf_weight=13055 20 614 21 50 72 21 37 27 22 38 20 22 47 27 46 20 273 1640 54 64 36 49 27 22 58 49 20 103 320 51
leaf_count=13055 20 614 21 50 72 21 37 27 22 38 20 22 47 27 46 20 273 1640 54 64 36 49 27 22 58 49 20 103 320 51
internal_value=3.08541e-12 -0.000357722 1.44241e-05 0.000597878 0.00175573 0.00105007 3.19823e-07 -0.00145087 0.00138779 0.000109008 0.000424456 -3.33992e-05 0.000523153 0.00195624 -0.00108364 -0.00188857 6.19026e-06 0.000184611 0.00064977 1.58295e-05 0.00151822 0.000501999 0.00225018 0.00153479 0.000695999 -2.88006e-05 -0.000978328 -0.000539436 4.97588e-05 -6.73348e-05
internal_weight=16925 656 16269 384 114 93 15885 64 42 270 220 182 140 74 66 42 15821 2594 583 337 246 103 143 116 80 13227 172 152 2011 1691
internal_count=16925 656 16269 384 114 93 15885 64 42 270 220 182 140 74 66 42 15821 2594 583 337 246 103 143 116 80 13227 172 152 2011 1691
is_linear=0
shrinkage=0.1


Tree=49
num_leaves=31
num_cat=0
split_feature=3 2 1 4 5 3 5 5 3 5 1 1 5 0 5 5 2 2 5 2 2 5 0 5 5 4 2 1 1 4
split_gain=0.00814055 0.0119356 0.0106842 0.0116433 0.00971638 0.0132955 0.0158216 0.0115515 0.00970293 0.0144839 0.00809792 0.0157042 0.0223798 0.0161457 0.0126742 0.0253404 0.0143458 0.0166928 0.0128893 0.0118912 0.0110939 0.0135296 0.0167757 0.0167532 0.0187897 0.0233586 0.0174961 0.0180635 0.0172961 0.0158999
threshold=2.1403482171255366 0.46574124412083096 0.80921709115804774 0.30160869844957222 0.36954990111765185 2.2949707447873977 0.700086482217672 0.27946409861613281 2.0823579814317577 0.49591840936622739 0.70675582534744341 0.71076752831379042 0.72189181688913162 0.72804314329738073 0.80080752342523887 0.80614298011398944 0.80844583980425444 0.65675987799684543 0.79410190465706165 0.61073545406830287 0.68201298435578883 0.58309803066473898 0.93813775510204089 0.70721966778682133 0.73850755680917068 0.31163206922151376 0.73325836489989571 0.74596300570499696 0.82904072613347424 0.11108679762504561
decision_type=2 2 2 2 2 2 2 2 2 2 2 2 2 2 2 2 2 2 2 2 2 2 2 2 2 2 2 2 2 2
left_child=8 -2 3 -3 7 -6 -7 -5 10 -10 14 12 -12 -13 18 -16 17 19 -1 -17 -15 22 -22 29 25 28 27 -26 -25 -23
right_child=1 2 -4 4 5 6 -8 -9 9 -11 11 13 -14 20 15 16 -18 -19 -20 -21 21 23 -24 24 26 -27 -28 -29 -30 -31
leaf_value=1.3687751574841172e-05 0.0027559401244734941 -0.0020752360011734392 0.001913429410504048 0.00068506112393851466 0.0025655617086820051 0.0012581801206136172 -0.002146360031994326 -0.0023573047054621082 -0.0033088539816989479 0.0002801515531483228 -0.00035817138134581529 0.0015233608424231144 -0.0044259052379943785 0.00094872784749895807 0.0041871129396895412 -0.00040451614019860116 0.0028934735943385889 -0.00064629088088110536 -0.0022588854581117633 0.0025897480673544734 -0.00027306376603239467 0.0016387928496822243 -0.0041253416147083045 -0.0024397087282109586 -0.00046485212057208029 0.0014476521800133924 -0.0001007358314225913 -0.0030550829356624969 0.00075723350280895837 4.0836824955724399e-05
leaf_weight=14566 23 23 36 26 33 39 21 24 22 23 38 56 21 80 20 21 21 103 25 36 26 79 20 110 75 24 978 42 20 294
leaf_count=14566 23 23 36 26 33 39 21 24 22 23 38 56 21 80 20 21 21 103 25 36 26 79 20 110 75 24 978 42 20 294
internal_value=1.60702e-12 0.000597489 0.000351724 1.30413e-05 0.000348918 0.000953323 6.65911e-05 -0.000775274 -8.04999e-06 -0.00147447 -4.08788e-06 -0.000200569 -0.00180601 -0.000148063 2.06583e-05 0.00080932 0.000436083 0.000113551 9.79396e-06 0.0014866 -0.00020161 -0.000256782 -0.00194797 -0.00020882 -0.000384449 -0.0014187 -0.000238993 -0.00139468 -0.00194787 0.000379278
internal_weight=16925 225 202 166 143 93 60 50 16700 45 16655 1863 59 1804 14792 201 181 160 14591 57 1748 1668 46 1622 1249 154 1095 117 130 373
internal_count=16925 225 202 166 143 93 60 50 16700 45 16655 1863 59 1804 14792 201 181 160 14591 57 1748 1668 46 1622 1249 154 1095 117 130 373
is_linear=0
shrinkage=0.1


Tree=50
num_leaves=31
num_cat=0
split_feature=2 3 5 0 3 1 4 0 5 1 0 0 3 0 5 2 2 3 4 3 4 1 5 2 5 2 0 4 2 5
split_gain=0.00759144 0.0167428 0.0119655 0.0104967 0.0347062 0.0221717 0.0189165 0.032274 0.0204159 0.0184591 0.0339836 0.015203 0.013757 0.0224162 0.0279488 0.0170393 0.0129646 0.0137609 0.0124274 0.0121995 0.0151736 0.0121456 0.0259175 0.0143209 0.0115826 0.0115709 0.011508 0.0391735 0.0249441 0.0321021
threshold=1.0000000180025095e-35 1.0012376406307693 0.019891738566882752 0.031754032258064509 1.0007637416579087 0.06211730062439811 0.00014751373249445005 0.025978407557354904 0.097556381415748114 0.023752669249982952 0.042109929078014162 0.021980676328502403 1.0118358475077698 0.12220009955201593 0.19798240473898124 0.11888045553386946 0.086331485349377055 1.0001581310186152 0.0016417795720781502 1.0047237955446777 0.0034078826905999007 0.010842409437749003 1.0000000180025095e-35 0.047232247813761959 0.038172295229281054 0.057075399593878307 0.084039548022598873 0.0034078826905999007 0.099805421504675362 0.11065443567788892
decision_type=2 2 2 2 2 2 2 2 2 2 2 2 2 2 2 2 2 2 2 2 2 2 2 2 2 2 2 2 2 2
left_child=1 2 -1 4 6 9 11 8 25 21 -11 -2 13 14 15 16 17 18 -12 20 24 22 -5 -23 -19 -8 27 28 -7 -30
right_child=3 -3 -4 5 -6 26 7 -9 -10 10 12 -13 -14 -15 -16 -17 -18 19 -20 -21 -22 23 -24 -25 -26 -27 -28 -29 29 -31
leaf_value=-0.00060887847383480319 -0.0017973934219168899 0.0017896446888335049 0.00078601907624063446 0.0013749284909055051 0.0043663992222560495 0.0010282076290542526 0.0027568264301711075 -0.0012961367211703743 0.0051297720934962857 -0.0037865516352688987 -0.0035430692436680799 0.0014145142221241259 0.0017956888739718126 -0.0040564847866161949 0.0028337708031315181 0.0017777230904903263 -0.0027505336993034809 -0.0022920450801029802 -0.00036704325155534952 -0.0021869199261778877 0.0026629550544464073 0.0001052631244131523 -0.0022619119439230757 0.0031809647177093816 0.00090891166787164719 -0.00049995959969237455 -1.2639214264657871e-05 0.0030297160071010394 -0.0017948634429643296 0.00071031639206327725
leaf_weight=124 56 75 122 36 23 175 24 35 20 42 28 20 20 21 21 20 46 20 22 21 23 41 43 24 26 20 15518 54 107 98
leaf_count=124 56 75 122 36 23 175 24 35 20 42 28 20 20 21 21 20 46 20 22 21 23 41 43 24 26 20 15518 54 107 98
internal_value=7.1099e-13 0.000481672 8.29e-05 -9.31202e-06 0.000714438 -1.80468e-05 0.000234466 0.00114541 0.00248063 -0.00070714 -0.00114173 -0.000952155 -0.000727242 -0.000930704 -0.000641535 -0.000995813 -0.00129404 -0.000815482 -0.00214562 -7.65172e-05 0.000565779 0.000228432 -0.000604618 0.00124091 -0.000482809 0.00127647 1.56509e-06 0.000509451 0.000151308 -0.000597265
internal_weight=16925 321 246 16604 198 16406 175 99 64 454 310 76 268 248 227 206 186 140 50 90 69 144 79 65 46 44 15952 434 380 205
internal_count=16925 321 246 16604 198 16406 175 99 64 454 310 76 268 248 227 206 186 140 50 90 69 144 79 65 46 44 15952 434 380 205
is_linear=0
shrinkage=0.1


Tree=51
num_leaves=31
num_cat=0
split_feature=4 0 4 3 1 4 3 0 3 0 4 5 4 5 4 3 0 0 3 3 2 3 3 1 1 3 1 4 4 0
split_gain=0.00770638 0.0130768 0.0224325 0.016729 0.0168422 0.017606 0.0295412 0.0144877 0.0175378 0.0122378 0.0121868 0.0270435 0.01753 0.011916 0.0115806 0.0189826 0.0204525 0.026084 0.0246789 0.0232369 0.0178441 0.025736 0.0189371 0.0190145 0.0124654 0.0113358 0.0107346 0.0183643 0.0266472 0.0240915
threshold=0.24564213800642684 0.5727513227513229 0.24986333713899725 1.3374471320600141 0.41945926406911499 0.43560706353394768 1.1984424831133145 0.49038105808361082 1.2728978440105563 0.58102025506376609 0.37356519585105402 0.28949785266216138 0.26082305513570808 0.33361123141324461 0.22921351689625488 1.4023383353878638 0.57019704433497542 0.68599439775910376 1.0114735776063295 1.0407266954030499 0.65386777987912981 1.0323134714664681 1.0316852235203353 0.78205625209656315 0.75023068907174728 1.127097564101003 0.76434107288367759 0.29167119744734787 0.3519785144466972 0.99152542372881369
decision_type=2 2 2 2 2 2 2 2 2 2 2 2 2 2 2 2 2 2 2 2 2 2 2 2 2 2 2 2 2 2
left_child=14 3 -3 4 5 6 10 -7 -9 -4 11 -2 -13 -5 -1 16 25 18 -18 -20 21 -19 23 -22 -24 -16 -11 29 -29 -28
right_child=1 2 9 13 -6 7 -8 8 -10 26 -12 12 -14 -15 15 -17 17 20 19 -21 22 -23 24 -25 -26 -27 27 28 -30 -31
leaf_value=-2.0863598482307607e-05 0.0011700995635559282 0.0020454641547985376 -0.0023237171164840801 0.0008186788267080258 0.0025814444545821679 -0.0031850084682683586 0.0020148112444232742 0.0010472106139698043 -0.0021345223046743437 8.3694138878390777e-05 0.0018836476700380446 0.00027623964007943868 -0.0033349339799137743 0.0033603227494417558 0.0029289651429280639 0.0020812667013766868 -0.00021151077870110223 -0.00054875493119910083 -0.0068129038298502566 -0.0021032654426314614 -0.0013247159477840697 0.0035877987365460114 -0.0015142897982581484 0.0022847759653814139 -0.0048081488255411389 -0.00036049298942089083 -0.0010963539825752378 -0.0029908578699912158 0.0008722881419369234 0.0026904854938038627
leaf_weight=12895 41 56 22 39 31 23 90 41 30 3063 20 20 41 35 20 24 22 53 20 22 54 21 27 20 20 22 42 57 26 28
leaf_count=12895 41 56 22 39 31 23 90 41 30 3063 20 20 41 35 20 24 22 53 20 22 54 21 27 20 20 22 42 57 26 28
internal_value=-1.695e-12 0.000127462 6.1101e-05 0.000659323 0.000360362 0.000135351 0.000640437 -0.00100378 -0.000297184 2.67822e-05 -0.000373446 -0.000816014 -0.00215094 0.00202081 -3.57223e-05 -0.000625269 -0.000841073 -0.00117302 -0.00292474 -0.00434595 -0.000598093 0.000625132 -0.00134618 -0.000349178 -0.00291593 0.00120592 4.28615e-05 -0.000774593 -0.00178072 0.000418382
internal_weight=16925 3705 3294 411 337 306 212 94 71 3238 122 102 61 74 13220 325 301 259 64 42 195 74 121 74 47 42 3216 153 83 70
internal_count=16925 3705 3294 411 337 306 212 94 71 3238 122 102 61 74 13220 325 301 259 64 42 195 74 121 74 47 42 3216 153 83 70
is_linear=0
shrinkage=0.1


Tree=52
num_leaves=31
num_cat=0
split_feature=4 5 3 4 2 2 1 5 0 2 1 2 0 4 1 3 3 0 1 1 3 4 3 1 1 3 0 3 1 3
split_gain=0.00712706 0.0282959 0.021095 0.0127875 0.0177885 0.0327184 0.0251179 0.0240785 0.02834 0.0224464 0.0312315 0.0234169 0.0189205 0.0240687 0.0469229 0.0176929 0.0202378 0.0154053 0.0151909 0.0113133 0.0106596 0.00983072 0.017746 0.00976407 0.0312008 0.0103954 0.00897389 0.0314086 0.0282548 0.0288947
threshold=0.64471467070763855 0.61742600305907447 1.3764677907238665 0.67752856669506323 0.5580199289277078 0.62531855935611402 0.41945926406911499 0.31842948086352901 0.86240703177822864 0.51173997132191207 0.34458656525734038 0.52842898556043227 0.97259759759759767 0.84053082660468392 0.43652342335940358 1.9082426902724818 1.8400574384046358 0.8426212590299279 0.29666849111854177 0.26308746575907155 1.7564339052711289 0.77859937438604876 1.3521205096262741 0.33122253999596213 0.33929825415882325 1.5642006862892333 0.59594926350245514 1.3015535049891904 0.44184306188251837 1.2118855571175333
decision_type=2 2 2 2 2 2 2 2 2 2 2 2 2 2 2 2 2 2 2 2 2 2 2 2 2 2 2 2 2 2
left_child=26 3 -3 17 9 6 7 -6 -9 15 -11 -12 13 -7 -15 16 18 -2 19 -5 21 22 -20 25 -25 -23 27 -1 29 -28
right_child=1 2 -4 4 5 12 -8 8 -10 10 11 -13 -14 14 -16 -17 -18 -19 20 -21 -22 23 -24 24 -26 -27 28 -29 -30 -31
leaf_value=1.5393926282514822e-05 6.4041300286208441e-06 0.0051446552062407135 0.00074726398015627642 0.00048300869452456632 0.0036882922239601617 -0.001657331531384477 0.0041193193528892063 -0.0023927969879608741 0.0020387081819916923 -0.0037760246545076371 -0.0025484453125197131 0.00086395600982407334 -0.0019717692380498458 -0.00069731161481915765 0.0057454113505082212 0.0015911399961886818 -0.0028327468506176958 -0.0035533878370188178 -0.00048501213459530847 -0.0019827440763557596 0.0022449283769674366 0.00047751877349443161 0.003220667183008378 0.0038837724471126097 -0.0002914237537273342 -0.0021316527464502566 -7.5973432536262123e-05 0.0011620402871631086 -8.6206782117448477e-05 -0.0040280311689334545
leaf_weight=9572 31 20 24 30 25 27 41 27 31 35 30 61 41 26 20 83 24 20 24 49 32 26 28 22 96 37 37 245 6124 37
leaf_count=9572 31 20 24 30 25 27 41 27 31 35 30 61 41 26 20 83 24 20 24 49 32 26 28 22 96 37 37 245 6124 37
internal_value=2.79392e-12 0.000272229 0.00274608 0.000146536 0.000242662 0.00097009 0.00209431 0.001094 -2.42339e-05 -5.73859e-05 -0.0012374 -0.000261011 -0.00025274 0.000712742 0.00210387 0.000272287 -2.51722e-05 -0.00138959 0.000170705 -0.00104638 0.000533535 0.000298494 0.00151035 -4.96649e-05 0.000487003 -0.00105485 -1.54685e-05 4.40104e-05 -0.000109677 -0.002052
internal_weight=16925 910 44 866 815 238 124 83 58 577 126 91 114 73 46 451 368 51 344 79 265 233 52 181 118 63 16015 9817 6198 74
internal_count=16925 910 44 866 815 238 124 83 58 577 126 91 114 73 46 451 368 51 344 79 265 233 52 181 118 63 16015 9817 6198 74
is_linear=0
shrinkage=0.1


Tree=53
num_leaves=31
num_cat=0
split_feature=3 0 4 0 5 5 0 4 5 4 1 4 0 4 1 0 0 0 3 5 5 3 2 3 3 3 3 2 1 2
split_gain=0.00678678 0.0278626 0.0198056 0.0280144 0.0189868 0.0232495 0.0181753 0.0328221 0.0351549 0.0186844 0.0376245 0.0207821 0.0282787 0.0289542 0.0189443 0.0163158 0.0161157 0.0160615 0.0169643 0.0214557 0.0243297 0.0190116 0.0268121 0.0258163 0.0185312 0.0160485 0.0221212 0.0388788 0.0159888 0.022526
threshold=1.0114735776063295 0.11215932914046121 0.43560706353394768 0.88989898989898997 0.65835504855097182 0.58099061774162331 0.47114317425083246 0.056412872530770458 0.45856952268684131 0.005789126399271251 0.28900778245583952 0.023186581059997553 0.26138716356107666 0.021423790379294705 0.23549398035827643 0.39827586206896554 0.27842377260981915 0.14946808510638296 1.0536871926248097 0.30080241070625841 0.34774707500527186 1.0185864870738539 0.18810162000329936 1.0277353818469097 1.1134441523702872 1.0302896699900816 1.018128468669484 0.36159545207560456 0.32373591842096566 0.42228938032271129
decision_type=2 2 2 2 2 2 2 2 2 2 2 2 2 2 2 2 2 2 2 2 2 2 2 2 2 2 2 2 2 2
left_child=2 -2 -1 -4 5 -5 7 9 25 10 -3 12 14 16 -11 -10 -14 -13 21 -20 -21 28 23 -23 -22 26 27 -9 -19 -30
right_child=1 6 3 4 -6 -7 -8 8 15 11 -12 17 13 -15 -16 -17 -18 18 19 20 24 22 -24 -25 -26 -27 -28 -29 29 -31
leaf_value=-8.0508935257341633e-05 0.002804030376392876 -0.00027535433488848961 0.0043691705364670439 0.00088845185890066918 0.0017827531548156854 -0.0028497311519458893 -4.2142979180974947e-05 0.0026616313392878511 0.0036754116745174141 -0.00049719309040743354 0.0029232741737117373 0.0016639533452689648 -0.0038796114246360961 -0.0050571975827386441 0.0018419256135213957 0.0014266466571777863 -0.00086339367280391258 -0.00049573656460145075 -0.00054584312760694461 0.0047155800184555119 0.0031566494482103734 -0.00073323165415786209 -0.0013130739380288474 0.0034267520961853179 -0.00017782871337840333 0.00027506797559191182 0.0025672293365156902 -0.0020983472466468813 0.0024547784468196038 -0.00095411756046814844
leaf_weight=8678 37 95 22 41 62 28 5730 32 45 140 60 61 20 22 46 114 155 86 66 22 25 35 235 26 50 786 78 37 63 28
leaf_count=8678 37 95 22 41 62 28 5730 32 45 140 60 61 20 22 46 114 155 86 66 22 25 35 235 26 50 786 78 37 63 28
internal_value=9.28249e-13 6.61441e-05 -6.06239e-05 0.00106723 0.000512708 -0.000628492 5.35709e-05 0.000289257 0.000688656 -6.38961e-05 0.000962824 -0.00021125 -0.000803016 -0.00163795 8.12986e-05 0.00206309 -0.0012081 0.000113925 -3.47415e-05 0.000845042 0.00179142 -0.000337923 -0.000828175 0.00103988 0.000933664 0.000454427 0.00141345 0.000109179 0.000481934 0.00140589
internal_weight=16925 8094 8831 153 131 69 8057 2327 1092 1235 155 1080 383 197 186 159 175 697 636 163 97 473 296 61 75 933 147 69 177 91
internal_count=16925 8094 8831 153 131 69 8057 2327 1092 1235 155 1080 383 197 186 159 175 697 636 163 97 473 296 61 75 933 147 69 177 91
is_linear=0
shrinkage=0.1


Tree=54
num_leaves=31
num_cat=0
split_feature=3 0 0 0 2 4 3 0 4 4 2 2 2 0 0 3 4 2 2 0 4 5 5 0 5 3 0 4 2 0
split_gain=0.00666232 0.0106331 0.0123482 0.0122039 0.00851048 0.00938169 0.00962943 0.00903411 0.00792427 0.0195066 0.00878837 0.0262326 0.0196298 0.0142697 0.0171708 0.012993 0.00970528 0.0149291 0.0160727 0.00740871 0.0371399 0.0415398 0.0260461 0.0222084 0.0218856 0.0195633 0.0345926 0.0191899 0.0188455 0.0185306
threshold=1.6766425284799407 0.86512474012474028 0.85239651416122009 0.83964285714285725 0.49653352197374062 1.3486971472884677 1.9082426902724818 0.76043478260869579 0.063131172160172208 0.12899828569670063 0.55536627403301397 0.51173997132191207 0.63088949109847603 0.90521114106019784 0.9417420814479639 1.9082426902724818 0.36710276273610531 1.0381740081395308 1.1781495661742019 0.084039548022598873 0.00090450457180900009 0.20473858472812773 0.19798240473898124 0.047065337763012159 0.01384013657137635 1.0000981857622946 0.07207792207792206 0.0034078826905999007 0.11888045553386946 0.038838612368024113
decision_type=2 2 2 2 2 2 2 2 2 2 2 2 2 2 2 2 2 2 2 2 2 2 2 2 2 2 2 2 2 2
left_child=19 2 3 4 -2 6 7 -6 -3 -10 11 13 -12 -11 -15 -16 17 -14 -19 20 21 23 27 -1 -25 -24 -27 29 -29 -22
right_child=1 8 -4 -5 5 -7 -8 -9 9 10 12 -13 16 14 15 -17 -18 18 -20 -21 22 -23 25 24 -26 26 -28 28 -30 -31
leaf_value=0.00029019752735820638 0.0016843302138814969 0.0014853796514216811 0.0026745468711255696 -0.0013329557288670913 0.00061391678672017798 -0.0016478062234818937 -0.00026249235806365812 0.0025073167441102369 -0.002979148981039939 -0.0017498304580970269 0.0022102263230988953 -0.0028686525160944595 0.0025655619334429506 0.0027616121420093506 -0.0022369533241726461 0.0010761749625591368 -0.00071577270198893664 -0.0016900554226179209 0.00116719938077343 -3.3272653623972461e-05 0.0023846805888555339 -0.0030971415831507849 9.6016141469590366e-05 -0.0029108752684786597 -0.00029034266980938766 0.0066897799895907 0.0011432313967658125 0.0010811518870558546 0.0043815678350669759 3.4269751891076134e-05
leaf_weight=438 70 32 29 32 84 20 75 36 23 28 47 38 29 30 20 29 108 35 45 14918 37 49 20 47 99 22 23 81 22 359
leaf_count=438 70 32 29 32 84 20 75 36 23 28 47 38 29 30 20 29 108 35 45 14918 37 49 20 47 99 22 23 81 22 359
internal_value=3.04806e-13 0.000279847 0.000699421 0.000518732 0.00072664 0.000414834 0.000626387 0.00118194 -3.30247e-05 -0.000145499 1.38505e-05 -0.000611625 0.000357388 0.000189936 0.000877448 -0.000276122 -4.39176e-05 0.000621774 -8.28496e-05 -1.40662e-05 0.000225301 -0.000300487 0.000815414 -6.58365e-05 -0.00113394 0.0026983 0.00385488 0.000570148 0.0017861 0.000253879
internal_weight=16925 810 346 317 285 215 195 120 464 432 409 145 264 107 79 49 217 109 80 16115 1197 633 564 584 146 65 45 499 103 396
internal_count=16925 810 346 317 285 215 195 120 464 432 409 145 264 107 79 49 217 109 80 16115 1197 633 564 584 146 65 45 499 103 396
is_linear=0
shrinkage=0.1


Tree=55
num_leaves=31
num_cat=0
split_feature=4 4 4 3 5 1 1 0 1 1 1 1 4 5 5 0 0 3 2 3 0 1 3 4 5 1 2 0 5 2
split_gain=0.00610311 0.0249132 0.018944 0.0179732 0.0211111 0.0167784 0.0183719 0.0269475 0.0259513 0.0186258 0.0223697 0.0180511 0.015275 0.0157488 0.0281391 0.0202093 0.0149944 0.0292392 0.023293 0.0175687 0.0150209 0.0339551 0.035936 0.0251555 0.0152385 0.0146256 0.0141906 0.0136395 0.0289617 0.0215977
threshold=0.12016803095409261 0.10898071555451821 0.12182849494255302 1.0575383141091734 0.59652431710043641 0.80921709115804774 0.69490400871310787 0.71902412280701766 0.73017478545081949 0.572189453626886 0.61049441770713408 0.49076188656586012 0.10519563293237992 0.53108216750701576 0.70721966778682133 0.54261501210653762 0.4673758865248227 1.0586452584475321 0.37674121112425768 1.2643571023220275 0.39827586206896554 0.31485648463884319 1.0975855257992129 0.17916874641921779 0.39852768449199677 0.51004998353333231 0.26796581991649621 0.49038105808361082 0.54993412063881408 0.37117385143591136
decision_type=2 2 2 2 2 2 2 2 2 2 2 2 2 2 2 2 2 2 2 2 2 2 2 2 2 2 2 2 2 2
left_child=1 12 3 4 -2 6 7 9 -8 11 -11 -3 27 15 -15 -14 17 18 -4 20 21 22 26 -24 -23 -13 -19 28 -1 -29
right_child=2 5 16 -5 -6 -7 8 -9 -10 10 -12 25 13 14 -16 -17 -18 19 -20 -21 -22 24 23 -25 -26 -27 -28 29 -30 -31
leaf_value=-1.7162871801035016e-06 0.00079497761374417082 -0.0012761210928097697 0.00098791000329785878 -0.00074473752756603066 0.0050835974747315054 0.0014881189663669674 -0.005258603947763534 0.0021704638063714935 -0.00060417251102626334 -0.0045260637827838467 -0.00069558410454661612 0.0029271402070298793 0.0013807239170031001 0.0042712460250186272 -0.00011228659293717808 -0.0020410561368667652 1.4601372234080503e-05 -0.00061322385935406944 0.0054285133324031322 0.0024853571664009777 -0.00064698446107407407 0.0040751815879983564 0.0031269886445156056 0.000120548860566207 0.00061496658250689514 -0.00018280434624982938 -0.0035505134162717856 0.0025007415712544963 0.0012273982232395174 -0.00029531262280303706
leaf_weight=7136 24 147 27 20 22 29 23 29 25 30 31 20 45 32 27 28 6405 38 21 35 150 35 38 104 20 62 29 28 197 2068
leaf_count=7136 24 147 27 20 22 29 23 29 25 30 31 20 45 32 27 28 6405 38 21 35 150 35 38 104 20 62 29 28 197 2068
internal_value=1.81504e-13 -5.02344e-05 7.1783e-05 0.00175794 0.00284606 -0.000827473 -0.00101045 -0.000735995 -0.00283442 -0.00102664 -0.00257943 -0.000613017 -1.80425e-05 0.00105024 0.00226522 6.82603e-05 5.56592e-05 0.000584785 0.00293067 0.000333999 0.000152121 0.000606159 2.43792e-05 0.000925089 0.00281692 0.000575719 -0.00188459 -3.29977e-05 3.13037e-05 -0.000257961
internal_weight=16925 9957 6968 66 46 396 367 319 48 290 61 229 9561 132 59 73 6902 497 48 449 414 264 209 142 55 82 67 9429 7333 2096
internal_count=16925 9957 6968 66 46 396 367 319 48 290 61 229 9561 132 59 73 6902 497 48 449 414 264 209 142 55 82 67 9429 7333 2096
is_linear=0
shrinkage=0.1


Tree=56
num_leaves=31
num_cat=0
split_feature=2 3 5 3 5 0 4 0 1 3 5 1 4 0 0 1 5 1 3 1 4 4 0 3 4 4 0 5 1 3
split_gain=0.00600145 0.0127014 0.00947714 0.0101727 0.00960791 0.00875612 0.00839034 0.0318381 0.0342805 0.0275929 0.0250473 0.0395381 0.0309634 0.0200759 0.0180084 0.0209188 0.0178532 0.032625 0.0188905 0.0170366 0.0243292 0.0196409 0.019355 0.0297936 0.0382292 0.0367456 0.0515151 0.0360157 0.0340104 0.0298564
threshold=1.0000000180025095e-35 1.0012376406307693 0.019891738566882752 1.0003129563271911 0.081781219692427659 0.07207792207792206 0.029317645315857253 0.31311274509803927 0.32859023728562164 1.0071033791492294 0.35049356027640949 0.27547328793792586 0.069289937878310656 0.31643132220795894 0.29217479674796754 0.28900778245583952 0.27355169246005695 0.25161472989760075 1.0443806151226984 0.74165108497824439 0.010015336552013051 0.022625446110189403 0.282329988851728 1.0019964227081848 0.016491182551466154 0.017077861859118703 0.39827586206896554 0.24488269496151333 0.30169239690373811 1.0108117324703765
decision_type=2 2 2 2 2 2 2 2 2 2 2 2 2 2 2 2 2 2 2 2 2 2 2 2 2 2 2 2 2 2
left_child=1 2 -1 4 -4 -3 19 8 10 -10 11 16 14 -9 15 -12 -8 18 -18 22 -21 -22 -2 25 -25 28 27 -27 -24 -26
right_child=6 5 3 -5 -6 -7 7 13 9 -11 12 -13 -14 -15 -16 -17 17 -19 -20 20 21 -23 23 24 29 26 -28 -29 -30 -31
leaf_value=-0.00053471355114461695 -3.8750891761022556e-05 0.0027540223007021911 0.0023865966089124412 -0.00092854166949360548 0.00033360104832165651 0.00058354578753251857 0.00084204474572514192 -0.0024353855340878538 0.00079952911226869076 0.0049207240753275988 0.0020110707655549053 -0.0014018671904175686 0.0049564592223614451 -1.6363248342141918e-06 0.0031375042339786886 -0.0019361986569931796 -0.0032489081380412074 0.0015759626393467676 0.00022296943495166488 -6.9675116101279862e-05 0.004859852520166897 0.00061671789502725004 -0.0051264788463179561 0.00065182775416722672 0.00058678033346237215 -0.0023199413606727667 -0.002614476621319126 0.0013973594414100291 -0.0016087663023427014 -0.0014481074454634816
leaf_weight=124 3639 34 40 29 53 41 468 34 33 32 25 123 25 10878 25 29 42 43 25 70 24 20 35 329 102 33 72 124 128 246
leaf_count=124 3639 34 40 29 53 41 468 34 33 32 25 123 25 10878 25 29 42 43 25 70 24 20 35 329 102 33 72 124 128 246
internal_value=4.83857e-13 0.00042827 8.09452e-05 0.000706697 0.00121661 0.0015675 -8.27961e-06 3.71969e-05 0.000619376 0.00282843 0.000441006 0.000226154 0.00188919 -9.21949e-06 0.000918539 -0.000108759 0.000572601 -0.000573759 -0.00195343 -0.000119396 0.00108854 0.00293115 -0.000148645 -0.000522739 -0.000121021 -0.00121652 -0.000399685 0.000616016 -0.0023641 -0.000851675
internal_weight=16925 321 246 122 93 75 16604 11782 870 65 805 701 104 10912 79 54 578 110 67 4822 114 44 4708 1069 677 392 229 157 163 348
internal_count=16925 321 246 122 93 75 16604 11782 870 65 805 701 104 10912 79 54 578 110 67 4822 114 44 4708 1069 677 392 229 157 163 348
is_linear=0
shrinkage=0.1


Tree=57
num_leaves=31
num_cat=0
split_feature=5 5 1 5 3 2 3 3 1 1 2 0 2 4 4 1 0 0 3 2 0 0 5 4 3 2 1 3 2 4
split_gain=0.00604113 0.0111482 0.0140535 0.0160985 0.0113099 0.0102035 0.0165204 0.0177563 0.01328 0.0249056 0.0131006 0.0119974 0.00985607 0.00958215 0.0364235 0.0121636 0.0191344 0.0213532 0.0208751 0.0125076 0.0142142 0.0129286 0.00920389 0.0158815 0.0142964 0.0091611 0.0184469 0.0146173 0.0155607 0.0150118
threshold=0.84368737088007506 0.80080752342523887 0.70308902514774829 0.80614298011398944 1.4439106845072065 0.83517993436871318 1.0228938640091387 1.0575383141091734 0.8627549625973181 0.82904072613347424 0.89431029251169536 0.95789007092198597 0.92453385136993027 0.092596954904318171 0.060517355747532704 0.80921709115804774 0.98164983164983177 0.89619252873563238 1.0783527443836116 0.70459320676104442 0.82025641025641038 0.85584415584415596 0.79410190465706165 0.26911210687079684 1.0259040968441291 0.73703308355515118 0.74596300570499696 1.1464055991666593 0.96488976026534357 0.11474087230355255
decision_type=2 2 2 2 2 2 2 2 2 2 2 2 2 2 2 2 2 2 2 2 2 2 2 2 2 2 2 2 2 2
left_child=1 22 3 -3 -5 13 8 -8 9 -7 -9 -10 -13 14 -2 16 17 18 19 20 -15 -21 -1 24 -24 -4 -27 29 -29 -28
right_child=5 2 25 4 -6 6 7 10 11 -11 -12 12 -14 15 -16 -17 -18 -19 -20 21 -22 -23 23 -25 -26 26 27 28 -30 -31
leaf_value=3.9676688007577866e-06 0.0014242924624480882 0.0039761829156694673 -0.0010705328655894845 0.00031516976693334682 0.0029526835218781516 -0.00079569752086643825 0.0021463340439869831 -0.0021738241978087706 0.00074854828163816204 -0.0052737379568102566 -0.00012219428584970491 -0.0034421395859681072 -0.0003027023700997234 -0.0028373899671714758 -0.0040387929882854225 0.0021778636985938207 -0.0019873535215285502 0.0020022936595808006 -0.0031278427335478011 0.0027512861089780925 0.00080777497091533048 -0.0005310692125931382 -0.0019631082225324854 -0.0034518024485026091 0.0016846567635763099 0.0024329980694394755 -0.0010265961865803636 -0.0036061338218860333 -5.1312131108716134e-06 0.0012779752661987043
leaf_weight=15821 26 21 50 72 21 27 29 38 31 23 172 20 20 20 23 33 36 64 21 30 23 20 21 21 22 38 41 20 30 91
leaf_count=15821 26 21 50 72 21 27 29 38 31 23 172 20 20 20 23 33 36 64 21 30 23 20 21 21 22 38 41 20 30 91
internal_value=-1.7234e-12 1.19968e-05 0.000544412 0.00147542 0.000910737 -0.000297525 -0.000655141 -0.000173134 -0.0016072 -0.0028556 -0.000493442 -0.000728054 -0.00187242 0.000137414 -0.00114001 0.00039083 0.00011526 0.000540507 -0.000280145 0.000362884 -0.000887651 0.00143834 -8.73666e-07 -0.00119767 -9.68099e-05 0.000151318 0.000429012 1.05972e-05 -0.00144553 0.000562161
internal_weight=16925 16269 384 114 93 656 360 239 121 50 210 71 40 296 49 247 214 178 114 93 43 50 15885 64 43 270 220 182 50 132
internal_count=16925 16269 384 114 93 656 360 239 121 50 210 71 40 296 49 247 214 178 114 93 43 50 15885 64 43 270 220 182 50 132
is_linear=0
shrinkage=0.1


Tree=58
num_leaves=31
num_cat=0
split_feature=3 3 5 2 1 1 5 0 0 5 4 5 5 3 4 4 5 2 2 2 5 5 3 1 2 4 5 4 0 4
split_gain=0.00566026 0.0088023 0.0124489 0.00783477 0.0077075 0.0105452 0.00817752 0.00873606 0.0180804 0.00619679 0.00600909 0.0101295 0.0161954 0.0174788 0.0163843 0.0152225 0.0160564 0.0150304 0.0387809 0.0193779 0.0234774 0.0183718 0.0189231 0.0156195 0.019234 0.0142724 0.0135604 0.0205279 0.0144978 0.0133189
threshold=2.1403482171255366 2.0823579814317577 0.49591840936622739 0.46574124412083096 0.80921709115804774 0.73765519740705532 0.35049356027640949 0.9175170068027213 0.96329966329966332 0.2706566838855583 0.24564213800642684 0.71088648651668884 0.74691907873841579 1.0856576695044955 0.23878783265234324 0.079461065371367864 0.72189181688913162 0.86075932403307054 0.78570142410604427 0.75028975246787644 0.69287319577929318 0.64523077730134826 1.1134441523702872 0.63422202584765974 0.76803326951235096 0.10035237690594802 0.86403930241266846 0.17163128551578141 0.98095065312046448 0.04679207725574671
decision_type=2 2 2 2 2 2 2 2 2 2 2 2 2 2 2 2 2 2 2 2 2 2 2 2 2 2 2 2 2 2
left_child=1 10 -3 -2 5 6 9 -8 -9 -5 11 17 13 29 26 -15 -17 18 19 -1 23 -20 -23 -21 -25 -19 28 -28 -14 -13
right_child=3 2 -4 4 -6 -7 7 8 -10 -11 -12 12 14 15 -16 16 -18 25 21 20 -22 22 -24 24 -26 -27 27 -29 -30 -31
leaf_value=4.4401517649712404e-06 0.0022469930228038249 -0.0031040570497597487 0.000223272853611928 0.00033610381499823673 0.0016255300598762307 -0.0017969789828553243 0.0021075895913074622 -0.0019168267876375469 0.001604250116246736 -0.0020706882770173251 0.00011359660346329554 0.0006177770538830802 0.00013796528689509924 -0.0017211884630038794 -0.0022575615528587474 -0.00089123857165263455 0.0025034205693947645 0.00024247681626350288 0.00047503119073683464 0.00029377226019278169 0.0018999016401357949 0.0017959116381296718 0.0055056664347648623 -0.0014516482904717257 -0.0047621710216984728 -0.0020186900371902058 -0.00088929654249900484 0.00076405973064318082 0.0024196431606783178 -0.0014937993435213265
leaf_weight=11258 23 22 23 23 36 27 36 25 35 20 3496 34 701 24 34 22 38 46 56 26 20 44 20 54 26 71 311 99 29 246
leaf_count=11258 23 22 23 23 36 27 36 25 35 20 3496 34 701 24 34 22 38 46 56 26 20 44 20 54 26 71 311 99 29 246
internal_value=5.10341e-12 -6.71254e-06 -0.00140342 0.00049822 0.000299102 1.14428e-05 0.000362719 0.000876055 0.000137135 -0.000783334 -2.93878e-06 -3.38992e-05 -0.000275071 -0.000857846 -9.43808e-05 0.000407312 0.00125871 -1.9809e-06 9.48827e-06 -9.36245e-06 -0.00124261 0.00179779 0.00295521 -0.00183554 -0.00252757 -0.00112968 -2.98649e-05 -0.000490071 0.000228607 -0.00123739
internal_weight=16925 16700 45 225 202 166 139 96 60 43 16655 13159 1538 364 1174 84 60 11621 11504 11384 126 120 64 106 80 117 1140 410 730 280
internal_count=16925 16700 45 225 202 166 139 96 60 43 16655 13159 1538 364 1174 84 60 11621 11504 11384 126 120 64 106 80 117 1140 410 730 280
is_linear=0
shrinkage=0.1


Tree=59
num_leaves=31
num_cat=0
split_feature=0 5 4 5 5 2 4 0 5 3 3 1 1 5 3 5 1 0 0 2 3 5 5 2 4 4 0 0 3 2
split_gain=0.00550168 0.0224618 0.0280367 0.0373503 0.0136026 0.0216912 0.0121092 0.0330762 0.0270321 0.0205518 0.0266967 0.0241288 0.0286841 0.0272616 0.0200739 0.0160655 0.0142304 0.0181735 0.0180017 0.0179922 0.0131762 0.0194908 0.0210605 0.0188531 0.0121494 0.0120205 0.0484192 0.0269599 0.0238986 0.0212425
threshold=0.031754032258064509 0.17677680187506148 0.00077896218238600009 0.10673729609255257 0.026746334566336103 0.076621545249306353 0.00090450457180900009 0.063164893617021267 0.19798240473898124 1.0008248272658653 1.1433623633822243 0.023752669249982952 0.06211730062439811 0.10673729609255257 1.0027917683936225 0.01384013657137635 0.074892482628737767 0.038838612368024113 0.047065337763012159 0.090224761467670569 1.0008248272658653 0.12813215878959727 0.072562571751132524 0.029284908012114304 0.00055375499051170016 0.007104573111091801 0.38529014844804316 0.22318007662835249 1.0460213170288439 0.11130538252544152
decision_type=2 2 2 2 2 2 2 2 2 2 2 2 2 2 2 2 2 2 2 2 2 2 2 2 2 2 2 2 2 2
left_child=1 2 3 4 -1 -6 9 8 14 11 -11 24 13 15 20 -13 -14 -18 -19 -20 21 22 -8 -22 -2 26 -9 28 -27 -29
right_child=6 -3 -4 -5 5 -7 7 25 -10 10 -12 12 16 -15 -16 -17 17 18 19 -21 23 -23 -24 -25 -26 27 -28 29 -30 -31
leaf_value=0.00045113862682786426 0.0014387477297689124 -0.0023611692456492728 0.0040544996625217411 0.0030928294645578024 -0.0024305997525807472 0.0013992005815019921 0.0011295018961306575 -0.00036548280960645109 0.0045934024435978034 0.00061996472934661314 -0.0031953119440004231 -0.0032382652875302094 0.0011508234808894082 -0.0056659731140825901 0.0029355620058547512 -0.00016279886829469241 -0.0036527494940420853 0.0020828252094187995 -0.0036147625619575951 -0.00056155675219391322 0.001218531780371753 0.0036737226796421138 -0.0022771991861467856 -0.0025147107169745612 -0.00086167220786017803 0.00034820860018030825 0.0041651404200820251 -0.0022972452196593557 0.0022466056249478635 -1.7450783601040809e-05
leaf_weight=119 58 26 23 42 50 21 86 1376 21 221 20 35 36 24 38 33 23 21 23 120 24 22 23 31 38 1259 24 41 70 12977
leaf_count=119 58 26 23 42 50 21 86 1376 21 221 20 35 36 24 38 33 23 21 23 120 24 22 23 31 38 1259 24 41 70 12977
internal_value=1.02766e-12 0.000438792 0.000724279 0.000394127 -0.000202428 -0.00129784 -7.40811e-06 9.81461e-06 0.0011628 -0.00042984 0.000303344 -0.000859761 -0.00128275 -0.00276842 0.000841177 -0.00174576 -0.000669823 -0.00102032 -0.00065114 -0.00105263 0.000413291 0.000958653 0.000410657 -0.000885659 0.000528165 -8.12408e-06 -0.000287815 1.91685e-05 0.000448199 -2.4631e-05
internal_weight=16925 281 255 232 190 71 16644 15992 245 652 241 411 315 92 224 68 223 187 164 143 186 131 109 55 96 15747 1400 14347 1329 13018
internal_count=16925 281 255 232 190 71 16644 15992 245 652 241 411 315 92 224 68 223 187 164 143 186 131 109 55 96 15747 1400 14347 1329 13018
is_linear=0
shrinkage=0.1


Tree=60
num_leaves=31
num_cat=0
split_feature=3 0 0 0 2 4 4 1 4 2 4 4 2 2 2 0 0 3 4 4 0 0 4 3 1 4 4 4 2 2
split_gain=0.0050637 0.00936173 0.00996287 0.0100991 0.0067292 0.00758116 0.00931391 0.0141548 0.0103931 0.00722081 0.00581667 0.0150441 0.00733313 0.0201052 0.0158966 0.0116264 0.0139315 0.0102831 0.00876514 0.0130202 0.00828514 0.0221768 0.00658846 0.00731132 0.0110824 0.00603738 0.00578524 0.0216323 0.0119653 0.0316841
threshold=1.6766425284799407 0.86512474012474028 0.85239651416122009 0.83964285714285725 0.41719848771540946 1.3486971472884677 0.28724007158121173 0.43352153505012947 0.19199976004247585 0.89431029251169536 0.063131172160172208 0.13288033065669533 0.55536627403301397 0.51173997132191207 0.63088949109847603 0.90521114106019784 0.9417420814479639 1.9082426902724818 0.36710276273610531 0.34080206129461971 0.90521114106019784 0.9417420814479639 0.47045312638461473 1.9470621346688983 0.40741797149171166 1.7619712781499377 1.0134287157680189 1.1187463631221781 0.38853039146624591 0.45344983439915293
decision_type=2 2 2 2 2 2 2 2 2 2 2 2 2 2 2 2 2 2 2 2 2 2 2 2 2 2 2 2 2 2
left_child=26 2 3 4 -2 6 8 -8 -6 -10 -3 -12 13 15 25 -13 -17 -18 19 20 -16 -22 -20 -24 -25 -14 -1 -28 -29 -30
right_child=1 10 -4 -5 5 -7 7 -9 9 -11 11 12 14 -15 18 16 17 -19 22 -21 21 -23 23 24 -26 -27 27 28 29 -31
leaf_value=-6.6539649985354354e-06 0.0021082060833076208 0.0012513047414358881 0.0024117929371202302 -0.0012090936732079172 0.00089396710617301001 -0.00096513145873623513 0.00078963975134069796 0.0036657990464432676 5.8327408041805035e-05 -0.0023268601645461541 -0.0024314917192828876 -0.0016125782930300507 0.0030073500990581057 -0.0025393155765701331 -0.0016165437007492239 0.0024560800210262339 -0.0020245658373460175 0.00092288227751851086 -0.0017802167489814264 0.0028345868440477979 0.0027955835314329575 -0.0010188397351469445 -0.0014242908779393746 -0.00087761362285717682 0.0022617914461906452 0.00072765491814130831 -0.0027650703883005515 0.0017636642267461868 -0.0035007968361023818 0.00087410550901894377
leaf_weight=15975 29 32 29 32 74 31 77 22 30 22 27 28 26 38 22 30 20 29 36 21 27 35 27 23 22 21 36 30 25 49
leaf_count=15975 29 32 29 32 74 31 77 22 30 22 27 28 26 38 22 30 20 29 36 21 27 35 27 23 22 21 36 30 25 49
internal_value=-3.54964e-12 0.000243973 0.000637665 0.000475363 0.000664495 0.00050095 0.000702944 0.00142879 0.000132639 -0.00095079 -4.95987e-05 -0.000145962 6.40669e-06 -0.00056339 0.000324178 0.000138341 0.00075892 -0.000280158 -4.3125e-05 0.000607464 5.06834e-05 0.00064228 -0.000675642 -0.000123355 0.000657207 0.00198876 -1.2263e-05 -0.000652295 7.90498e-05 -0.000603902
internal_weight=16925 810 346 317 285 256 225 99 126 52 464 432 405 145 260 107 79 49 213 105 84 62 108 72 45 47 16115 140 104 74
internal_count=16925 810 346 317 285 256 225 99 126 52 464 432 405 145 260 107 79 49 213 105 84 62 108 72 45 47 16115 140 104 74
is_linear=0
shrinkage=0.1


Tree=61
num_leaves=31
num_cat=0
split_feature=4 5 3 3 0 0 5 3 1 2 2 2 2 2 0 1 3 2 0 2 0 0 1 5 3 2 1 1 4 0
split_gain=0.00472898 0.0228506 0.0164298 0.0105178 0.0185175 0.0172254 0.0226564 0.0181682 0.0122461 0.020239 0.0106967 0.0120794 0.0198214 0.0161878 0.0120069 0.0119837 0.0115641 0.0103999 0.0171191 0.0162875 0.0155165 0.0153549 0.0186586 0.0136205 0.0129672 0.0191533 0.0133428 0.0108763 0.00860231 0.0389265
threshold=0.64471467070763855 0.61742600305907447 1.3764677907238665 1.4750806984662996 0.64480286738351267 0.62382075471698128 0.54723024023560152 1.4439106845072065 0.43923824838854147 0.41719848771540946 0.33865447044426733 0.40275168561783131 0.45102677675585384 0.46819247025437588 0.86240703177822864 0.2813715859000479 1.6766425284799407 0.5580199289277078 0.78647416413373872 0.56848824317670099 0.85239651416122009 0.90098039215686299 0.36157777316058343 0.43162049026139698 1.5969055171940298 0.51173997132191207 0.34458656525734038 0.50713374078153206 0.48501478541153359 0.68599439775910376
decision_type=2 2 2 2 2 2 2 2 2 2 2 2 2 2 2 2 2 2 2 2 2 2 2 2 2 2 2 2 2 2
left_child=28 3 -3 5 -5 -2 7 8 9 -7 -6 15 16 14 -14 -12 -13 23 -19 -20 -21 -22 -23 24 -15 -26 -27 -24 -1 -30
right_child=1 2 -4 4 10 6 -8 -9 -10 -11 11 12 13 17 -16 -17 -18 18 19 20 21 22 27 -25 25 26 -28 -29 29 -31
leaf_value=-6.7463775299296887e-08 -0.0022737738104875792 0.0045616613468155267 0.00068085693055763841 0.0020238295495673491 -0.0019302434443185729 0.0022418155521985944 -0.003010806991634044 -0.001674914774635146 0.0024558766587870198 -0.0013428966876947218 0.0034243096043134018 -0.0027815016605679623 0.0037353031478667858 -0.0023479378013871611 0.00038510114885866644 0.0006298642052059765 -0.00044392307557291911 0.0029641465801331732 0.0029341436084359888 -0.0026969109082710932 0.0022372219058114195 0.0024153679655864839 -0.0018022281939112064 -0.0021990858174727435 0.0019203702748125913 -0.0022990190847535972 0.00050370848493468839 0.00072059874795377251 0.0010534255013760505 -0.0010135978718973291
leaf_weight=15560 44 20 24 57 24 28 22 31 40 36 21 33 23 20 20 57 59 27 20 20 31 20 54 35 49 29 41 25 126 329
leaf_count=15560 44 20 24 57 24 28 22 31 40 36 21 33 23 20 20 57 59 27 20 20 31 20 54 35 49 29 41 25 126 329
internal_value=-6.78456e-13 0.000221749 0.00244486 0.000108797 0.000300395 -0.000525097 -3.50222e-05 0.00044992 0.00108328 0.000225415 0.000138823 0.000223853 4.52912e-05 0.000340334 0.00217707 0.00138221 -0.0012824 0.000127451 0.000625038 0.000253533 -0.000103882 0.000295045 -0.000313111 -0.000435909 8.0567e-06 0.000404022 -0.000657422 -0.00100387 -1.26002e-05 -0.000441191
internal_weight=16925 910 44 866 665 201 157 135 104 64 608 584 506 414 43 78 92 371 197 170 150 130 99 174 139 119 70 79 16015 455
internal_count=16925 910 44 866 665 201 157 135 104 64 608 584 506 414 43 78 92 371 197 170 150 130 99 174 139 119 70 79 16015 455
is_linear=0
shrinkage=0.1


Tree=62
num_leaves=31
num_cat=0
split_feature=4 5 0 2 0 5 1 0 3 4 1 3 5 4 1 3 0 4 3 3 3 4 3 1 2 3 3 4 2 1
split_gain=0.00467908 0.0283993 0.0181887 0.0166317 0.0194417 0.0158293 0.0150061 0.0192921 0.0229086 0.0295044 0.0421607 0.0398679 0.030595 0.0295015 0.0274617 0.0244444 0.027799 0.0203268 0.023589 0.0179737 0.0211603 0.0170048 0.0175474 0.0163216 0.03079 0.0160818 0.0177754 0.0158064 0.0155152 0.0236963
threshold=0.029317645315857253 0.07729996327479742 0.14946808510638296 0.11506273281926661 0.35111427216690377 0.06209447263214541 0.74165108497824439 0.282329988851728 1.0019964227081848 0.017077861859118703 0.43923824838854147 1.0006032011012402 0.24488269496151333 0.016491182551466154 0.30169239690373811 1.0108117324703765 0.38935969868173265 0.025382954044942903 1.0155688520736659 1.0192974833736999 1.3015535049891904 0.010015336552013051 1.1984424831133145 0.34458656525734038 0.39963884093323926 1.0975855257992129 1.0309564916379095 0.020158926624543754 0.39675621933249422 0.29183619088991281
decision_type=2 2 2 2 2 2 2 2 2 2 2 2 2 2 2 2 2 2 2 2 2 2 2 2 2 2 2 2 2 2
left_child=6 3 -3 -2 5 -5 7 -1 9 14 11 12 -11 -10 -9 16 -15 18 27 -20 25 -8 -23 -16 -25 26 -21 -17 29 -14
right_child=1 2 -4 4 -6 -7 21 8 13 10 -12 -13 28 15 23 17 -18 -19 19 20 -22 22 -24 24 -26 -27 -28 -29 -30 -31
leaf_value=-3.5101232105573919e-06 -0.0010131614688725676 0.0022956001095008108 1.253242962530581e-05 0.0020201213333941137 -0.00060377948218956598 0.0053134497278369969 8.6585343815386302e-05 -0.0046011904409221779 0.00054888283422028876 -0.001856516916304827 -0.0026619315589383498 -0.0037532607908360664 0.003303188319717135 -0.00048581513519575065 0.00064615205187222059 -0.0020082924782764168 0.0032134839150655481 1.0066641597047778e-05 0.0014907940509147012 -0.0036097005108604212 0.00090639660560080547 0.00050542287173725318 0.0045035789882683242 -0.004931262025126705 -0.00097145100088608972 -0.0041514706280681175 0.00029363710470663921 -0.0059364083733054853 0.0042564775975188242 7.5810903643007177e-05
leaf_weight=3956 20 35 11637 54 20 20 70 35 329 30 59 20 35 74 29 20 28 79 20 20 23 21 23 27 72 35 28 21 20 65
leaf_count=3956 20 35 11637 54 20 20 70 35 329 30 59 20 35 74 29 20 28 79 20 20 23 21 23 27 72 35 28 21 20 65
internal_value=-9.71111e-13 3.47194e-05 1.93785e-05 0.00160541 0.00216255 0.00291021 -7.96269e-05 -0.000105365 -0.000482295 -0.00109066 -0.000358715 0.000440636 0.000999822 -0.000130039 -0.00211897 -0.000771892 0.000529679 -0.00131157 -0.00193677 -0.00125881 -0.00177761 0.00105489 0.00259537 -0.00144024 -0.0020514 -0.00252137 -0.00133275 -0.00402025 0.00171391 0.00120539
internal_weight=16925 11786 11672 114 94 74 5139 5025 1069 392 229 170 150 677 163 348 102 246 167 126 106 114 44 128 99 83 48 41 120 100
internal_count=16925 11786 11672 114 94 74 5139 5025 1069 392 229 170 150 677 163 348 102 246 167 126 106 114 44 128 99 83 48 41 120 100
is_linear=0
shrinkage=0.1


Tree=63
num_leaves=31
num_cat=0
split_feature=0 5 3 5 4 4 4 1 2 5 3 0 2 5 5 4 2 0 4 5 5 1 2 3 5 2 4 0 2 2
split_gain=0.00467638 0.0297383 0.0260619 0.0220508 0.016831 0.01495 0.0145328 0.023639 0.0288966 0.0247804 0.0188968 0.0204194 0.0393831 0.0249355 0.0207787 0.0197669 0.0291118 0.0243517 0.0174982 0.0215452 0.0216084 0.0184202 0.0165482 0.0160976 0.0376519 0.0200676 0.017476 0.0153649 0.0152914 0.0162689
threshold=0.084039548022598873 0.27661656106259402 1.0068572966335816 0.24735814605313403 0.0016417795720781502 0.0079424945097579022 0.012777661752663002 0.18555127014496622 0.12198443282617726 0.3032460333746263 1.0148084909528645 0.17349498327759191 0.11506273281926661 0.10673729609255257 0.71768484548334455 0.0095927914225555026 0.18810162000329936 0.16515151515151513 0.0048505778491067008 0.086401799972196255 0.072562571751132524 0.15912323958274968 0.24010651657923449 1.0006838903605497 0.026746334566336103 0.047232247813761959 0.0018292314266789003 0.30839160839160845 0.20232475446743217 0.24010651657923449
decision_type=2 2 2 2 2 2 2 2 2 2 2 2 2 2 2 2 2 2 2 2 2 2 2 2 2 2 2 2 2 2
left_child=1 2 3 4 -1 -6 10 9 -9 22 11 13 -13 18 27 17 -17 28 21 20 -20 23 -8 25 -25 -2 -27 -14 -15 -30
right_child=6 -3 -4 -5 5 -7 7 8 -10 -11 -12 12 14 15 -16 16 -18 -19 19 -21 -22 -23 -24 24 -26 26 -28 -29 29 -31
leaf_value=-0.00010447253509970219 -0.0020514963803262534 -0.0032940718228928745 0.0031227589802696343 0.0032491698990191292 0.0010039259009443832 -0.0016559651616262273 0.00037811036438948373 -0.003052207640552473 4.5650461130970278e-06 0.003411369437291738 0.00035564675105918917 -0.0035868099057552172 -0.0004699879114259338 -0.00039821565760046252 0.0024040676992047919 0.0029159508364532015 -0.0014293979720345566 0.0023034195658854311 1.8398102971642825e-05 -0.0023505016000743843 0.0032914035467673901 -0.0037216418628724154 0.0030663671316384961 -0.00010401717294631194 -0.0038997547873842286 -0.0020876991019273799 0.0011375740341983537 -0.0017221671851385932 0.002188167367833403 -0.00027807801994236391
leaf_weight=836 44 24 31 23 260 23 499 31 12907 31 418 48 482 412 22 58 21 45 164 33 23 26 24 56 49 21 84 123 53 54
leaf_count=836 44 24 31 23 260 23 499 31 12907 31 418 48 482 412 22 58 21 45 164 33 23 26 24 56 49 21 84 123 53 54
internal_value=-3.89062e-12 0.000190537 0.000261834 0.000184173 0.000121175 0.000787751 -1.45011e-05 2.46313e-05 -2.75911e-06 0.0006643 -0.000250625 -0.000390021 -0.000826131 -0.000132476 -0.000614787 0.000279399 0.00176086 7.18895e-05 -0.000662148 5.24099e-06 0.00042096 -0.00118652 0.000501472 -0.000927025 -0.00187536 -0.000258734 0.000492519 -0.000724563 -0.000121596 0.00094352
internal_weight=16925 1197 1173 1142 1119 283 15728 13492 12938 554 2236 1818 675 1143 627 643 79 564 500 220 187 280 523 254 105 149 105 605 519 107
internal_count=16925 1197 1173 1142 1119 283 15728 13492 12938 554 2236 1818 675 1143 627 643 79 564 500 220 187 280 523 254 105 149 105 605 519 107
is_linear=0
shrinkage=0.1


Tree=64
num_leaves=31
num_cat=0
split_feature=2 0 5 4 3 5 2 5 1 5 1 0 2 2 4 0 3 5 3 5 4 0 4 4 0 3 3 0 5 3
split_gain=0.00484291 0.0231018 0.0282889 0.0178027 0.0138113 0.013401 0.013186 0.01174 0.0123939 0.0100619 0.00862629 0.0132435 0.0141591 0.00772405 0.00771181 0.0204062 0.0154398 0.0340529 0.052999 0.0282177 0.0302343 0.0333366 0.0211603 0.0210186 0.0188236 0.015094 0.0170962 0.0309207 0.0146807 0.0142378
threshold=0.029284908012114304 0.14415584415584412 0.06781078891791921 0.0060558449135106008 1.0040217744874309 0.22451284209418557 1.0000000180025095e-35 0.007481283769174351 0.029003977664170753 0.019891738566882752 0.057800141647798002 0.07207792207792206 0.0085218197574775511 0.016081733349366554 0.012777661752663002 0.22318007662835249 1.0022452742527939 0.15369574332033845 1.0008248272658653 0.15691493115119257 0.016491182551466154 0.18274582560296848 0.015997283551068903 0.018125189704214503 0.20169491525423733 1.0501646228670813 1.0163889852341568 0.14946808510638296 0.11065443567788892 1.0290885585440597
decision_type=2 2 2 2 2 2 2 2 2 2 2 2 2 2 2 2 2 2 2 2 2 2 2 2 2 2 2 2 2 2
left_child=1 2 4 5 6 10 9 13 -9 -1 11 12 -4 -8 -2 16 17 22 -19 28 21 -21 -16 -22 -24 26 -25 -28 -18 -29
right_child=14 -3 3 -5 -6 -7 7 8 -10 -11 -12 -13 -14 -15 15 -17 19 18 -20 20 23 -23 24 25 -26 -27 27 29 -30 -31
leaf_value=-0.00029453136404131164 -0.00015892149422542273 -0.0021713236825437183 0.00061068385871356889 0.0037394815124571325 0.0016624280386359283 -0.0014534975378774108 0.00079041842348693365 -0.0038838634607740322 -0.0006175544334664231 0.0013661051826420589 0.0025065227996471321 -0.0013031139443426031 0.003222585252710972 -0.0014078192408443571 0.0038137990715248248 -7.7619611234807658e-06 0.00057045752222289927 2.0986549197388276e-05 -0.0043974580422842082 0.0062952275900170209 -0.0016204835200268363 0.0011808956534458469 -0.0018522320085182964 0.0021925842458171522 0.0023818276850284918 0.0038211151534183461 0.003757801544409068 -0.0018003658411709532 -0.0012046952218143917 0.00065475175175450605
leaf_weight=135 2871 36 73 27 38 20 31 26 21 50 43 23 29 33 28 12744 132 121 35 25 27 26 21 79 21 22 21 44 72 51
leaf_count=135 2871 36 73 27 38 20 31 26 21 50 43 23 29 33 28 12744 132 121 35 25 27 26 21 79 21 22 21 44 72 51
internal_value=-6.70028e-13 0.000282707 0.000443627 0.00133832 -0.0001323 0.000993478 -0.000362705 -0.00122436 -0.00242445 0.000154289 0.00128478 0.000864506 0.00135328 -0.000343048 -1.01214e-05 2.15962e-05 0.000537653 -0.00014807 -0.000970331 0.00084822 0.00147356 0.00368792 0.0016844 0.00101072 0.000264798 0.0013381 0.00105797 0.000285259 -5.6067e-05 -0.000482355
internal_weight=16925 585 549 215 334 188 296 111 47 185 168 125 102 64 16340 13469 725 226 156 499 295 51 70 244 42 217 195 116 204 95
internal_count=16925 585 549 215 334 188 296 111 47 185 168 125 102 64 16340 13469 725 226 156 499 295 51 70 244 42 217 195 116 204 95
is_linear=0
shrinkage=0.1


Tree=65
num_leaves=31
num_cat=0
split_feature=0 4 2 2 2 1 2 2 4 0 5 3 3 3 1 1 5 5 1 2 5 4 3 5 5 2 4 5 5 5
split_gain=0.00478368 0.0193687 0.0155456 0.0381444 0.016584 0.0131045 0.0105937 0.0148738 0.00866804 0.0247302 0.0212377 0.0161285 0.0150719 0.0219711 0.0187759 0.0240654 0.022388 0.0132597 0.0244369 0.0132343 0.0127327 0.0119303 0.0117778 0.0150317 0.0175397 0.0143746 0.00979959 0.00976728 0.0249658 0.0322946
threshold=0.031754032258064509 0.00014751373249445005 0.10770785633190061 0.076621545249306353 0.036444140663764509 0.023752669249982952 0.062923856532704311 0.016081733349366554 0.00090450457180900009 0.063164893617021267 0.19798240473898124 1.0027917683936225 1.0008248272658653 1.1433623633822243 0.023752669249982952 0.06211730062439811 0.10673729609255257 0.056238310426789111 0.085645110125011872 0.11130538252544152 0.01384013657137635 0.00036443492302620008 1.0008248272658653 0.12813215878959727 0.072562571751132524 0.029284908012114304 0.00055375499051170016 0.16521493425875808 0.21847671293716756 0.22451284209418557
decision_type=2 2 2 2 2 2 2 2 2 2 2 2 2 2 2 2 2 2 2 2 2 2 2 2 2 2 2 2 2 2
left_child=1 6 3 4 5 -3 7 -1 12 10 11 22 14 -14 26 16 20 21 -19 -20 -16 -17 23 24 -10 -24 -2 -11 -29 -30
right_child=8 2 -4 -5 -6 -7 -8 -9 9 27 -12 -13 13 -15 15 17 -18 18 19 -21 -22 -23 25 -25 -26 -27 -28 28 29 -31
leaf_value=-8.7004562853756152e-05 0.0013096507757115339 2.8406978800784851e-05 0.0036311635980382563 -0.0030188665760721525 0.0032594344232763565 0.0028813815720024564 0.00080241089324570379 -0.0029204567828855946 0.001026393637889563 -0.00021563815698525304 0.0040454042615324613 0.0025968669313251192 0.00055079643969630561 -0.0029103740956634284 -0.0028683804699020194 -0.0038402098859660326 -0.0050922339626898374 0.0023833594664665727 -0.0025422908241550129 -0.00016322115036430506 -0.00013044004356770804 -0.00077854835162205352 0.00094527141348711068 0.0032359777145426379 -0.0020825417975530677 -0.0023145376516866588 -0.00075636611053548567 0.00053827838752816288 -0.0016257337061688305 2.4161308160886136e-06
leaf_weight=44 58 69 21 23 35 21 36 32 86 1978 21 38 221 20 35 20 24 32 30 106 33 35 24 22 23 31 38 877 123 12769
leaf_count=44 58 69 21 23 35 21 36 32 86 1978 21 38 221 20 35 20 24 32 30 106 33 35 24 22 23 31 38 877 123 12769
internal_value=9.46955e-13 0.000409159 0.00108503 0.000723752 0.00141239 0.000694101 -0.000610679 -0.00128004 -6.90782e-06 7.66367e-06 0.00100463 0.000719552 -0.000364312 0.000263562 -0.000732481 -0.00110561 -0.00246643 -0.000544198 -0.000102992 -0.000688016 -0.00153967 -0.00189188 0.000336015 0.000851625 0.00037038 -0.000892076 0.000491852 -7.84758e-06 2.20028e-05 -1.31177e-05
internal_weight=16925 281 169 148 125 90 112 76 16644 15992 245 224 652 241 411 315 92 223 168 136 68 55 186 131 109 55 96 15747 13769 12892
internal_count=16925 281 169 148 125 90 112 76 16644 15992 245 224 652 241 411 315 92 223 168 136 68 55 186 131 109 55 96 15747 13769 12892
is_linear=0
shrinkage=0.1


Tree=66
num_leaves=31
num_cat=0
split_feature=4 4 3 2 3 0 0 0 5 0 0 4 5 5 1 3 3 0 4 3 4 3 4 3 2 2 4 5 4 5
split_gain=0.00426922 0.0149733 0.0299644 0.0230488 0.0304588 0.0178349 0.0133698 0.0127611 0.0125174 0.0114552 0.014256 0.0111055 0.0104871 0.0101109 0.0413369 0.0197014 0.0156874 0.0142958 0.0168922 0.0162938 0.015366 0.0100597 0.0146429 0.0213022 0.00995436 0.0207296 0.0134025 0.0112529 0.00985864 0.00958253
threshold=0.16475341258721948 0.16968799885097666 1.1231654932906254 0.54232039376496433 1.0323134714664681 0.30094339622641514 0.47114317425083246 0.46225071225071229 0.86403930241266846 0.95293466223698797 0.93813775510204089 0.033063567325753059 0.46386281539405844 0.92262882362568888 0.79581729130294088 1.1298924434505178 1.0575383141091734 0.91341829085457293 0.082309948910442757 1.0624928485739529 0.11108679762504561 1.2390000898492741 0.29687983362966919 1.1400605493898344 0.29666283766733026 0.33520688056464459 0.55634721549401445 0.35379191141565841 0.13120457082110323 0.30930318290760034
decision_type=2 2 2 2 2 2 2 2 2 2 2 2 2 2 2 2 2 2 2 2 2 2 2 2 2 2 2 2 2 2
left_child=8 2 3 -2 -5 -3 7 12 9 10 -1 -10 21 17 -15 16 -16 18 -13 -20 -19 22 23 29 -8 26 -26 -28 -11 -7
right_child=1 5 -4 4 -6 6 24 -9 11 28 -12 13 -14 14 15 -17 -18 20 19 -21 -22 -23 -24 -25 25 -27 27 -29 -30 -31
leaf_value=-1.957053393568171e-05 0.0023430001247339905 -0.0029340792371658608 0.0043233020444555827 0.0007760315191828542 -0.0037641842459296723 0.00055589655911110947 0.0015517737206426404 0.0029616039448782158 0.00063149639442351398 0.00032907864996090986 -0.0026275443090569405 -0.00032430512510472909 0.0025146089111027932 0.0036094365599141881 -0.0010835653035125385 0.0010431736143800662 -0.0040992182492197533 -0.0020925906259799377 -0.0020164210232906043 -0.0057535464502871045 0.001827355914283544 0.0017912304017227145 -0.0010808310421133365 0.002037079200205866 -6.9864369773616402e-06 3.0853482165036905e-05 -0.004150089528411627 -0.00096770209725946196 0.003061965374614705 -0.0015696809734340367
leaf_weight=11011 39 20 24 45 22 48 42 23 55 33 21 24 24 22 69 32 23 20 28 20 20 40 74 63 30 4948 25 20 22 38
leaf_count=11011 39 20 24 45 22 48 42 23 55 33 21 24 24 22 69 32 23 20 28 20 20 40 74 63 30 4948 25 20 22 38
internal_value=7.70687e-13 7.21434e-05 0.00113266 0.000410249 -0.000714786 4.65888e-05 5.76796e-05 0.000695182 -3.49642e-05 -1.73579e-05 -2.4535e-05 -0.000658611 0.000513552 -0.000933634 -0.000385335 -0.00109408 -0.00183748 -0.00164838 -0.00249047 -0.00357356 -0.000132617 0.000330946 6.90119e-05 0.000640075 1.86617e-05 5.84256e-06 -0.00164421 -0.0027357 0.00142223 -0.000383312
internal_weight=16925 5525 130 106 67 5395 5375 310 11400 11087 11032 313 287 258 146 124 92 112 72 48 40 263 223 149 5065 5023 75 45 55 86
internal_count=16925 5525 130 106 67 5395 5375 310 11400 11087 11032 313 287 258 146 124 92 112 72 48 40 263 223 149 5065 5023 75 45 55 86
is_linear=0
shrinkage=0.1


Tree=67
num_leaves=31
num_cat=0
split_feature=0 4 5 0 5 1 2 5 5 5 5 2 2 2 1 5 5 2 1 0 1 3 5 5 0 2 3 5 1 4
split_gain=0.00435264 0.026566 0.0139594 0.0168352 0.0156046 0.0139063 0.0252157 0.0110203 0.0154522 0.0120642 0.0117762 0.0109591 0.0107877 0.0200026 0.0243267 0.0233411 0.0338713 0.0259827 0.0167096 0.0144992 0.00966964 0.0201941 0.0192409 0.00994325 0.00957206 0.0229204 0.0117406 0.0144709 0.0151905 0.0130206
threshold=0.12220009955201593 0.0031209427525326506 0.30080241070625841 0.091750841750841708 0.24735814605313403 0.070640028796701559 0.052206843354915058 0.19162063373001917 0.13518893847201183 0.093079613136013525 0.019891738566882752 0.19808015953669372 0.099805421504675362 0.10770785633190061 0.052511439239757457 0.11065443567788892 0.13255576147916356 0.11888045553386946 0.066421497023710904 0.077677224736048267 0.040882089863048858 1.0004210467487633 0.01384013657137635 0.13884747689295374 0.07207792207792206 0.099805421504675362 1.0111252082521587 0.15691493115119257 0.089153544020236272 0.023887289051648053
decision_type=2 2 2 2 2 2 2 2 2 2 2 2 2 2 2 2 2 2 2 2 2 2 2 2 2 2 2 2 2 2
left_child=1 2 3 4 11 6 -2 8 9 10 -5 12 18 -14 -15 17 -17 -16 20 -20 -1 22 -22 -24 25 -3 27 28 -26 -28
right_child=5 24 -4 7 -6 -7 -8 -9 -10 -11 -12 -13 13 14 15 16 -18 -19 19 -21 21 -23 23 -25 26 -27 29 -29 -30 -31
leaf_value=0.00013735080128233053 0.00037356181219885392 0.00066587111783867822 -0.0025341654398843001 3.4762275240877098e-05 0.0023006090203360205 -1.1246678381605892e-05 -0.0035428872285035232 0.000759978081774095 -0.0033879401551773001 0.0012677241682963955 -0.0024195454346582941 0.0022878911057930616 -0.0026909883232101015 0.0025481983171110707 0.00090706821855093269 0.0042506841231079303 -0.0004231329312618903 -0.002436042535418357 0.0013970886398096433 -0.00075726656792446596 -0.0034437227159893761 0.00088699015869511937 0.00024582587724106145 -0.0023802851360025155 0.00066853717637261278 0.0047077660194190692 0.0028661318167689303 0.0013137547223181925 -0.00085143222577469663 -0.00023393950425088406
leaf_weight=454 35 47 23 34 31 15039 31 29 30 22 46 21 38 28 32 20 69 85 157 39 36 49 46 21 144 20 42 116 121 20
leaf_count=454 35 47 23 34 31 15039 31 29 30 22 46 21 38 28 32 20 69 85 157 39 36 49 46 21 144 20 42 116 121 20
internal_value=2.45551e-12 0.000146095 -9.22885e-05 -4.86497e-05 8.81119e-05 -1.7603e-05 -0.00146598 -0.00100513 -0.00139292 -0.000806149 -0.00137646 2.5475e-05 -1.87622e-05 -0.00056297 -0.000217395 -0.000593301 0.000627163 -0.00152169 0.000165807 0.000968416 -9.37826e-05 -0.000784141 -0.00157915 -0.000577284 0.000758415 0.00187241 0.000589933 0.000382261 -2.54866e-05 0.00186611
internal_weight=16925 1820 1310 1287 1126 15105 66 161 132 102 80 1095 1074 272 234 206 89 117 802 196 606 152 103 67 510 67 443 381 265 62
internal_count=16925 1820 1310 1287 1126 15105 66 161 132 102 80 1095 1074 272 234 206 89 117 802 196 606 152 103 67 510 67 443 381 265 62
is_linear=0
shrinkage=0.1


Tree=68
num_leaves=31
num_cat=0
split_feature=4 3 3 1 0 4 1 4 1 1 3 0 2 5 3 0 4 0 2 2 1 5 2 1 5 5 1 2 1 4
split_gain=0.00411311 0.013399 0.0145512 0.0160323 0.0321645 0.018084 0.0104811 0.0103782 0.0268256 0.00976536 0.00954952 0.0246648 0.00869133 0.00832843 0.0150964 0.0224656 0.013088 0.0168231 0.0117581 0.0173516 0.0115182 0.0151617 0.00856712 0.00834994 0.0096957 0.00793349 0.00766978 0.0076054 0.00738489 0.00583276
threshold=0.67752856669506323 1.3015535049891904 1.4937443211890054 0.40741797149171166 0.97259759759759767 0.84053082660468392 0.52073892293074853 0.84053082660468392 0.445345287453214 0.46703176480576625 1.4439106845072065 0.63299319727891168 0.46247722135161068 0.31842948086352901 1.9470621346688983 0.85839598997493749 1.1187463631221781 0.90521114106019784 0.50542947815900818 0.52842898556043227 0.36683758109596493 0.37556099867480724 0.40275168561783131 0.35916263757964445 0.38097406523647909 0.34199624379691024 0.32373591842096566 0.41159179650263727 0.34892633458253597 0.48501478541153359
decision_type=2 2 2 2 2 2 2 2 2 2 2 2 2 2 2 2 2 2 2 2 2 2 2 2 2 2 2 2 2 2
left_child=29 -2 6 5 7 -4 9 -5 -9 10 11 -3 -13 14 16 -16 -7 22 23 -20 28 -22 -18 24 25 -15 -17 -26 -21 -1
right_child=1 2 3 4 -6 13 -8 8 -10 -11 -12 12 -14 18 15 26 17 -19 19 20 21 -23 -24 -25 27 -27 -28 -29 -30 -31
leaf_value=-2.906277144876749e-07 0.0021027396562405759 -0.0020558411655469968 0.0022174566444989881 0.00085659665700014954 -0.0013859904668061063 0.0015903580976494901 -0.0026762620262477713 0.0014539400484971019 0.0059353800617497074 0.0016158527375886309 -0.002089850697019655 0.0023334589095846299 -0.0003403629828244448 0.00055310514955116174 0.004156862826936919 0.0013276668065892799 -0.00036806162097491324 0.0012677310034632683 -0.0036492366809397938 -0.00069945234106853608 -0.0035443158354610208 -0.00035250266846560409 -0.0026158171843212001 0.0017327106140297038 0.0022360941458662801 -0.0018370520591838059 -0.0011271766945719719 -0.00012390784945132005 0.0019279546235971478 -0.00034075653748844232
leaf_weight=15560 36 39 38 28 30 30 23 34 22 21 36 31 20 21 23 35 30 28 22 20 22 46 39 29 22 41 20 36 23 520
leaf_count=15560 36 39 38 28 30 30 23 34 22 21 36 31 20 21 23 35 30 28 22 20 22 46 39 29 22 41 20 36 23 520
internal_value=-6.62397e-13 0.000215048 0.000131047 0.000349797 0.00142471 0.000116387 -0.000691198 0.00242854 0.00321451 -0.000380609 -0.000713353 -0.000162754 0.0012849 -4.75568e-05 0.000437469 0.00153247 -0.000235051 -0.000799611 -0.000400146 -0.0010836 -0.000575101 -0.00138515 -0.00163853 0.00020992 -0.000158088 -0.00102748 0.000434996 0.000771265 0.000705905 -1.13007e-05
internal_weight=16925 845 809 639 114 525 170 84 56 147 126 90 51 487 205 78 127 97 282 133 111 68 69 149 120 62 55 58 43 16080
internal_count=16925 845 809 639 114 525 170 84 56 147 126 90 51 487 205 78 127 97 282 133 111 68 69 149 120 62 55 58 43 16080
is_linear=0
shrinkage=0.1


Tree=69
num_leaves=31
num_cat=0
split_feature=0 4 5 3 0 2 3 3 2 5 3 2 1 1 4 3 4 2 3 3 3 2 0 2 2 1 5 5 4 5
split_gain=0.00389702 0.0213386 0.0201305 0.010992 0.0189769 0.011886 0.024508 0.0147801 0.020911 0.015955 0.0139674 0.0113858 0.014849 0.0098298 0.00862156 0.0077812 0.00757351 0.0231479 0.0245096 0.014185 0.0117422 0.0252241 0.0112215 0.00977053 0.018847 0.0100788 0.0122119 0.0151348 0.00860185 0.0395599
threshold=0.047065337763012159 0.0016417795720781502 0.20473858472812773 1.0000338291605451 0.019419306184012056 0.016081733349366554 1.0001581310186152 1.0002466771110343 0.057075399593878307 1.0000000180025095e-35 1.0007637416579087 0.099805421504675362 0.066421497023710904 0.045965538831555859 0.00014751373249445005 1.0000981857622946 0.00090450457180900009 0.052206843354915058 1.0000515830402554 1.1433623633822243 1.0051202155943313 0.19808015953669372 0.063164893617021267 0.081301503445926807 0.11888045553386946 0.070640028796701559 0.12001196082179642 0.026746334566336103 0.0018292314266789003 0.19162063373001917
decision_type=2 2 2 2 2 2 2 2 2 2 2 2 2 2 2 2 2 2 2 2 2 2 2 2 2 2 2 2 2 2
left_child=1 2 3 11 -5 6 -6 8 -7 -9 -11 12 13 14 -1 -10 17 18 -2 20 -19 -22 23 25 -25 26 27 -18 29 -24
right_child=16 -3 -4 4 5 7 -8 9 15 10 -12 -13 -14 -15 -16 -17 22 19 -20 -21 21 -23 28 24 -26 -27 -28 -29 -30 -31
leaf_value=-0.0010958853238844314 -0.0038276441190769339 0.00251647867829515 -0.0022990212841911919 0.0032086488462044617 -0.0030264650919923078 0.0038498779000292419 0.00065226555706679153 -0.0020189992619971571 -0.00067089268565177925 -0.00081585069885477431 0.0028355227084830405 -0.0018361668617121484 0.002384660284466615 -0.0021957339543761285 0.00059320569454702436 0.0019402017312434813 0.0015581100471402951 -0.0004158068445666182 -0.00044681252546462357 -0.002645755084231496 0.0035967783286021309 0.00015857364400779096 -0.0013340849190213683 -0.0017832662278254117 0.00152249604682712 0.0033325916422264918 0.0030906278337351979 -0.0013699578476183477 2.4406007771725158e-06 0.0018573950915597378
leaf_weight=45 37 39 33 27 27 32 55 27 25 20 22 38 24 23 92 21 41 193 51 20 26 119 174 35 34 21 20 31 15523 50
leaf_count=45 37 39 33 27 27 32 55 27 25 20 22 38 24 23 92 21 41 193 51 20 26 119 174 35 34 21 20 31 15523 50
internal_value=-3.64298e-12 0.000261825 8.97477e-05 0.000254663 0.000701223 0.000405588 -0.000559024 0.00094367 0.00188677 -0.000122442 0.00109677 -0.00026029 6.51633e-05 -0.000282761 3.83948e-05 0.000521129 -8.79413e-06 -0.000415223 -0.0018683 -5.80428e-05 9.50763e-05 0.000775079 2.58558e-06 0.000783304 -0.00015434 0.00135585 0.000904635 0.000297414 -6.43777e-06 -0.000621701
internal_weight=16925 550 511 478 256 229 82 147 78 69 42 222 184 160 137 46 16375 446 88 358 338 145 15929 182 69 113 92 72 15747 224
internal_count=16925 550 511 478 256 229 82 147 78 69 42 222 184 160 137 46 16375 446 88 358 338 145 15929 182 69 113 92 72 15747 224
is_linear=0
shrinkage=0.1


Tree=70
num_leaves=31
num_cat=0
split_feature=4 4 5 0 1 5 3 5 5 2 2 1 1 1 1 2 3 0 1 2 3 3 1 1 5 4 0 0 3 4
split_gain=0.00383894 0.00972451 0.0218091 0.00966693 0.026501 0.0172702 0.0153561 0.0115184 0.0285616 0.0182253 0.0227195 0.0232537 0.0222331 0.0186677 0.0232294 0.0185469 0.0282161 0.0171994 0.0165662 0.0151849 0.0147441 0.076566 0.0683869 0.0337793 0.0335301 0.0339499 0.033725 0.0329518 0.0259784 0.0324443
threshold=0.24564213800642684 0.24986333713899725 0.54993412063881408 0.63003220611916277 0.48505889813322017 0.44787849858690082 1.3100682772951584 0.65835504855097182 0.64819568693522767 0.55078945763457643 0.57599417051962509 0.65118634282193566 0.66557569778952674 0.6283161060382908 0.60792036322966092 0.70459320676104442 1.0240593258908965 0.8426212590299279 0.76434107288367759 0.64459334488575171 1.0480715876649989 1.0005424719430749 0.50713374078153206 0.54349904135502569 0.62658735918057884 0.32997151528534602 0.87066905615292722 0.75219298245614052 1.224302774615089 0.67752856669506323
decision_type=2 2 2 2 2 2 2 2 2 2 2 2 2 2 2 2 2 2 2 2 2 2 2 2 2 2 2 2 2 2
left_child=-1 2 -2 4 5 -3 -7 8 20 -9 -11 13 15 14 -12 16 -13 -10 -14 -16 21 23 -23 -5 25 27 -27 -24 -22 -30
right_child=1 3 -4 7 -6 6 -8 9 17 10 11 12 18 -15 19 -17 -18 -19 -20 -21 28 22 24 -25 -26 26 -28 -29 29 -31
leaf_value=-2.5212729665794882e-05 -0.0014452736475504937 3.1954427524599143e-05 0.0025234859018948758 0.0024160962014104287 0.0038526407400654122 0.0006249661388492186 0.0032094098497456054 0.0026646352350531569 -0.0044326784139823014 -0.0023377763825598833 0.0014558000524180332 -0.00066269320146790866 0.00047834479618412916 0.0021682952986157036 0.00056291795582651637 0.00076238610993393445 -0.0054119262254310099 -0.00095037022240560595 -0.00075166741863641722 -0.0024270727186896175 0.00081910113389782168 -0.0075478558384236838 -0.0031225147592867245 -0.0001133231626851845 0.0023498281463980677 -0.0063589374086371183 -0.0018694505514180162 0.001219341208078814 -0.00094786403225290703 0.00022803967512927795
leaf_weight=13220 20 432 45 63 22 71 34 31 23 34 93 29 457 100 33 22 22 37 144 35 372 21 29 326 20 27 44 44 346 729
leaf_count=13220 20 432 45 63 22 71 34 31 23 34 93 29 457 100 33 22 22 37 144 35 372 21 29 326 20 27 44 44 346 729
internal_value=2.40187e-12 8.99628e-05 0.00130233 6.83134e-05 0.000450903 0.00031154 0.00146183 -1.10159e-06 -0.000135135 0.000277822 0.000201464 0.0002938 -1.65349e-05 0.0010952 0.000428684 -0.00166449 -0.00271138 -0.00228526 0.000183633 -0.000976048 -7.13019e-05 -0.000500151 -0.00217491 0.000296326 -0.00148691 -0.00201979 -0.00357672 -0.000505506 9.88152e-05 -0.000150437
internal_weight=16925 3705 65 3640 559 537 105 3081 2081 1000 969 935 674 261 161 73 51 60 601 68 2021 574 185 389 164 144 71 73 1447 1075
internal_count=16925 3705 65 3640 559 537 105 3081 2081 1000 969 935 674 261 161 73 51 60 601 68 2021 574 185 389 164 144 71 73 1447 1075
is_linear=0
shrinkage=0.1


Tree=71
num_leaves=31
num_cat=0
split_feature=2 0 5 4 5 3 2 5 2 5 1 3 3 0 4 0 2 5 3 3 4 5 4 1 3 5 1 3 4 5
split_gain=0.00377164 0.0183154 0.0218872 0.014177 0.0105514 0.0100519 0.0100196 0.0101164 0.011172 0.0078649 0.00657269 0.0101223 0.0145485 0.014559 0.00610863 0.022566 0.0269102 0.0246696 0.0326821 0.0254957 0.0521108 0.0259494 0.0282992 0.0205521 0.0189668 0.0237893 0.0202571 0.0173812 0.0173615 0.0276803
threshold=0.029284908012114304 0.14415584415584412 0.06781078891791921 0.0060558449135106008 0.22451284209418557 1.0040217744874309 1.0000000180025095e-35 0.007481283769174351 0.016081733349366554 0.019891738566882752 0.057800141647798002 1.0000001136767176 1.0001581310186152 0.047065337763012159 0.029317645315857253 0.34178433889602056 0.21109712938497641 0.35049356027640949 1.0053100241536783 1.1298924434505178 0.17163128551578141 0.25957280136767291 0.12182849494255302 0.2288694749569595 1.0151872873914924 0.36954990111765185 0.33929825415882325 1.017651844929174 0.03977591363889136 0.42877336355828971
decision_type=2 2 2 2 2 2 2 2 2 2 2 2 2 2 2 2 2 2 2 2 2 2 2 2 2 2 2 2 2 2
left_child=1 2 5 4 10 6 9 -8 -9 -1 11 -4 -13 -14 -2 17 -17 19 -19 20 21 -16 23 27 -20 -26 -27 -23 29 -18
right_child=14 -3 3 -5 -6 -7 7 8 -10 -11 -12 12 13 -15 15 16 28 18 24 -21 -22 22 -24 -25 25 26 -28 -29 -30 -31
leaf_value=-0.00025651759123084721 -0.00010716071871761644 -0.0019355812134260004 0.0020754307677270842 0.003322491591313371 -0.0012992624100297691 0.0014172851768977891 -0.00024337906193068194 -0.0036218055151402955 -0.00053199002498083498 0.001211666754563339 0.0021969427240925822 -0.0020016552009822232 0.0026878696616795088 -0.00040275085368193689 0.00063450183098266591 -0.0027090596198733594 0.0003025670520165998 5.9598742769469094e-05 0.0042329483760496309 0.0024696052968601126 -0.0038820243091322484 -0.0048615622706711294 0.0030903511983342469 -0.00034885406587861892 0.0046361380608730199 -0.00028435534978699356 0.0029565817428131901 -0.0012195035839747442 1.846261880458045e-05 -0.0013461034904987878
leaf_weight=135 4563 36 40 27 20 38 64 25 22 50 43 23 27 35 547 37 178 116 38 47 32 20 20 210 21 54 30 38 10151 238
leaf_count=135 4563 36 40 27 20 38 64 25 22 50 43 23 27 35 547 37 178 116 38 47 32 20 20 210 21 54 30 38 10151 238
internal_value=1.20269e-12 0.000249487 0.000392771 0.00117975 0.000872014 -0.000113817 -0.000310377 -0.00106149 -0.00217551 0.000140289 0.0011305 0.000763643 0.000146331 0.000943165 -8.93207e-06 2.91266e-05 -1.69122e-05 0.000445321 0.00130682 0.000201197 7.82272e-05 0.000229997 -0.00053828 -0.000809074 0.00231855 0.00162573 0.000873122 -0.00247539 -7.48572e-06 -0.000640663
internal_weight=16925 585 549 215 188 334 296 111 47 185 168 125 85 62 16340 11777 10604 1173 259 914 867 835 288 268 143 105 84 58 10567 416
internal_count=16925 585 549 215 188 334 296 111 47 185 168 125 85 62 16340 11777 10604 1173 259 914 867 835 288 268 143 105 84 58 10567 416
is_linear=0
shrinkage=0.1


Tree=72
num_leaves=31
num_cat=0
split_feature=0 4 1 2 5 0 5 2 5 5 5 2 2 5 5 3 5 2 2 5 1 3 2 5 1 1 3 3 2 0
split_gain=0.00361424 0.0201339 0.0110757 0.0209453 0.0108713 0.0129265 0.0129634 0.00887447 0.00867684 0.0122722 0.0095159 0.0100806 0.00778953 0.031864 0.018488 0.0130839 0.0109911 0.010942 0.0143911 0.0474911 0.0118592 0.011082 0.0142758 0.0158728 0.0348586 0.0117755 0.011869 0.00995303 0.0217613 0.00715817
threshold=0.12220009955201593 0.0031209427525326506 0.070640028796701559 0.052206843354915058 0.30080241070625841 0.091750841750841708 0.24735814605313403 0.19808015953669372 0.19162063373001917 0.13518893847201183 0.093079613136013525 0.072151759158743375 0.11888045553386946 0.11065443567788892 0.13518893847201183 1.0004844364999712 0.17323376707234334 0.11130538252544152 0.099805421504675362 0.10279440366696667 0.066421497023710904 1.0013453068950384 0.029284908012114304 0.07729996327479742 0.093318343729711262 0.074892482628737767 1.0000715908821134 1.0000338291605451 0.14195156515672655 0.07207792207792206
decision_type=2 2 2 2 2 2 2 2 2 2 2 2 2 2 2 2 2 2 2 2 2 2 2 2 2 2 2 2 2 2
left_child=1 4 3 -2 5 6 7 12 9 10 11 -7 17 15 -15 27 -16 18 20 -20 -1 22 -22 24 -24 -25 -27 28 -14 -3
right_child=2 29 -4 -5 -6 8 -8 -9 -10 -11 -12 -13 13 14 16 -17 -18 -19 19 -21 21 -23 23 25 -26 26 -28 -29 -30 -31
leaf_value=-8.0754132214730002e-05 0.00036792125303431285 0.0016295325839822527 -1.0367874040560395e-05 -0.0032015255412026762 -0.0022293142468223105 -0.0025413483462409315 0.0021005296163381106 0.0020627588078024842 0.00069221814869549773 -0.0029960345694174371 0.0011466776788107713 -0.00026110183005468879 0.00035135627147697267 0.0034569534750300505 -0.0015238983368572709 -0.0034471862658392639 0.0013076039263978602 0.0017236828399472871 0.00072587674264522166 -0.0054152564704418185 0.0031124982043522699 -0.0012481448422793462 9.1409639156024377e-06 0.0017703787214122713 0.0046682001387055678 -0.002461111009650832 0.00045242518050751346 0.00049849062407803207 -0.0041490863011197443 0.00052049371555332473
leaf_weight=606 35 67 15039 31 23 33 31 21 29 30 22 47 21 21 26 32 29 40 34 20 29 23 42 20 26 29 27 27 22 443
leaf_count=606 35 67 15039 31 23 33 31 21 29 30 22 47 21 21 26 32 29 40 34 20 29 23 42 20 26 29 27 27 22 443
internal_value=2.96037e-12 0.000133128 -1.60405e-05 -0.00130864 -7.44006e-05 -3.58901e-05 8.3948e-05 2.68576e-05 -0.000874013 -0.00121811 -0.00069519 -0.0012017 -1.29505e-05 -0.000617174 0.000932831 -0.00177208 -3.09244e-05 0.000107085 3.15429e-05 -0.00154862 0.000137938 0.000814097 0.00108827 0.000680611 0.00179055 -0.000312489 -0.00105637 -0.00100632 -0.0019512 0.000666191
internal_weight=16925 1820 15105 66 1310 1287 1126 1095 161 132 102 80 1074 178 76 102 55 896 856 54 802 196 173 144 68 76 56 70 43 510
internal_count=16925 1820 15105 66 1310 1287 1126 1095 161 132 102 80 1074 178 76 102 55 896 856 54 802 196 173 144 68 76 56 70 43 510
is_linear=0
shrinkage=0.1


Tree=73
num_leaves=31
num_cat=0
split_feature=5 0 3 1 0 4 3 1 5 4 0 5 4 1 1 0 5 2 5 1 1 0 1 5 5 4 5 3 4 5
split_gain=0.00376454 0.0170944 0.0290945 0.0219745 0.0158411 0.0308543 0.0311141 0.0349793 0.0305623 0.0304001 0.025587 0.0225358 0.0216455 0.0208737 0.0432601 0.0199897 0.0202013 0.0348732 0.0268053 0.0228403 0.0225824 0.0304572 0.0215717 0.0182151 0.0172654 0.0278211 0.0365195 0.023074 0.0206526 0.0166642
threshold=0.34452808544489061 0.26876172607879928 1.0766539490001412 0.2251975037295201 0.49038105808361082 0.025382954044942903 1.0029728787492378 0.34458656525734038 0.54993412063881408 0.004511941652621301 0.23145604395604394 0.34774707500527186 0.00045421448330245007 0.3719925113038321 0.40741797149171166 0.26442841287458385 0.40416065466214407 0.46819247025437588 0.42877336355828971 0.445345287453214 0.43923824838854147 0.47114317425083246 0.46020969229825515 0.56328458625012567 0.46115572060115978 0.03977591363889136 0.49854283058324284 1.0101791555662516 0.031582764329397557 0.58099061774162331
decision_type=2 2 2 2 2 2 2 2 2 2 2 2 2 2 2 2 2 2 2 2 2 2 2 2 2 2 2 2 2 2
left_child=1 2 -1 -4 5 6 7 -2 10 12 -7 -6 -8 -9 -15 -12 19 20 -19 -17 24 -22 -21 -10 -18 28 -27 -28 -26 -25
right_child=4 -3 3 -5 11 8 9 13 23 -11 15 -13 -14 14 -16 16 17 18 -20 22 21 -23 -24 29 25 26 27 -29 -30 -31
leaf_value=3.6492354986687691e-05 -0.00024314333756543516 -0.00026615709256322216 0.00072523787384852771 0.0049148237446345212 0.003245231212072429 0.0038972947746515278 0.00057401393229762718 -0.004755884346612279 0.0038982141853921349 -6.7670126983863821e-05 -0.0021756829866717456 -3.4848241425344176e-05 0.0051143674379480744 0.0020430662033587314 -0.0032781814956106244 0.0010810284879209583 -0.00048657649939018601 0.00439174044149695 0.0008163150777648529 -0.0033294010024595387 -0.00071856468290972875 -0.0049436942938799883 0.0007235879367538567 -0.00063784082686262479 0.00057383890229242829 0.0024666586063354845 -0.0016231317029989983 0.0014428926386042603 -0.0033023713846757475 0.0018701510399755158
leaf_weight=4007 167 2482 31 21 21 20 21 31 32 245 32 8172 21 22 50 458 351 24 166 24 76 22 29 35 27 102 54 45 28 109
leaf_count=4007 167 2482 31 21 21 20 21 31 32 245 32 8172 21 22 50 458 351 24 166 24 76 22 29 35 27 102 54 45 28 109
internal_value=-3.59883e-12 -5.94226e-05 6.69915e-05 0.00241719 3.7431e-05 0.000276273 -0.000366467 -0.00113703 0.000495371 0.000358456 0.00034511 -2.64409e-05 0.00284419 -0.00258635 -0.00165224 0.000295706 0.000351953 6.55386e-05 0.00126795 0.0008536 -0.000258515 -0.00166706 -0.00111173 0.00174014 -3.11052e-05 0.000593389 0.00113871 -0.000229484 -0.0013995 0.00126057
internal_weight=16925 6541 4059 52 10384 2191 557 270 1634 287 1458 8193 42 103 72 1438 1406 895 190 511 705 98 53 176 607 256 201 99 55 144
internal_count=16925 6541 4059 52 10384 2191 557 270 1634 287 1458 8193 42 103 72 1438 1406 895 190 511 705 98 53 176 607 256 201 99 55 144
is_linear=0
shrinkage=0.1


Tree=74
num_leaves=31
num_cat=0
split_feature=4 5 2 1 1 2 2 4 2 0 2 0 2 0 0 0 0 3 4 5 1 2 2 5 5 0 1 1 1 1
split_gain=0.00356823 0.0114415 0.00930849 0.020747 0.0190356 0.0195822 0.0242081 0.0188089 0.0169746 0.0362911 0.0249768 0.0340883 0.0303946 0.025935 0.0253634 0.02446 0.015801 0.0359732 0.0156323 0.0146896 0.0280296 0.0182828 0.0382781 0.0155677 0.0321842 0.0210493 0.0152818 0.0228617 0.0226963 0.0301066
threshold=0.32308826765304338 0.89075391310951157 0.72597357209188884 0.60199866524282075 0.56430650309960262 0.59648263865280982 0.55312698998261911 0.38808925848620079 0.61934480780306889 0.84680573663624525 0.69471029816589669 0.83034857691077724 0.70459320676104442 0.90824915824915842 0.95959183673469395 0.90098039215686299 0.9291979949874688 1.2548928199007963 0.34688589376087337 0.58099061774162331 0.50166351316484847 0.68201298435578883 0.65951872951394452 0.42472101176995963 0.41643954957842949 0.88303693570451447 0.50417091870603381 0.52703340615459815 0.4704578380356273 0.43352153505012947
decision_type=2 2 2 2 2 2 2 2 2 2 2 2 2 2 2 2 2 2 2 2 2 2 2 2 2 2 2 2 2 2
left_child=-1 2 3 4 19 6 -6 18 9 -5 11 -10 -12 -14 -15 -11 17 -9 -4 21 -21 22 23 24 -2 26 28 -28 29 -25
right_child=1 -3 7 8 5 -7 -8 16 10 15 12 -13 13 14 -16 -17 -18 -19 -20 20 -22 -23 -24 25 -26 -27 27 -29 -30 -31
leaf_value=-1.9561466130848653e-05 -9.5155922242099962e-06 0.0021950153839917714 0.00018529463491545725 0.0018676996205467733 0.0019633195303867981 0.0019428091069066636 -0.0016514950634287249 0.004614651265243689 -0.003343784119087187 -0.0048419319430430393 -0.0035837800139788449 0.00079360007475770544 0.0028795788374554833 -0.0035147494187445514 0.00045172622991039563 -0.0014220168959970276 -0.00067921064885086287 -0.00023858010577636641 0.0020867600765506304 0.00085380055027565484 -0.0020596640732358485 -0.0021378687596605981 0.0039372384712031043 0.00039125026322168105 -0.0037236885400488973 -0.0007775000093483129 0.0041952264708622049 0.0008172893085215679 -0.0015358420931512401 0.0032453579163089635
leaf_weight=14325 836 26 74 25 32 114 44 21 22 29 41 210 20 28 38 75 149 56 104 54 85 34 27 173 24 86 33 51 42 47
leaf_count=14325 836 26 74 25 32 114 44 21 22 29 41 210 20 28 38 75 149 56 104 54 85 34 27 173 24 86 33 51 42 47
internal_value=3.34272e-13 0.000107776 8.66929e-05 4.63961e-06 0.00017119 0.0011139 -0.000129468 0.000527425 -0.000569412 -0.00155329 -0.000215872 0.000401262 -0.00134323 -0.000275068 -0.00123102 -0.00237565 -7.81203e-05 0.00108503 0.00129626 5.11395e-05 -0.000927815 0.000151712 0.000210731 0.000132855 -0.000113167 0.00062262 0.000970627 0.00214434 0.000594323 0.00100099
internal_weight=16925 2600 2574 2170 1682 190 76 404 488 129 359 232 127 86 66 104 226 77 178 1492 139 1353 1319 1292 860 432 346 84 262 220
internal_count=16925 2600 2574 2170 1682 190 76 404 488 129 359 232 127 86 66 104 226 77 178 1492 139 1353 1319 1292 860 432 346 84 262 220
is_linear=0
shrinkage=0.1


Tree=75
num_leaves=31
num_cat=0
split_feature=5 1 3 3 4 4 0 3 1 4 0 4 1 3 3 5 2 5 2 2 2 5 3 1 5 0 3 1 2 4
split_gain=0.00359485 0.011457 0.0071518 0.0166336 0.012739 0.0165658 0.0097622 0.00954299 0.00898307 0.00886615 0.011031 0.00908687 0.00649921 0.00360049 0.00809606 0.00855388 0.00609908 0.014767 0.00860953 0.0142495 0.00812523 0.00666792 0.00462172 0.0113417 0.00348338 0.0158038 0.0235665 0.0177994 0.0141838 0.0330682
threshold=0.9080085203767605 0.70675582534744341 1.2643571023220275 1.127097564101003 0.11272940222369181 0.083564206269494276 0.98164983164983177 1.8400574384046358 0.88187714599038747 0.14948881959868496 0.91341829085457293 0.18889251157323098 0.91000965127206868 2.1403482171255366 2.0823579814317577 0.49591840936622739 0.54512793207504484 0.35049356027640949 0.96488976026534357 1.1781495661742019 0.62145080495979144 0.78249976809601007 2.0330271289142847 0.38306798419656768 0.34452808544489061 0.26876172607879928 1.0766539490001412 0.2251975037295201 0.26796581991649621 0.04972608306639726
decision_type=2 2 2 2 2 2 2 2 2 2 2 2 2 2 2 2 2 2 2 2 2 2 2 2 2 2 2 2 2 2
left_child=12 -2 3 4 5 8 9 -4 -3 -6 -11 -12 13 14 22 -16 -15 -18 20 -20 -19 -21 24 -24 25 26 28 -28 -1 -30
right_child=1 2 7 -5 6 -7 -8 -9 -10 10 11 -13 -14 16 15 -17 17 18 19 21 -22 -23 23 -25 -26 -27 27 -29 29 -31
leaf_value=-2.1003763848557443e-05 0.0019377466295346887 -0.0020776027986020955 -0.0031983929076453764 0.001755691733477371 0.0017447681647624722 -0.0036290197991407838 -0.0014515187447507155 -0.00030677096085855742 0.00027145154848013346 -0.0017508528583372635 -0.0007027992332587019 0.0022423370730724527 0.001206705068729611 0.0014788334994295311 -0.0027492187737317929 0.00010823912445630414 -0.0019490478576959245 8.0473436973989016e-05 -0.0020377036379650238 -6.9340429035946727e-05 0.0027004763788086011 0.0020947799086570742 0.0027839072793722154 -0.00044046865659765901 3.6496433109782635e-05 -0.00026128624563632449 0.00065467028912427215 0.0044252975640119985 0.00096125217322845134 -0.0028246741415932776
leaf_weight=3683 21 27 21 35 37 26 34 25 41 27 20 22 45 43 22 20 28 20 25 35 29 24 20 24 9791 2404 31 21 299 25
leaf_count=3683 21 27 21 35 37 26 34 25 41 27 20 22 45 43 22 20 28 20 25 35 29 24 20 24 9791 2404 31 21 299 25
internal_value=1.28759e-12 -0.00032383 -0.000474601 -0.000277561 -0.00058168 -0.00148213 2.29085e-05 -0.00162686 -0.000661261 0.000495838 -0.000173878 0.000839891 6.55897e-06 3.29455e-06 -1.91799e-06 -0.00138852 0.000420809 0.000138231 0.000577658 -3.68427e-05 0.00163109 0.00081098 1.6553e-06 0.00102516 -1.11535e-06 -5.80946e-05 6.22485e-05 0.00217742 3.47993e-05 0.000669128
internal_weight=16925 336 315 269 234 94 140 46 68 106 69 42 16589 16544 16340 42 204 161 133 84 49 59 16298 44 16254 6463 4059 52 4007 324
internal_count=16925 336 315 269 234 94 140 46 68 106 69 42 16589 16544 16340 42 204 161 133 84 49 59 16298 44 16254 6463 4059 52 4007 324
is_linear=0
shrinkage=0.1


Tree=76
num_leaves=31
num_cat=0
split_feature=0 4 0 3 3 5 0 3 4 0 5 3 3 3 1 0 3 5 0 4 1 1 5 0 5 1 2 4 4 3
split_gain=0.00336109 0.0144431 0.0247045 0.0158737 0.0153544 0.012617 0.0098237 0.00928513 0.00536933 0.0134866 0.0159505 0.0107477 0.0116757 0.0131437 0.0111585 0.0105341 0.0103848 0.014446 0.0251047 0.0152379 0.014077 0.0166124 0.0157038 0.0107454 0.010728 0.0185439 0.0111745 0.0106114 0.00915521 0.00826194
threshold=0.031754032258064509 0.00021516091327995 0.021980676328502403 1.0008248272658653 1.0002466771110343 0.01384013657137635 0.019419306184012056 1.0000001136767176 0.00090450457180900009 0.063164893617021267 0.19798240473898124 1.0027917683936225 1.0008248272658653 1.0003701833543546 0.023752669249982952 0.059411764705882351 1.0008248272658653 0.25381612754698041 0.11215932914046121 0.00028949809642300008 0.023752669249982952 0.06211730062439811 0.10673729609255257 0.047065337763012159 0.056238310426789111 0.085645110125011872 0.11130538252544152 0.00036443492302620008 0.0013345552180012502 1.1433623633822243
decision_type=2 2 2 2 2 2 2 2 2 2 2 2 2 2 2 2 2 2 2 2 2 2 2 2 2 2 2 2 2 2
left_child=1 6 -3 4 5 -4 7 -1 16 10 11 12 13 15 -14 28 20 18 19 -18 -2 22 23 -22 27 -26 -27 -23 -10 -19
right_child=8 2 3 -5 -6 -7 -8 -9 9 -11 -12 -13 14 -15 -16 -17 17 29 -20 -21 21 24 -24 -25 25 26 -28 -29 -30 -31
leaf_value=-0.0027839757085312156 0.00046742925248205821 0.0036455739067362929 0.0024384512566030026 0.0027803915397574507 -0.0024797107613108976 -0.00073735003223128872 0.00031169641268355251 -0.00022903442749697153 0.00044574373716022822 -5.7765798285007066e-06 0.0033771438041834963 0.002027353316569995 0.00077139889887933226 0.0027576976325362924 -0.002160400989711942 0.0019138958675924828 0.0018704464610588428 -0.00012885066453396064 0.003006049549384486 -0.0013022013349322284 -0.0004008862412656131 -0.0034990337188355626 -0.0042455618095118552 -0.0030879366941834719 0.0021134407627414475 -0.002265964203082452 -7.9868198394732014e-05 -0.00061154926594878954 -0.0017876422843606824 -0.0023324164561927319
leaf_weight=25 96 30 22 21 23 29 98 33 50 15747 21 38 21 25 34 27 24 114 42 41 46 20 24 22 32 30 106 35 29 20
leaf_count=25 96 30 22 21 23 29 98 33 50 15747 21 38 21 25 34 27 24 114 42 41 46 20 24 22 32 30 106 35 29 20
internal_value=1.39491e-13 0.000342967 0.00114388 0.00035387 -0.000334737 0.000632603 -0.00029879 -0.0013303 -5.79029e-06 5.67813e-06 0.000741912 0.000494859 0.000181768 0.000695139 -0.00104099 0.000208686 -0.000287083 0.000234096 0.00110051 -0.000130762 -0.00059269 -0.000915773 -0.0020464 -0.00127023 -0.000449326 -5.24693e-05 -0.000562095 -0.00166154 -0.000374107 -0.000457741
internal_weight=16925 281 125 95 74 51 156 58 16644 15992 245 224 186 131 55 106 652 241 107 65 411 315 92 68 223 168 136 55 79 134
internal_count=16925 281 125 95 74 51 156 58 16644 15992 245 224 186 131 55 106 652 241 107 65 411 315 92 68 223 168 136 55 79 134
is_linear=0
shrinkage=0.1


Tree=77
num_leaves=31
num_cat=0
split_feature=4 4 1 3 3 1 0 2 2 5 0 2 3 2 2 3 3 2 2 1 0 5 3 5 2 0 4 1 2 5
split_gain=0.00296367 0.0124084 0.024319 0.0139972 0.0143669 0.0185757 0.0125571 0.0129661 0.0208457 0.0106139 0.00849685 0.0149653 0.0276114 0.00857071 0.00855265 0.0204897 0.0277567 0.019196 0.0113923 0.0131484 0.0107829 0.00864643 0.0136046 0.010999 0.0177762 0.0116248 0.0273152 0.0329431 0.0185512 0.0119
threshold=0.16475341258721948 0.16968799885097666 0.4704578380356273 1.089699612351954 1.0283308433628535 0.56430650309960262 0.30094339622641514 0.27136138677273675 0.22913179199539183 0.12406677799811851 0.39827586206896554 0.33865447044426733 1.1365461153814294 0.38326915321294958 0.33865447044426733 1.1504053562119174 1.3285594431535992 0.30861794729656372 0.34513183374411011 0.26308746575907155 0.49576271186440685 0.24235429843707737 1.3374471320600141 0.2706566838855583 0.43305083986402831 0.51042118975249684 0.26484540856017186 0.41945926406911499 0.42228938032271129 0.42472101176995963
decision_type=2 2 2 2 2 2 2 2 2 2 2 2 2 2 2 2 2 2 2 2 2 2 2 2 2 2 2 2 2 2
left_child=-1 2 -2 4 5 -4 -3 8 -8 -9 11 12 -11 -13 15 -12 20 -18 -16 -20 -17 22 -21 24 -23 26 27 -25 -28 -27
right_child=1 6 3 -5 -6 -7 7 9 -10 10 14 13 -14 -15 18 16 17 -19 19 21 -22 23 -24 25 -26 29 28 -29 -30 -31
leaf_value=-2.9131589503266327e-05 0.0042331449463381436 -0.0024642127513652672 -0.0014583656480277164 0.002577668866918733 -0.0025015345681458712 0.0019537999808119659 -0.0005423862669173301 -0.0020293715810403229 0.0025886051068082453 -0.0025805707089602949 0.0019809180288575591 0.0038691856671357531 0.0019543782583084602 0.0010386815031423518 0.002422042755642906 -0.0015306439250707628 0.0024302093195728959 -0.0012416993517295593 0.0019348412183009915 -0.0028049784368637054 -0.0042379273638029451 -0.0004253995798838635 -0.00023545232901199797 -0.0035773462504342514 0.0027470844212649885 -0.00039771521890411357 0.00083311760771231577 0.0017799285759048707 0.0038644761891301841 5.8077181500857116e-05
leaf_weight=11400 20 20 27 24 20 39 37 25 50 25 23 20 29 23 20 31 24 35 36 27 28 33 87 24 38 669 52 22 33 3984
leaf_count=11400 20 20 27 24 20 39 37 25 50 25 23 20 29 23 20 31 24 35 36 27 28 33 87 24 38 669 52 22 33 3984
internal_value=3.3748e-12 6.01086e-05 0.00102553 0.000442324 -0.000153586 0.000557914 3.68455e-05 4.61518e-05 0.00125703 2.62299e-05 3.59943e-05 0.000963259 -0.000145135 0.0023552 1.85834e-05 -0.000749541 -0.00128175 0.000251958 4.01368e-05 3.06187e-05 -0.00281546 1.68227e-05 -0.000844024 3.70362e-05 0.00127255 1.86998e-05 0.000947725 -0.00101517 0.00201 -7.45583e-06
internal_weight=16925 5525 130 110 86 66 5395 5375 87 5288 5263 97 54 43 5166 141 118 59 5025 5005 59 4969 114 4855 71 4784 131 46 85 4653
internal_count=16925 5525 130 110 86 66 5395 5375 87 5288 5263 97 54 43 5166 141 118 59 5025 5005 59 4969 114 4855 71 4784 131 46 85 4653
is_linear=0
shrinkage=0.1


Tree=78
num_leaves=31
num_cat=0
split_feature=0 3 4 2 1 5 3 2 4 4 3 1 0 1 5 0 5 3 3 2 4 4 3 3 5 0 4 1 1 5
split_gain=0.00291162 0.0202899 0.0142235 0.0276987 0.0231048 0.0291479 0.0271857 0.0377794 0.0169188 0.022274 0.0155837 0.0136039 0.0253344 0.0226156 0.0152462 0.0151614 0.0125999 0.0121387 0.0237677 0.0159898 0.0250118 0.0218715 0.0143257 0.0118441 0.0148409 0.0211424 0.0259823 0.0133799 0.0196045 0.0120431
threshold=0.15655637254901963 1.0270812796610091 0.012777661752663002 0.24356933061405442 0.21727733661946608 0.16521493425875808 1.0090829383976041 0.20627610395962828 0.0014856019044231002 0.004511941652621301 1.0001927314292371 0.14139910563393945 0.18697033898305088 0.12232713793887347 0.20873695803508815 0.16807909604519775 0.35379191141565841 1.0348168789387537 1.0501646228670813 0.63088949109847603 0.0042029827190564516 0.0086678218422785516 1.0296048581010331 1.013331402417466 0.71768484548334455 0.26442841287458385 0.0054940422984147011 0.22101534984086413 0.25452262877934179 0.27661656106259402
decision_type=2 2 2 2 2 2 2 2 2 2 2 2 2 2 2 2 2 2 2 2 2 2 2 2 2 2 2 2 2 2
left_child=1 16 3 4 8 -6 7 -7 -2 10 -10 13 -13 15 -14 -11 -1 22 -19 21 -21 -20 23 24 25 26 -5 -28 -29 -27
right_child=2 -3 -4 17 5 6 -8 -9 9 11 -12 12 14 -15 -16 -17 -18 18 19 20 -22 -23 -24 -25 -26 29 27 28 -30 -31
leaf_value=8.679312343534988e-05 0.0021516508331684316 0.0023640837303201597 1.2726186674924386e-05 -0.0017732931097947755 -0.0045139876523000357 0.002419808898412157 -0.0039742301039111154 -0.0019804143775254491 -0.0047085013426840308 -0.0015655737098616857 -0.0012599086500765561 0.0011321059165474697 2.299479561366348e-05 -0.0030765026392016032 -0.0022241106500867041 0.0017007903389943142 -0.0023175287731150586 0.0033778800420334629 0.00046213056983106075 0.0002510148833187906 0.0042733264235059985 -0.0025655320878928147 -0.0028210535824473482 0.0012835809563958639 0.0022131281989541921 -0.0029667810701272069 -0.00072576372728993502 0.0035135781043209137 0.00047782945319060953 -0.00083858374521502712
leaf_weight=2354 23 39 13316 43 34 32 26 50 20 30 38 117 72 42 52 27 22 29 80 52 22 34 20 55 22 34 30 36 52 122
leaf_count=2354 23 39 13316 43 34 32 26 50 20 30 38 117 72 42 52 27 22 29 80 52 22 34 20 55 22 34 30 36 52 122
internal_value=1.83204e-12 0.000101667 -1.69211e-05 -0.00034756 -0.000857463 -0.00196051 -0.00115664 -0.000263254 -0.000485414 -0.000637807 -0.00244908 -0.000328826 7.65903e-05 -0.00131575 -0.00091934 -1.83486e-05 6.45309e-05 0.000107393 0.000713211 0.000302172 0.00144684 -0.000440857 -0.000210149 -7.76157e-05 -0.000298459 -0.000472764 0.000331127 0.00109799 0.00171973 -0.00130242
internal_weight=16925 2415 14510 1194 563 142 108 82 421 398 58 340 241 99 124 57 2376 631 217 188 74 114 414 394 339 317 161 118 88 156
internal_count=16925 2415 14510 1194 563 142 108 82 421 398 58 340 241 99 124 57 2376 631 217 188 74 114 414 394 339 317 161 118 88 156
is_linear=0
shrinkage=0.1


Tree=79
num_leaves=31
num_cat=0
split_feature=0 1 1 2 5 4 1 5 5 5 1 3 5 1 5 5 1 2 5 5 4 1 1 0 0 5 2 5 5 3
split_gain=0.00316955 0.0202821 0.0148294 0.022229 0.0211906 0.0136435 0.0172025 0.016902 0.0208256 0.0241198 0.0269475 0.0191695 0.0286942 0.0241688 0.0216293 0.027958 0.0206502 0.0183129 0.0173458 0.0290321 0.0163155 0.0211765 0.0239583 0.0267851 0.0176798 0.0160874 0.0270067 0.0180902 0.0170537 0.0177579
threshold=0.44543650793650796 0.49881990833963324 0.4704578380356273 0.54784436997786401 0.54993412063881408 0.029317645315857253 0.43352153505012947 0.07729996327479742 0.35049356027640949 0.40416065466214407 0.41945926406911499 1.1298924434505178 0.33361123141324461 0.35660486409454456 0.31842948086352901 0.27661656106259402 0.30966587701530546 0.22913179199539183 0.44509379156182355 0.46617462238311269 0.033063567325753059 0.33665891194219483 0.34646239925816064 0.36700680272108849 0.22318007662835249 0.45058575520918215 0.2751932274277038 0.5062989861503443 0.44509379156182355 1.0036363008698423
decision_type=2 2 2 2 2 2 2 2 2 2 2 2 2 2 2 2 2 2 2 2 2 2 2 2 2 2 2 2 2 2
left_child=1 2 3 4 5 6 -1 -7 11 17 25 12 20 14 15 16 -13 -10 -12 -20 -9 24 -23 -24 -22 26 -11 -27 29 -28
right_child=-2 -3 -4 -5 -6 7 -8 8 9 10 18 13 -14 -15 -16 -17 -18 -19 19 -21 21 22 23 -25 -26 27 28 -29 -30 -31
leaf_value=-4.6124066689872626e-05 -3.7750919651663765e-05 0.0029518690045127489 -0.0017305011967533924 -0.0031223226931284776 0.0014714623694141796 0.0014596137871109515 -0.0026255776487792339 0.0010381621847394855 0.0041547476174309851 0.0017967822492423961 0.0035011008250876332 0.0016863527121937037 -0.0016839700839686223 0.0037935233507305384 0.0030213453737949884 -0.0024587678560540858 -0.0017128049260160577 0.0010356591631557421 -0.0025512341980356724 0.0018574769437259807 0.00055963391324087076 0.002380775432181308 0.0018299499603604238 -0.00065867523943608094 -0.00065613440244824319 0.00097447556610624764 0.00032623311357490501 -0.0011225451735559287 -0.0038814138425302437 -0.0017683410444296898
leaf_weight=4620 9611 24 47 22 105 107 26 125 20 34 32 70 117 25 27 36 24 320 20 59 147 59 62 143 642 155 68 56 22 100
leaf_count=4620 9611 24 47 22 105 107 26 125 20 34 32 70 117 25 27 36 24 320 20 59 147 59 62 143 642 155 68 56 22 100
internal_value=9.69963e-13 4.96068e-05 4.0052e-05 5.15412e-05 6.12109e-05 4.0402e-05 -6.05592e-05 0.000230307 0.000174642 0.000557944 0.000146213 -5.52865e-05 -0.000190343 0.000905693 0.000445847 -8.90636e-05 0.000818483 0.00121913 0.00153695 0.000741348 -4.19947e-05 -0.000170218 0.000605046 9.39821e-05 -0.000429622 -0.000208666 -0.000798887 0.00041792 -0.00126338 -0.000920537
internal_weight=16925 7314 7290 7243 7221 7116 4646 2470 2363 886 546 1477 1295 182 157 130 94 340 111 79 1178 1053 264 205 789 435 224 211 190 168
internal_count=16925 7314 7290 7243 7221 7116 4646 2470 2363 886 546 1477 1295 182 157 130 94 340 111 79 1178 1053 264 205 789 435 224 211 190 168
is_linear=0
shrinkage=0.1


Tree=80
num_leaves=31
num_cat=0
split_feature=5 2 5 0 0 4 3 0 3 0 2 1 1 3 1 3 2 2 0 0 5 5 0 5 0 0 2 4 4 1
split_gain=0.00292762 0.0098872 0.019809 0.0248948 0.015014 0.0109967 0.00875205 0.0117088 0.00822943 0.0075667 0.0123372 0.0112917 0.00682932 0.0064479 0.00540421 0.00338224 0.00708823 0.0134925 0.00537424 0.0158948 0.00995257 0.0131531 0.0114312 0.0138225 0.0107617 0.00891899 0.00866119 0.0165389 0.0153088 0.0110313
threshold=0.9080085203767605 0.85099719182438782 0.94169895379584123 0.967204301075269 0.97979591836734714 0.079461065371367864 1.099695565524911 0.91341829085457293 1.3192318612885923 0.99152542372881369 0.71110960756481967 0.77584545502740532 0.80921709115804774 1.1037986205630659 0.91000965127206868 1.6766425284799407 0.37117385143591136 0.39963884093323926 0.9175170068027213 0.92637759710930456 0.36954990111765185 0.29776997470112082 0.96329966329966332 0.50898418998735073 0.94494949494949509 0.90824915824915842 0.94125328739261438 0.19494236360961539 0.28201653906854579 0.36157777316058343
decision_type=2 2 2 2 2 2 2 2 2 2 2 2 2 2 2 2 2 2 2 2 2 2 2 2 2 2 2 2 2 2
left_child=14 5 3 -3 6 -2 7 -4 -8 10 -7 -12 -13 -6 15 -1 -17 -18 25 -20 21 -21 23 -22 -25 26 29 -28 -29 -19
right_child=1 2 4 -5 13 9 8 -9 -10 -11 11 12 -14 -15 -16 16 17 18 19 20 22 -23 -24 24 -26 -27 27 28 -30 -31
leaf_value=-7.0202393678510211e-06 -0.0018054076342377814 -0.0040854920664886857 -0.0022153892737151182 0.00038567205192521217 -0.0029862796072848141 -0.00098516502502289682 0.0030396506389869112 0.00078776752268675258 0.00027208391534672545 -0.0010390848464840018 0.0033439531974080536 -0.00062366175712668347 0.001795780864943351 -0.00059799283335451039 0.0011003033137725047 -0.0013535723572463863 0.0024615770930217374 -0.00018124781531616719 -0.0023385380875940126 0.00036205276181655274 0.0015190565411973261 -0.0022627720828833327 0.0012535706275804458 0.00010112363434884521 -0.0030637319675985387 0.0023607634050263602 0.00047510939842635986 -0.0038154401075602934 -0.00016342096641892568 0.0010732521631135758
leaf_weight=15778 20 33 20 20 20 22 21 37 22 20 27 20 28 26 45 28 27 114 30 42 23 35 95 21 22 22 79 22 24 182
leaf_count=15778 20 33 20 20 20 22 21 37 22 20 27 20 28 26 45 28 27 114 30 42 23 35 95 21 22 22 79 22 24 182
internal_value=1.22377e-12 -0.000292236 -0.000742327 -0.00239826 -0.000141201 0.000361547 0.000546581 -0.000265972 0.00162369 0.000731966 0.00109713 0.00170794 0.00078768 -0.00163638 5.91906e-06 2.94231e-06 0.00020815 0.000267402 0.000184079 -0.000169395 0.000104026 -0.000831049 0.000551236 -0.0004597 -0.0015181 0.000397919 0.000295348 -0.000402625 -0.00191004 0.0005901
internal_weight=16925 336 199 53 146 137 100 57 43 117 97 75 48 46 16589 16544 766 738 711 268 238 77 161 66 43 443 421 125 46 296
internal_count=16925 336 199 53 146 137 100 57 43 117 97 75 48 46 16589 16544 766 738 711 268 238 77 161 66 43 443 421 125 46 296
is_linear=0
shrinkage=0.1


Tree=81
num_leaves=31
num_cat=0
split_feature=0 4 5 3 5 2 2 2 1 2 5 5 1 2 4 2 0 5 5 5 5 1 3 3 2 4 2 5 1 1
split_gain=0.00281701 0.0162756 0.015468 0.00817481 0.0140229 0.0137797 0.0170909 0.00956691 0.00951258 0.0102462 0.00947223 0.0209681 0.0184993 0.0116663 0.00853246 0.00819106 0.00800451 0.00630014 0.00570437 0.0207216 0.0222796 0.0203494 0.0195461 0.0305992 0.0289692 0.0272943 0.0186191 0.0209448 0.017674 0.0233493
threshold=0.047065337763012159 0.0020208865019779006 0.20473858472812773 1.0000338291605451 0.019891738566882752 0.11130538252544152 0.057075399593878307 0.016081733349366554 0.040882089863048858 0.029284908012114304 0.026746334566336103 0.072562571751132524 1.0000000180025095e-35 0.016081733349366554 0.00045421448330245007 0.042459766954358658 0.021980676328502403 0.11065443567788892 0.16521493425875808 0.21847671293716756 0.25040085046835225 0.25782247238025463 1.0151872873914924 1.040019690371262 0.29976875313958823 0.0026785250284840508 0.45910216042126634 0.22451284209418557 0.24190555053278873 0.2666655707644095
decision_type=2 2 2 2 2 2 2 2 2 2 2 2 2 2 2 2 2 2 2 2 2 2 2 2 2 2 2 2 2 2
left_child=1 2 3 10 8 6 7 -6 9 14 12 -12 16 -14 -5 -13 -1 -17 -2 21 22 -20 25 24 -24 -21 27 -25 -27 -30
right_child=18 -3 -4 4 5 -7 -8 -9 -10 -11 11 15 13 -15 -16 17 -18 -19 19 20 -22 -23 23 26 -26 28 -28 -29 29 -31
leaf_value=-0.0026179690233437301 -0.0001528959099690881 0.0025713961754393368 -0.0019988409818545209 0.00056079870555549862 0.0006801823612768203 0.0035066397525161334 -0.00096139484431242224 0.0027697845787490504 -0.0016754177988332231 0.0015424378896848514 -0.0034228239525109535 0.0010729265563628255 0.0029498784131458799 0.00035450931985017871 -0.0021493292624308242 0.00028969032308933409 0.00011151574303353714 -0.0020096205468759696 0.00079385406359069519 0.0013028632637790659 1.3501824314104441e-05 -0.00020046349446676659 -5.8452288309733071e-06 -0.0022177282591453857 0.0043263528271224993 -0.0020698722942040673 -0.002736677517532371 0.00052217796159487575 0.0010923779553397455 -0.0014181408941467298
leaf_weight=21 2316 28 33 26 50 23 37 39 32 39 25 34 29 43 21 22 22 26 633 44 12482 305 33 36 29 169 32 124 54 118
leaf_count=21 2316 28 33 26 50 23 37 39 32 39 25 34 29 43 21 22 22 26 633 44 12482 305 33 36 29 169 32 124 54 118
internal_value=5.64562e-13 0.000222607 9.66187e-05 0.00023803 0.000610855 0.00125578 0.000844914 0.00159585 -0.000203504 0.000344185 -0.000210368 -0.000887552 0.000419708 0.00139987 -0.00065011 -0.000114603 -0.00122149 -0.00095577 -7.47689e-06 1.64786e-05 -1.59817e-05 0.000470542 -0.000591902 8.90138e-05 0.00202051 -0.00104113 -0.000534697 -9.43009e-05 -0.00134358 -0.000629955
internal_weight=16925 550 522 489 267 149 126 89 118 86 222 107 115 72 47 82 43 48 16375 14059 13121 938 639 254 62 385 192 160 341 172
internal_count=16925 550 522 489 267 149 126 89 118 86 222 107 115 72 47 82 43 48 16375 14059 13121 938 639 254 62 385 192 160 341 172
is_linear=0
shrinkage=0.1


Tree=82
num_leaves=31
num_cat=0
split_feature=4 5 3 4 0 1 0 5 3 4 0 4 3 5 4 0 4 0 3 5 0 5 0 0 1 1 1 2 2 1
split_gain=0.00280682 0.0187967 0.0116715 0.00868839 0.013391 0.00898407 0.0460176 0.0165963 0.00857804 0.0169924 0.00904434 0.00845425 0.0153088 0.00803989 0.0079258 0.0068876 0.00672165 0.0571706 0.0436111 0.0157657 0.0131407 0.0056018 0.00748409 0.0111185 0.00814402 0.00988938 0.00685033 0.00790776 0.0268871 0.00903408
threshold=0.64471467070763855 0.61742600305907447 1.3764677907238665 0.67752856669506323 0.8426212590299279 0.44184306188251837 0.89323708206686947 0.5337847190887961 1.4937443211890054 0.84053082660468392 0.6066017316017317 0.84053082660468392 1.4439106845072065 0.43692232711085088 0.77859937438604876 0.67470930232558157 0.57728733917273056 0.9417420814479639 1.2548928199007963 0.34452808544489061 0.75219298245614052 0.27661656106259402 0.76533166458072599 0.82404540763673906 0.3176048459819395 0.28389527558858085 0.41677836653656258 0.51173997132191207 0.52272356726242231 0.36683758109596493
decision_type=2 2 2 2 2 2 2 2 2 2 2 2 2 2 2 2 2 2 2 2 2 2 2 2 2 2 2 2 2 2
left_child=16 3 -3 4 -2 8 -7 13 11 10 -10 14 -13 -8 -5 -11 -1 18 -18 -20 -21 22 -17 -24 25 -25 27 -23 -29 -30
right_child=1 2 -4 5 -6 6 7 -9 9 15 -12 12 -14 -15 -16 21 17 -19 19 20 -22 26 23 24 -26 -27 -28 28 29 -31
leaf_value=-3.8466038418808647e-06 0.00010372448352075394 0.0039712595869787039 0.00070034683061142764 -0.00074365770591324886 -0.0032151920150499795 0.0037571122168372269 -0.00061038483632728461 -0.002156062143022251 0.00048779887993904677 -0.0018056455720216035 0.0032427311525680125 0.0014103435870335514 -0.0015765482808092202 0.0021598939656872641 -0.0031643865363938472 -0.00077270354979254051 0.0044311838679608299 -0.0042496425702291379 -0.0028134850440951794 0.002183177472960035 -0.0010578548419289291 0.00021519458531783845 0.0029835975688436759 -4.2785384825297765e-05 -0.00054569208922867595 0.0030642902245745065 0.0014539574563968928 -0.0040787192286058727 0.00072780010462003325 -0.00090724422869199609
leaf_weight=15885 31 20 24 38 20 39 20 33 22 20 26 37 32 22 21 29 22 34 23 22 29 186 23 21 39 20 26 21 57 83
leaf_count=15885 31 20 24 38 20 39 20 33 22 20 26 37 32 22 21 29 22 34 23 22 29 186 23 21 39 20 26 21 57 83
internal_value=-3.07912e-13 0.000170839 0.00218713 6.83945e-05 -0.00119781 0.000147629 0.000970941 -0.000477868 1.37385e-05 0.000179073 0.00198005 -0.00072639 2.51184e-05 0.000840714 -0.00160527 1.44116e-05 -9.70735e-06 -0.000725845 0.000522167 -0.000639974 0.000340238 8.6493e-05 0.000646361 0.0010459 0.000488816 0.00147286 -0.000111637 -0.000228944 -0.000742048 -0.000241548
internal_weight=16925 910 44 866 51 815 114 75 701 573 48 128 69 42 59 525 16015 130 96 74 51 505 132 103 80 41 373 347 161 140
internal_count=16925 910 44 866 51 815 114 75 701 573 48 128 69 42 59 525 16015 130 96 74 51 505 132 103 80 41 373 347 161 140
is_linear=0
shrinkage=0.1


Tree=83
num_leaves=31
num_cat=0
split_feature=0 4 0 2 3 3 4 1 5 4 0 1 1 5 5 3 4 0 0 2 1 1 2 1 3 3 0 1 2 3
split_gain=0.00279939 0.0128033 0.0234299 0.00808266 0.00978212 0.0143589 0.0204068 0.00715859 0.0210797 0.00553894 0.0160621 0.010139 0.0144724 0.0124566 0.0272033 0.0242655 0.0133399 0.0213276 0.0153691 0.0264577 0.0161269 0.0104349 0.00928117 0.00964477 0.00962575 0.00917748 0.0288966 0.0131504 0.0291162 0.0143611
threshold=0.031754032258064509 0.00045421448330245007 0.025978407557354904 0.10770785633190061 1.0002720006616583 1.0000338291605451 0.00021516091327995 1.0000000180025095e-35 0.026746334566336103 0.0018292314266789003 0.056079664570230552 0.023752669249982952 0.033969647853234412 0.19162063373001917 0.25381612754698041 1.0006838903605497 0.0014856019044231002 0.087977296181630513 0.038838612368024113 0.095418374117151816 0.052511439239757457 0.12953391574978612 0.24356933061405442 0.35165754961956558 1.1433623633822243 1.0000515830402554 0.087977296181630513 0.085645110125011872 0.076621545249306353 1.0003701833543546
decision_type=2 2 2 2 2 2 2 2 2 2 2 2 2 2 2 2 2 2 2 2 2 2 2 2 2 2 2 2 2 2
left_child=1 3 -3 4 5 7 -7 -1 -9 11 -11 -2 -13 16 15 -15 18 -18 19 20 -14 -16 -23 -24 -25 26 -20 28 29 -27
right_child=9 2 -4 -5 -6 6 -8 8 -10 10 -12 12 13 14 21 -17 17 -19 25 -21 -22 22 23 24 -26 27 -28 -29 -30 -31
leaf_value=-0.0015472865981670718 0.00043663538093298903 0.0040777566012642954 -0.00060218650731258105 0.0015319741327050819 -0.0018374087093698402 -0.00010905685973026463 0.003684080230153125 0.0019670884728839157 -0.0014959247436565468 0.001798998344645952 3.7980661817584241e-06 -0.0019158586708439736 -0.0024065946973860267 0.00026621923587464902 -0.0023408343873756086 0.003794372983143798 -0.0003256588208023459 -0.0038201906740845692 -1.6787009876184535e-06 -0.0048107687570154677 0.0015611471220230064 0.0018971862798068851 -0.0023953078943304718 0.00020598203714266799 -0.0021313803829252722 0.0028139552655851562 -0.0036845413381578749 0.0010498680637783355 -0.0029724926116283645 -0.00028449301065008447
leaf_weight=45 187 23 20 31 31 37 23 32 39 50 15562 57 20 44 23 35 40 31 101 20 21 21 20 148 20 21 27 111 33 52
leaf_count=45 187 23 20 31 31 37 23 32 39 50 15562 57 20 44 23 35 40 31 101 20 21 21 20 148 20 21 27 111 33 52
internal_value=1.069e-12 0.000312999 0.00190104 2.60846e-05 -0.000199435 8.90717e-05 0.00134498 -0.000560536 6.48699e-05 -5.28435e-06 9.54749e-06 -0.000229659 -0.000377111 -0.000265806 0.000226592 0.00182933 -0.000586845 -0.00185144 -0.000365697 -0.0018289 -0.000374337 -0.000319167 -9.66867e-05 -0.000319407 -7.22754e-05 -0.000106984 -0.000778533 0.000289136 -0.00050748 0.000606841
internal_weight=16925 281 43 238 207 176 60 116 71 16644 15612 1032 845 788 311 79 477 71 406 61 41 232 209 188 168 345 128 217 106 73
internal_count=16925 281 43 238 207 176 60 116 71 16644 15612 1032 845 788 311 79 477 71 406 61 41 232 209 188 168 345 128 217 106 73
is_linear=0
shrinkage=0.1


Tree=84
num_leaves=31
num_cat=0
split_feature=0 5 5 4 3 4 2 1 0 3 3 4 3 3 0 5 1 1 4 3 5 2 2 2 1 1 3 1 1 0
split_gain=0.00278112 0.0166903 0.024687 0.0216367 0.019479 0.0168922 0.0160619 0.0146206 0.0190523 0.0206972 0.0269864 0.019871 0.0179251 0.0147496 0.0143311 0.0139314 0.0336619 0.0136667 0.0134655 0.0124433 0.0207325 0.0124148 0.0229135 0.0121995 0.0202153 0.0119993 0.0205368 0.0166081 0.0386289 0.0149438
threshold=0.44543650793650796 0.46115572060115978 0.47454900840430198 0.025382954044942903 1.0026263702299734 0.030828079736453202 0.38020121956639169 0.32373591842096566 0.37617924528301888 1.0354726568268691 1.0218285117783459 0.10035237690594802 1.0283308433628535 1.0013453068950384 0.40651483050847464 0.44509379156182355 0.39174344472967176 0.33386631281471996 0.014907607164159902 1.1330545242441556 0.42672458626267523 0.46574124412083096 0.42504627603852257 0.36435397986838797 0.32859023728562164 0.445345287453214 1.0036363008698423 0.38306798419656768 0.38938438091489397 0.31311274509803927
decision_type=2 2 2 2 2 2 2 2 2 2 2 2 2 2 2 2 2 2 2 2 2 2 2 2 2 2 2 2 2 2
left_child=1 15 6 4 18 -5 17 -7 12 10 14 -11 13 -9 -10 19 -17 -3 -4 25 23 22 -16 24 -21 27 -27 29 -29 -1
right_child=-2 2 3 5 -6 7 -8 8 9 11 -12 -13 -14 -15 21 16 -18 -19 -20 20 -22 -23 -24 -25 -26 26 -28 28 -30 -31
leaf_value=4.5281129424109873e-05 -3.5362174394395075e-05 0.0025716315472631584 -0.00085241171647794552 0.003005782218754356 0.00011755360559058879 -0.0019447978914958306 0.003589006701005884 0.0012977493648814627 -0.0015169916797202786 0.0034994859173293081 -0.0037501017163906782 -0.00048452768851781178 -0.00041015765396878128 0.0047742172377184039 0.00025758925185073169 0.00024647923503284228 -0.003298866565117266 -0.0010809463629266247 -0.0045219430432189255 0.00082946324181009789 -0.0023691371593269565 -0.0010944715202640509 0.0043700546468608088 0.0017247289860899623 -0.0022051439656374547 -0.0030542764769908152 0.00050451903033160402 0.0034661649785861798 0.00026918726117170329 -0.00036576856661787061
leaf_weight=4947 9611 21 20 29 65 23 41 23 37 31 21 21 20 26 42 71 43 20 20 141 21 24 20 107 26 34 31 44 268 1077
leaf_count=4947 9611 21 20 29 65 23 41 23 37 31 21 21 20 26 42 71 43 20 20 141 21 24 20 107 26 34 31 44 268 1077
internal_value=-1.32845e-12 4.64678e-05 0.000601748 0.000293238 -0.000950915 0.00070534 0.00218945 0.000473698 0.000683605 0.000180514 -0.000437002 0.00189056 0.00211268 0.00314241 0.000128649 5.37219e-06 -0.0010908 0.000789886 -0.00268718 2.40346e-05 0.000659033 0.000836657 0.00158419 0.000891119 0.000357009 -5.23026e-06 -0.001357 8.63738e-06 0.000720043 -2.82083e-05
internal_weight=16925 7314 504 422 105 317 82 288 265 196 144 52 69 49 123 6810 114 41 40 6696 295 86 62 274 167 6401 65 6336 312 6024
internal_count=16925 7314 504 422 105 317 82 288 265 196 144 52 69 49 123 6810 114 41 40 6696 295 86 62 274 167 6401 65 6336 312 6024
is_linear=0
shrinkage=0.1


Tree=85
num_leaves=31
num_cat=0
split_feature=4 4 4 1 0 2 2 5 5 1 1 2 5 4 5 2 2 0 5 1 4 2 1 4 0 1 5 2 5 0
split_gain=0.00272098 0.0212966 0.0272444 0.0273199 0.033937 0.0262336 0.0193515 0.0178764 0.0205939 0.0173966 0.0197462 0.0170415 0.0195657 0.0185858 0.0145645 0.012053 0.0266802 0.0189754 0.0233343 0.0180408 0.0364674 0.0282274 0.0465033 0.0282224 0.016631 0.0323933 0.0248457 0.0245572 0.0173396 0.0161292
threshold=0.069289937878310656 0.064152885267845766 0.060517355747532704 0.49351727505112936 0.68599439775910376 0.48117674868170834 0.11888045553386946 0.43952508045698141 0.38927674341668667 0.17783926278438433 0.15503797510018544 0.32887069735320207 0.26841362608675562 0.06673700144682522 0.30638202480747961 0.36742853809978204 0.35489420079716277 0.29217479674796754 0.28321349739877605 0.33665891194219483 0.022076596145757851 0.37389441433330223 0.36430793687745239 0.020895843972680451 0.36700680272108849 0.38306798419656768 0.40416065466214407 0.39675621933249422 0.49036913645463864 0.38935969868173265
decision_type=2 2 2 2 2 2 2 2 2 2 2 2 2 2 2 2 2 2 2 2 2 2 2 2 2 2 2 2 2 2
left_child=1 2 15 7 -5 11 -2 8 14 10 -8 12 -3 -13 -4 16 29 -18 -19 20 -17 -21 23 -23 26 27 -24 -26 -28 -1
right_child=6 5 3 4 -6 -7 9 -9 -10 -11 -12 13 -14 -15 -16 19 17 18 -20 21 -22 22 24 -25 25 -27 28 -29 -30 -31
leaf_value=2.3389709280943517e-05 -0.0029951553215228376 0.00097094469238072638 0.0012777646975721129 0.0041444571163738149 -0.00049694784633491358 -0.002035087034682412 -4.2486996833412418e-05 -0.0020309901776878786 0.003650868803794895 3.4679963074519918e-05 0.004347961803432554 -0.00057405502350088599 -0.0030161763508658626 0.0022407636872958394 -0.0015129256833461115 0.00067545791386622181 -0.00081913468505566325 -0.00065449640294536952 0.0028304795890622941 -0.0026482690075903927 -0.002726215556695024 -0.0007781331085910401 0.0024025924781566127 0.0028006604409787851 -0.0051616780571234616 -0.00024202378412931138 -0.001892947158902078 -0.0010609083023155109 0.0012858919202699327 -0.0011741084949386752
leaf_weight=5126 21 20 45 50 23 118 21 27 21 9084 20 49 32 45 32 52 30 25 83 45 80 30 57 83 23 1459 37 40 32 115
leaf_count=5126 21 20 45 50 23 118 21 27 21 9084 20 49 32 45 32 52 30 25 83 45 80 30 57 83 23 1459 37 40 32 115
internal_value=-6.08655e-13 -4.34762e-05 -1.24642e-05 0.001145 0.0026821 -0.000926263 3.69781e-05 0.000247338 0.000875041 4.39561e-05 0.0020992 -3.00896e-05 -0.00148267 0.000773465 0.000117997 -4.37855e-05 3.32527e-05 0.00140575 0.00202377 -0.000257608 -0.00138616 -0.000175123 -0.000111925 0.00185054 -0.000246487 -0.000337889 0.000857597 -0.00255801 -0.000418703 -2.88625e-06
internal_weight=16925 7779 7515 198 73 264 9146 125 98 9125 41 146 52 94 77 7317 5379 138 108 1938 132 1806 1761 113 1648 1522 126 63 69 5241
internal_count=16925 7779 7515 198 73 264 9146 125 98 9125 41 146 52 94 77 7317 5379 138 108 1938 132 1806 1761 113 1648 1522 126 63 69 5241
is_linear=0
shrinkage=0.1


Tree=86
num_leaves=31
num_cat=0
split_feature=2 2 5 5 2 3 0 1 4 0 0 2 2 4 5 3 2 1 2 0 4 2 1 4 0 4 1 5 2 3
split_gain=0.00258647 0.0137336 0.0095654 0.00522099 0.00503537 0.0261717 0.0173927 0.0139294 0.0121154 0.0105229 0.00636482 0.00572567 0.0135033 0.015826 0.0127456 0.00994101 0.00690549 0.0121369 0.0110038 0.0162206 0.0114545 0.0113571 0.0138482 0.0139941 0.0131149 0.0131144 0.023472 0.0199305 0.0236614 0.0287592
threshold=1.1781495661742019 1.0849390334302298 0.78249976809601007 0.72593948986050305 0.99562232609031887 1.3192318612885923 0.83034857691077724 0.91000965127206868 0.30657388081594666 0.95789007092198597 0.97849213691026848 0.96488976026534357 0.92453385136993027 0.22608902850543347 0.77715604933392035 1.2182695848680105 0.87275610088760047 0.84857741142931031 0.80042114768429395 0.9826073805202663 0.29167119744734787 0.75028975246787644 0.77584545502740532 0.16679002115450606 0.85584415584415596 0.21889762369018992 0.75973956939755383 0.87726427037955768 0.78064867289190676 1.0144195220525727
decision_type=2 2 2 2 2 2 2 2 2 2 2 2 2 2 2 2 2 2 2 2 2 2 2 2 2 2 2 2 2 2
left_child=1 4 -3 -2 7 10 -7 11 -8 -9 -6 12 16 15 -13 -14 17 18 21 -20 -21 -1 25 24 -24 27 -27 28 29 -23
right_child=3 2 -4 -5 5 6 8 9 -10 -11 -12 14 13 -15 -16 -17 -18 -19 19 20 -22 22 23 -25 -26 26 -28 -29 -30 -31
leaf_value=1.2813103851401319e-05 0.001653887807125492 -0.00033108252765876907 -0.0027644832474955673 0.00011229766247447069 0.0033227312956781436 0.0014846256130632745 -0.0029068469783912103 0.00023823987465307469 0.00022488416129601234 -0.0025644194951431978 0.0010528249229537323 -0.0024159657100520644 0.0031032527969308342 -0.00038701349132975869 0.00086546671227551999 0.00063356901222765124 -0.00052945318241908064 -0.0015490460584987886 0.00066216576597534699 8.4373285361111938e-05 -0.0025950793457148527 -0.003838410835456232 0.0012794845216419727 0.0019483574195247558 -0.0021424583547438188 0.00023036436006509251 -0.0031353859974921727 0.0018910587532445788 0.00016288566959859885 -0.0010865092834997498
leaf_weight=14973 28 35 30 102 30 28 30 21 21 37 21 29 39 43 20 28 244 50 471 39 27 58 21 45 24 209 23 20 69 110
leaf_count=14973 28 35 30 102 30 28 30 21 21 37 21 29 39 43 20 28 244 50 471 39 27 58 21 45 24 209 23 20 69 110
internal_value=7.1414e-13 -3.43931e-06 -0.00145419 0.000444332 2.1972e-06 0.000622138 -0.00051789 -2.65776e-06 -0.00161731 -0.00154966 0.00238806 2.7664e-06 5.97316e-06 0.00111023 -0.00107661 0.00207115 -1.44112e-06 6.54172e-06 1.1376e-05 0.000456431 -0.00101177 -3.99141e-06 -0.000438558 0.000701403 -0.000545552 -0.000648367 -0.000103309 -0.0011404 -0.00139622 -0.00203657
internal_weight=16925 16795 65 130 16730 130 79 16600 51 58 51 16542 16493 110 49 67 16383 16139 16089 537 66 15552 579 90 45 489 232 257 237 168
internal_count=16925 16795 65 130 16730 130 79 16600 51 58 51 16542 16493 110 49 67 16383 16139 16089 537 66 15552 579 90 45 489 232 257 237 168
is_linear=0
shrinkage=0.1


Tree=87
num_leaves=31
num_cat=0
split_feature=3 0 3 5 3 5 0 0 4 5 4 5 4 1 2 0 2 5 5 1 0 1 5 4 5 4 5 4 1 2
split_gain=0.00276715 0.00682035 0.00735563 0.00812177 0.00711756 0.00912373 0.0143809 0.00701733 0.0073806 0.0141518 0.0104781 0.0175724 0.00906197 0.00830339 0.0120047 0.00772543 0.0073228 0.00650461 0.0372775 0.0140684 0.00839861 0.00961975 0.00658129 0.00828144 0.00965403 0.00880183 0.0042345 0.00403297 0.0056242 0.00367273
threshold=1.6766425284799407 0.86512474012474028 1.7564339052711289 0.62400148679952971 1.8686393881780512 0.4832625957961087 0.95603864734299526 0.85239651416122009 1.3486971472884677 0.34199624379691024 0.30657388081594666 0.49036913645463864 0.19199976004247585 0.30966587701530546 0.50828312074249349 0.76293487957181105 0.94125328739261438 0.30638202480747961 0.35920506775885314 0.3176048459819395 0.90521114106019784 0.66557569778952674 0.40796899432539208 0.36710276273610531 0.7560906689869733 0.47045312638461473 0.82044167041364657 0.13668715550865143 0.73017478545081949 0.87275610088760047
decision_type=2 2 2 2 2 2 2 2 2 2 2 2 2 2 2 2 2 2 2 2 2 2 2 2 2 2 2 2 2 2
left_child=29 7 3 -3 5 -4 -7 8 10 -10 12 13 27 -12 -15 -16 -14 19 -19 -6 21 -20 -22 24 -24 -25 -26 28 -2 -1
right_child=1 2 4 -5 17 6 -8 -9 9 -11 11 -13 16 14 15 -17 -18 18 20 -21 22 -23 23 25 26 -27 -28 -29 -30 -31
leaf_value=-1.0109689184191306e-06 -0.00073289094434585427 -3.7151583269037104e-05 0.00011516733132806178 0.0022438874390597148 0.0022403253096022775 -0.0036146845445036886 -6.4980684380446158e-05 0.0020053314524783017 0.0010162048507481815 -0.002351221736395159 -0.00075792524328010462 0.0038249811908992177 -0.00012907373962835187 0.0029443048285665335 -0.0010682094514115968 0.0015011733784340321 -0.0024161173574005564 -0.0036837734618789652 0.00045945653894349293 -0.00071077301632612951 0.0020796940115320943 -0.0024024881751150435 0.0024078451755360285 -0.0019563754451357657 -0.00092104648964860553 0.0003578440078334617 0.00085946401505840623 0.0019418421006412246 0.0012077800423867303 -0.00029203027785409057
leaf_weight=15669 28 37 37 27 35 25 21 29 24 26 28 22 42 27 22 25 21 28 23 30 23 24 29 27 22 42 34 20 32 446
leaf_count=15669 28 37 37 27 35 25 21 29 24 26 28 22 42 27 22 25 21 28 23 30 23 24 29 27 22 42 34 20 32 446
internal_value=8.68262e-13 0.000180354 -7.02226e-05 0.000925162 -0.000229484 -0.00105386 -0.00199417 0.000516386 0.000380174 -0.000734857 0.000588981 0.00126171 5.63144e-06 0.000708853 0.00126385 0.000298484 -0.000891422 -1.36377e-05 -0.000243696 0.00087828 0.000186314 -0.00100196 0.000501845 0.000266192 0.000926897 -0.00054772 0.000159978 0.000712061 0.000302134 -9.06524e-06
internal_weight=16925 810 464 64 400 83 46 346 317 50 267 124 143 102 74 47 63 317 252 65 224 47 177 154 85 69 56 80 60 16115
internal_count=16925 810 464 64 400 83 46 346 317 50 267 124 143 102 74 47 63 317 252 65 224 47 177 154 85 69 56 80 60 16115
is_linear=0
shrinkage=0.1


Tree=88
num_leaves=31
num_cat=0
split_feature=5 5 5 1 0 0 1 2 1 2 5 2 1 0 0 0 1 1 4 2 1 2 4 0 5 4 4 1 1 2
split_gain=0.00266459 0.0243669 0.0161881 0.0176307 0.0179982 0.0307902 0.0156464 0.0213281 0.0167799 0.0238739 0.0205196 0.0134655 0.0306654 0.0132986 0.0280362 0.0211049 0.0164367 0.0213597 0.0155722 0.0143187 0.013796 0.0202937 0.0206025 0.0260556 0.0129055 0.0128297 0.0126711 0.019947 0.0143785 0.0121111
threshold=0.66136739918222898 0.70721966778682133 0.64819568693522767 0.58031560734064214 0.67890835579514841 0.55051020408163276 0.60476404774595383 0.64747399499851011 0.68091489895965729 0.78064867289190676 0.65526400427841047 0.49936713706182906 0.56430650309960262 0.9417420814479639 0.95789007092198597 0.93513323983169727 0.73411056123996754 0.67738255941424874 0.77859937438604876 0.96488976026534357 0.71076752831379042 0.74105851365310593 0.18627570294827284 0.83484848484848495 0.49347013511785348 0.19494236360961539 0.03977591363889136 0.58991818603631074 0.48505889813322017 0.55536627403301397
decision_type=2 2 2 2 2 2 2 2 2 2 2 2 2 2 2 2 2 2 2 2 2 2 2 2 2 2 2 2 2 2
left_child=2 26 13 4 5 -4 -5 -8 -9 10 -10 -3 -13 15 18 19 17 -16 -15 20 -1 25 23 -23 -17 -22 27 -2 -28 -14
right_child=1 11 3 6 -6 -7 7 8 9 -11 -12 12 29 14 16 24 -18 -19 -20 -21 21 22 -24 -25 -26 -27 28 -29 -30 -31
leaf_value=1.505763018543462e-06 -0.0034399684122763579 0.0023786799378947101 -0.0036691833835599632 0.0019200534628773178 -0.0047070134524255999 0.0013962367214844563 -0.00294803912384492 0.001160997210435794 -0.0047983805471587745 0.0013386525791138412 -0.00051807307366592186 -0.0021990652309100637 0.0021023051777424718 -0.0030797877429858231 -0.00027579626410356598 0.00014253532059401984 -0.0023744411108782516 0.0020887018424562281 -0.00014232993484116518 -0.0018378203063981519 0.0042393500357866291 0.00082774640426837981 0.0023133383347437933 -0.0038319736827231408 0.0033747663542938728 0.00096673218067735436 0.0032966364866979349 0.00054001235959517284 0.00058021480600283718 -6.8656703208031452e-05
leaf_weight=12888 20 22 24 27 20 24 33 58 21 25 24 68 26 59 253 21 30 45 26 42 25 28 26 21 30 23 20 34 758 2204
leaf_count=12888 20 22 24 27 20 24 33 58 21 25 24 68 26 59 253 21 30 45 26 42 25 28 26 21 30 23 20 34 758 2204
internal_value=-4.79756e-13 8.29415e-05 -1.89815e-05 -0.000806759 -0.00218663 -0.00113647 -0.000307657 -0.000681248 -9.68406e-05 -0.00113905 -0.00251555 -8.35625e-05 -0.000107135 -4.06165e-06 -0.000562775 1.35474e-05 -0.000143348 8.12588e-05 -0.00218127 5.6147e-06 1.15654e-05 0.00106562 3.803e-05 -0.00116928 0.00204385 0.00267122 0.000547231 -0.000934055 0.000650046 -4.3345e-05
internal_weight=16925 3152 13773 256 68 48 188 161 128 70 45 2320 2298 13517 413 13104 328 298 85 13053 13011 123 75 49 51 48 832 54 778 2230
internal_count=16925 3152 13773 256 68 48 188 161 128 70 45 2320 2298 13517 413 13104 328 298 85 13053 13011 123 75 49 51 48 832 54 778 2230
is_linear=0
shrinkage=0.1


Tree=89
num_leaves=31
num_cat=0
split_feature=3 2 1 1 2 1 1 5 5 2 5 2 1 5 2 4 4 1 1 5 1 5 5 2 1 1 4 3 4 4
split_gain=0.00251476 0.00602818 0.0112066 0.00627417 0.0180819 0.0125298 0.01401 0.00613728 0.0057578 0.00522311 0.0129383 0.0125992 0.00860549 0.0131239 0.00756537 0.00457616 0.00771853 0.00417389 0.00924582 0.008532 0.0124746 0.00989613 0.00505988 0.00405233 0.00897963 0.01343 0.0120667 0.00886396 0.003657 0.0174696
threshold=1.6766425284799407 0.37117385143591136 0.26968720177858302 0.34458656525734038 0.48381637930257165 0.33386631281471996 0.32595070547122945 0.28665777009876842 0.35049356027640949 0.63088949109847603 0.36954990111765185 0.52842898556043227 0.40530796124921314 0.3128077280214035 0.58470986625054844 0.90654991263340301 0.42363912256324709 0.62076329803401908 0.6539470216532639 0.62111654412439099 0.67738255941424874 0.69287319577929318 0.54993412063881408 1.0381740081395308 0.74596300570499696 0.77584545502740532 0.063131172160172208 2.0330271289142847 1.0134287157680189 1.1187463631221781
decision_type=2 2 2 2 2 2 2 2 2 2 2 2 2 2 2 2 2 2 2 2 2 2 2 2 2 2 2 2 2 2
left_child=28 -2 -3 5 -5 6 7 -4 -9 11 -11 -6 13 -13 -15 16 17 22 -19 -20 -21 -22 -12 -23 -25 -26 -27 -28 -1 -30
right_child=1 2 3 4 9 -7 -8 8 -10 10 15 12 -14 14 -16 -17 -18 18 19 20 21 23 -24 24 25 26 27 -29 29 -31
leaf_value=-4.18239245250967e-06 -0.0012697679373169584 0.0021525548738909181 0.00053646212752052661 0.003177063486405781 -0.0010936098157203404 -0.002423425438778045 0.0022803684167394585 -0.0021622044319104003 -0.00028265159325644329 -0.002458191791083664 -0.00025841412134468554 0.0027251795323099941 0.0031284034950658682 -0.00093629694710086495 0.0014302072517404503 0.0012752592435528202 -0.0012321443308056111 -0.0013886041500835488 -0.0013185977043273548 0.0028605554136447611 0.0020268298582070405 0.0011513361190445721 0.0016382550411015891 -0.0020428195352787558 0.0024159102489994394 0.00087923522894371947 -0.0023434578893048799 5.9196498062062479e-05 -0.0024161485437717706 0.00013971300756496091
leaf_weight=15975 28 29 37 21 29 26 22 28 39 20 22 25 20 35 22 33 42 39 30 20 27 25 39 23 21 46 34 28 36 104
leaf_count=15975 28 29 37 21 29 26 22 28 39 20 22 25 20 35 22 33 42 39 30 20 27 25 39 23 21 46 34 28 36 104
internal_value=-4.64617e-13 0.000171932 0.000223553 0.000149262 0.000294428 -0.000424717 -1.22852e-05 -0.00049727 -0.00106814 0.000190057 2.79642e-05 0.000745626 0.00126855 0.000814923 -2.29094e-05 0.000143869 4.95864e-05 0.000201656 4.4981e-05 0.000265098 0.000477201 0.000243538 0.00095421 -2.84891e-05 -0.000222539 0.000102007 -0.000347919 -0.00125839 -8.64194e-06 -0.000517509
internal_weight=16925 810 782 753 601 152 126 104 67 580 449 131 102 82 57 429 396 354 293 254 224 204 61 177 152 129 108 62 16115 140
internal_count=16925 810 782 753 601 152 126 104 67 580 449 131 102 82 57 429 396 354 293 254 224 204 61 177 152 129 108 62 16115 140
is_linear=0
shrinkage=0.1


Tree=90
num_leaves=31
num_cat=0
split_feature=4 4 3 0 1 4 3 4 0 5 2 4 3 3 0 3 4 3 0 1 4 2 1 3 2 0 4 2 4 1
split_gain=0.00248273 0.0106331 0.0209116 0.0109897 0.0247539 0.0213878 0.0186757 0.0187662 0.0147193 0.0111821 0.0107942 0.0151393 0.0128823 0.0985818 0.0253202 0.0308596 0.0253023 0.0223457 0.0504585 0.0450544 0.0364194 0.014335 0.0294372 0.0168105 0.0399614 0.0145308 0.0124955 0.0111395 0.0110914 0.0110677
threshold=0.32308826765304338 0.32997151528534602 1.1400605493898344 0.64760348583878014 0.36683758109596493 0.77859937438604876 1.3374471320600141 0.42363912256324709 0.42526595744680856 0.25957280136767291 0.72233426493940522 0.41343069647389769 1.0586452584475321 1.0197495010107107 0.88989898989898997 1.0363835449975374 0.37356519585105402 1.089699612351954 0.84952830188679263 0.65984253040412744 0.37356519585105402 0.62145080495979144 0.66275940072543638 1.0007637416579087 0.53370644753961105 0.82404540763673906 0.45892511203429337 0.59874763730107783 0.38808925848620079 0.68091489895965729
decision_type=2 2 2 2 2 2 2 2 2 2 2 2 2 2 2 2 2 2 2 2 2 2 2 2 2 2 2 2 2 2
left_child=-1 2 -2 4 5 6 7 8 -3 -9 12 -12 13 21 16 -16 -15 18 -14 26 -19 23 -23 24 -5 -26 -20 -27 -24 -30
right_child=1 3 -4 10 -6 -7 -8 9 -10 -11 11 -13 17 14 15 -17 -18 20 19 -21 -22 22 28 -25 25 27 -28 -29 29 -31
leaf_value=-1.6316994001942396e-05 0.0027251251644551441 -0.00090709499179803107 -0.00099153277308990572 0.0024522577826072405 0.0015654306646398699 -0.002552143909657995 0.0014628901794330679 -0.0030219711972257267 0.0019696209232990996 -0.00060249090278779885 0.00098738599911236892 -0.00022948864750358089 0.0047300547179474966 -0.0029690699765924367 -0.0044657413475215442 0.00036800581936924056 -0.0076775362360335525 -0.0024628752553150163 -0.00021385449830344633 0.0040429898227254549 3.4563515266203458e-05 0.00202193898862348 -0.0014406568580389437 -0.0023890090042825891 0.0013248007591439249 -0.00055042868771124629 -0.0031670105400616712 -0.0026188146049642693 -0.0011632228607777507 0.0018946029241839104
leaf_weight=14325 41 29 24 47 148 30 87 26 46 72 220 191 32 25 25 28 21 62 38 21 1003 93 53 37 23 60 23 46 20 29
leaf_count=14325 41 29 24 47 148 30 87 26 46 72 220 191 32 25 25 28 21 62 38 21 1003 93 53 37 23 60 23 46 20 29
internal_value=1.36827e-13 8.99004e-05 0.00135282 5.75178e-05 0.000513098 -2.3954e-05 0.00026776 -0.000333259 0.000857291 -0.00124439 -3.76392e-05 0.00042188 -0.000149657 -0.000571179 -0.00340196 -0.00191206 -0.00511859 3.16079e-05 0.00136225 4.79887e-05 -0.000110827 0.000115702 0.000735203 -0.000451446 -4.41174e-05 -0.000953649 -0.00132734 -0.00144803 -0.000437998 0.000646511
internal_weight=16925 2600 65 2535 438 290 260 173 75 98 2097 411 1686 507 99 53 46 1179 114 82 1065 408 195 213 176 129 61 106 102 49
internal_count=16925 2600 65 2535 438 290 260 173 75 98 2097 411 1686 507 99 53 46 1179 114 82 1065 408 195 213 176 129 61 106 102 49
is_linear=0
shrinkage=0.1


Tree=91
num_leaves=31
num_cat=0
split_feature=0 1 4 1 1 1 2 2 5 5 3 1 1 3 5 1 4 3 3 1 0 2 5 4 4 1 3 5 3 3
split_gain=0.00228157 0.0157818 0.0116836 0.0167691 0.017306 0.0236452 0.0208904 0.0271237 0.0198526 0.0175091 0.0236335 0.0212002 0.0298364 0.0170125 0.0153506 0.0150726 0.0150227 0.0289467 0.0274055 0.0173451 0.0146609 0.0145416 0.0140087 0.0180493 0.0140008 0.0128585 0.0123895 0.0116221 0.0169374 0.0175636
threshold=0.44543650793650796 0.49881990833963324 0.023186581059997553 0.078802730029515516 0.11438088252925462 0.17428008156667849 0.12198443282617726 0.15368679420075518 0.35049356027640949 0.37819975925724142 1.0051202155943313 0.3719925113038321 0.27811222515466205 1.1330545242441556 0.33361123141324461 0.4704578380356273 0.033823491830934409 1.0118358475077698 1.0270812796610091 0.15912323958274968 0.39339826839826841 0.16267224635981573 0.36201971852310916 0.04679207725574671 0.23571264416038978 0.43652342335940358 1.0443806151226984 0.33633005947990929 1.0185864870738539 1.0018709116917033
decision_type=2 2 2 2 2 2 2 2 2 2 2 2 2 2 2 2 2 2 2 2 2 2 2 2 2 2 2 2 2 2
left_child=1 2 25 -4 -5 16 -7 -8 13 10 22 12 -12 14 -9 -11 17 -6 -18 21 24 -20 -10 -24 -15 -1 -14 -16 29 -29
right_child=-2 -3 3 4 5 6 7 8 9 15 11 -13 26 20 27 -17 18 -19 19 -21 -22 -23 23 -25 -26 -27 -28 28 -30 -31
leaf_value=-5.7401146120453012e-05 -3.2029182803841083e-05 0.0026022010163311887 0.0029996298342233616 -0.0018047191345513882 0.004664631633204408 -0.0029449117298513145 0.0025568483136774612 -0.00012863928444774663 -0.0013969961494111863 0.0003139685569115636 0.00043318000691080539 0.00032760571789922105 0.005800966773653448 0.0025815488223452122 -0.0032533351385306258 -0.0020027122534570642 -0.0017992789595155047 0.00017250352986873343 0.0021927950313935679 0.004056132173123346 -0.00013980300349811483 -0.0011096633893127243 -0.00061468496818893733 0.0031225264766059509 1.7155957351805586e-05 -0.0019820605625864118 0.0026551187304513797 -0.0014484389227091973 -0.0026619858669993633 0.0016564241154784602
leaf_weight=4221 9611 24 21 44 32 22 46 1296 39 889 27 41 31 60 24 29 32 26 30 22 86 24 28 24 33 35 21 38 34 35
leaf_count=4221 9611 24 21 44 32 22 46 1296 39 889 27 41 31 60 24 29 32 26 30 22 86 24 28 24 33 35 21 38 34 35
internal_value=1.06739e-12 4.20881e-05 3.36598e-05 0.0001836 0.000163973 0.000193148 0.000124472 0.000148753 0.000108251 0.000429585 0.001251 0.00217263 0.00313017 -0.000117643 -0.000232915 0.000240784 0.00135279 0.00265092 0.000655647 0.0016893 0.000801319 0.000725036 3.5677e-05 0.00111018 0.0016716 -7.32289e-05 0.00453053 -0.00126453 -0.000818443 4.0194e-05
internal_weight=16925 7314 7290 3034 3013 2969 2803 2781 2735 1129 211 120 79 1606 1427 918 166 58 108 76 179 54 91 52 93 4256 52 131 107 73
internal_count=16925 7314 7290 3034 3013 2969 2803 2781 2735 1129 211 120 79 1606 1427 918 166 58 108 76 179 54 91 52 93 4256 52 131 107 73
is_linear=0
shrinkage=0.1


Tree=92
num_leaves=31
num_cat=0
split_feature=0 4 3 5 1 4 2 5 3 4 5 5 4 0 5 2 2 1 4 0 2 3 2 1 3 3 0 0 1 1
split_gain=0.00248665 0.0170464 0.0198682 0.0134966 0.00964423 0.0205057 0.0145531 0.0154792 0.00943713 0.0201427 0.00881647 0.011829 0.0110291 0.00919556 0.00848851 0.0116105 0.00790616 0.0142275 0.015696 0.0101369 0.0231262 0.0213579 0.0223945 0.0246825 0.0172234 0.0168495 0.0155796 0.0153095 0.0159818 0.0137892
threshold=0.12220009955201593 0.0083214672941675019 1.0051202155943313 0.30080241070625841 0.085645110125011872 0.0095927914225555026 0.062923856532704311 0.050794037334167604 1.0111252082521587 0.023887289051648053 0.19162063373001917 0.21181156928112641 0.00077896218238600009 0.059411764705882351 0.044340218300586161 0.086331485349377055 0.072151759158743375 0.11815296994088977 0.018824946619645556 0.15655637254901963 0.11506273281926661 1.0254121260455429 0.12198443282617726 0.10592631415623752 1.0005424719430749 1.0013453068950384 0.14415584415584412 0.13976744186046514 0.17076737703902362 0.21409005309250637
decision_type=2 2 2 2 2 2 2 2 2 2 2 2 2 2 2 2 2 2 2 2 2 2 2 2 2 2 2 2 2 2
left_child=1 3 -3 10 5 6 -2 -8 14 -10 -1 13 -13 -12 -4 -16 17 -6 -19 20 25 22 -22 -24 26 -18 27 28 -25 -26
right_child=4 2 8 -5 16 -7 7 -9 9 -11 11 12 -14 -15 15 -17 19 18 -20 -21 21 -23 23 24 29 -27 -28 -29 -30 -31
leaf_value=-2.4353281621166341e-05 -0.00045725645364395212 0.0038166166370501744 -0.0016661003621740512 -0.0021510097414388189 0.00022435730963479727 0.00059570658814416021 -0.0012822618102654815 -0.0052166209503775466 0.0040735855815000836 -0.00041447676951065658 0.00017534605786204339 -0.0014640645438262394 0.00063177918308481051 0.0025580457214306553 0.0024584725871682166 -0.00090813325174773734 0.00051943034482881045 -0.003320637269986465 0.00020986546995118262 -1.4306594406784149e-05 -0.0029295576550066472 0.0032385127707606274 0.003195770061109215 -0.00092027988240051158 -0.00034457442026754803 0.0034228756235878373 0.0023674918615638908 -0.0022939083921041208 0.0024940694758572197 -0.002954409265657887
leaf_weight=1455 35 24 23 28 60 55 20 20 20 20 25 33 105 46 20 21 39 34 20 14398 25 21 25 26 169 41 44 21 29 23
leaf_count=1455 35 24 23 28 60 55 20 20 20 20 25 33 105 46 20 21 39 34 20 14398 25 21 25 26 169 41 44 21 29 23
internal_value=2.11727e-13 0.000110425 0.00122312 2.62495e-05 -1.33051e-05 -0.000870906 -0.00194642 -0.00324944 0.00062462 0.00182955 6.28861e-05 0.000670222 0.000130599 0.00171907 -0.000128463 0.000734113 -5.86015e-06 -0.000835464 -0.00201304 5.03817e-07 0.000461066 0.000138062 -4.1798e-05 0.000172427 -6.98275e-05 0.00200745 0.000869986 3.00871e-06 0.000880013 -0.000657211
internal_weight=16925 1820 128 1692 15105 130 75 40 104 40 1664 209 138 71 64 41 14975 114 54 14861 463 383 362 337 312 80 120 76 55 192
internal_count=16925 1820 128 1692 15105 130 75 40 104 40 1664 209 138 71 64 41 14975 114 54 14861 463 383 362 337 312 80 120 76 55 192
is_linear=0
shrinkage=0.1


Tree=93
num_leaves=31
num_cat=0
split_feature=3 4 4 0 5 5 1 4 1 1 5 5 5 1 5 2 0 5 4 2 4 5 1 2 2 1 1 4 4 4
split_gain=0.00245486 0.0181209 0.0118099 0.0216999 0.0121938 0.0175924 0.0104121 0.0291109 0.0252177 0.0241693 0.0176271 0.0276225 0.0221254 0.017428 0.0194547 0.0162886 0.0161695 0.0289936 0.0213548 0.0158443 0.029422 0.0369029 0.0216321 0.0212959 0.0329238 0.0203594 0.0366451 0.0161439 0.0347332 0.0342516
threshold=1.0000001136767176 0.00045421448330245007 0.43560706353394768 0.88989898989898997 0.65835504855097182 0.58099061774162331 0.51004998353333231 0.051777901247666458 0.50713374078153206 0.79581729130294088 0.54993412063881408 0.59989821810574828 0.53108216750701576 0.53263110867282915 0.3840297514779597 0.45102677675585384 0.5929064657878218 0.46386281539405844 0.17496918020576627 0.59288141933545757 0.065469943845871112 0.48824375710125789 0.55387523880179879 0.57903584910635586 0.57136111887786312 0.55387523880179879 0.61322205389163054 0.093868833520041717 0.079461065371367864 0.071704149371965467
decision_type=2 2 2 2 2 2 2 2 2 2 2 2 2 2 2 2 2 2 2 2 2 2 2 2 2 2 2 2 2 2
left_child=1 -1 6 -4 5 -5 8 9 10 -8 12 -12 -3 16 -15 -13 -9 -18 -19 20 -16 22 -22 24 -23 -21 -27 28 29 -28
right_child=-2 2 3 4 -6 -7 7 13 -10 -11 11 15 -14 14 19 -17 17 18 -20 25 21 23 -24 -25 -26 26 27 -29 -30 -31
leaf_value=-0.00083565996701592056 -2.6164818910743879e-05 0.0001557075413199296 0.0039497796956094958 0.00091046083543915306 0.001520619220197356 -0.0023577384101892158 -0.0019301345837092435 9.530201747442004e-05 0.0037321044111740774 0.0015806503512937088 0.0026491475999880008 0.0015802348633447002 -0.0017407319471535701 0.0031865993823157624 0.0043143634317675608 -0.0014737048993993087 0.00061834566295146951 -0.0056919961823555442 -0.0015796446332907573 0.0029790298874667362 0.00026227228227071464 0.00088777207316842769 -0.0031773945903008035 0.0024165575340418005 -0.0020487065595160758 -0.0014344664979438039 -0.0012028982341920928 0.000169670189388454 -0.0033336927729853711 0.0030972346344410821
leaf_weight=219 11498 2618 21 40 60 28 133 66 20 23 71 31 63 20 20 40 27 23 28 21 33 252 41 67 45 194 59 1094 43 27
leaf_count=219 11498 2618 21 40 60 28 133 66 20 23 71 31 63 20 20 40 27 23 28 21 33 252 41 67 45 194 59 1094 43 27
internal_value=-2.38912e-12 5.54345e-05 9.29056e-05 0.000970364 0.000481554 -0.000435268 6.70623e-05 -9.54326e-05 0.00019372 -0.00141252 0.000168652 0.00125443 0.000111144 4.30794e-06 8.40475e-05 -0.000140295 -0.00105667 -0.00203142 -0.00343423 5.13202e-05 0.000563548 0.000392278 -0.00164349 0.000806143 0.000442851 -0.000111823 -0.00015763 4.49098e-05 -0.00101314 0.000147143
internal_weight=16925 5427 5208 149 128 68 5059 2216 2843 156 2823 142 2681 2060 1916 71 144 78 51 1896 458 438 74 364 297 1438 1417 1223 129 86
internal_count=16925 5427 5208 149 128 68 5059 2216 2843 156 2823 142 2681 2060 1916 71 144 78 51 1896 458 438 74 364 297 1438 1417 1223 129 86
is_linear=0
shrinkage=0.1


Tree=94
num_leaves=31
num_cat=0
split_feature=0 3 4 0 3 3 2 2 0 2 2 1 1 3 3 2 4 3 2 0 0 3 2 4 0 3 2 5 4 4
split_gain=0.00290884 0.0110085 0.00669207 0.0131507 0.0297894 0.013261 0.00755459 0.0073228 0.00551264 0.0083888 0.010992 0.00507866 0.0161415 0.0167756 0.0208525 0.0127586 0.0108044 0.0173765 0.0246402 0.0177124 0.015078 0.0104206 0.0100524 0.0144238 0.0138564 0.0252949 0.0149882 0.0100673 0.0145939 0.0099169
threshold=0.031754032258064509 1.0008248272658653 0.00014751373249445005 0.021980676328502403 1.0000338291605451 1.0002466771110343 0.067539378469712461 0.016081733349366554 0.021980676328502403 0.016081733349366554 0.062923856532704311 0.06211730062439811 0.040882089863048858 1.0004210467487633 1.0001581310186152 0.081301503445926807 0.0091181059696824017 1.0005424719430749 0.0085218197574775511 0.077677224736048267 0.091750841750841708 1.0012376406307693 0.062923856532704311 0.00077896218238600009 0.042109929078014162 1.0001581310186152 0.036444140663764509 0.07729996327479742 0.0014856019044231002 0.00055375499051170016
decision_type=2 2 2 2 2 2 2 2 2 2 2 2 2 2 2 2 2 2 2 2 2 2 2 2 2 2 2 2 2 2
left_child=1 2 8 4 -4 6 7 -5 9 -1 -11 12 16 14 15 -14 17 19 -19 22 -21 -20 24 -24 25 29 27 28 -26 -2
right_child=11 -3 3 5 -6 -7 -8 -9 -10 10 -12 -13 13 -15 -16 -17 -18 18 21 20 -22 -23 23 -25 26 -27 -28 -29 -30 -31
leaf_value=0.00030676073527761868 0.00074913265250091052 0.0022792291576759177 -0.00069107955414801842 0.00017076179802674675 0.0040581112261861563 -0.0021803848016133998 -0.0010990225919522345 0.0026227300920124569 0.00082331351307220765 -0.0032423101947642863 -0.00021576047123138175 5.8114494744659347e-06 -0.0018024845128712147 -0.00011705421828822691 -0.0044377690084123371 0.00097305244046517407 0.0018542537896337309 0.00038466635549763944 -0.0043092248316679614 0.0041635924041093812 0.00049446801034112766 -0.0015463104241440983 -0.00063297377259004858 0.0029699982218444349 -3.5523020778782665e-06 0.0035987602239897984 -0.003281342832412085 0.0012821206660009921 -0.0033119366783648727 -0.0021255987993624463
leaf_weight=35 28 26 25 29 28 24 20 21 25 24 24 15987 67 118 24 22 32 62 20 21 24 43 20 25 40 22 23 25 20 21
leaf_count=35 28 26 25 29 28 24 20 21 25 24 24 15987 67 118 24 22 32 62 20 21 24 43 20 25 40 22 23 25 20 21
internal_value=-1.07522e-12 0.000319059 0.000119199 0.000558298 0.00181793 -0.000151918 0.000543557 0.00120059 -0.000478465 -0.000870567 -0.00172904 -5.38666e-06 -0.000277874 -0.000950988 -0.00182182 -0.0011164 8.71242e-05 -5.6399e-05 -0.00103061 0.000396302 0.00220673 -0.00242343 3.26011e-05 0.00136868 -0.000303284 0.000781843 -0.00101665 -0.000403857 -0.00110635 -0.000482895
internal_weight=16925 281 255 147 53 94 70 50 108 83 48 16644 657 231 113 89 426 394 125 269 45 63 224 45 179 71 108 85 60 49
internal_count=16925 281 255 147 53 94 70 50 108 83 48 16644 657 231 113 89 426 394 125 269 45 63 224 45 179 71 108 85 60 49
is_linear=0
shrinkage=0.1


Tree=95
num_leaves=31
num_cat=0
split_feature=0 4 2 2 5 5 1 4 0 2 2 3 2 2 0 1 3 3 3 1 2 2 5 5 1 2 1 4 4 1
split_gain=0.0026365 0.00995448 0.0126919 0.0193688 0.0156243 0.0172898 0.0153163 0.0133936 0.0181116 0.0228563 0.0106831 0.0104922 0.0107355 0.00809176 0.00924532 0.0076613 0.00752822 0.00554388 0.0123322 0.00947783 0.00599022 0.00816618 0.00710268 0.00490802 0.0151191 0.0277904 0.0263331 0.0221021 0.0147273 0.0323227
threshold=0.051503094606542808 0.0013345552180012502 0.14195156515672655 0.095418374117151816 0.13255576147916356 0.056238310426789111 0.066421497023710904 0.00014751373249445005 0.025978407557354904 0.016081733349366554 0.016081733349366554 1.0002466771110343 0.047232247813761959 0.099805421504675362 0.038838612368024113 0.023752669249982952 1.0000163150411741 1.0003701833543546 1.0000981857622946 0.023752669249982952 0.057075399593878307 1.0000000180025095e-35 0.026746334566336103 0.16521493425875808 0.21727733661946608 0.26080195744153961 0.20762206672385394 0.0095927914225555026 0.0048505778491067008 0.10592631415623752
decision_type=2 2 2 2 2 2 2 2 2 2 2 2 2 2 2 2 2 2 2 2 2 2 2 2 2 2 2 2 2 2
left_child=1 2 3 6 5 -5 7 10 9 16 -1 12 -8 14 -3 -12 -9 18 20 -20 21 -10 -23 24 26 27 28 -26 -2 -30
right_child=23 13 -4 4 -6 -7 11 8 17 -11 15 -13 -14 -15 -16 -17 -18 -19 19 -21 -22 22 -24 -25 25 -27 -28 -29 29 -31
leaf_value=-1.8710943170137601e-05 -0.00039114449960369951 0.0035742005733316717 0.001803231418419343 -0.0023124560047290289 -0.0038510049360671213 0.0011756540043279529 0.003842296823859215 0.0015393333043903113 7.936674103673016e-05 0.0036188859014146149 -0.0034786009001950531 -0.00023213269693466524 0.00093554324660174288 -0.00031587882258463654 0.00073613239801488821 -0.0009245438514578078 -0.0010876176141512892 -0.0015116689076390246 0.0026326438053869286 -0.0002236775250085408 0.00077726573754961683 -0.00048709112981503658 -0.0029076516238058471 1.4333874338349748e-05 -0.0042961352935957688 -3.9868220607146488e-05 0.002042822676788395 -0.0011765873190699395 0.0010408323111284214 -0.00022193629600922578
leaf_weight=45 838 22 39 30 21 27 24 20 42 32 23 24 27 20 24 24 24 29 26 21 26 22 27 14043 27 270 60 143 300 625
leaf_count=45 838 22 39 30 21 27 24 20 42 32 23 24 27 20 24 24 24 29 26 21 26 22 27 14043 27 270 60 143 300 625
internal_value=-6.29381e-13 0.000202571 6.40319e-05 -6.79307e-05 -0.00151926 -0.000660193 0.00019171 -7.84428e-05 0.000277773 0.00158537 -0.00111999 0.00149205 0.00230343 0.00136336 0.00209347 -0.0021744 0.000106451 -0.000237136 -1.17608e-05 0.00135642 -0.00056137 -0.000943837 -0.00182087 -7.68991e-06 -0.000144358 -0.000670482 -1.73726e-05 -0.00167204 -8.7487e-05 0.00018761
internal_weight=16925 619 553 514 78 57 436 361 269 76 92 75 51 66 46 47 44 193 164 47 117 91 49 16306 2263 440 1823 170 1763 925
internal_count=16925 619 553 514 78 57 436 361 269 76 92 75 51 66 46 47 44 193 164 47 117 91 49 16306 2263 440 1823 170 1763 925
is_linear=0
shrinkage=0.1


Tree=96
num_leaves=31
num_cat=0
split_feature=0 3 4 4 3 0 1 1 2 3 1 1 3 5 5 2 2 3 1 4 4 4 5 3 2 2 2 0 2 5
split_gain=0.00257881 0.0150219 0.00802747 0.0175107 0.0270353 0.0254778 0.0170867 0.016293 0.018648 0.0156819 0.0198112 0.0366719 0.0155609 0.0146653 0.011974 0.00727874 0.025249 0.0197751 0.0167628 0.0213594 0.0182127 0.0274341 0.0150083 0.0234333 0.0207855 0.0245765 0.0168068 0.0163219 0.0138895 0.0208409
threshold=0.11215932914046121 1.0129639843032912 0.0031209427525326506 0.0036465066748490003 1.0005424719430749 0.095695970695970675 0.11054940508739371 0.010842409437749003 0.016081733349366554 1.0016605847776845 0.070640028796701559 0.10592631415623752 1.0006032011012402 0.15031176033724372 0.093079613136013525 0.14195156515672655 0.13770443645639954 1.0007637416579087 0.188553330095624 0.022076596145757851 0.003945187833653151 0.0013345552180012502 0.27661656106259402 1.0003129563271911 0.11130538252544152 0.095418374117151816 0.12198443282617726 0.23582887700534758 0.15368679420075518 0.22788232627045482
decision_type=2 2 2 2 2 2 2 2 2 2 2 2 2 2 2 2 2 2 2 2 2 2 2 2 2 2 2 2 2 2
left_child=1 2 -1 12 5 -5 -7 -6 -9 -10 -11 14 -4 -13 -12 16 18 -18 20 -20 21 -2 23 24 25 -22 -26 -25 29 -17
right_child=15 -3 3 4 7 6 -8 8 9 10 11 13 -14 -15 -16 28 17 -19 19 -21 22 -23 -24 27 26 -27 -28 -29 -30 -31
leaf_value=-3.9081650423730602e-05 0.0016798812064315336 0.0024575985705100555 0.0032443943678234252 -0.0039562076589880653 -0.0018218797962287103 0.0011527600238979278 -0.0023846055994826286 0.0034371483106432222 0.0025303751975297929 -0.0015255900363073402 0.0048475420719894047 -0.0026386202540985932 0.00012137268376709134 0.0010278786980779842 0.0014705873471463011 0.0016166952041252942 -0.0049231040198355917 -0.00083574048324502154 -0.0034342171596911026 0.00011040642549393372 0.0011755682379728006 -0.002017291783969003 0.0021566987777053306 -0.00019457446881907458 0.0046235590277280171 -0.0019176610581878876 0.0012310647818958387 -0.0027069705771282319 -6.0696249616691091e-06 -0.0014838684102330634
leaf_weight=1275 26 27 39 26 22 36 22 28 35 46 21 24 27 20 21 110 20 29 34 34 84 88 37 338 23 37 40 28 14301 27
leaf_count=1275 26 27 39 26 22 36 22 28 35 46 21 24 27 20 21 110 20 29 34 34 84 88 37 338 23 37 40 28 14301 27
internal_value=-2.80185e-13 0.000118015 7.95446e-05 0.000491666 0.000168215 -0.00135504 -0.000188999 0.000757863 0.00104891 0.000648487 0.000149502 0.00104548 0.00196679 -0.00097203 0.00315906 -1.29108e-05 -0.000303102 -0.00250405 -0.00016286 -0.00166191 -1.74458e-05 -0.00117408 0.000207181 7.60316e-05 0.000996623 0.000229705 0.00246959 -0.00038678 3.53029e-06 0.00100564
internal_weight=16925 1669 1642 367 301 84 58 217 195 167 132 86 66 44 42 15256 818 49 769 68 701 114 587 550 184 121 63 366 14438 137
internal_count=16925 1669 1642 367 301 84 58 217 195 167 132 86 66 44 42 15256 818 49 769 68 701 114 587 550 184 121 63 366 14438 137
is_linear=0
shrinkage=0.1


Tree=97
num_leaves=31
num_cat=0
split_feature=5 5 1 0 2 2 1 2 2 2 4 3 3 3 1 4 2 3 2 3 4 5 2 2 5 5 4 0 1 5
split_gain=0.00233584 0.0155396 0.0239862 0.0244616 0.0208431 0.0262439 0.0197814 0.0193035 0.0195408 0.0242142 0.0217656 0.0185217 0.0247089 0.0166491 0.0227803 0.0202079 0.0165653 0.016435 0.0197985 0.0167626 0.0216206 0.0181728 0.0174649 0.0244408 0.0151016 0.0142864 0.0240771 0.0173863 0.0149336 0.0136053
threshold=0.42472101176995963 0.38927674341668667 0.4964851854057078 0.62382075471698128 0.22616170392560533 0.26463323466619088 0.4875774292327158 0.59288141933545757 0.54784436997786401 0.56848824317670099 0.10519563293237992 1.1433623633822243 1.0302896699900816 1.0437045304326193 0.56430650309960262 0.37356519585105402 0.61073545406830287 1.0084747625122727 0.41719848771540946 1.0064071162036627 0.031582764329397557 0.40105333550320804 0.34513183374411011 0.42504627603852257 0.42672458626267523 0.40796899432539208 0.33585558887362515 0.69604037267080754 0.44787448850650607 0.41396742545932469
decision_type=2 2 2 2 2 2 2 2 2 2 2 2 2 2 2 2 2 2 2 2 2 2 2 2 2 2 2 2 2 2
left_child=1 2 6 -4 -3 -6 -1 8 10 -10 11 12 17 14 -5 -15 -9 19 -19 20 -7 -22 -23 -24 -2 26 28 -27 -12 -18
right_child=24 4 3 13 5 7 -8 16 9 -11 25 -13 -14 15 -16 -17 29 18 -20 -21 21 22 23 -25 -26 27 -28 -29 -30 -31
leaf_value=-1.2673469634157535e-05 0.0015669623328449234 0.0018492566649739102 0.0024813542902941271 -0.00053653498083197821 -0.0040674949863127299 -0.0020815304843525059 -0.0030157407026060604 -0.0042090158443897968 0.0027726854376364934 -0.00082854019463852492 -0.0049603386054513981 0.0028024341889911078 -0.0022884117609161575 -0.0030071282345387673 0.0040331440698355443 0.00089885090800145492 0.00048845435516780308 0.0025666552883408526 -0.00063782140345973589 -0.002870521103234395 0.0023390477431738483 0.0021498928104689264 -0.002820464141134705 0.0011839345201022098 2.5100622905561401e-05 0.00020995119170615133 -0.00063049016569397952 -0.0030784239718923347 -0.0016197362054220362 -0.0026019332793241899
leaf_weight=7368 64 37 78 24 21 38 22 23 43 33 32 22 48 27 20 26 29 51 31 23 42 23 35 27 8528 82 57 20 23 28
leaf_count=7368 64 37 78 24 21 38 22 23 43 33 32 22 48 27 20 26 29 51 31 23 42 23 35 27 8528 82 57 20 23 28
internal_value=-7.92537e-13 -3.77228e-05 5.78783e-06 0.00116291 -0.000466313 -0.000583517 -2.16136e-05 -0.00048047 -0.000294663 0.001209 -0.000500941 -3.66433e-06 -0.000197797 0.000102719 0.00154059 -0.00109099 -0.0019437 0.000173868 0.00135521 -0.000341397 1.11477e-05 0.000637303 -0.000203559 -0.00107661 3.65856e-05 -0.00129101 -0.00207074 -0.000434828 -0.00356336 -0.00102963
internal_weight=16925 8333 7565 175 768 731 7390 710 630 76 554 340 318 97 44 53 80 270 82 188 165 127 85 62 8592 214 112 102 55 57
internal_count=16925 8333 7565 175 768 731 7390 710 630 76 554 340 318 97 44 53 80 270 82 188 165 127 85 62 8592 214 112 102 55 57
is_linear=0
shrinkage=0.1


Tree=98
num_leaves=31
num_cat=0
split_feature=0 4 5 2 2 5 1 1 1 5 1 3 3 1 0 5 4 3 5 5 1 0 5 5 5 3 3 2 4 3
split_gain=0.00223909 0.00860513 0.00963969 0.011059 0.0112783 0.0153924 0.0104856 0.00850981 0.0142129 0.00824375 0.00796685 0.00881356 0.0109957 0.00747376 0.00787735 0.00737509 0.0073548 0.00533106 0.00508839 0.00498704 0.00453862 0.00425088 0.00422375 0.0139794 0.0190997 0.0152101 0.0262919 0.0236979 0.0199776 0.0163337
threshold=0.051503094606542808 0.00077896218238600009 0.20473858472812773 0.14195156515672655 0.099805421504675362 0.056238310426789111 0.066421497023710904 1.0000000180025095e-35 0.023752669249982952 0.14609425669786422 0.010842409437749003 1.0002720006616583 1.0000515830402554 0.023752669249982952 0.021980676328502403 0.13255576147916356 0.00028949809642300008 1.0000001136767176 0.097556381415748114 1.0000000180025095e-35 0.06211730062439811 0.025978407557354904 0.16521493425875808 0.21847671293716756 0.25040085046835225 1.0151872873914924 1.040019690371262 0.32887069735320207 0.0026785250284840508 1.0073756857885137
decision_type=2 2 2 2 2 2 2 2 2 2 2 2 2 2 2 2 2 2 2 2 2 2 2 2 2 2 2 2 2 2
left_child=1 2 3 4 6 -6 10 -3 -9 20 11 12 17 16 -15 -8 -12 21 19 -16 -10 -1 -2 -24 25 28 27 -27 -25 -30
right_child=22 7 -4 -5 5 -7 15 8 9 -11 13 -13 -14 14 18 -17 -18 -19 -20 -21 -22 -23 23 24 -26 26 -28 -29 29 -31
leaf_value=4.8899988178163768e-05 -0.0001338702128411018 -0.00060384662731760932 -0.0016947539566899651 0.0022375614847987891 -0.0035692575981374833 -3.2833387376740578e-05 0.00060128437934252321 0.0031319324082384505 -0.0011678492787971417 0.0022019046434687208 -0.0026167153281026652 -0.00095782006328590805 0.0024877293760710018 0.0013516241331295721 -0.0012064488920329427 0.0029631896992214028 -0.0002033244975356628 -0.0008831187670763869 -0.0019070058551040434 0.00056398637967593061 0.00063697201518439939 0.0018836689298041165 0.00038820855723695473 0.0011664393212413415 1.401210684225729e-05 0.00034022038468183615 -0.00052694346701779682 0.0043874235808565891 -0.00094352045155534888 -0.0030943541449960322
leaf_weight=28 2263 31 32 23 20 32 39 30 22 23 28 32 32 29 26 20 23 26 21 41 38 23 929 40 12479 39 192 23 301 40
leaf_count=28 2263 31 32 23 20 32 39 30 22 23 28 32 32 29 26 20 23 26 21 41 38 23 929 40 12479 39 192 23 301 40
internal_value=-1.77894e-12 0.000186681 -1.8609e-05 0.000102467 -1.4455e-05 -0.001393 0.000180339 0.000863853 0.0012665 0.000592242 -5.29099e-05 0.000501345 0.000929723 -0.000518088 -7.77287e-05 0.00140193 -0.00152832 0.00028224 -0.000548765 -0.000123048 -2.47958e-05 0.000876345 -7.08669e-06 1.33442e-05 -1.32113e-05 -0.000548205 5.12055e-05 0.0018416 -0.000947812 -0.00119582
internal_weight=16925 619 475 443 420 52 368 144 113 83 309 141 109 168 117 59 51 77 88 67 60 51 16306 14043 13114 635 254 62 381 341
internal_count=16925 619 475 443 420 52 368 144 113 83 309 141 109 168 117 59 51 77 88 67 60 51 16306 14043 13114 635 254 62 381 341
is_linear=0
shrinkage=0.1


Tree=99
num_leaves=31
num_cat=0
split_feature=3 4 1 2 5 5 1 5 2 1 4 4 4 1 1 4 4 5 5 5 1 2 2 5 3 4 4 4 2 4
split_gain=0.00213266 0.00590034 0.0176597 0.0121587 0.0120166 0.00932057 0.00659765 0.0142186 0.00885092 0.0140346 0.0141784 0.00723923 0.006995 0.00765009 0.00935039 0.00567114 0.00530546 0.00478007 0.00477542 0.00460833 0.00426828 0.00569275 0.0101159 0.00541503 0.00341358 0.00578303 0.00807191 0.00877588 0.00622613 0.00464367
threshold=1.6766425284799407 1.5937852347110988 0.27811222515466205 0.55078945763457643 0.3953313628563484 0.37556099867480724 0.30966587701530546 0.34199624379691024 0.48381637930257165 0.4025646566494675 0.90654991263340301 0.36710276273610531 0.34080206129461971 0.62076329803401908 0.64906966425651691 1.7619712781499377 1.3486971472884677 0.56654159602672649 0.26548407165438537 0.59181572485222922 0.67738255941424874 1.1781495661742019 1.0849390334302298 0.7560906689869733 1.6561596181405285 1.3486971472884677 1.0134287157680189 1.1187463631221781 0.46247722135161068 0.84053082660468392
decision_type=2 2 2 2 2 2 2 2 2 2 2 2 2 2 2 2 2 2 2 2 2 2 2 2 2 2 2 2 2 2
left_child=24 2 -2 4 15 -5 -4 18 -9 16 11 12 13 17 -15 -3 -10 -11 -8 -16 -21 22 -22 -23 25 26 29 -28 -29 -1
right_child=1 3 6 5 -6 -7 7 8 9 10 -12 -13 -14 14 19 -17 -18 -19 -20 20 21 23 -24 -25 -26 -27 27 28 -30 -31
leaf_value=-6.3408597029942103e-06 0.0032326643774285915 -0.0017334528106773548 -0.0012868220364907756 -0.00051009982796103672 -0.0031671494955662644 0.0017871149827873235 0.0004367012918616335 0.0020671503385528921 -0.00032881522784009579 7.6345697479237901e-05 0.0024729388721215612 -0.00085274570746163682 0.0019044154837805157 -0.0019780843441064163 -0.0013137155306702925 -4.6258714160342751e-05 -0.0023199646529974416 0.0019911651033908129 0.0022695492577358067 0.0014661146160215141 0.00042365749666418577 0.0020297532289987432 -0.0019039975380468551 0.00020093419143984862 -0.0008777027142544587 0.0014846590293857915 -0.0021526338584307169 0.0006148827639040782 -0.0013933805032418324 0.0007220944373826074
leaf_weight=15856 20 27 28 33 20 38 21 22 23 22 26 71 24 24 21 76 32 32 44 25 43 20 33 85 45 26 36 38 26 88
leaf_count=15856 20 27 28 33 20 38 21 22 23 22 26 71 24 24 21 76 32 32 44 25 43 20 33 85 45 26 36 38 26 88
internal_value=6.98444e-15 0.000158332 0.000309795 -0.000322602 -0.00092408 0.000719395 0.000211712 0.000285584 0.000105727 1.60153e-05 0.000210106 6.30214e-05 0.000260649 0.000131303 -0.000100993 -0.000488533 -0.0014873 0.00121105 0.0016774 9.74655e-05 0.000241324 7.21537e-05 -0.000587035 0.000549281 -7.95836e-06 -5.52286e-06 -7.93777e-06 -0.000903572 -0.000200974 -2.32039e-06
internal_weight=16925 810 616 194 123 71 596 568 503 481 426 400 329 305 251 103 55 54 65 227 206 181 76 105 16115 16070 16044 100 64 15944
internal_count=16925 810 616 194 123 71 596 568 503 481 426 400 329 305 251 103 55 54 65 227 206 181 76 105 16115 16070 16044 100 64 15944
is_linear=0
shrinkage=0.1


end of trees

feature_importances:
cost_revision_ratio=639
schedule_variance_ratio=637
timeline_elapsed_fraction=544
physical_progress_pct=436
milestone_completion_ratio=393
financial_progress_pct=351

parameters:
[boosting: gbdt]
[objective: regression]
[metric: l2]
[tree_learner: serial]
[device_type: cpu]
[data_sample_strategy: bagging]
[data: ]
[valid: ]
[num_iterations: 100]
[learning_rate: 0.1]
[num_leaves: 31]
[num_threads: 8]
[seed: 42]
[deterministic: 0]
[force_col_wise: 0]
[force_row_wise: 0]
[histogram_pool_size: -1]
[max_depth: -1]
[min_data_in_leaf: 20]
[min_sum_hessian_in_leaf: 0.001]
[bagging_fraction: 1]
[pos_bagging_fraction: 1]
[neg_bagging_fraction: 1]
[bagging_freq: 0]
[bagging_seed: 400]
[bagging_by_query: 0]
[feature_fraction: 1]
[feature_fraction_bynode: 1]
[feature_fraction_seed: 30056]
[extra_trees: 0]
[extra_seed: 12879]
[early_stopping_round: 0]
[early_stopping_min_delta: 0]
[first_metric_only: 0]
[max_delta_step: 0]
[lambda_l1: 0]
[lambda_l2: 0]
[linear_lambda: 0]
[min_gain_to_split: 0]
[drop_rate: 0.1]
[max_drop: 50]
[skip_drop: 0.5]
[xgboost_dart_mode: 0]
[uniform_drop: 0]
[drop_seed: 17869]
[top_rate: 0.2]
[other_rate: 0.1]
[min_data_per_group: 100]
[max_cat_threshold: 32]
[cat_l2: 10]
[cat_smooth: 10]
[max_cat_to_onehot: 4]
[top_k: 20]
[monotone_constraints: ]
[monotone_constraints_method: basic]
[monotone_penalty: 0]
[feature_contri: ]
[forcedsplits_filename: ]
[refit_decay_rate: 0.9]
[cegb_tradeoff: 1]
[cegb_penalty_split: 0]
[cegb_penalty_feature_lazy: ]
[cegb_penalty_feature_coupled: ]
[path_smooth: 0]
[interaction_constraints: ]
[verbosity: 1]
[saved_feature_importance_type: 0]
[use_quantized_grad: 0]
[num_grad_quant_bins: 4]
[quant_train_renew_leaf: 0]
[stochastic_rounding: 1]
[linear_tree: 0]
[max_bin: 255]
[max_bin_by_feature: ]
[min_data_in_bin: 3]
[bin_construct_sample_cnt: 200000]
[data_random_seed: 175]
[is_enable_sparse: 1]
[enable_bundle: 1]
[use_missing: 1]
[zero_as_missing: 0]
[feature_pre_filter: 1]
[pre_partition: 0]
[two_round: 0]
[header: 0]
[label_column: ]
[weight_column: ]
[group_column: ]
[ignore_column: ]
[categorical_feature: ]
[forcedbins_filename: ]
[precise_float_parser: 0]
[parser_config_file: ]
[objective_seed: 16083]
[num_class: 1]
[is_unbalance: 0]
[scale_pos_weight: 1]
[sigmoid: 1]
[boost_from_average: 1]
[reg_sqrt: 0]
[alpha: 0.9]
[fair_c: 1]
[poisson_max_delta_step: 0.7]
[tweedie_variance_power: 1.5]
[lambdarank_truncation_level: 30]
[lambdarank_norm: 1]
[label_gain: ]
[lambdarank_position_bias_regularization: 0]
[eval_at: ]
[multi_error_top_k: 1]
[auc_mu_weights: ]
[num_machines: 1]
[local_listen_port: 12400]
[time_out: 120]
[machine_list_filename: ]
[machines: ]
[gpu_platform_id: -1]
[gpu_device_id: -1]
[gpu_device_id_list: ]
[gpu_use_dp: 0]
[num_gpu: 1]

end of parameters

pandas_categorical:[]
