tree
version=v4
num_class=1
num_tree_per_iteration=1
label_index=0
max_feature_idx=16
objective=regression
feature_names=timeline_elapsed_fraction physical_progress_pct financial_progress_pct cost_revision_ratio schedule_variance_ratio milestone_completion_ratio complexity_index funding_stability agency_track_record land_acquisition_ease monsoon_exposure contractor_concentration state_project_load sector_risk_factor original_duration_days days_elapsed budget_utilization_ratio
feature_infos=[0.016949152542372801:1] [0:1] [0:1.5] [1:2.8736208179800604] [0:2.391783324816469] [0:1] [0.21499698906828171:0.98526970948528825] [0.18990811385480821:1] [0.26973030104552831:1] [0.094628220438093394:0.8723117987626432] [0.0094654099132994995:0.75384491693491673] [0.032974040368781501:0.75915141550295451] [0.051150598167189802:0.9468937066415708] [0.369042389747333:0.90550677910428123] [1490:2222] [25:2222] [0:1.0671509308542175]
tree_sizes=2797 2932 2946 2945 2944 2957 2967 2969 2974 2967 2980 2984 2975 2981 2993 3001 3004 3010 3016 3019 3035 3025 3028 3045 3042 3043 3045 3042 3047 3058 3063 3050 3069 3088 3083 3074 3070 3084 3088 3089 3085 3099 3085 3106 3089 3109 3089 3076 3107 3089 3090 3095 3082 3085 3094 3081 3094 3096 3105 3113 3082 3124 3110 3085 3105 3116 3102 3124 3107 3088 3114 3126 3099 3112 3110 3135 3117 3118 3108 3111 3119 3120 3113 3116 3112 3087 3128 3097 3104 3116 3104 3106 3117 3091 3103 3107 3141 3103 3098 3103

Tree=0
num_leaves=31
num_cat=0
split_feature=6 14 6 7 14 6 8 12 9 7 12 12 6 6 7 7 6 6 8 9 9 7 7 6 6 7 8 9 12 6
split_gain=93.5103 26.515 23.6818 8.18324 7.92473 4.63654 4.47522 3.72763 2.72425 2.52767 2.45348 2.06161 1.91645 1.64695 1.44335 1.29651 1.21108 1.20451 1.18912 0.819974 0.693333 0.688802 0.6825 0.676544 0.606464 0.605739 0.569555 0.5846 0.542441 0.524555
threshold=0.62916985179313489 2061.0000000000005 0.51749435068882743 0.75308660848094844 2160.0000000000005 0.70510798320188051 0.57582142697967775 0.29877869562408682 0.50841614664279666 0.48791180488562053 0.56003203341322993 0.6205220401890027 0.72919167991290668 0.84804137002213842 0.66177037028836749 0.70871455926867988 0.33095986072506228 0.81010861697782965 0.73318598857703565 0.30167058120466334 0.49359878873050139 0.82417572980417764 0.73309837234458419 0.86337522622390472 0.40033424321766281 0.74568538266672035 0.59790572561493971 0.58058917347220007 0.52825340439765267 0.4284118845271751
decision_type=2 2 2 2 2 2 2 2 2 2 2 2 2 2 2 2 2 2 2 2 2 2 2 2 2 2 2 2 2 2
left_child=2 6 3 8 9 14 12 29 24 -4 26 15 19 25 28 -6 -12 -8 -9 -2 -16 -13 -11 -14 -1 -7 -10 -28 -3 -5
right_child=1 5 4 7 11 13 17 18 10 22 16 21 23 -15 20 -17 -18 -19 -20 -21 -22 -23 -24 -25 -26 -27 27 -29 -30 -31
leaf_value=0.61569360671392204 0.65130511066569041 0.63028067686705347 0.64264412994972553 0.60494687101685396 0.62402951460140632 0.63694165552323567 0.63510670400247493 0.61610954539434704 0.61838229265003597 0.63268189196431801 0.61191599603061597 0.62744679281137572 0.65129044540425896 0.64534809663074544 0.62935094869011821 0.6196569781946959 0.62235118542191759 0.64970292176086109 0.61116778024731511 0.6424875583163141 0.62428436825984146 0.62142501158401098 0.62667535424515275 0.65781373315012348 0.62522421759410607 0.63228786538634285 0.6174592182176486 0.61289115294560237 0.6379971760965083 0.60969945726535568
leaf_weight=73 155 294 216 468 1239 498 313 1768 522 515 123 1114 483 154 399 1498 1161 69 672 330 836 229 299 237 782 638 425 822 132 461
leaf_count=73 155 294 216 468 1239 498 313 1768 522 515 123 1114 483 154 399 1498 1161 69 672 330 836 229 299 237 782 638 425 822 132 461
internal_value=0.624471 0.636751 0.619972 0.616308 0.62519 0.631146 0.647175 0.612696 0.619421 0.633027 0.618024 0.623211 0.650165 0.635644 0.627653 0.621636 0.621352 0.637743 0.614749 0.645306 0.625921 0.62642 0.630476 0.653438 0.62441 0.634328 0.615609 0.614448 0.632672 0.607305
internal_weight=16925 4538 12387 7277 5110 2951 1587 3369 3908 1030 3053 4080 1205 1290 1661 2737 1284 382 2440 485 1235 1343 814 720 855 1136 1769 1247 426 929
internal_count=16925 4538 12387 7277 5110 2951 1587 3369 3908 1030 3053 4080 1205 1290 1661 2737 1284 382 2440 485 1235 1343 814 720 855 1136 1769 1247 426 929
is_linear=0
shrinkage=1


Tree=1
num_leaves=31
num_cat=0
split_feature=6 14 6 7 14 6 8 12 12 7 7 9 12 12 12 12 6 6 6 9 6 8 9 11 8 7 12 8 8 9
split_gain=75.7434 21.4771 19.1934 6.58938 6.23077 3.79677 3.62492 2.87356 2.35105 2.04741 1.80087 1.731 1.55511 1.29224 1.19789 1.19327 1.09901 1.05863 0.975654 0.921651 0.811134 0.789217 0.758777 0.691518 0.594785 0.552825 0.534971 0.50814 0.506211 0.491495
threshold=0.62916985179313489 2061.0000000000005 0.51879202258451673 0.75308660848094844 2160.0000000000005 0.7460903392806455 0.57582142697967775 0.29877869562408682 0.27162769738835874 0.48791180488562053 0.81835499581121351 0.51240939363300619 0.36059968271352999 0.6515596594872276 0.59512060608427941 0.40939248833967473 0.44318908101480253 0.84804137002213842 0.81010861697782965 0.46763181153130345 0.86337522622390472 0.6428806358750182 0.58058917347220007 0.36352865315636868 0.75170230299409457 0.73309837234458419 0.47527415292319741 0.83046387380340081 0.66770926108060979 0.28738093768274148
decision_type=2 2 2 2 2 2 2 2 2 2 2 2 2 2 2 2 2 2 2 2 2 2 2 2 2 2 2 2 2 2
left_child=2 6 3 8 9 15 12 21 -1 -4 13 -10 -2 19 24 23 27 28 -8 -6 -14 -5 -17 -3 -13 -11 -12 -9 -7 -30
right_child=1 5 4 7 10 17 18 16 11 25 26 14 20 -15 -16 22 -18 -19 -20 -21 -22 -23 -24 -25 -26 -27 -28 -29 29 -31
leaf_value=-0.010283360333130091 0.015976638080161296 -0.0019317223297297586 0.016356012642521549 -0.010139737446461955 0.0027418886096586058 0.013201595545894857 0.0095723302576679013 -0.010201171758923343 0.00060388813060958328 0.007389999289535782 -0.0082649751985018408 -0.0055334360489316219 0.023269731920340968 0.0033316233867927538 -0.0020584563959805467 0.0078775775626048431 -0.0068607098686659252 0.018789583043038072 0.022708925453649054 -0.0022836558667249703 0.030008655409269697 -0.016663610679762707 0.0027418382197050345 0.0038729865148248478 -0.010567619361811215 0.0019841151146130966 -0.0031290086818168343 -0.016445053237326004 0.01210822738133944 0.005675779779207463
leaf_weight=593 243 464 216 248 464 276 313 880 801 515 327 1268 725 880 1022 647 1455 154 69 1709 237 735 518 368 288 299 534 153 182 342
leaf_count=593 243 464 216 248 464 276 313 880 801 515 327 1268 725 880 1022 647 1455 154 69 1709 237 735 518 368 288 299 534 153 182 342
internal_value=3.66345e-11 0.0110525 -0.00404909 -0.00725726 0.000780695 0.00600747 0.0204335 -0.0104402 -0.00447581 0.00770097 -0.00104043 -0.00345661 0.0231244 9.86888e-05 -0.00471824 0.00352829 -0.00863161 0.0111971 0.0119452 -0.00121055 0.0249299 -0.0150177 0.00559405 0.000635745 -0.00646521 0.0054043 -0.0050796 -0.011126 0.00973557 0.00790995
internal_weight=16925 4538 12387 7443 4944 2951 1587 3471 3972 1030 3914 3379 1205 3053 2578 1997 2488 954 382 2173 962 983 1165 832 1556 814 861 1033 800 524
internal_count=16925 4538 12387 7443 4944 2951 1587 3471 3972 1030 3914 3379 1205 3053 2578 1997 2488 954 382 2173 962 983 1165 832 1556 814 861 1033 800 524
is_linear=0
shrinkage=0.1


Tree=2
num_leaves=31
num_cat=0
split_feature=6 7 6 6 7 6 8 12 9 6 14 12 7 7 7 8 6 6 7 12 9 6 8 8 7 9 12 7 7 8
split_gain=61.7473 22.1368 10.184 5.75453 5.37834 4.13716 3.78007 2.4509 1.86108 1.82642 1.50204 1.47689 1.34601 1.02868 0.933975 0.884565 0.83296 0.828132 0.813182 0.804017 0.743578 0.540079 0.523447 0.479058 0.430525 0.426143 0.411968 0.404947 0.402134 0.39642
threshold=0.59145745509731806 0.55674469929331505 0.51749435068882743 0.70510798320188051 0.75308660848094844 0.67843608961607715 0.6092253129501829 0.29877869562408682 0.53943662930964653 0.84165378801719692 2160.0000000000005 0.62715863291699059 0.57155193910632895 0.66023286684276894 0.67033016465370998 0.79527684815264998 0.37323783918164638 0.72919167991290668 0.4853488384926416 0.48621361922303369 0.49359878873050139 0.44318908101480253 0.51901726955421945 0.48389651389018201 0.73533414895617211 0.70626561355399942 0.40939248833967473 0.82934131219545337 0.78120937421702641 0.64919754094883364
decision_type=2 2 2 2 2 2 2 2 2 2 2 2 2 2 2 2 2 2 2 2 2 2 2 2 2 2 2 2 2 2
left_child=2 5 4 10 8 18 12 25 16 24 -3 14 -4 -8 -10 21 -1 23 -2 -15 28 -9 -18 -7 -5 -6 -22 -28 -12 -16
right_child=1 3 6 9 7 17 13 15 11 -11 20 -13 -14 19 29 -17 22 -19 -20 -21 26 -23 -24 -25 -26 -27 27 -29 -30 -31
leaf_value=-0.0087513047747495697 0.014928189298950931 0.0070154440148916704 0.012732741454539939 0.010004968021807331 -0.012439719304466097 0.020340263955442334 0.0012637195827522969 -0.0090212039107626148 -0.0047694935184001298 0.016955522480815981 0.0056112319467848844 -0.0023023699079053593 0.0031284997814999497 -0.0059120798705178564 -0.0070261452873942283 -0.012209141459504162 0.006977085559628904 0.024115766104120407 0.0071766737502495298 -0.0017628312099916364 -0.0019202684922294219 -0.0057080614450062961 -0.00073972976571681868 0.01187983803696685 0.0062651721838020346 -0.017020079230268798 0.003003374282538448 -0.0014707610840647076 0.00087015136798884751 -0.01115621546171402
leaf_weight=123 291 478 171 547 629 253 602 825 798 271 409 897 995 794 403 396 96 685 253 1134 805 1219 1042 91 704 300 513 334 318 549
leaf_count=123 291 478 171 547 629 253 602 825 798 271 409 897 995 794 403 396 96 685 253 1134 805 1219 1042 91 704 300 513 334 318 549
internal_value=1.91691e-11 0.00820117 -0.0044485 0.00454604 -0.00661963 0.0183765 -0.00017379 -0.00954765 -0.00409544 0.00951271 0.00190016 -0.00560165 0.00453701 -0.00234485 -0.00729277 -0.00788338 -0.00093371 0.0221054 0.0113232 -0.0034716 0.000872376 -0.00704531 -8.87506e-05 0.0181022 0.0079004 -0.0139188 -0.000300435 0.00123908 0.00353742 -0.00940788
internal_weight=16925 5952 10973 4379 7277 1573 3696 3369 3908 1522 2857 2647 1166 2530 1750 2440 1261 1029 544 1928 2379 2044 1138 344 1251 929 1652 847 727 952
internal_count=16925 5952 10973 4379 7277 1573 3696 3369 3908 1522 2857 2647 1166 2530 1750 2440 1261 1029 544 1928 2379 2044 1138 344 1251 929 1652 847 727 952
is_linear=0
shrinkage=0.1


Tree=3
num_leaves=31
num_cat=0
split_feature=6 7 6 6 12 6 8 7 7 9 6 6 7 6 7 6 7 12 7 12 7 13 9 6 9 6 8 8 9 9
split_gain=50.0153 17.9308 8.24903 4.68927 4.36284 3.3511 3.06186 2.46085 1.60351 1.53296 1.36297 1.10135 1.09026 1.02375 0.833233 0.747442 0.728091 0.723686 0.658678 0.651254 0.588772 0.563854 0.531153 0.487621 0.471398 0.456583 0.450146 0.407807 0.381787 0.380114
threshold=0.59145745509731806 0.55674469929331505 0.51749435068882743 0.7460903392806455 0.35969549053399347 0.67843608961607715 0.6092253129501829 0.74029240282409003 0.66077902783839748 0.47272663192209258 0.41447372075894429 0.84165378801719692 0.57155193910632895 0.4201736281444291 0.66023286684276894 0.41821680678681322 0.84084755877063988 0.22875154907585413 0.4853488384926416 0.48621361922303369 0.66177037028836749 0.52587390100945497 0.46480794120061764 0.84804137002213842 0.6574032434985122 0.68802542054864813 0.75561110261267783 0.66770926108060979 0.28738093768274148 0.56451100292302148
decision_type=2 2 2 2 2 2 2 2 2 2 2 2 2 2 2 2 2 2 2 2 2 2 2 2 2 2 2 2 2 2
left_child=2 5 4 9 8 18 12 10 -1 16 26 27 -4 -9 -8 -10 -3 -7 -2 -16 -11 24 23 -19 -12 -22 -6 -5 -29 -15
right_child=1 3 6 11 7 17 14 13 15 20 21 -13 -14 29 19 -17 -18 22 -20 -21 25 -23 -24 -25 -26 -27 -28 28 -30 -31
leaf_value=-0.0042896192258291216 0.013435370108925601 0.0062822436706067913 0.011459467032848046 0.010881982457179291 -0.0043370192659875524 0.011168492251429065 0.0011373476204005971 -0.009553977530692679 -0.01432896786530439 0.0043252192985005029 -0.00067260429340189906 0.015259970048256905 0.0028156498359544345 -0.0033471897401201622 -0.0053208718681590685 -0.0097760322955674217 0.00023935502353890031 0.019950068402378 0.0064590063593957733 -0.0015865481062751177 -0.0010323476033144683 0.001287366527045397 0.014844368431801187 0.025181169594233895 -0.0048043716202945258 0.0030308321236788885 -0.0095702326230027463 0.010205439187189531 0.004461409435138025 -0.0065028155738314627
leaf_weight=415 291 955 171 299 650 87 602 843 532 342 725 271 995 635 794 1119 252 544 253 1134 1378 735 133 265 446 346 220 169 367 957
leaf_count=415 291 955 171 299 650 87 602 843 532 342 725 271 995 635 794 1119 252 544 253 1134 1378 735 133 265 446 346 220 169 367 957
internal_value=1.04615e-11 0.00738105 -0.00400365 0.00409144 -0.00595767 0.0165389 -0.000156411 -0.00441592 -0.00984636 0.00218918 -0.00238065 0.00972081 0.00408331 -0.00673621 -0.00211037 -0.0112431 0.0050206 0.0198949 0.0101908 -0.00312444 0.000535004 -0.000883617 0.0207008 0.0216636 -0.00224627 -0.000216883 -0.00566036 0.00792308 0.00627249 -0.00524413
internal_weight=16925 5952 10973 4379 7277 1573 3696 5211 2066 3273 2776 1106 1166 2435 2530 1651 1207 1029 544 1928 2066 1906 942 809 1171 1724 870 835 536 1592
internal_count=16925 5952 10973 4379 7277 1573 3696 5211 2066 3273 2776 1106 1166 2435 2530 1651 1207 1029 544 1928 2066 1906 942 809 1171 1724 870 835 536 1592
is_linear=0
shrinkage=0.1


Tree=4
num_leaves=31
num_cat=0
split_feature=6 14 6 14 12 7 6 8 7 7 6 7 6 6 12 12 6 6 9 9 9 6 8 13 8 13 11 9 8 9
split_gain=40.6244 11.4236 10.1645 3.74238 3.62982 1.99418 1.99411 1.867 1.24626 1.14536 1.09502 1.04389 0.949161 0.877742 0.806624 0.704951 0.661491 0.575551 0.509559 0.506779 0.484027 0.483768 0.442097 0.435463 0.397623 0.38244 0.374193 0.367458 0.364618 0.35756
threshold=0.62916985179313489 2061.0000000000005 0.52032678888598516 2160.0000000000005 0.35969549053399347 0.74029240282409003 0.74411930287437345 0.57582142697967775 0.66077902783839748 0.81835499581121351 0.41447372075894429 0.48791180488562053 0.72919167991290668 0.4201736281444291 0.6515596594872276 0.40939248833967473 0.41821680678681322 0.84804137002213842 0.56135987980397861 0.46763181153130345 0.59930412181068571 0.81010861697782965 0.48389651389018201 0.59645291140811263 0.6428806358750182 0.72430173454965907 0.41653778475965059 0.32893095639183018 0.75561110261267783 0.78221203897229297
decision_type=2 2 2 2 2 2 2 2 2 2 2 2 2 2 2 2 2 2 2 2 2 2 2 2 2 2 2 2 2 2
left_child=2 7 4 11 8 10 15 12 -1 14 28 -4 22 -7 19 27 -10 -8 -17 -5 -12 -9 -2 -22 -18 -20 -14 -3 -6 -15
right_child=1 6 3 9 5 13 17 21 16 -11 20 -13 26 29 -16 18 24 -19 25 -21 23 -23 -24 -25 -26 -27 -28 -29 -30 -31
leaf_value=-0.0038606573222766082 0.016052891102304564 0.0072385753964034601 0.012129316182324181 0.0019370387881704591 -0.0039033172651408961 -0.0085985797378958194 0.007037021392753866 0.0071733705354289122 -0.01289607096267374 -0.0040518969072420568 0.00074234111563223392 0.0043092992638423125 0.020712623889991632 -0.0042189071161301906 0.0026302409279477697 0.0064610028286662072 -0.0057206153824880673 0.013689076198966471 0.0014075229690459663 -0.0018092730503039623 -0.0029595399292615746 0.016423626352047575 0.0099487846492281283 0.0041673200422937566 -0.0098040236421816414 0.010229464620351791 0.015800192873034857 -0.00028360491315208933 -0.0086132092706181791 -0.0099554957105563238
leaf_weight=415 278 71 216 464 650 843 837 313 532 861 982 814 494 1523 880 528 333 154 546 1628 975 69 207 94 840 54 226 761 220 117
leaf_count=415 278 71 216 464 650 843 837 313 532 861 982 814 494 1523 880 528 333 154 546 1628 975 69 207 94 840 54 226 761 220 117
internal_value=2.07224e-11 0.00809432 -0.00296537 0.000597763 -0.00526833 -0.00389262 0.00441495 0.014936 -0.00877511 -0.000840277 -0.0021215 0.00594923 0.0168672 -0.00597615 9.01418e-05 0.00256654 -0.00997129 0.00807074 0.00419531 -0.000978351 -0.00086048 0.00884423 0.0134476 -0.00233286 -0.0086448 0.0022015 0.0191707 0.000358312 -0.00509432 -0.00462816
internal_weight=16925 4538 12387 4863 7524 5404 2951 1587 2120 3833 2921 1030 1205 2483 2972 1960 1705 991 1128 2092 2051 382 485 1069 1173 600 720 832 870 1640
internal_count=16925 4538 12387 4863 7524 5404 2951 1587 2120 3833 2921 1030 1205 2483 2972 1960 1705 991 1128 2092 2051 382 485 1069 1173 600 720 832 870 1640
is_linear=0
shrinkage=0.1


Tree=5
num_leaves=31
num_cat=0
split_feature=6 7 9 9 12 6 8 7 6 8 12 7 6 12 12 7 6 7 9 7 9 13 6 12 8 8 6 12 7 8
split_gain=33.093 13.463 4.64105 3.56798 2.95133 2.21207 1.72534 1.58419 1.29842 1.06024 0.889028 0.778902 0.646714 0.626409 0.61553 0.576603 0.509691 0.5044 0.454767 0.439905 0.438684 0.408861 0.40405 0.400214 0.382821 0.361613 0.359158 0.3373 0.301856 0.299473
threshold=0.57369987427089597 0.55674469929331505 0.54516713500060165 0.47272663192209258 0.54446609600031448 0.67843608961607715 0.61124497061499716 0.79460421339085519 0.84165378801719692 0.79369213276556794 0.61918904832862265 0.56598016579320165 0.47237988841394524 0.47900707040078494 0.16050371638258268 0.79075790286136383 0.84804137002213842 0.78120937421702641 0.43500722116472118 0.4853488384926416 0.5813360914415614 0.52979011094760153 0.34813039805935669 0.56440027080325672 0.62816990092727221 0.59790572561493971 0.42720785855329863 0.22875154907585413 0.83327035019505724 0.52705848560075275
decision_type=2 2 2 2 2 2 2 2 2 2 2 2 2 2 2 2 2 2 2 2 2 2 2 2 2 2 2 2 2 2
left_child=2 5 6 8 7 19 11 12 13 26 15 -1 25 17 -8 20 27 -3 -16 -2 -5 -20 -9 -13 -12 -4 -6 -7 -15 -24
right_child=1 3 4 10 9 16 14 22 -10 -11 24 23 -14 28 18 -17 -18 -19 21 -21 -22 -23 29 -25 -26 -27 -28 -29 -30 -31
leaf_value=0.0090658343917021725 0.010825618293103585 0.0048661207606037751 -0.0042454202346221643 0.0026451252260857611 -0.0041580572317202226 0.008823988364003171 -0.0079762982517769115 -0.01582118934884514 0.012315958536254085 -0.0081483622348097733 0.0052828677063894887 -0.00036585016608299417 -0.0032190398321758963 0.0082841641986269067 0.00063666705455093836 -0.0035249768915423503 0.019473471408182719 0.00045848159668445266 -0.0038134888224628919 0.0053221630433154671 -0.00099333737593741613 -0.000736395641691321 -0.0015452096103690566 0.0039674748017853199 0.0011873753301433626 -0.0076166531835228967 -0.001254010810030263 0.015470458583858532 0.0041666799809272383 -0.0094310175921046846
leaf_weight=163 341 834 449 529 557 87 168 97 271 311 428 487 866 590 612 521 318 377 1031 253 887 743 50 379 489 1092 1809 624 255 1307
leaf_count=163 341 834 449 529 557 87 168 97 271 311 428 487 866 590 612 521 318 377 1031 253 887 743 50 379 489 1092 1809 624 255 1307
internal_value=7.7503e-12 0.00539303 -0.00362555 0.00290337 -0.0052108 0.0133406 -0.000732903 -0.00697993 0.00580962 -0.0026592 0.000533764 0.00272423 -0.0054056 0.00495202 -0.00212577 -0.000680605 0.0161456 0.00349397 -0.00171383 0.00848155 0.000365947 -0.00252472 -0.00958615 0.0015306 0.0030989 -0.00663438 -0.00193768 0.0146572 0.00704161 -0.00914046
internal_weight=16925 6804 10121 5181 6538 1623 3583 3861 2327 2677 2854 1029 2407 2056 2554 1937 1029 1211 2386 594 1416 1774 1454 866 917 1541 2366 711 845 1357
internal_count=16925 6804 10121 5181 6538 1623 3583 3861 2327 2677 2854 1029 2407 2056 2554 1937 1029 1211 2386 594 1416 1774 1454 866 917 1541 2366 711 845 1357
is_linear=0
shrinkage=0.1


Tree=6
num_leaves=31
num_cat=0
split_feature=6 7 14 6 6 12 6 7 9 9 8 8 9 7 7 9 7 7 12 13 7 7 9 9 10 6 12 12 12 7
split_gain=27.0017 9.58188 4.58472 3.58984 2.6112 2.31142 1.73283 1.3123 0.828541 0.813268 0.715434 0.630159 0.627325 0.527045 0.456053 0.438971 0.437211 0.426642 0.418327 0.391471 0.362184 0.334972 0.337888 0.317031 0.293748 0.261124 0.255844 0.248282 0.243067 0.241097
threshold=0.59145745509731806 0.55674469929331505 2160.0000000000005 0.43953520963748216 0.7460903392806455 0.49789059428299914 0.67843608961607715 0.72243986949528227 0.61616644380512009 0.47272663192209258 0.59850794040427868 0.66911299530007551 0.57544849156370614 0.48791180488562053 0.77657566622004037 0.28916392562551735 0.84084755877063988 0.78441964670379238 0.40939248833967473 0.45871111620617716 0.48791180488562053 0.80946023198844297 0.64256128064200835 0.52384707695583077 0.19519977345854572 0.33095986072506228 0.43701743867711257 0.55633946684588254 0.22875154907585413 0.62246319844968945
decision_type=2 2 2 2 2 2 2 2 2 2 2 2 2 2 2 2 2 2 2 2 2 2 2 2 2 2 2 2 2 2
left_child=2 6 13 7 9 8 20 25 14 16 23 -6 -9 -1 -5 24 26 -10 -11 -20 -2 22 -12 -7 -8 -4 -3 -15 -17 -21
right_child=1 4 3 5 11 10 15 12 17 18 21 -13 -14 27 -16 28 -18 -19 19 29 -22 -23 -24 -25 -26 -27 -28 -29 -30 -31
leaf_value=0.008150263489967972 0.0097696315413846758 0.0030578599897729845 -0.0082956038443026733 -0.0014857906845522672 0.0096852717722687772 0.0050363155490549816 0.013958719338883053 -0.0056202540205170714 -0.0048108288151955357 -0.0011924148902264663 0.00014422778853863456 0.0049087945424059441 -0.0096025552127340253 0.00049287639467290954 -0.0045974824374105348 0.0079415897613969357 -4.3701056428188979e-05 -0.0085486718902801646 -0.0024750705053539655 0.0072479937225580215 0.0045494462153773544 -0.0034705417332295701 -0.0026054827900909225 0.00075671045179261228 0.019351739206897561 -0.0036636267227635336 0.0063333420369798346 0.0036500030832874101 0.013645406419478201 0.0019639619823834699
leaf_weight=169 313 494 135 1003 535 237 176 600 805 921 1342 571 1161 486 888 87 252 492 190 96 231 596 670 642 237 1236 461 511 529 859
leaf_count=169 313 494 135 1003 535 237 176 600 805 921 1342 571 1161 486 888 87 252 492 190 96 231 596 670 642 237 1236 461 511 529 859
internal_value=-6.06692e-12 0.00542329 -0.00294171 -0.00364653 0.00301853 -0.00233597 0.0121178 -0.00643961 -0.00428214 0.00159903 -0.000556681 0.0072193 -0.00824572 0.00298635 -0.00294702 0.014531 0.00366134 -0.00622873 0.000394179 0.00167038 0.00755297 -0.00138825 -0.000771431 0.0019106 0.0170535 -0.00411973 0.00463901 0.00211102 0.0128398 0.00249513
internal_weight=16925 5952 10973 9807 4379 6675 1573 3132 3188 3273 3487 1106 1761 1166 1891 1029 1207 1297 2066 1145 544 2608 2012 879 413 1371 955 997 616 955
internal_count=16925 5952 10973 9807 4379 6675 1573 3132 3188 3273 3487 1106 1761 1166 1891 1029 1207 1297 2066 1145 544 2608 2012 879 413 1371 955 997 616 955
is_linear=0
shrinkage=0.1


Tree=7
num_leaves=31
num_cat=0
split_feature=6 7 6 7 6 6 8 12 8 14 12 6 9 6 7 9 8 7 12 7 8 7 11 9 13 7 12 13 9 8
split_gain=21.8714 7.85208 3.81827 2.08848 1.94847 1.8841 1.56812 0.98728 0.900128 0.798443 0.714144 0.606423 0.586894 0.576169 0.49502 0.458781 0.449934 0.442687 0.373311 0.326639 0.297683 0.295564 0.290745 0.253305 0.24439 0.224279 0.218371 0.245369 0.206775 0.245836
threshold=0.59145745509731806 0.6138681376613786 0.51749435068882743 0.75308660848094844 0.70510798320188051 0.72919167991290668 0.6092253129501829 0.44666311799658337 0.47714437284930067 2160.0000000000005 0.35969549053399347 0.84165378801719692 0.49359878873050139 0.42615430605368892 0.66023286684276894 0.69069065434483801 0.79527684815264998 0.64842686251394921 0.46936176771704813 0.75595476367710612 0.65645008503345548 0.96358949446835462 0.3984492271866435 0.6574032434985122 0.62131368055463498 0.72243986949528227 0.73565980674034204 0.48597358946685865 0.28738093768274148 0.69209022131667453
decision_type=2 2 2 2 2 2 2 2 2 2 2 2 2 2 2 2 2 2 2 2 2 2 2 2 2 2 2 2 2 2
left_child=2 5 3 9 12 8 17 15 -2 -1 -11 28 19 25 -8 20 -9 -4 21 -3 -5 -16 -10 -15 -7 -12 27 -14 -6 -30
right_child=1 4 6 7 11 24 14 16 22 10 13 -13 26 23 18 -17 -18 -19 -20 -21 -22 -23 -24 -25 -26 -27 -28 -29 29 -31
leaf_value=0.0014022702289027921 0.012056322612255721 0.0041966506783908978 0.0062277322706694796 -0.0044183270153801213 0.0073319764104935363 0.013174226636738088 0.0010748454700285983 -0.0034343002875355344 0.0067795944587567686 -0.0056109288576389514 -0.0033661069419996404 0.01005293325244383 -0.0026822931062194777 -0.000236643699748985 -0.0034280792260060798 -0.010049520421375351 -0.0076931921210775418 0.0018263257080956255 -0.0011045787970585883 0.00037664637015716708 -0.0077773022724030062 -0.011387943252921105 0.0019986654450214881 -0.0028210408555519096 0.017588382012814097 -0.0071765326514688079 0.0021406025810462711 0.00013155395138117463 0.0054185364681647204 0.0021628425720229966
leaf_weight=483 327 621 312 440 212 594 602 1456 636 775 729 239 459 1162 696 515 299 854 1182 350 659 50 159 563 159 196 312 954 488 442
leaf_count=483 327 621 312 440 212 594 602 1456 636 775 729 239 459 1162 696 515 299 854 1182 350 659 50 159 563 159 196 312 954 488 442
internal_value=-3.41241e-12 0.00488096 -0.00264754 -0.00397696 0.00241781 0.0102368 -3.0076e-05 -0.00580155 0.00763995 -0.00240402 -0.00294078 0.0054723 0.000853169 -0.00215989 -0.00142842 -0.00758662 -0.00415989 0.00300406 -0.00221004 0.00281972 -0.00643249 -0.00396158 0.00582341 -0.00108013 0.0141063 -0.00417351 -0.000253798 -0.000782498 0.00451366 0.00387121
internal_weight=16925 5952 10973 7277 4077 1875 3696 3369 1122 3908 3425 1381 2696 2650 2530 1614 1755 1166 1928 971 1099 746 795 1725 753 925 1725 1413 1142 930
internal_count=16925 5952 10973 7277 4077 1875 3696 3369 1122 3908 3425 1381 2696 2650 2530 1614 1755 1166 1928 971 1099 746 795 1725 753 925 1725 1413 1142 930
is_linear=0
shrinkage=0.1


Tree=8
num_leaves=31
num_cat=0
split_feature=6 14 12 6 9 6 7 6 9 12 9 6 7 13 12 8 6 12 8 8 7 12 8 8 11 7 13 7 8 9
split_gain=17.8039 8.69929 2.05519 1.9423 1.44549 1.12205 0.936643 0.727521 0.709456 0.669918 0.667038 0.548086 0.482203 0.430928 0.425802 0.419737 0.386286 0.359652 0.30004 0.284739 0.282848 0.279426 0.273524 0.271997 0.227781 0.219957 0.217428 0.213368 0.212297 0.207919
threshold=0.54039121850138516 2061.0000000000005 0.34911941159429644 0.70510798320188051 0.40845491496257186 0.41280474366950481 0.81835499581121351 0.40033424321766281 0.53712317619133554 0.36059968271352999 0.49521413859325863 0.75613207856667308 0.67033016465370998 0.57081327914535784 0.70616384462900295 0.85211844971668638 0.93745207032046307 0.48342793167465098 0.71635731333112496 0.73648814895142423 0.87562115706550514 0.62715863291699059 0.62816990092727221 0.54668232891642954 0.36138246404142599 0.73803933104017372 0.66855289926050288 0.77858297195309001 0.59561445409661862 0.60297223296930358
decision_type=2 2 2 2 2 2 2 2 2 2 2 2 2 2 2 2 2 2 2 2 2 2 2 2 2 2 2 2 2 2
left_child=2 4 7 6 9 15 8 -1 17 -2 23 24 26 27 -10 28 25 22 20 -8 -14 -11 -3 -7 -6 -5 -12 -9 -4 -21
right_child=1 3 5 16 11 10 19 13 14 21 12 -13 18 -15 -16 -17 -18 -19 -20 29 -22 -23 -24 -25 -26 -27 -28 -29 -30 -31
leaf_value=-0.0089293218392101845 0.0068795164363632966 0.0036209793465803129 -0.0015040134138618491 0.0059335481013843431 0.0059476078339965547 0.0044502797220253723 -0.0010824296515184531 -0.004250414065802891 -0.00070220677640410976 0.01151969958112777 -0.00063725020772584815 0.010614143680543343 -0.0014872393843435429 -0.00027357682021502305 0.0024522895852920556 -0.0092277339151637123 0.01162153571844101 0.0043284050207086583 -0.0043501632770316474 -0.0025846604608437598 -0.0046395783829437176 0.015658245092266602 -5.4724692414126977e-05 -1.8819858726652321e-05 0.0022082389183625747 0.0032240966703821292 0.0054019803355913609 -0.006642082893717898 -0.0046524729605533655 -0.0081955724740745851
leaf_weight=561 278 334 266 546 428 159 859 819 1656 697 870 188 1436 189 577 176 80 822 900 170 355 213 514 949 263 664 64 685 1099 108
leaf_count=561 278 334 266 546 428 159 859 819 1656 697 870 188 1436 189 577 176 80 822 900 170 355 213 514 949 263 664 64 685 1099 108
internal_value=1.10954e-11 0.00326855 -0.00321834 0.00142927 0.00890118 -0.00228786 0.00054306 -0.00580833 0.00127885 0.0111759 -0.00152479 0.00582685 -0.00218112 -0.00477414 0.000112905 -0.00463155 0.00489166 0.00283786 -0.0028606 -0.00198269 -0.00211207 0.0124884 0.00139302 0.000622504 0.00452437 0.00444671 -0.000223427 -0.0053397 -0.00403893 -0.00476444
internal_weight=16925 8397 8528 6330 2067 6274 5040 2254 3903 1188 4733 879 3625 1693 2233 1541 1290 1670 2691 1137 1791 910 848 1108 691 1210 934 1504 1365 278
internal_count=16925 8397 8528 6330 2067 6274 5040 2254 3903 1188 4733 879 3625 1693 2233 1541 1290 1670 2691 1137 1791 910 848 1108 691 1210 934 1504 1365 278
is_linear=0
shrinkage=0.1


Tree=9
num_leaves=31
num_cat=0
split_feature=9 6 7 12 7 6 8 6 8 6 12 8 12 13 7 6 9 7 6 6 8 7 12 9 8 10 7 9 12 7
split_gain=14.6322 4.50596 4.38749 1.34563 1.3059 1.0554 0.709989 0.704109 0.693482 0.65099 0.470235 0.415339 0.381308 0.345738 0.339512 0.306739 0.277237 0.276072 0.267123 0.25362 0.24948 0.237655 0.227865 0.21399 0.199033 0.194639 0.177034 0.170199 0.154754 0.154032
threshold=0.45718559772917927 0.53239744430312119 0.55674469929331505 0.46936176771704813 0.6173840200069366 0.71140897198243469 0.7017199476479058 0.67843608961607715 0.62550952721709729 0.39163683536717581 0.36928853492444563 0.59790572561493971 0.48342793167465098 0.59645291140811263 0.78784251281411255 0.84165378801719692 0.56788759337175299 0.96682307652318877 0.84804137002213842 0.64502360577549045 0.79527684815264998 0.74029240282409003 0.74662344398089553 0.70626561355399942 0.77587529768627872 0.42552821430321447 0.50489481729099106 0.72151082703076652 0.22875154907585413 0.67033016465370998
decision_type=2 2 2 2 2 2 2 2 2 2 2 2 2 2 2 2 2 2 2 2 2 2 2 2 2 2 2 2 2 2
left_child=2 3 7 9 19 12 13 26 22 23 -10 -11 17 21 24 -7 -13 -4 28 -3 -8 -5 -6 -2 -12 -14 -1 -16 -9 -18
right_child=1 4 5 6 8 15 20 18 10 11 14 16 25 -15 27 -17 29 -19 -20 -21 -22 -23 -24 -25 -26 -27 -28 -29 -30 -31
leaf_value=0.0072881022664277179 -0.0065720534002943563 0.002694722234456816 0.00058576149594019382 -0.00058749447909751549 0.00092394273511975421 0.0043749812428753093 -0.0031292587988826816 0.0059002518653869631 -0.0029608915601368191 -0.0020407652124388971 0.0017228390406295651 -0.0025320101490018459 0.0038214030527156401 0.0020100528623324082 -0.0016258143349930036 0.0082262652730259941 -0.0024032594480862222 -0.0069467402994632726 0.01395277481596425 0.0063978088376796353 -0.0061621158430612954 -0.0026827118877647822 0.0038988686293318555 -0.010768042559063199 -0.00097003656465167131 0.00070745961195955586 0.0018155027127691678 -0.0086966126536329579 0.01074572728453752 -0.0058477423695382788
leaf_weight=380 623 407 1059 1186 1159 873 1119 75 905 718 803 398 709 313 626 271 144 51 265 339 358 996 331 151 417 280 70 36 544 1319
leaf_count=380 623 407 1059 1186 1159 873 1119 75 905 718 803 398 709 313 626 271 144 51 265 339 358 996 331 151 417 280 70 36 544 1319
internal_value=-3.86488e-12 -0.00179012 0.00482946 -0.003372 0.000516718 0.00284372 -0.00212671 0.00965685 -0.000156683 -0.00484719 -0.00108773 -0.00408385 0.00151191 -0.00109804 -0.000186984 0.0052873 -0.0048721 0.000239674 0.011296 0.00437749 -0.00386437 -0.00154388 0.00158482 -0.00739065 0.000802405 0.0029398 0.00643681 -0.00201033 0.0101586 -0.00550871
internal_weight=16925 12348 4577 7325 5023 3243 3972 1334 4277 3353 2787 2579 2099 2495 1882 1144 1861 1110 884 746 1477 2182 1490 774 1220 989 450 662 619 1463
internal_count=16925 12348 4577 7325 5023 3243 3972 1334 4277 3353 2787 2579 2099 2495 1882 1144 1861 1110 884 746 1477 2182 1490 774 1220 989 450 662 619 1463
is_linear=0
shrinkage=0.1


Tree=10
num_leaves=31
num_cat=0
split_feature=14 6 9 6 12 7 6 7 9 6 10 8 9 6 6 8 7 6 12 7 8 12 8 8 12 7 9 9 8 7
split_gain=12.0037 5.03996 2.20426 1.56553 1.25865 1.13323 0.621893 0.549749 0.444044 0.328551 0.322718 0.320846 0.320569 0.310497 0.2749 0.24542 0.241926 0.228647 0.219999 0.214643 0.184085 0.171487 0.168274 0.165531 0.177769 0.165391 0.183185 0.163546 0.160412 0.154502
threshold=2160.0000000000005 0.53239744430312119 0.31634232826025221 0.70314792776478752 0.35969549053399347 0.45061084015926617 0.42615430605368892 0.81835499581121351 0.53712317619133554 0.41016311911536191 0.33428134986864971 0.83046387380340081 0.78221203897229297 0.52032678888598516 0.93745207032046307 0.71635731333112496 0.73309837234458419 0.68905571321565984 0.6205220401890027 0.8793430560866714 0.80169376163327122 0.49630266378992743 0.73648814895142423 0.63267369501390125 0.31637852455269766 0.80246197318243662 0.44990109301056508 0.60297223296930358 0.59561445409661862 0.67033016465370998
decision_type=2 2 2 2 2 2 2 2 2 2 2 2 2 2 2 2 2 2 2 2 2 2 2 2 2 2 2 2 2 2
left_child=2 4 10 7 9 17 11 8 20 -2 18 28 15 -7 25 19 21 -4 -1 -8 -3 -15 -9 -10 -25 26 -5 -24 -6 -11
right_child=1 3 5 14 6 13 12 22 23 29 -12 -13 -14 16 -16 -17 -18 -19 -20 -21 -22 -23 27 24 -26 -27 -28 -29 -30 -31
leaf_value=0.0080639679220497109 -0.0072732161869977253 0.0024505278753559146 0.0055694673483477055 0.0057201362202781783 -0.0012089321275795956 0.00053980973950715477 -0.00054969372361645481 -0.0011677745871864007 0.0009338102293676222 -0.0022803110797162893 0.01505804414098913 -0.00731460971861694 -0.0060606603706745733 0.0027672678236724977 0.0096367554366588587 -0.0027280800218679509 0.0016267459028633314 0.0095599799381139196 0.012141476758913687 -0.0035046900026500225 -0.00064468347261202315 0.0054421134008013688 -0.0021447898330378165 -0.002598561786797295 -0.00017704851194476882 0.0020865286319385313 0.0023545624136924745 -0.0070000350751258716 -0.0038343747470637002 -0.0049199375498623519
leaf_weight=585 561 1222 266 458 289 501 2316 940 715 273 99 233 152 411 80 970 500 312 171 275 228 575 194 441 970 454 250 108 1195 1181
leaf_count=585 561 1222 266 458 289 501 2316 940 715 273 99 233 152 411 80 970 500 312 171 275 228 575 194 441 970 454 250 108 1195 1181
internal_value=5.56928e-14 -0.00134017 0.00529209 0.000801059 -0.00308306 0.00382634 -0.00229099 -1.50005e-05 0.000614521 -0.00521749 0.00968931 -0.00386474 -0.00156325 0.00269269 0.00396674 -0.00137128 0.00341853 0.00772352 0.00898626 -0.000863327 0.00196383 0.00432714 -0.00182754 -0.000305752 -0.000933879 0.00357637 0.00453173 -0.0038811 -0.00332309 -0.00442433
internal_weight=16925 13505 3420 6060 7445 2565 5430 4818 3576 2015 855 1717 3713 1987 1242 3561 1486 578 756 2591 1450 986 1242 2126 1411 1162 708 302 1484 1454
internal_count=16925 13505 3420 6060 7445 2565 5430 4818 3576 2015 855 1717 3713 1987 1242 3561 1486 578 756 2591 1450 986 1242 2126 1411 1162 708 302 1484 1454
is_linear=0
shrinkage=0.1


Tree=11
num_leaves=31
num_cat=0
split_feature=6 14 7 6 7 7 6 6 7 9 12 9 12 8 12 8 7 9 8 12 12 9 12 7 9 7 7 8 7 6
split_gain=9.76172 3.00683 2.48342 1.81895 0.812084 0.634599 0.586061 0.416176 0.409915 0.409012 0.327174 0.316266 0.280159 0.258316 0.252009 0.24291 0.236696 0.233912 0.204222 0.187434 0.182721 0.171892 0.149508 0.14653 0.138336 0.134009 0.132993 0.128953 0.124834 0.121762
threshold=0.64502360577549045 2160.0000000000005 0.58093840457429746 0.47991274281759483 0.79460421339085519 0.71139737793258184 0.81259380654323088 0.72919167991290668 0.48791180488562053 0.61200618478527924 0.57449022050411302 0.57544849156370614 0.40030619319389343 0.62020592231872729 0.7053776106292915 0.74361713557956233 0.83611273892461557 0.58058917347220007 0.53991575610183207 0.70063902502221354 0.61099311305194381 0.30167058120466334 0.40939248833967473 0.39152663967739926 0.67784465867742982 0.72424277610962806 0.87767091901763017 0.7186555938850796 0.62423496386287192 0.34813039805935669
decision_type=2 2 2 2 2 2 2 2 2 2 2 2 2 2 2 2 2 2 2 2 2 2 2 2 2 2 2 2 2 2
left_child=1 8 7 4 10 14 12 21 -1 20 17 -6 13 -4 -5 19 -8 -3 -12 -11 27 -2 -10 -9 -20 -19 -14 -7 -15 -13
right_child=2 3 6 5 11 9 16 23 22 15 18 29 26 28 -16 -17 -18 25 24 -21 -22 -23 -24 -25 -26 -27 -28 -29 -30 -31
leaf_value=0.0058332905865823613 0.0087908937950288094 -0.0020185934539023536 0.0027304417394947746 3.6569665107471609e-05 -0.0034881443753151994 -0.00073015972147569871 0.0064263581749593379 0.011789752343266282 0.00042993626172368928 -0.0028626567633835247 0.0018421378962485931 -0.0093534942069822113 0.0032087186505699791 0.0034285255858013709 0.0027172340886714693 -0.0054724148230562951 0.00164331769476881 -0.0033119692830494169 -0.00076602167490617725 0.00034038608110128262 0.00061627040846643681 0.0049466111837154804 0.002591792440999839 0.0085718634906963905 -0.0031514089969743794 -0.0053941563535757353 0.00040313778058994601 -0.0026778307211186205 -0.0013171501814060085 -0.0059547431106635879
leaf_weight=312 155 997 317 1845 624 1110 454 194 496 936 191 121 1033 62 433 290 134 892 606 227 694 466 901 523 406 473 202 490 523 818
leaf_count=312 155 997 317 1845 624 1110 454 194 496 936 191 121 1033 62 433 290 134 892 606 227 694 466 901 523 406 473 202 490 523 818
internal_value=-6.39601e-12 -0.0013498 0.00427297 -0.00194831 -0.00333257 -0.000770136 0.00254057 0.0078012 0.00255614 -0.00157035 -0.00249932 -0.00523311 0.00177131 0.00043154 0.000546108 -0.00288312 0.00533635 -0.003183 -0.00115697 -0.00223747 -0.00073885 0.00590613 0.00182423 0.00944253 -0.00172301 -0.00403349 0.00274983 -0.00132663 -0.00081419 -0.00639271
internal_weight=16925 12862 4063 11153 5128 6025 2725 1338 1709 3747 3565 1563 2137 902 2278 1453 588 2362 1203 1163 2294 621 1397 717 1012 1365 1235 1600 585 939
internal_count=16925 12862 4063 11153 5128 6025 2725 1338 1709 3747 3565 1563 2137 902 2278 1453 588 2362 1203 1163 2294 621 1397 717 1012 1365 1235 1600 585 939
is_linear=0
shrinkage=0.1


Tree=12
num_leaves=31
num_cat=0
split_feature=9 6 8 12 7 9 8 12 12 8 8 9 7 13 8 7 6 6 7 10 13 6 9 9 12 9 8 6 7 7
split_gain=8.13654 2.35797 2.32686 0.792913 0.761771 0.536987 0.433578 0.420817 0.407477 0.35708 0.351056 0.29562 0.266712 0.253369 0.243566 0.224352 0.205701 0.18608 0.185153 0.175205 0.151724 0.138268 0.129028 0.128532 0.124342 0.117375 0.109002 0.107765 0.10685 0.105275
threshold=0.45718559772917927 0.53239744430312119 0.57127803616824824 0.43938785049266982 0.6173840200069366 0.28916392562551735 0.7017199476479058 0.55230233061051603 0.53904748456856921 0.45638417219353683 0.6428806358750182 0.28738093768274148 0.79075790286136383 0.47198723309170365 0.7495649301081696 0.77858297195309001 0.3032871196108709 0.5422683737301065 0.96682307652318877 0.19519977345854572 0.60893372614871255 0.60357224850518165 0.7264560636235563 0.54157321893981503 0.68151890468476795 0.73440612727537535 0.50476893722451821 0.39163683536717581 0.79530162193480392 0.60077672935100346
decision_type=2 2 2 2 2 2 2 2 2 2 2 2 2 2 2 2 2 2 2 2 2 2 2 2 2 2 2 2 2 2
left_child=2 3 5 10 24 19 13 12 11 -7 22 -4 21 23 25 -12 -8 -10 -13 -1 26 -6 -2 -5 -3 28 -15 -17 -9 -19
right_child=1 4 8 6 7 9 16 14 17 -11 15 18 -14 20 -16 27 -18 29 -20 -21 -22 -23 -24 -25 -26 -27 -28 -29 -30 -31
leaf_value=0.0073346649737734545 -0.0019697135983763494 0.0024341363798792972 0.0038426587509201569 0.001018866086948891 -0.0014362508132917551 0.0076298853112583779 -0.0071097237869687038 0.0023551748233704341 0.0010475702802720131 0.0040193034796286572 -0.0033932005925191369 0.00070771391592285796 -0.0028163252334740961 0.0017034461857793779 -0.0012298579636346283 -0.0071933093182265 -0.0026176742096316176 0.0078393781468981804 -0.0054112579673528671 0.010910145438868892 0.0026987293207982803 0.00038255157691944198 -0.0052379585559601373 -0.0028471932599209568 0.0052471314904590453 -0.0012421935708196441 -0.00079405884954160627 -0.0049417187025522016 0.00043764396938898313 0.0040338259755150867
leaf_weight=285 969 521 319 98 752 421 109 964 201 784 789 1628 644 196 418 312 1574 84 51 264 159 941 138 702 225 142 1612 667 416 540
leaf_count=285 969 521 319 98 752 421 109 964 201 784 789 1628 644 196 418 312 1574 84 51 264 159 941 138 702 225 142 1612 667 416 540
internal_value=-6.91779e-12 -0.0013349 0.00360133 -0.00247922 0.000333859 0.00646179 -0.00164295 -0.000180457 0.00182406 0.00528076 -0.00377362 0.00105205 -0.00108421 -0.000873123 0.000908235 -0.00464801 -0.0029086 0.00369374 0.000521849 0.00905402 -0.000262862 -0.000425328 -0.00237714 -0.0023736 0.00328256 0.00149544 -0.000523312 -0.00565928 0.00177714 0.00454611
internal_weight=16925 12348 4577 7325 5023 1754 4450 4277 2823 1205 2875 1998 2337 2767 1940 1768 1683 825 1679 549 1967 1693 1107 800 746 1522 1808 979 1380 624
internal_count=16925 12348 4577 7325 5023 1754 4450 4277 2823 1205 2875 1998 2337 2767 1940 1768 1683 825 1679 549 1967 1693 1107 800 746 1522 1808 979 1380 624
is_linear=0
shrinkage=0.1


Tree=13
num_leaves=31
num_cat=0
split_feature=14 6 6 6 12 7 6 8 7 6 12 6 9 12 7 7 7 12 9 9 8 7 7 9 8 7 9 9 7 13
split_gain=6.6115 2.68839 1.17514 0.862483 0.726108 0.565887 0.395081 0.35219 0.260433 0.215396 0.205923 0.193096 0.191485 0.190368 0.18545 0.176002 0.174114 0.168043 0.16256 0.144738 0.141509 0.132762 0.128014 0.119902 0.113181 0.109259 0.109249 0.104514 0.103908 0.0996162
threshold=2160.0000000000005 0.53239744430312119 0.77697990518358107 0.70314792776478752 0.35969549053399347 0.48791180488562053 0.42615430605368892 0.74278877361402318 0.73039839452115807 0.52032678888598516 0.58730017944213997 0.39163683536717581 0.78221203897229297 0.61593028286749207 0.39152663967739926 0.71845381525801566 0.96358949446835462 0.62924666767095261 0.53085461355332919 0.26307551039472754 0.71635731333112496 0.62423496386287192 0.8793430560866714 0.54516713500060165 0.76261803027618702 0.68102045065600647 0.47272663192209258 0.59428184411176999 0.62571408000547124 0.48224680559503624
decision_type=2 2 2 2 2 2 2 2 2 2 2 2 2 2 2 2 2 2 2 2 2 2 2 2 2 2 2 2 2 2
left_child=2 4 5 7 11 19 15 8 18 -7 -10 24 20 27 -4 -6 21 26 -3 -1 22 -9 -8 -17 -2 -22 -11 -5 -13 -15
right_child=1 3 14 13 6 9 12 16 10 17 -12 28 -14 29 -16 23 -18 -19 -20 -21 25 -23 -24 -25 -26 -27 -28 -29 -30 -31
leaf_value=0.0085184941440820706 -0.0049111822034379835 0.002352696435488097 0.010594230181560284 0.0023647483908492053 -0.0017043414724736369 0.00032882092390992514 -0.0003095964252470634 0.0020993470278854419 -0.0012302635098513544 0.0028816227621390376 0.00093930930217119089 -0.00070565705309095594 -0.0045618012915120314 0.0031407253290800484 0.0067284555178062592 -0.0019627531584888369 -0.0073866675794124611 0.00446383629626606 0.00046419547897042532 0.0047334470574821293 0.00012785686636249526 -0.0017174159555465368 -0.0025916518440300771 -0.0044200229262265668 -0.0089298387368520107 -0.0025052776547821983 0.00082176252051936933 -0.003064210410859134 -0.0035845479908009252 0.006502761785449878
leaf_weight=120 423 786 164 852 703 501 2316 101 1161 658 702 138 152 170 510 271 50 405 1085 639 198 933 275 743 84 772 423 37 1370 183
leaf_count=120 423 786 164 852 703 501 2316 101 1161 658 702 138 152 170 510 271 50 405 1085 639 198 933 275 743 84 772 423 37 1370 183
internal_value=-2.35292e-12 -0.000994607 0.00392753 0.000569241 -0.00226753 0.00300918 -0.00166593 -3.64711e-05 0.000424191 0.00212195 -0.000412743 -0.00388871 -0.00108588 0.00291894 0.00766909 -0.00292029 -0.00162329 0.00272649 0.00125755 0.00533187 -0.000937514 -0.0013446 -0.000551806 -0.0037633 -0.005577 -0.00196779 0.00207559 0.0021388 -0.0033211 0.00488365
internal_weight=16925 13505 3420 6060 7445 2746 5430 4818 3734 1987 1863 2015 3713 1242 674 1717 1084 1486 1871 759 3561 1034 2591 1014 507 970 1081 889 1508 353
internal_count=16925 13505 3420 6060 7445 2746 5430 4818 3734 1987 1863 2015 3713 1242 674 1717 1084 1486 1871 759 3561 1034 2591 1014 507 970 1081 889 1508 353
is_linear=0
shrinkage=0.1


Tree=14
num_leaves=31
num_cat=0
split_feature=9 8 6 7 12 9 9 12 12 8 7 9 9 6 13 7 6 10 12 8 9 3 8 7 6 13 13 7 9 7
split_gain=5.44045 1.56905 1.5415 0.580409 0.567325 0.377543 0.361856 0.33538 0.296088 0.238744 0.237816 0.219791 0.21861 0.151437 0.144643 0.133355 0.132692 0.122445 0.114898 0.113954 0.109209 0.10466 0.10033 0.0970164 0.0961169 0.0957355 0.0894891 0.087268 0.0870885 0.0837997
threshold=0.45718559772917927 0.56798724069916906 0.51749435068882743 0.6173840200069366 0.62480569179143808 0.58058917347220007 0.28916392562551735 0.73178117812450461 0.53904748456856921 0.45638417219353683 0.77657566622004037 0.64256128064200835 0.28738093768274148 0.42615430605368892 0.53939521256390865 0.66637075093667975 0.4984012219567216 0.19519977345854572 0.68151890468476795 0.5912486770699209 0.68300104970713627 1.0000001136767176 0.58072606246680591 0.96358949446835462 0.41280474366950481 0.49317827149570587 0.54296683192161155 0.67033016465370998 0.56663605535413974 0.71560272110890455
decision_type=2 2 2 2 2 2 2 2 2 2 2 2 2 2 2 2 2 2 2 2 2 2 2 2 2 2 2 2 2 2
left_child=1 6 4 18 5 22 17 11 12 -8 24 14 -3 25 19 -10 -14 -1 28 -5 -15 -12 -2 -13 -7 -6 -18 -26 -4 -9
right_child=2 8 3 7 13 10 9 29 15 -11 21 23 16 20 -16 -17 26 -19 -20 -21 -22 -23 -24 -25 27 -27 -28 -29 -30 -31
leaf_value=0.0060104452609493026 8.061876046203146e-06 0.0032396887356070888 0.003109497842752803 0.0011422361624119114 -0.0032805366567551456 -0.0039605728072903091 0.0062438764032020713 0.0029353325593250768 0.0056455745580203743 0.0032697122449307963 -0.0051199151895949709 -0.0016133021408547257 -0.0015821112970118983 0.00065567888088055896 0.00063044197057087576 0.0024595810232094402 0.00019514347954652174 0.0089994945252935103 0.0044079680690386645 -0.0011337850589468923 -0.0013504422277870092 -0.0033313954677064925 -0.0019264663567709853 -0.0049289740391613287 -0.00094382297773948462 -0.00069052042238863895 0.0018725248342455801 -0.0027470531016540937 0.00066436309297419373 0.00081772820616414835
leaf_weight=285 323 319 274 257 281 379 421 270 162 752 793 978 285 835 1155 695 903 264 240 1527 402 557 1577 97 407 290 491 788 311 607
leaf_count=285 323 319 274 257 281 379 421 270 162 752 793 978 285 835 1155 695 903 264 240 1527 402 557 1577 97 407 290 491 788 311 607
internal_value=2.73567e-12 0.00294484 -0.00109155 0.000111956 -0.00212884 -0.00269506 0.00532888 -0.0003019 0.00150689 0.00433717 -0.00340819 -0.000688962 0.000839932 -0.000618068 -0.000241434 0.00306183 0.000383992 0.0074478 0.00256549 -0.000805905 3.73006e-06 -0.00438199 -0.0015976 -0.00191248 -0.00257298 -0.00196512 0.000785957 -0.0021329 0.00180961 0.00146967
internal_weight=16925 4577 12348 5716 6632 4824 1722 4891 2855 1173 2924 4014 1998 1808 2939 857 1679 549 825 1784 1237 1350 1900 1075 1574 571 1394 1195 585 877
internal_count=16925 4577 12348 5716 6632 4824 1722 4891 2855 1173 2924 4014 1998 1808 2939 857 1679 549 825 1784 1237 1350 1900 1075 1574 571 1394 1195 585 877
is_linear=0
shrinkage=0.1


Tree=15
num_leaves=31
num_cat=0
split_feature=6 7 9 12 8 6 9 8 8 9 7 13 8 12 7 7 12 12 8 13 7 12 6 6 12 7 7 12 8 12
split_gain=4.47688 1.54858 0.88097 0.547624 0.403904 0.37943 0.378464 0.31795 0.247045 0.234979 0.219792 0.177213 0.168548 0.160856 0.157264 0.156919 0.138652 0.131315 0.117002 0.108969 0.107665 0.0992784 0.0957173 0.094041 0.0902672 0.0889649 0.0867473 0.0867366 0.0824584 0.0776111
threshold=0.59145745509731806 0.6505132282872963 0.54516713500060165 0.54446609600031448 0.60883782023235522 0.77697990518358107 0.40311551944245116 0.59561445409661862 0.70616161878864203 0.41254686234933985 0.77858297195309001 0.48937439752318146 0.63062220149796755 0.52352485115783931 0.39152663967739926 0.68795973808312638 0.50560429382762972 0.41769354886373111 0.69209022131667453 0.82536181509403683 0.84474192243845303 0.41322511889933156 0.34813039805935669 0.41447372075894429 0.85530140466972093 0.80246197318243662 0.59384335633558394 0.16050371638258268 0.53991575610183207 0.55723081026396282
decision_type=2 2 2 2 2 2 2 2 2 2 2 2 2 2 2 2 2 2 2 2 2 2 2 2 2 2 2 2 2 2
left_child=2 5 4 7 15 9 18 -4 19 17 26 12 -8 27 -7 -1 -11 -2 -3 28 23 -13 -12 -15 -10 -20 -9 -6 -5 -16
right_child=1 6 3 8 13 14 11 10 24 16 22 21 -14 20 29 -17 -18 -19 25 -21 -22 -23 -24 -25 -26 -27 -28 -29 -30 -31
leaf_value=0.0030285740182019426 0.0030991984060918442 0.0037765660178913198 -0.0009621441158422484 0.00083679912512057595 -0.0034909586962125366 0.0087952784467034226 0.0012185708176425079 -0.00015333827472094336 -0.002627617408140194 0.0013157431606622945 -0.0070384568544392739 1.3147576229897797e-06 -0.001642316909870447 -0.0015324559900909663 0.004416837343039679 0.00063077512728425028 0.00400234878577035 0.0058733757288007074 0.0034410849051965662 0.0029621161963089859 -0.0018732262771029814 0.0015057466664186276 -0.0037860175526929769 0.00096599566656995362 0.00096885964105075054 -1.4098795231662153e-05 -0.0025637209276034006 -0.0010835653594530302 -0.00074317480690154827 0.0067640232186006238
leaf_weight=449 297 497 898 420 168 164 301 165 745 569 97 705 652 180 374 696 290 401 121 101 218 1161 1347 924 77 194 1570 1371 1547 226
leaf_count=449 297 497 898 420 168 164 301 165 745 569 97 705 652 180 374 696 290 401 121 101 218 1161 1347 924 77 194 1570 1371 1547 226
internal_value=-9.7733e-12 0.00220828 -0.00119782 -0.00187726 -1.61821e-05 0.00422577 0.000918669 -0.0026237 -0.000824234 0.00333014 -0.00309306 0.000370734 -0.000738721 -0.000651407 0.00605104 0.00157105 0.00222275 0.00469296 0.00282092 -0.000241326 0.000157621 0.000937352 -0.0040045 0.000558639 -0.00229072 0.00131313 -0.00233449 -0.00134636 -0.000405814 0.00530094
internal_weight=16925 5952 10973 6967 4006 2321 3631 4077 2890 1557 3179 2819 953 2861 764 1145 859 698 812 2068 1322 1866 1444 1104 822 315 1735 1539 1967 600
internal_count=16925 5952 10973 6967 4006 2321 3631 4077 2890 1557 3179 2819 953 2861 764 1145 859 698 812 2068 1322 1866 1444 1104 822 315 1735 1539 1967 600
is_linear=0
shrinkage=0.1


Tree=16
num_leaves=31
num_cat=0
split_feature=14 6 6 6 12 9 8 8 8 12 7 6 7 7 6 6 7 7 9 12 7 8 7 9 12 7 7 9 12 13
split_gain=3.70506 1.50271 0.630968 0.494668 0.405133 0.306586 0.253523 0.223023 0.185638 0.169156 0.168904 0.155664 0.152424 0.129198 0.123012 0.108983 0.108165 0.101876 0.0966729 0.089892 0.0819006 0.0767463 0.0652208 0.0641712 0.0613619 0.0612031 0.0608681 0.0600906 0.0536095 0.0535224
threshold=2160.0000000000005 0.53239744430312119 0.77697990518358107 0.68722921503501799 0.29711743103364668 0.29070635622915492 0.83046387380340081 0.74278877361402318 0.58421701562906458 0.71453935637761379 0.73039839452115807 0.46901562542266623 0.45061084015926617 0.83274512005092804 0.81607124471542292 0.39163683536717581 0.39152663967739926 0.96358949446835462 0.69069065434483801 0.40513874680464562 0.78647405022582217 0.76261803027618702 0.85131578327896895 0.53532387892520128 0.29099160089002513 0.70668087872838925 0.62423496386287192 0.51240939363300619 0.67375677121750144 0.51643814515241437
decision_type=2 2 2 2 2 2 2 2 2 2 2 2 2 2 2 2 2 2 2 2 2 2 2 2 2 2 2 2 2 2
left_child=2 4 5 7 15 -1 8 9 25 10 23 18 -7 14 24 21 -4 26 20 27 -10 -2 -13 -3 -5 -6 -9 -14 -18 -15
right_child=1 3 16 13 6 12 -8 17 11 -11 -12 22 19 29 -16 -17 28 -19 -20 -21 -22 -23 -24 -25 -26 -27 -28 -29 -30 -31
leaf_value=0.0051311582915688726 -0.003728647715022378 0.0013534473479221282 0.0079157506183880136 -0.0018190531796494196 0.00087138633885455209 0.0036740830705701551 -0.0035942548801658918 0.0016497815208923487 -0.0012565697303962835 0.0017009922958735671 -0.00088955284700079247 -0.0004417676102945345 0.0012843634489199873 -0.00011580294887841824 0.0041411016921796689 -0.0025289182691716422 0.0045277510269510525 -0.0057765017449855809 -0.0034584979119244965 0.0020205997263442218 -0.0026221205102232329 -0.0070378467440605167 -0.002298014873128024 4.6941555475802057e-05 0.0020833815649893951 -0.00060323508896626874 -0.0013678831952181822 -0.00064777074754810663 0.007376254407259134 0.0021207550210843545
leaf_weight=329 423 714 164 43 488 395 442 72 1461 682 1301 1482 473 319 351 1203 432 50 352 1305 628 84 217 794 640 665 933 244 78 161
leaf_count=329 423 714 164 43 488 395 442 72 1461 682 1301 1482 473 319 351 1203 432 50 352 1305 628 84 217 794 640 665 933 244 78 161
internal_value=3.50552e-12 -0.000744559 0.00294014 0.000424637 -0.00169625 0.0022672 -0.00129344 -9.67607e-05 -0.00110131 0.000288285 -5.47082e-05 -0.00141384 0.00187737 0.00199021 0.00261961 -0.00304718 0.00568178 -0.00137088 -0.00192541 0.00152638 -0.00166708 -0.00427692 -0.000678852 0.000665539 0.00183769 2.08892e-05 -0.00115169 0.000626845 0.0049634 0.000634376
internal_weight=16925 13505 3420 6060 7445 2746 5735 4546 5293 3491 2809 4140 2417 1514 1034 1710 674 1055 2441 2022 2089 507 1699 1508 683 1153 1005 717 510 480
internal_count=16925 13505 3420 6060 7445 2746 5735 4546 5293 3491 2809 4140 2417 1514 1034 1710 674 1055 2441 2022 2089 507 1699 1508 683 1153 1005 717 510 480
is_linear=0
shrinkage=0.1


Tree=17
num_leaves=31
num_cat=0
split_feature=14 6 6 6 7 7 6 12 8 9 13 6 9 6 9 9 9 9 7 12 13 7 11 8 7 7 7 12 7 8
split_gain=3.0011 1.21728 0.545743 0.515977 0.306801 0.276702 0.195429 0.184483 0.13338 0.12778 0.120559 0.113815 0.108481 0.107664 0.108503 0.101117 0.0966141 0.0933609 0.09054 0.0867385 0.0824739 0.081458 0.093783 0.0811083 0.0808627 0.0751506 0.0744526 0.0659628 0.0649819 0.0635481
threshold=2160.0000000000005 0.47991274281759483 0.68722921503501799 0.62916985179313489 0.79460421339085519 0.73134955309903937 0.79658322548699012 0.72575068183327041 0.45245172416714113 0.53532387892520128 0.57081327914535784 0.93745207032046307 0.59930412181068571 0.33095986072506228 0.79460066279039931 0.26307551039472754 0.57544849156370614 0.25355141048400459 0.80246197318243662 0.70063902502221354 0.51643814515241437 0.73309837234458419 0.13740700511008599 0.74361713557956233 0.32073657606880518 0.63300427257649527 0.39152663967739926 0.48342793167465098 0.58866400602439795 0.63267369501390125
decision_type=2 2 2 2 2 2 2 2 2 2 2 2 2 2 2 2 2 2 2 2 2 2 2 2 2 2 2 2 2 2
left_child=3 4 5 15 8 9 17 10 -2 27 12 18 -7 -10 19 -1 -6 -5 -4 28 -20 22 -17 -14 -19 -11 -8 -3 -15 -27
right_child=1 2 11 6 16 7 26 -9 13 25 -12 -13 23 14 -16 21 -18 24 20 -21 -22 -23 -24 -25 -26 29 -28 -29 -30 -31
leaf_value=0.0073821045458316806 0.0022107645408204284 0.00031719043431474993 0.0022402823343873023 0.0055660817607799005 -0.0020872557108305048 -0.00088395674826591926 0.0073766564811343586 0.00075630674281128708 -0.0033780741770445865 0.00092195060506896709 0.00018477127000644415 0.0054620300978422166 -0.0016644123111167388 4.8867931471012083e-05 -0.0037115136130053679 0.00025994963149776482 -0.0036926239104078601 0.005397081106073327 -0.00025946155941734714 0.00019279642649845563 0.0022389662009207347 6.7424666178360411e-05 0.0022744693766706221 -0.0035253555571764525 0.0025209104051040396 0.00041455463662448271 0.0046836805803561268 0.0018223605140819091 -0.0015560220365210058 -0.00099996636773929423
leaf_weight=27 101 496 855 136 624 1466 134 581 274 509 537 80 859 283 178 330 939 108 375 404 204 445 771 322 1030 492 439 705 2325 896
leaf_count=27 101 496 855 136 624 1466 134 581 274 509 537 80 859 283 178 330 939 108 375 404 204 445 771 322 1030 492 439 705 2325 896
internal_value=3.27474e-12 -0.000670103 7.27075e-05 0.00264612 -0.00188354 -0.000306394 0.00377965 -0.000882374 -0.00137138 0.000393594 -0.00118139 0.00179119 -0.00145855 -0.00147583 -0.00131244 0.00131514 -0.00305171 0.0030898 0.0015864 -0.00117066 0.000620814 0.00120919 0.00167066 -0.0021718 0.00279387 -0.000117415 0.00531345 0.00120074 -0.00138187 -0.000498566
internal_weight=16925 13505 8377 3420 5128 6863 1847 3765 3565 3098 3184 1514 2647 3464 3190 1573 1563 1274 1434 3012 579 1546 1101 1181 1138 1897 573 1201 2608 1388
internal_count=16925 13505 8377 3420 5128 6863 1847 3765 3565 3098 3184 1514 2647 3464 3190 1573 1563 1274 1434 3012 579 1546 1101 1181 1138 1897 573 1201 2608 1388
is_linear=0
shrinkage=0.1


Tree=18
num_leaves=31
num_cat=0
split_feature=9 8 6 7 12 13 7 6 12 7 8 7 12 9 9 6 7 6 9 6 6 9 11 9 12 8 7 8 11 11
split_gain=2.47068 0.708131 0.691958 0.45565 0.328749 0.213356 0.196874 0.182372 0.153228 0.118061 0.115764 0.112858 0.109717 0.106991 0.103583 0.0873673 0.078056 0.074015 0.0730624 0.0712551 0.0708839 0.0679281 0.0669875 0.0554427 0.0552027 0.0539221 0.0526256 0.0491142 0.0458825 0.0457566
threshold=0.45718559772917927 0.57127803616824824 0.43953520963748216 0.62423496386287192 0.61099311305194381 0.63024403922919536 0.71468829368145215 0.84804137002213842 0.53904748456856921 0.78441964670379238 0.72753381373037807 0.54935418819447857 0.64976602159734465 0.68468916789111345 0.22813698247173272 0.61809018415112793 0.96682307652318877 0.81607124471542292 0.56451100292302148 0.33095986072506228 0.32299958207054319 0.64923599376354224 0.10198037065894387 0.64453240982593685 0.41769354886373111 0.66770926108060979 0.49063869326947185 0.62816990092727221 0.10813800895444521 0.12389922509563936
decision_type=2 2 2 2 2 2 2 2 2 2 2 2 2 2 2 2 2 2 2 2 2 2 2 2 2 2 2 2 2 2
left_child=1 7 6 12 5 9 19 11 14 15 13 24 26 -6 -3 21 -16 -10 -11 -2 -8 -5 -22 -12 -1 -17 -4 -21 -24 -15
right_child=2 8 3 4 10 -7 20 -9 17 18 23 -13 -14 29 16 25 -18 -19 -20 27 22 -23 28 -25 -26 -27 -28 -29 -30 -31
leaf_value=0.0027764828271559768 -0.0032494075141019292 0.0029304917258295149 0.0021146849648636065 -0.00075185091117494353 0.0010988836440361304 0.0008383156963242428 -0.0046727330570325914 0.0055939064664560405 0.0017465546136931451 -0.0011406008494959281 -0.00035933929216162955 0.0019442012608084801 0.0028602583467070594 0.0015108368246928676 0.00042500756378004677 0.0011514417037529789 -0.0035427533090114597 0.004371119305256784 -0.0024398717970449506 -2.1765043193578338e-05 -0.0046674013603478668 -0.0019307873125728023 -4.3096338117191962e-05 -0.0025670191881303887 0.0044305429135420129 -0.00074456639532185479 0.0004050464209141616 -0.001329648441866658 -0.0024176765190854436 -0.00094690839940294702
leaf_weight=333 135 165 243 1396 1530 532 159 353 698 731 503 556 381 91 1782 299 51 127 1061 466 128 752 86 147 512 301 695 748 1512 452
leaf_count=333 135 165 243 1396 1530 532 159 353 698 731 503 556 381 91 1782 299 51 127 1061 466 128 752 86 147 512 301 695 748 1512 452
internal_value=1.35884e-12 0.0019845 -0.000735591 -0.000289671 -0.000580525 -0.00105636 -0.00199227 0.0035625 0.00100405 -0.00127838 0.000305794 0.00305067 0.00142921 0.0006709 0.000530638 -0.000866583 0.000314612 0.00215058 -0.00190987 -0.00106997 -0.00265232 -0.00116459 -0.0024662 -0.000858615 0.00377871 0.000200278 0.000847949 -0.000827611 -0.00228988 -0.000535021
internal_weight=16925 4577 12348 9114 7795 5072 3234 1754 2823 4540 2723 1401 1319 2073 1998 2748 1833 825 1792 1349 1885 2148 1726 650 845 600 938 1214 1598 543
internal_count=16925 4577 12348 9114 7795 5072 3234 1754 2823 4540 2723 1401 1319 2073 1998 2748 1833 825 1792 1349 1885 2148 1726 650 845 600 938 1214 1598 543
is_linear=0
shrinkage=0.1


Tree=19
num_leaves=31
num_cat=0
split_feature=6 7 12 9 9 8 8 12 13 7 12 7 13 6 7 12 8 7 12 7 7 7 13 13 8 9 12 6 8 6
split_gain=2.02444 0.691193 0.443067 0.319896 0.277218 0.234116 0.168775 0.139423 0.13255 0.118417 0.109417 0.106471 0.104914 0.089448 0.0819672 0.0785829 0.0777516 0.0774536 0.0692286 0.0678715 0.0672186 0.0631502 0.0480756 0.0462235 0.0449129 0.0448774 0.0437571 0.0429092 0.0421224 0.041936
threshold=0.59145745509731806 0.52297461102668474 0.21075805324646227 0.54516713500060165 0.41109848005338029 0.7059690789478007 0.60883782023235522 0.61593028286749207 0.47654805252253446 0.70926215883874977 0.62480569179143808 0.78784251281411255 0.48597358946685865 0.68905571321565984 0.68434483390321055 0.67375677121750144 0.81363101673679694 0.73510723781907295 0.52352485115783931 0.6854928476280534 0.89904753813387495 0.56890466366414205 0.76902929127982855 0.49862224546563555 0.63062220149796755 0.25355141048400459 0.3882279779978775 0.44318908101480253 0.65985777109653243 0.51749435068882743
decision_type=2 2 2 2 2 2 2 2 2 2 2 2 2 2 2 2 2 2 2 2 2 2 2 2 2 2 2 2 2 2
left_child=2 13 17 6 10 8 14 12 19 -9 16 21 24 -2 -4 27 -3 -1 -8 -5 23 -7 26 -20 -6 -15 -14 -10 -12 -23
right_child=1 4 3 5 7 11 18 9 15 -11 28 -13 22 25 -16 -17 -18 -19 20 -21 -22 29 -24 -25 -26 -27 -28 -29 -30 -31
leaf_value=-0.0016154701816288532 0.002646688987604446 0.0020330698878348414 0.002291252646235782 -0.0002642200203169865 0.0003192954418061182 0.00064203633324600253 -0.000830376132313288 0.0026921117548235098 -0.0012369211390614509 0.00042626068461686377 0.0052609812468290334 -0.0029843668457767772 -0.00028243498691178426 0.0069191005681791609 0.00051556298076271909 0.00065178983956089157 -0.00067964961247829101 -0.0034468292962155944 -0.00035622116866074888 -0.0019146083596261665 -0.0023134286374305235 -0.0020736870964114767 0.0018776018149654653 0.00089834794712775109 -0.0015024785216566075 0.0040973780622645733 0.00075867671079141391 -0.00024684863808054237 0.0027704291164557986 -0.00090018756874542304
leaf_weight=357 558 884 399 343 188 133 1323 444 625 480 131 639 743 62 746 747 120 654 490 911 99 833 214 733 483 620 884 1461 141 480
leaf_count=357 558 884 399 343 188 133 1323 444 625 480 131 639 743 62 746 747 120 654 490 911 99 833 214 733 483 620 884 1461 141 480
internal_value=-5.09934e-12 0.00148497 -0.000805483 -0.000603053 0.000932164 -0.00104711 0.000120091 0.000464744 -0.000607211 0.00151505 0.00219083 -0.0019094 7.84069e-05 0.00358565 0.00113434 -0.000228321 0.00170884 -0.00280015 -0.00031897 -0.00146319 0.000192822 -0.00143436 0.000468565 0.0003957 -0.000992056 0.0043539 0.000283234 -0.000543491 0.00396992 -0.00164468
internal_weight=16925 5952 10973 9962 4712 6172 3790 3436 4087 924 1276 2085 2512 1240 1145 2833 1004 1011 2645 1254 1322 1446 1841 1223 671 682 1627 2086 272 1313
internal_count=16925 5952 10973 9962 4712 6172 3790 3436 4087 924 1276 2085 2512 1240 1145 2833 1004 1011 2645 1254 1322 1446 1841 1223 671 682 1627 2086 272 1313
is_linear=0
shrinkage=0.1


Tree=20
num_leaves=31
num_cat=0
split_feature=9 6 8 7 7 12 8 9 12 8 12 9 12 6 9 13 8 13 6 12 9 6 7 8 13 8 6 7 9 7
split_gain=1.66509 0.477253 0.468285 0.278755 0.183956 0.15518 0.144252 0.116389 0.100661 0.0946903 0.0943562 0.0913347 0.0868287 0.0831056 0.0818834 0.0836341 0.0765442 0.0705642 0.0688981 0.0609165 0.0590753 0.0581365 0.044831 0.0445277 0.0416252 0.0407464 0.0372864 0.0331049 0.0330646 0.0319064
threshold=0.45718559772917927 0.46901562542266623 0.54668232891642954 0.71560272110890455 0.71845381525801566 0.61593028286749207 0.62960276056735687 0.66452181285428324 0.74662344398089553 0.64919754094883364 0.49247653316707424 0.26307551039472754 0.4613885541567973 0.82346239121275366 0.22813698247173272 0.58945703615382439 0.71635731333112496 0.64327372856241272 0.77697990518358107 0.43321917643185581 0.54516713500060165 0.3032871196108709 0.96682307652318877 0.75491743554753488 0.45687634520861492 0.64211399334603037 0.5422683737301065 0.68023665868150129 0.61880861783306196 0.91409562537227373
decision_type=2 2 2 2 2 2 2 2 2 2 2 2 2 2 2 2 2 2 2 2 2 2 2 2 2 2 2 2 2 2
left_child=2 4 11 6 12 14 8 10 -3 24 17 -1 -2 26 -4 22 -12 28 -13 -8 -11 -14 27 -9 -6 -23 -7 -16 -5 -18
right_child=1 3 5 7 9 13 19 23 -10 20 16 18 21 -15 15 -17 29 -19 -20 -21 -22 25 -24 -25 -26 -27 -28 -29 -30 -31
leaf_value=0.0049639015644788748 -0.0014037695066041354 0.0009622715379338638 0.0025411998006430541 -0.001129815664313444 -0.0023824207046452689 0.00031483122556966284 -0.00094201584506076728 -0.001240216229853282 0.0031762064745028819 -0.0011377069370863133 0.0006297230345409607 0.002112873931903415 -0.0048489607870578766 0.00490878997546322 0.00073500226319323837 0.0014721955606165863 -0.00042066131588721994 0.00051395404782972104 0.0036223957998404071 0.00036253209958543847 -0.0027823050029691767 0.00059498050986890681 -0.0028437949717044831 -0.0029081253728000965 -0.00086670967299928002 -0.00057716664987111487 0.0023135517238944926 -0.00017905516926716256 -0.0030229339025693368 -0.0023967387455125014
leaf_weight=225 1062 1172 198 1066 238 123 496 818 249 266 1150 692 26 106 636 571 673 265 537 1286 1221 523 51 199 759 685 387 1051 101 93
leaf_count=225 1062 1172 198 1066 238 123 496 818 249 266 1150 692 26 106 636 571 673 265 537 1286 1221 523 51 199 759 685 387 1051 101 93
internal_value=-3.3334e-13 -0.000603874 0.00162915 -0.000109791 -0.00138614 0.000938976 0.000598699 -0.000629676 0.00135022 -0.00198256 -0.000345078 0.00311156 -0.00074088 0.00236104 0.000589558 0.000422202 0.000113873 -0.000959149 0.00277245 -5.74399e-07 -0.00248811 -0.000170387 7.72387e-05 -0.00156658 -0.00122853 -6.9689e-05 0.00183151 0.000165545 -0.00129366 -0.000660577
internal_weight=16925 12348 4577 7568 4780 3123 3203 4365 1421 2484 3348 1454 2296 616 2507 2309 1916 1432 1229 1782 1487 1234 1738 1017 997 1208 510 1687 1167 766
internal_count=16925 12348 4577 7568 4780 3123 3203 4365 1421 2484 3348 1454 2296 616 2507 2309 1916 1432 1229 1782 1487 1234 1738 1017 997 1208 510 1687 1167 766
is_linear=0
shrinkage=0.1


Tree=21
num_leaves=31
num_cat=0
split_feature=14 6 6 6 7 7 7 8 12 9 8 12 12 6 13 7 7 13 6 7 6 13 9 9 6 12 7 9 8 12
split_gain=1.37997 0.558592 0.253657 0.240011 0.147687 0.130345 0.112588 0.10985 0.0820608 0.077274 0.0751921 0.0689724 0.0608109 0.0591373 0.0573403 0.0572354 0.0552897 0.0549257 0.0549149 0.0521202 0.047085 0.0439055 0.0430308 0.0396871 0.0395052 0.0408881 0.0368162 0.0365171 0.0364129 0.0363069
threshold=2160.0000000000005 0.47991274281759483 0.68722921503501799 0.77697990518358107 0.79460421339085519 0.66177037028836749 0.48791180488562053 0.7186555938850796 0.68151890468476795 0.59930412181068571 0.520262031062668 0.65956504153246798 0.24208525115508525 0.34813039805935669 0.58305971905753229 0.39152663967739926 0.83327035019505724 0.56400368374183396 0.81607124471542292 0.52297461102668474 0.61485406932367848 0.47198723309170365 0.61164079209838984 0.66024364953199777 0.33095986072506228 0.70063902502221354 0.77657566622004037 0.51240939363300619 0.83312862722377379 0.29099160089002513
decision_type=2 2 2 2 2 2 2 2 2 2 2 2 2 2 2 2 2 2 2 2 2 2 2 2 2 2 2 2 2 2
left_child=3 4 5 6 10 19 14 8 17 -9 -2 27 22 -6 -1 -5 18 -7 29 -3 -13 -15 -12 -19 -14 -26 -11 -8 -21 -4
right_child=1 2 16 15 13 7 11 9 -10 26 12 20 24 21 -16 -17 -18 23 -20 28 -22 -23 -24 -25 25 -27 -28 -29 -30 -31
leaf_value=0.0018007378294749238 0.00099335689064338514 0.0027589241848201365 -0.0017099296760767005 0.0051103034488311633 -0.0042103294221576583 -0.00060191462345114341 0.0010185755292410538 -0.00052482290600709344 0.00072748826742297882 -0.0012754796432409199 -0.00096557513911924942 0.0012182398061043617 -0.0021198993960362196 -0.0026022099486630486 0.0036445442484065952 0.0029626934361808442 0.00026861689286306501 0.00089910993096709111 0.00263148998348122 0.00066163709784178455 0.0031486053786733575 -0.0014696643626544675 -0.0027696072516238193 -0.00089821433846020348 -0.00090565017460764836 0.00018877520355324511 -0.002740540415807455 -1.4739506450891697e-05 -0.0013132857528569946 0.0012856483576652751
leaf_weight=506 194 111 43 164 121 2333 899 995 871 406 230 332 224 559 253 510 435 481 351 1102 204 883 311 165 2202 404 297 552 102 685
leaf_count=506 194 111 43 164 121 2333 899 995 871 406 230 332 224 559 253 510 435 481 351 1102 204 883 311 165 2202 404 297 552 102 685
internal_value=-8.27525e-13 -0.000454398 4.87897e-05 0.00179434 -0.00127639 -0.000209665 0.00137931 -0.000421835 -0.000126327 -0.00109186 -0.000921053 0.00098356 -0.00103123 -0.00208688 0.00241534 0.00348526 0.00122037 -0.000375965 0.00160407 0.000685483 0.00195293 -0.0019087 -0.00200264 0.000440041 -0.000845524 -0.000735985 -0.00189443 0.000625474 0.000494326 0.00110871
internal_weight=16925 13505 8377 3420 5128 6863 2746 5548 3850 1698 3565 1987 3371 1563 759 674 1514 2979 1079 1315 536 1442 541 646 2830 2606 703 1451 1204 728
internal_count=16925 13505 8377 3420 5128 6863 2746 5548 3850 1698 3565 1987 3371 1563 759 674 1514 2979 1079 1315 536 1442 541 646 2830 2606 703 1451 1204 728
is_linear=0
shrinkage=0.1


Tree=22
num_leaves=31
num_cat=0
split_feature=6 7 12 9 8 13 8 6 7 12 11 7 7 12 6 8 8 8 8 7 6 9 3 12 9 6 8 9 12 9
split_gain=1.1198 0.458068 0.228824 0.144939 0.133808 0.126305 0.112057 0.10694 0.0960962 0.077846 0.0699304 0.0672647 0.064652 0.064213 0.0602441 0.0576392 0.0547288 0.0538662 0.0499346 0.0443124 0.0431106 0.0351481 0.0345857 0.0334355 0.0543098 0.0321869 0.0379572 0.0319899 0.0314294 0.0310454
threshold=0.57369987427089597 0.6138681376613786 0.46936176771704813 0.47272663192209258 0.64117801080573122 0.60246392100712753 0.55680014795760158 0.72919167991290668 0.77858297195309001 0.62480569179143808 0.3516139296291983 0.7044415352586052 0.83327035019505724 0.3882279779978775 0.41706630917891002 0.65696607087989767 0.77587529768627872 0.48389651389018201 0.51149292887466935 0.56890466366414205 0.3032871196108709 0.78221203897229297 1.0000001136767176 0.62715863291699059 0.25355141048400459 0.39163683536717581 0.76261803027618702 0.57258738729416847 0.52575717297699753 0.22813698247173272
decision_type=2 2 2 2 2 2 2 2 2 2 2 2 2 2 2 2 2 2 2 2 2 2 2 2 2 2 2 2 2 2
left_child=2 7 4 9 18 6 -4 10 19 15 17 20 13 22 27 -3 -15 -2 -1 -6 -8 -20 -5 24 -9 26 -10 -13 -14 -17
right_child=1 3 5 12 8 -7 11 23 25 -11 -12 14 28 16 -16 29 -18 -19 21 -21 -22 -23 -24 -25 -26 -27 -28 -29 -30 -31
leaf_value=0.00088697663294476305 0.0031779790562381639 0.0014754260910647648 0.00068387998439240481 -0.0013917316000079984 0.00056598207959575005 0.0013439174406717415 -0.004152074828743935 0.0069517634809017183 -0.0024426449253632312 0.0024435448627898944 0.00025961452045160512 -0.00088002635845472901 -0.0017439940204121063 0.00096048834893463554 -0.00061476014676547922 0.0018703756238455359 -0.00095678920981425775 0.0015842161007182803 -0.0006032678522804798 -0.0012992752434586117 -4.9841505941471091e-05 -0.0023896792027003626 -1.9309175580095854e-06 0.004054671304521861 0.0024093542511072139 -0.0020047887593392048 -0.0047404190649588908 -0.0022416574961370288 -0.00029678256165569438 0.00012659865824229361
leaf_weight=215 309 751 824 263 141 459 26 28 228 349 267 290 268 1068 1912 115 173 676 1479 1317 1743 119 561 286 439 837 105 426 341 910
leaf_count=215 309 751 824 263 141 459 26 28 228 349 267 290 268 1068 1912 115 173 676 1479 1317 1743 119 561 286 439 837 105 426 341 910
internal_value=-3.36659e-12 0.000992056 -0.000666925 0.000461704 -0.00120467 -0.000246484 -0.000386303 0.00226146 -0.00166058 0.00107818 0.00169508 -0.000586855 -2.82068e-05 0.000238822 -0.000907753 0.000809878 0.000693213 0.00208419 -0.000543798 -0.00111889 -0.000110134 -0.000736298 -0.00044552 0.00320318 0.0026817 -0.00233562 -0.00316717 -0.00169016 -0.000933651 0.000322242
internal_weight=16925 6804 10121 4799 4441 5680 5221 2005 2628 2125 1252 4397 2674 2065 2628 1776 1241 985 1813 1458 1769 1598 824 753 467 1170 333 716 609 1025
internal_count=16925 6804 10121 4799 4441 5680 5221 2005 2628 2125 1252 4397 2674 2065 2628 1776 1241 985 1813 1458 1769 1598 824 753 467 1170 333 716 609 1025
is_linear=0
shrinkage=0.1


Tree=23
num_leaves=31
num_cat=0
split_feature=9 6 8 7 8 12 12 7 7 9 9 12 12 7 12 8 7 7 6 6 9 8 7 6 11 10 8 8 6 11
split_gain=0.924885 0.269986 0.266946 0.190394 0.153125 0.109364 0.0851006 0.0798872 0.0730679 0.0691916 0.0683868 0.0565046 0.0553152 0.0704851 0.0479003 0.0448163 0.0428145 0.0421859 0.0412511 0.0370581 0.0381896 0.0406079 0.0367437 0.0329444 0.0321406 0.0313119 0.0265181 0.0250063 0.0233226 0.0219966
threshold=0.45718559772917927 0.43953520963748216 0.58274326605811122 0.62423496386287192 0.52705848560075275 0.49934546517126038 0.62480569179143808 0.27456565717814513 0.79460421339085519 0.66452181285428324 0.28738093768274148 0.57217408019419624 0.18553704982914757 0.87562115706550514 0.40030619319389343 0.75459507982946994 0.66637075093667975 0.94028022304327519 0.6913121663715055 0.33095986072506228 0.58058917347220007 0.55680014795760158 0.49518505801657647 0.34813039805935669 0.10198037065894387 0.33918603868363956 0.7017199476479058 0.66337165403204457 0.72383596610543288 0.13548245778979653
decision_type=2 2 2 2 2 2 2 2 2 2 2 2 2 2 2 2 2 2 2 2 2 2 2 2 2 2 2 2 2 2
left_child=2 8 6 11 25 12 7 -1 19 15 -4 -3 -6 18 29 17 -16 -7 27 -2 -21 -22 -9 -10 -25 -5 -13 -14 -24 -12
right_child=1 3 10 4 5 9 -8 22 23 -11 14 26 13 -15 16 -17 -18 -19 -20 20 21 -23 28 24 -26 -27 -28 -29 -30 -31
leaf_value=0.0040893044952741439 -0.0019811457260953684 0.00048124556445469294 0.0017085723171742064 0.00082379946733966258 -0.0019471708668031913 0.00044604192676370847 0.0034285832310513575 0.0021313614137042527 -0.0034559681549791465 -0.00089516612359919173 -0.0012321507157309649 0.0024481185467530651 -0.00031170871529453015 -0.0018243094588334331 0.0016293064423694482 -0.00062099276247055003 0.00036946685441901009 -0.0013290227362332489 0.0013592440855211101 -0.00020484248363074797 2.0487373178419208e-06 -0.0014556561285039547 0.00054812256354265499 -0.0036808350760685771 -0.0015390272425035215 0.0026541765329652824 0.00080953134885547971 -0.00095775094377392039 0.0016431632682143414 9.7384505878867406e-06
leaf_weight=136 274 885 438 481 435 2101 392 609 121 868 187 282 1287 501 360 631 1076 143 111 785 248 833 390 76 897 116 152 1121 388 601
leaf_count=136 274 885 438 481 435 2101 392 609 121 868 187 282 1287 501 360 631 1076 143 111 785 248 833 390 76 897 116 152 1121 388 601
internal_value=-1.07302e-13 -0.000450061 0.00121419 -0.000171521 -0.000359534 -0.000487177 0.0021146 0.0017764 -0.00123504 -0.000112681 0.000566451 0.000939591 -0.000892889 -0.00074103 0.000341519 0.000123561 0.000685304 0.000332925 -0.000525578 -0.000895182 -0.000735721 -0.00112123 0.00154961 -0.00189984 -0.00170632 0.00117945 0.00187424 -0.000612462 0.00109424 -0.000284974
internal_weight=16925 12348 4577 9114 7795 7198 1915 1523 3234 3743 2662 1319 3455 3020 2224 2875 1436 2244 2519 2140 1866 1081 1387 1094 973 597 434 2408 778 788
internal_count=16925 12348 4577 9114 7795 7198 1915 1523 3234 3743 2662 1319 3455 3020 2224 2875 1436 2244 2519 2140 1866 1081 1387 1094 973 597 434 2408 778 788
is_linear=0
shrinkage=0.1


Tree=24
num_leaves=31
num_cat=0
split_feature=14 6 9 6 8 9 8 7 9 7 7 7 12 12 7 7 12 7 9 8 8 13 10 8 7 13 6 6 12 9
split_gain=0.762789 0.314948 0.159484 0.139241 0.0891826 0.080623 0.0747991 0.0682985 0.0674222 0.0608755 0.0524186 0.0458696 0.0505392 0.0435821 0.0419823 0.0393811 0.0366474 0.0341727 0.0330986 0.0319763 0.0271777 0.0264339 0.0254557 0.0247563 0.0234837 0.0231444 0.0220072 0.0212513 0.0210919 0.0208746
threshold=2160.0000000000005 0.46901562542266623 0.56788759337175299 0.77697990518358107 0.59561445409661862 0.22813698247173272 0.70707033421145393 0.61028769509860414 0.26307551039472754 0.78441964670379238 0.77657566622004037 0.94396171359955461 0.50250501795434421 0.74662344398089553 0.75934988896565103 0.45061084015926617 0.40513874680464562 0.39152663967739926 0.61164079209838984 0.66911299530007551 0.45245172416714113 0.48516068337181462 0.33522223577200566 0.56117838094774342 0.69969784422501469 0.63812088451517623 0.52032678888598516 0.33095986072506228 0.67375677121750144 0.64923599376354224
decision_type=2 2 2 2 2 2 2 2 2 2 2 2 2 2 2 2 2 2 2 2 2 2 2 2 2 2 2 2 2 2
left_child=3 4 5 8 20 -3 13 -7 -1 18 -8 12 14 24 19 -10 23 -5 22 -9 -2 -11 -6 -17 -4 -23 -18 -22 -19 -26
right_child=1 2 6 17 9 7 10 11 15 21 -12 -13 -14 -15 -16 16 26 28 -20 -21 27 25 -24 -25 29 -27 -28 -29 -30 -31
leaf_value=0.00299044354401666 0.0010585337229665147 0.0021327415518966075 0.00016231305218119584 0.0038776372627514163 -0.00078278159145285509 0.0018829830486739752 -0.0005447556494258221 0.00090358945587816855 0.001677802941475071 -0.0022423421025067865 -0.0018384510516974062 -0.0012327962853059462 0.00067516896522891695 0.0007834927958398774 -0.00054359866052553201 0.00091441274880922933 0.00031195478558088303 0.0019449318202936815 -0.0013035079057177662 -0.00014977083737659582 -0.0030538348481059076 -0.0012725169834448026 0.00035002894332702923 -0.00031414350173405932 -0.00014708348296497108 -0.0046378821134567261 0.0012399440110193816 -0.00030245727439520242 0.0037316421476694256 -0.00086175574583960608
leaf_weight=163 151 259 721 164 946 262 783 558 513 608 522 207 1848 428 929 254 342 432 1109 596 29 760 251 463 778 21 1011 878 78 861
leaf_count=163 151 259 721 164 946 262 783 558 513 608 522 207 1848 428 929 254 342 432 1109 596 29 760 251 463 778 21 1011 878 78 861
internal_value=-3.79596e-13 -0.000337834 1.80446e-05 0.00133405 -0.000993136 0.000418154 -0.000437394 0.000317228 0.00101793 -0.00122492 -0.00106223 0.000218091 0.000294492 -0.000144921 -4.32375e-05 0.000893456 0.000699075 0.00262197 -0.000909906 0.000359566 -0.00018363 -0.00174791 -0.000545242 0.000121077 -0.000313294 -0.00136301 0.00100537 -0.000390429 0.00221819 -0.000522515
internal_weight=16925 13505 8752 3420 4753 4659 4093 4400 2746 3695 1305 4138 3931 2788 2083 2583 2070 674 2306 1154 1058 1389 1197 717 2360 781 1353 907 510 1639
internal_count=16925 13505 8752 3420 4753 4659 4093 4400 2746 3695 1305 4138 3931 2788 2083 2583 2070 674 2306 1154 1058 1389 1197 717 2360 781 1353 907 510 1639
is_linear=0
shrinkage=0.1


Tree=25
num_leaves=31
num_cat=0
split_feature=6 7 8 9 12 12 7 8 8 7 13 6 13 7 12 7 9 6 13 12 8 7 8 12 8 9 6 7 6 9
split_gain=0.632816 0.191146 0.176881 0.156392 0.0955842 0.0875796 0.076638 0.0694079 0.0689812 0.0503923 0.049367 0.0493395 0.0441259 0.0410197 0.0458693 0.0357139 0.052109 0.035392 0.0331063 0.0314493 0.0261231 0.0257016 0.0252021 0.023087 0.0230299 0.0208692 0.020694 0.0202803 0.0188545 0.0172999
threshold=0.61485406932367848 0.62968931209535384 0.53313532871658709 0.64114729607543952 0.61099311305194381 0.40030619319389343 0.83327035019505724 0.6428806358750182 0.69986985090375442 0.82417572980417764 0.60246392100712753 0.81607124471542292 0.58358893995123706 0.32073657606880518 0.62715863291699059 0.69616226213638555 0.58467345338073851 0.39163683536717581 0.48461339206352949 0.49247653316707424 0.67476098539709095 0.8793430560866714 0.73905072173650976 0.19134465376153084 0.52944772513017979 0.42939568948298706 0.28722103864083481 0.90696337556368756 0.37323783918164638 0.79460066279039931
decision_type=2 2 2 2 2 2 2 2 2 2 2 2 2 2 2 2 2 2 2 2 2 2 2 2 2 2 2 2 2 2
left_child=1 10 13 4 8 15 11 18 12 28 24 22 21 -2 -15 16 23 -9 -5 -12 -11 25 -7 -4 -1 -3 -10 -19 -6 -20
right_child=2 3 5 7 9 6 -8 17 26 20 19 -13 -14 14 -16 -17 -18 27 29 -21 -22 -23 -24 -25 -26 -27 -28 -29 -30 -31
leaf_value=0.0012355279352547776 0.0038003751129474283 0.00049597423198132742 -0.00010385092752947798 -0.0014983719638644577 -0.00046295305747789733 0.0012236392221287437 -0.00016248906463151797 -0.0025858114118587701 -0.0041740939021110536 0.00013678028381702194 0.00043015406667211344 0.0022736276242218607 0.00059900782984540673 0.001369465965297225 0.0027333168405494846 -0.00048052959742766565 -0.0010595652589259984 -0.0012874552165158095 -0.00015794708273155031 0.0026136469269214674 -0.0015457575200611099 -0.0013351260340883286 0.00031557176810635543 0.0014987160295560332 0.00015390442698257938 -0.00043685943106328408 -0.0010166726533332327 -0.0027534777809884036 0.00058562041187864189 -0.0016205712407827378
leaf_weight=234 106 270 123 316 193 1152 500 307 21 164 107 365 483 884 342 813 154 1260 797 172 211 286 416 334 1240 2146 1799 102 1538 90
leaf_count=234 106 270 123 316 193 1152 500 307 21 164 107 365 483 884 342 813 154 1260 797 172 211 286 416 334 1240 2146 1799 102 1538 90
internal_value=2.67209e-12 -0.00040659 0.000919587 -0.000575705 -0.000324167 0.000576483 0.000941036 -0.00119851 -0.000561991 0.000241031 0.000556491 0.00122648 -0.000281354 0.00191309 0.00174992 -4.63807e-05 0.0005313 -0.00161587 -0.000619469 0.00177625 -0.000809928 -0.000438724 0.000982723 0.00106739 0.000325614 -0.000332611 -0.0010531 -0.00139725 0.000468708 -0.000306353
internal_weight=16925 11736 5189 9983 7111 3857 2433 2872 5005 2106 1753 1933 3185 1332 1226 1424 611 1669 1203 279 375 2702 1568 457 1474 2416 1820 1362 1731 887
internal_count=16925 11736 5189 9983 7111 3857 2433 2872 5005 2106 1753 1933 3185 1332 1226 1424 611 1669 1203 279 375 2702 1568 457 1474 2416 1820 1362 1731 887
is_linear=0
shrinkage=0.1


Tree=26
num_leaves=31
num_cat=0
split_feature=9 6 8 7 8 9 7 12 6 9 7 6 12 8 6 12 7 6 9 12 7 8 8 12 10 7 8 9 12 10
split_gain=0.518075 0.154064 0.147927 0.105214 0.0919517 0.0651175 0.0637525 0.0515726 0.0495322 0.0455864 0.0420084 0.0409114 0.0395972 0.039056 0.0371705 0.0359296 0.0373762 0.0252103 0.0238507 0.0232108 0.0239707 0.0229295 0.0223932 0.02142 0.0200958 0.0196179 0.0190639 0.0186519 0.0173782 0.0171032
threshold=0.45718559772917927 0.43953520963748216 0.58274326605811122 0.62423496386287192 0.52705848560075275 0.70996263203527199 0.87587132984465887 0.19820964535661464 0.87086768580043494 0.25355141048400459 0.71468829368145215 0.4835501073693218 0.57217408019419624 0.77889415094482428 0.57739197058879366 0.48342793167465098 0.83327035019505724 0.33095986072506228 0.63926905857456584 0.19134465376153084 0.73039839452115807 0.79425738274611724 0.8588502708600384 0.67375677121750144 0.33918603868363956 0.33553492446058047 0.77011014802091393 0.31995449794228076 0.61918904832862265 0.31807105452333068
decision_type=2 2 2 2 2 2 2 2 2 2 2 2 2 2 2 2 2 2 2 2 2 2 2 2 2 2 2 2 2 2
left_child=2 10 8 12 24 6 7 -6 9 25 17 -4 -3 14 28 21 -17 -2 22 -11 -21 27 -12 -20 -5 -1 -19 -13 -9 -8
right_child=1 3 11 4 5 -7 29 13 -10 19 18 15 -14 -15 -16 16 -18 26 23 20 -22 -23 -24 -25 -26 -27 -28 -29 -30 -31
leaf_value=0.0044457645375620232 -0.0018001389800122493 0.00031585627442980873 -0.00049487931036684826 0.00064147497341424044 -0.0013186063606606976 -0.0011816324845774014 -0.0013127486516579042 -0.00032436934359044112 0.0029979819585697369 0.00014324251031659171 -0.00081038487384878916 0.001234807762801322 0.0014819626272591646 -0.00070930890207157723 0.00046171358334221193 0.0014074692768438108 6.2057895881236192e-06 -0.00022837710562163168 -0.0017753420971665891 0.0015279397415568583 0.00030367211538857673 -0.00067548559900994102 -0.0026352503492186471 0.00051948380721516391 0.0021078256569032013 0.0022076009142705621 -0.0015561253453294436 0.00021253298210873462 0.0001965047902689586 -0.00021778573049868516
leaf_weight=55 135 885 408 481 343 860 647 1905 218 179 1018 229 434 770 1525 734 257 1094 752 1141 186 225 72 43 116 136 120 809 965 183
leaf_count=55 135 885 408 481 343 860 647 1905 218 179 1018 229 434 770 1525 734 257 1094 752 1141 186 225 72 43 116 136 120 809 965 183
internal_value=-1.76103e-12 -0.00033684 0.000908741 -0.000126429 -0.000266194 -0.000365107 -0.000254313 -0.000131197 0.00157901 0.00139673 -0.000929817 0.000426556 0.000699549 -5.23429e-05 6.27569e-05 0.000593347 0.00104407 -0.000503779 -0.00123471 0.00121215 0.00135634 0.000239688 -0.000930926 -0.00165122 0.000926394 0.0028521 -0.000359621 0.000438064 -0.000149232 -0.00107133
internal_weight=16925 12348 4577 9114 7795 7198 6338 5508 1915 1697 3234 2662 1319 5165 4395 2254 991 1349 1885 1506 1327 1263 1090 795 597 191 1214 1038 2870 830
internal_count=16925 12348 4577 9114 7795 7198 6338 5508 1915 1697 3234 2662 1319 5165 4395 2254 991 1349 1885 1506 1327 1263 1090 795 597 191 1214 1038 2870 830
is_linear=0
shrinkage=0.1


Tree=27
num_leaves=31
num_cat=0
split_feature=6 13 8 9 7 12 12 6 8 12 7 7 7 7 12 8 13 8 11 12 6 8 7 10 12 8 7 6 7 8
split_gain=0.429536 0.144101 0.10813 0.099312 0.0658293 0.0523559 0.0461859 0.0437488 0.0435126 0.0365479 0.0377006 0.0303623 0.0303073 0.0270732 0.0260425 0.0259326 0.0241694 0.0224643 0.0220372 0.0219405 0.0205192 0.0199655 0.019742 0.01957 0.0212339 0.0190912 0.0182321 0.0179975 0.0179212 0.0176673
threshold=0.63301367934273312 0.58171428314754181 0.57934476261118739 0.64114729607543952 0.65326994756330292 0.21075805324646227 0.61099311305194381 0.82346239121275366 0.66911299530007551 0.40030619319389343 0.83327035019505724 0.85242412980487836 0.84474192243845303 0.66900791920019342 0.22477665611197237 0.8819774085590667 0.58305971905753229 0.79425738274611724 0.13236847472050323 0.49247653316707424 0.78855567714470409 0.56798724069916906 0.40266647551541618 0.33918603868363956 0.62480569179143808 0.55680014795760158 0.87587132984465887 0.39163683536717581 0.7044415352586052 0.68100870553658754
decision_type=2 2 2 2 2 2 2 2 2 2 2 2 2 2 2 2 2 2 2 2 2 2 2 2 2 2 2 2 2 2
left_child=1 3 7 4 21 -5 14 16 13 17 29 18 -8 19 -6 -10 22 28 -7 -3 -12 -1 -2 24 -9 -20 27 -16 -4 -11
right_child=2 8 9 5 6 11 12 23 15 10 20 -13 -14 -15 26 -17 -18 -19 25 -21 -22 -23 -24 -25 -26 -27 -28 -29 -30 -31
leaf_value=0.00095058880508830292 0.001587778144924761 0.00064675737895018794 0.000989336292219252 -0.0018115959511065796 -0.0012877993292279167 8.0284615114578636e-05 0.0002987893833486543 0.001399308383074508 -0.00011038122974591366 0.0013912571372685734 -0.00088235713638621033 -0.0016811387424046796 -0.00082542558879746756 0.00045727761665427682 -0.00087534455533111184 -0.0026126825064420704 0.0018159456180496367 -0.00073552169711271374 6.0336189063112821e-05 0.002059991003357266 0.00064918441741610875 0.00012477571335183714 0.00058944227021762944 0.0040432745659792864 0.0028089207209025819 -0.0008615442570857495 -0.0011346459164303373 -0.00029022322232030322 -0.0001099827715720859 0.00063535778881514235
leaf_weight=396 278 212 232 538 457 384 1195 241 520 572 193 300 300 1155 660 45 382 323 257 228 160 1123 689 54 192 1784 388 2583 411 673
leaf_count=396 278 212 232 538 457 384 1195 241 520 572 193 300 300 1155 660 45 382 323 257 228 160 1123 689 54 192 1784 388 2583 411 673
internal_value=-1.26378e-12 -0.000298589 0.000849959 -0.00045343 -0.000243616 -0.000910095 -0.000402421 0.00143579 0.000444434 0.000430468 0.000724011 -0.00073211 7.31944e-05 0.000711565 -0.000576355 -0.00030968 0.00114249 -5.51246e-05 -0.000614705 0.00137907 -0.000188174 0.000340063 0.000876451 0.00224822 0.00202436 -0.000745462 -0.000486813 -0.000409304 0.000286661 0.000982646
internal_weight=16925 12525 4400 10365 7102 3263 5583 1836 2160 2564 1598 2725 1495 1595 4088 565 1349 966 2425 440 353 1519 967 487 433 2041 3631 3243 643 1245
internal_count=16925 12525 4400 10365 7102 3263 5583 1836 2160 2564 1598 2725 1495 1595 4088 565 1349 966 2425 440 353 1519 967 487 433 2041 3631 3243 643 1245
is_linear=0
shrinkage=0.1


Tree=28
num_leaves=31
num_cat=0
split_feature=9 8 7 6 8 6 6 13 12 8 9 12 9 12 7 7 12 9 8 6 7 9 11 9 7 12 13 7 7 6
split_gain=0.354528 0.130852 0.103349 0.086401 0.0515187 0.0486413 0.0383677 0.0347971 0.0310439 0.029633 0.0286277 0.02836 0.0282465 0.0278439 0.0286336 0.0273631 0.0291125 0.0261999 0.0233291 0.0208253 0.0177495 0.0176188 0.0148524 0.0144952 0.0165507 0.0139811 0.0136618 0.0135383 0.0130476 0.0114452
threshold=0.48534351129460268 0.53899854602412078 0.62968931209535384 0.46207865459603897 0.72451069867760953 0.7460903392806455 0.33095986072506228 0.61151685581716542 0.78310201828379744 0.77357963100597937 0.57544849156370614 0.65119554154640202 0.59930412181068571 0.69488893389154638 0.69969784422501469 0.32073657606880518 0.54207100785726614 0.41109848005338029 0.59561445409661862 0.53239744430312119 0.85178986618762986 0.60971337286899163 0.1762556000297332 0.70996263203527199 0.8793430560866714 0.31046255507360265 0.61574095724430145 0.8862394038652065 0.81221080038265459 0.90018348261686398
decision_type=2 2 2 2 2 2 2 2 2 2 2 2 2 2 2 2 2 2 2 2 2 2 2 2 2 2 2 2 2 2
left_child=1 15 8 6 13 7 28 9 26 17 -8 -7 -6 14 21 -1 -17 22 -12 -19 -14 -5 -3 24 25 -16 -2 -20 -4 -18
right_child=2 5 3 4 12 11 10 -9 -10 -11 18 -13 20 -15 23 16 29 19 27 -21 -22 -23 -24 -25 -26 -27 -28 -29 -30 -31
leaf_value=0.0026102776038853161 0.00014289945265152262 -0.00013322378596877942 -0.0016053284232858374 0.0011706089209287595 -0.00028763972422280717 0.00071980378668568803 -0.00032474849087889995 0.00078742215319558639 0.0015575423282023302 -0.0010411633292390977 -0.00036154114611019138 0.002221833502611258 -0.00086934025255658092 0.00040656080553197254 -0.00051824127304731567 0.00085652345875772006 0.0015440987536198341 -0.0007520382905154136 -0.0010492397307891154 9.8187187447428348e-05 -0.0020196324405092072 7.6231469305190191e-05 0.00086364546077820424 -0.00086664645052824698 -0.00079914435437522947 8.5116322027822109e-05 0.0011612758888824755 -0.0020008805784441177 -0.0033709420689514709 0.0025975935427205907
leaf_weight=166 1348 213 287 195 890 804 1089 632 204 267 491 149 699 1050 558 825 568 435 1357 853 166 599 501 436 422 1232 146 168 49 126
leaf_count=166 1348 213 287 195 890 804 1089 632 204 267 491 149 699 1050 558 825 568 435 1357 853 166 599 501 436 422 1232 146 168 49 126
internal_value=1.83007e-12 0.000656192 -0.000319221 -0.000445351 -0.00022371 0.000334811 -0.00084773 0.000131192 0.00040042 -5.15927e-05 -0.000737885 0.000954644 -0.000683149 -4.42101e-05 -0.00018172 0.00139127 0.00125805 8.0383e-05 -0.000961053 -0.000188962 -0.00109009 0.000345002 0.00056626 -0.000339657 -0.000235784 -0.000102969 0.00024242 -0.00115408 -0.00186281 0.00173537
internal_weight=16925 5539 11386 9688 6247 3854 3441 2901 1698 2269 3105 953 1755 4492 3442 1685 1519 2002 2016 1288 865 794 714 2648 2212 1790 1494 1525 336 694
internal_count=16925 5539 11386 9688 6247 3854 3441 2901 1698 2269 3105 953 1755 4492 3442 1685 1519 2002 2016 1288 865 794 714 2648 2212 1790 1494 1525 336 694
is_linear=0
shrinkage=0.1


Tree=29
num_leaves=31
num_cat=0
split_feature=6 8 12 12 9 6 6 9 8 7 13 9 8 7 7 8 6 11 8 7 7 12 13 6 11 9 8 13 14 12
split_gain=0.295127 0.116827 0.0754317 0.0541186 0.0525693 0.0457309 0.0446066 0.0393954 0.0324216 0.0309592 0.030386 0.0293388 0.0314339 0.0250273 0.0224946 0.0202159 0.0195988 0.019126 0.01834 0.0150093 0.0147101 0.0148773 0.0145616 0.0144264 0.014405 0.0142977 0.0140784 0.0139791 0.0125001 0.011722
threshold=0.57369987427089597 0.53313532871658709 0.46936176771704813 0.36928853492444563 0.70810354181132362 0.39163683536717581 0.81607124471542292 0.52702490508141442 0.61843551870067626 0.83327035019505724 0.58857393118508872 0.76531060027443376 0.71635731333112496 0.66177037028836749 0.62968931209535384 0.74844587334065105 0.77697990518358107 0.35702173539741883 0.67476098539709095 0.56890466366414205 0.89904753813387495 0.53112557144707584 0.45758468334368857 0.44514083528542969 0.16600871927834043 0.28738093768274148 0.51290059532801779 0.45650032240792465 1985.5000000000002 0.34578894486981315
decision_type=2 2 2 2 2 2 2 2 2 2 2 2 2 2 2 2 2 2 2 2 2 2 2 2 2 2 2 2 2 2
left_child=2 10 5 13 6 17 9 8 -4 15 16 12 22 28 23 25 -2 -1 27 -14 21 -10 -7 -9 -15 -5 -12 -16 -3 -26
right_child=1 3 7 4 -6 11 -8 14 20 -11 26 -13 19 24 18 -17 -18 -19 -20 -21 -22 -23 -24 -25 29 -27 -28 -29 -30 -31
leaf_value=-0.0017977167437817092 0.0006641224046922225 -0.00046874691669862448 0.00088788449967232275 0.0017847891074779911 -0.0011834809253258366 -0.00075325105581172582 0.0015475774606112348 -0.00019612294134219461 -0.0004067229353925111 -0.00013743378798914167 0.0018041362549271881 -0.0015585089904990622 0.00061459060563074969 -0.0010478408153221457 -0.00074625454462048685 -3.7415279466346158e-06 0.0015846262050844316 -0.00079816826055583248 -0.0006897862537878209 -0.00099092951913480045 -0.00086203493986107506 0.00036398448419854614 -0.00011446377974332666 0.00071123856633048131 -0.00013377534235349463 0.00069164324037679532 0.0037679070234298709 -4.8514951683978757e-05 0.00061642932554426899 -0.0016729473575668515
leaf_weight=427 647 140 585 128 175 436 429 383 364 678 418 246 62 301 363 417 360 347 1311 957 174 803 1966 323 745 1834 40 1374 439 53
leaf_count=427 647 140 585 128 175 436 429 383 364 678 418 246 62 301 363 417 360 347 1311 957 174 803 1966 323 745 1834 40 1374 439 53
internal_value=-2.39805e-12 0.000509295 -0.000342382 0.000292236 0.000507781 -0.000651126 0.000592684 -0.000100985 0.000266693 0.000458681 0.00130034 -0.000503698 -0.000427848 -0.000178034 -0.000289623 0.000628569 0.0009932 -0.0013496 -0.000407434 -0.000893243 -4.29656e-06 0.000123592 -0.000230414 0.000219001 -0.000458352 0.00076296 0.00197564 -0.000194329 0.000354038 -0.000236001
internal_weight=16925 6804 10121 5339 3661 4441 3486 5680 1926 3057 1465 3667 3421 1678 3754 2379 1007 774 3048 1019 1341 1167 2402 706 1099 1962 458 1737 579 798
internal_count=16925 6804 10121 5339 3661 4441 3486 5680 1926 3057 1465 3667 3421 1678 3754 2379 1007 774 3048 1019 1341 1167 2402 706 1099 1962 458 1737 579 798
is_linear=0
shrinkage=0.1


Tree=30
num_leaves=31
num_cat=0
split_feature=6 7 12 13 12 8 9 6 8 7 12 9 8 7 7 7 12 6 13 9 8 14 12 13 9 11 7 7 13 9
split_gain=0.242916 0.0776035 0.0759567 0.0491089 0.0427131 0.0419569 0.0378314 0.0269744 0.0267893 0.0260926 0.0243111 0.0244382 0.0220356 0.0206088 0.0200171 0.0192429 0.0177744 0.0173027 0.0171113 0.0154641 0.0138982 0.0138981 0.0133839 0.0129655 0.0128539 0.0124761 0.0118437 0.011661 0.00979949 0.0096263
threshold=0.61103778516414076 0.69078258063716436 0.46936176771704813 0.59039587957858986 0.6205220401890027 0.64117801080573122 0.62304545383655496 0.39163683536717581 0.8588502708600384 0.27456565717814513 0.39613885181881486 0.3824004224048182 0.55680014795760158 0.81985367743231741 0.56890466366414205 0.48791180488562053 0.19134465376153084 0.28722103864083481 0.45687634520861492 0.61616644380512009 0.53313532871658709 2206.5000000000005 0.76973804454916606 0.41819804349184569 0.61257733470631515 0.36695370065792426 0.85399778849974728 0.6854928476280534 0.56638583288934763 0.5266490001452292
decision_type=2 2 2 2 2 2 2 2 2 2 2 2 2 2 2 2 2 2 2 2 2 2 2 2 2 2 2 2 2 2
left_child=2 4 5 8 6 18 9 25 12 -2 20 26 29 17 -9 -5 -11 -14 27 -16 -3 -20 24 -13 -19 -7 -12 -1 -24 -4
right_child=1 10 3 15 -6 7 -8 14 -10 16 11 23 13 -15 19 -17 -18 22 21 -21 -22 -23 28 -25 -26 -27 -28 -29 -30 -31
leaf_value=0.00037917847056751668 0.0026771314442157745 0.00062746762905916765 0.00086940900037140204 0.0021735456916438024 0.0016836007362348413 -0.0018888077009993961 -0.00064474028360882348 0.00050675702968229215 -0.0010871896975116861 9.0222833346825805e-06 0.0013243737815204881 -0.00099638906018487345 -0.0026541410014033319 -0.00063696630623486569 -0.00048663365839318913 0.00047075927790163699 0.00091474471121796234 2.8316403400709797e-05 -0.00013584369279186955 -0.0010112569385068858 -0.00037127306016121068 0.0011545508475550874 0.00058983814816678036 0.00027115829826492103 -0.00038544117833843092 -0.00091594547559545054 0.00014208196537635691 -0.0010525736409486674 -0.00089111411944031715 0.00013055095414492678
leaf_weight=69 76 167 273 71 606 284 183 141 291 253 348 87 26 828 1257 1017 1509 1843 1620 1016 841 88 420 1114 1267 246 112 324 50 498
leaf_count=69 76 167 273 71 606 284 183 141 291 253 348 87 26 828 1257 1017 1509 1843 1620 1016 841 88 420 1114 1267 246 112 324 50 498
internal_value=-1.92077e-13 0.000561385 -0.000255662 -3.19459e-05 0.000947228 -0.000547624 0.000726426 -0.000791246 -0.00015346 0.000862946 0.000181613 0.000416725 -0.000101257 -0.000187056 -0.000649413 0.000581879 0.000784695 -8.37488e-05 -0.000206253 -0.000721133 -0.000205807 -6.93597e-05 -6.50812e-05 0.000179338 -0.000140247 -0.00143725 0.00103651 -0.000801197 0.00043229 0.00039217
internal_weight=16925 5296 11629 6584 2627 5045 2021 2944 5496 1838 2669 1661 5205 4434 2414 1088 1762 3606 2101 2273 1008 1708 3580 1201 3110 530 460 393 470 771
internal_count=16925 5296 11629 6584 2627 5045 2021 2944 5496 1838 2669 1661 5205 4434 2414 1088 1762 3606 2101 2273 1008 1708 3580 1201 3110 530 460 393 470 771
is_linear=0
shrinkage=0.1


Tree=31
num_leaves=31
num_cat=0
split_feature=9 6 7 12 7 12 12 6 8 6 8 9 6 10 13 9 7 9 6 7 7 8 9 12 7 9 6 8 11 7
split_gain=0.197559 0.0683608 0.0626919 0.0518471 0.0394838 0.033168 0.032406 0.025505 0.0217467 0.0216215 0.0200028 0.0191646 0.0179996 0.0179855 0.0175643 0.0176581 0.0150307 0.0149311 0.0164273 0.0134266 0.013141 0.0125404 0.0105319 0.0103975 0.00939018 0.0102381 0.00915562 0.0159672 0.00892913 0.00843859
threshold=0.46480794120061764 0.44318908101480253 0.53131674458683931 0.75281469892597064 0.90834617800149464 0.18553704982914757 0.48342793167465098 0.68722921503501799 0.75170230299409457 0.56667289071127336 0.64117801080573122 0.69069065434483801 0.79658322548699012 0.44586599666272164 0.53534855148488647 0.70996263203527199 0.53131674458683931 0.63926905857456584 0.37323783918164638 0.7678119546031833 0.71004713177977252 0.89473797945306954 0.66452181285428324 0.93889487195763277 0.63436302329820815 0.22813698247173272 0.74871144186181782 0.79425738274611724 0.14355352042984929 0.6313740504113512
decision_type=2 2 2 2 2 2 2 2 2 2 2 2 2 2 2 2 2 2 2 2 2 2 2 2 2 2 2 2 2 2
left_child=2 8 12 4 5 -3 19 10 17 -8 14 23 -1 24 15 -7 -12 18 -2 26 -5 -18 -22 -10 -11 -26 28 -28 -4 -19
right_child=1 3 6 20 -6 7 9 -9 11 13 16 -13 -14 -15 -16 -17 21 29 -20 -21 22 -23 -24 -25 25 -27 27 -29 -30 -31
leaf_value=0.00093331462188903959 -0.0006382140386903554 -0.00091543813418492161 -0.00062106406628530217 0.0010888724464451405 -0.0010442466675923427 4.1770273578565639e-05 0.00021016974737671939 0.00069466452671339263 -0.00096793198382763568 0.001612112375123125 0.00071386596514516837 -0.0022985173186117953 0.00180552787037895 -0.00030085257021710281 0.00038859721649084757 -0.00080117992136280892 -0.00024883357182215485 -0.00026767733560178347 1.0530506881055659e-05 -0.00035752497081550846 0.00044628449213850695 -0.001081196692151328 -0.0012597974580832018 0.00078330738469958308 0.0016917896506781797 0.00071511408497355194 0.00080751278909382883 -0.0013673845426859085 0.00019340724549590907 -0.00092352198730652176
leaf_weight=778 691 462 161 383 466 1425 666 442 582 241 154 110 340 106 1236 301 3160 262 897 545 501 192 39 36 131 594 385 37 821 781
leaf_count=778 691 462 161 383 466 1425 666 442 582 241 154 110 340 106 1236 301 3160 262 897 545 501 192 39 36 131 594 385 37 821 781
internal_value=1.84038e-13 -0.000215119 0.000542611 -6.80641e-05 -0.000151544 -9.51147e-05 0.000343707 -4.02682e-05 -0.000598671 0.000657655 -9.04909e-05 -0.00108238 0.00119857 0.000935663 0.000100835 -0.000105233 -0.00025213 -0.000464828 -0.000271763 6.37476e-05 0.000640839 -0.000296511 0.000323067 -0.000865918 0.00107135 0.000891589 0.000227276 0.000616823 5.98738e-05 -0.000758775
internal_weight=16925 12120 4805 8761 7838 7372 3687 6910 3359 1738 6468 728 1118 1072 2962 1726 3506 2631 1588 1949 923 3352 540 618 966 725 1404 422 982 1043
internal_count=16925 12120 4805 8761 7838 7372 3687 6910 3359 1738 6468 728 1118 1072 2962 1726 3506 2631 1588 1949 923 3352 540 618 966 725 1404 422 982 1043
is_linear=0
shrinkage=0.1


Tree=32
num_leaves=31
num_cat=0
split_feature=6 7 7 12 6 12 9 9 7 7 12 12 9 8 13 6 12 9 14 12 6 10 7 6 8 13 7 8 11 8
split_gain=0.162571 0.0557653 0.0529339 0.0511946 0.0319797 0.0300418 0.0245894 0.0201368 0.0198196 0.0183135 0.0177301 0.0167188 0.0167143 0.0153219 0.0149343 0.0131692 0.0123038 0.0120811 0.0123667 0.0120434 0.0113696 0.0108663 0.0101702 0.0100107 0.00948123 0.00897384 0.00803387 0.00787455 0.00762661 0.00845904
threshold=0.61103778516414076 0.62968931209535384 0.69078258063716436 0.29144170727351842 0.41280474366950481 0.6205220401890027 0.62304545383655496 0.70830625092630295 0.27456565717814513 0.89360210887945468 0.61918904832862265 0.39613885181881486 0.3824004224048182 0.74361713557956233 0.60246392100712753 0.28722103864083481 0.19134465376153084 0.4264409810463532 2206.5000000000005 0.49247653316707424 0.58225841425355507 0.24718926526003301 0.80867255638333357 0.33095986072506228 0.53313532871658709 0.41819804349184569 0.85399778849974728 0.77561697089297954 0.4469162154128633 0.59561445409661862
decision_type=2 2 2 2 2 2 2 2 2 2 2 2 2 2 2 2 2 2 2 2 2 2 2 2 2 2 2 2 2 2
left_child=1 14 5 13 15 6 8 9 -2 10 17 24 26 21 -1 -5 -10 -6 -19 -16 -9 23 -15 -3 -4 -14 -13 -18 29 -17
right_child=2 3 11 4 7 -7 -8 20 16 -11 -12 12 25 22 19 28 27 18 -20 -21 -22 -23 -24 -25 -26 -27 -28 -29 -30 -31
leaf_value=0.00018363265647931159 0.002283952816536552 -0.0013257558334010596 0.00051256621571558862 -0.0022797261661988625 0.00045018260377797893 0.001395482616182094 -0.00051270067119904767 -0.00051312563325074114 -1.0748422523342045e-05 -0.00065264892940835565 0.00024903081439577962 0.0010902280499088183 -0.00083388484821751208 -0.00081818142251269721 0.00014850491675261028 1.8817250582453033e-06 0.00082393680442013418 -0.00023439977887833711 0.00064291253364097108 0.0014997058813351878 -0.0023385243593818613 -0.00090421709710207824 -0.0018135686812164196 -0.00025179317937022732 -0.00031234345198957768 0.00022064409573664974 0.00011648852526247669 9.9564837181621049e-05 0.00037001373944804076 -0.00074871583386559458
leaf_weight=1474 76 98 167 47 330 606 183 654 253 447 2010 348 87 212 107 176 1340 2929 170 172 36 707 199 759 841 1114 112 169 80 1022
leaf_count=1474 76 98 167 47 330 606 183 654 253 447 2010 348 87 212 107 176 1340 2929 170 172 36 707 199 759 841 1114 112 169 80 1022
internal_value=4.49599e-13 -0.000209151 0.000459255 -0.00030141 -0.000187578 0.000777922 0.000592745 -9.72711e-05 0.000702809 -3.73571e-05 1.32102e-05 0.000145603 0.000340575 -0.000756796 0.000310618 -0.000635775 0.00063461 -0.000125022 -0.000186274 0.000981503 -0.000608364 -0.000614013 -0.00130013 -0.000374603 -0.000175677 0.000144254 0.000853144 0.000742811 -0.000575317 -0.000638444
internal_weight=16925 11629 5296 9876 7901 2627 2021 6576 1838 5886 5439 2669 1661 1975 1753 1325 1762 3429 3099 279 690 1564 411 857 1008 1201 460 1509 1278 1198
internal_count=16925 11629 5296 9876 7901 2627 2021 6576 1838 5886 5439 2669 1661 1975 1753 1325 1762 3429 3099 279 690 1564 411 857 1008 1201 460 1509 1278 1198
is_linear=0
shrinkage=0.1


Tree=33
num_leaves=31
num_cat=0
split_feature=9 6 7 8 8 8 12 12 7 12 7 12 7 13 7 10 8 7 12 13 8 9 12 8 7 6 7 12 13 6
split_gain=0.135812 0.0581381 0.0457323 0.0304799 0.0283673 0.0211791 0.0192091 0.0174856 0.0162901 0.0161708 0.0145726 0.0160144 0.0121906 0.0119357 0.0114839 0.00978872 0.0104322 0.00976834 0.0102705 0.00965522 0.00923509 0.00902265 0.00943145 0.00863374 0.00839103 0.00821715 0.00792871 0.00759574 0.00735213 0.00712212
threshold=0.40845491496257186 0.46901562542266623 0.73039839452115807 0.63267369501390125 0.57127803616824824 0.59561445409661862 0.78310201828379744 0.47527415292319741 0.96358949446835462 0.17216131646935709 0.27456565717814513 0.57993707685918705 0.81778253617777796 0.62174543261607418 0.59384335633558394 0.5784445818220173 0.73227003804366364 0.6445495344240334 0.52825340439765267 0.60893372614871255 0.8588502708600384 0.67290590750518697 0.4076487208529736 0.45245172416714113 0.8306020628745211 0.34813039805935669 0.87562115706550514 0.61918904832862265 0.47654805252253446 0.73592657637873748
decision_type=2 2 2 2 2 2 2 2 2 2 2 2 2 2 2 2 2 2 2 2 2 2 2 2 2 2 2 2 2 2
left_child=4 5 3 6 10 23 19 14 9 -4 -1 -12 -6 20 -7 16 21 18 -5 -3 28 22 -11 -2 -14 -16 -27 -19 -9 -29
right_child=1 2 8 17 12 7 -8 13 -10 15 11 -13 24 -15 25 -17 -18 27 -20 -21 -22 -23 -24 -25 -26 26 -28 29 -30 -31
leaf_value=0.0021027309349873689 0.00067800175929010314 0.00029844014732099267 -0.0011326003207445697 -5.4423575847707047e-05 0.0004871961697676431 0.00032992654348306945 0.0014832633121454337 -0.00062944271835719818 -0.00095044012207557652 -0.00016286667780892133 0.0006165225132073309 0.0013839965031727853 -0.0018067402765154839 0.00069272201258822213 -0.0013764992727104712 -0.00071441625295847193 -0.00035366570207174966 -0.00033034429584432885 0.00061927973213264859 0.00080824255524673545 -0.001230326462059449 -0.00035741482172384968 0.00024305359625616184 -0.00013562463442562636 -3.3413710366811849e-05 -0.00064007936819207806 -0.0013796495946331157 7.1927430531450867e-05 -0.00017207358558650151 0.0017507922732167775
leaf_weight=103 151 1489 162 505 1186 95 188 505 271 895 840 402 29 112 216 256 1017 954 410 495 117 531 1588 957 334 1378 162 394 1156 27
leaf_count=103 151 1489 162 505 1186 95 188 505 271 895 840 402 29 112 216 256 1017 954 410 495 117 531 1588 957 334 1378 162 394 1156 27
internal_value=1.77353e-12 -0.00012865 1.92759e-05 0.000248811 0.000623734 -0.00040876 0.000517178 -0.000522497 -0.000197712 -0.000151862 0.000959723 0.000864932 0.000331994 -0.000308544 -0.000740958 -0.000114801 -7.67209e-05 -5.72789e-06 0.000247454 0.000425634 -0.000371616 1.67273e-05 9.67392e-05 -2.47423e-05 -0.000175084 -0.000798893 -0.000717878 -0.000174209 -0.000311129 0.000179598
internal_weight=16925 14031 9182 4462 2894 4849 2172 3741 4720 4449 1345 1242 1549 1890 1851 4287 4031 2290 915 1984 1778 3014 2483 1108 363 1756 1540 1375 1661 421
internal_count=16925 14031 9182 4462 2894 4849 2172 3741 4720 4449 1345 1242 1549 1890 1851 4287 4031 2290 915 1984 1778 3014 2483 1108 363 1756 1540 1375 1661 421
is_linear=0
shrinkage=0.1


Tree=34
num_leaves=31
num_cat=0
split_feature=6 9 6 7 8 7 9 12 12 7 8 12 7 13 9 13 11 13 13 12 9 11 8 12 13 12 11 12 8 8
split_gain=0.112466 0.0389979 0.0351518 0.0257811 0.0226831 0.0219937 0.0208816 0.0181285 0.0178601 0.0154097 0.0149837 0.0157044 0.0130954 0.0109834 0.0108103 0.0105838 0.0115115 0.0102051 0.00977922 0.00940216 0.00883758 0.00803182 0.00793632 0.00793688 0.00788353 0.00681897 0.00627544 0.00625872 0.00586962 0.0066624
threshold=0.61103778516414076 0.57544849156370614 0.84804137002213842 0.6173840200069366 0.73227003804366364 0.78120937421702641 0.78221203897229297 0.52100854837685107 0.36692568180853752 0.8064201109672039 0.74844587334065105 0.21416499579999179 0.89360210887945468 0.51643814515241437 0.27292787202707008 0.78816290162200342 0.12605437720617371 0.53765738630932436 0.59209285298291026 0.47900707040078494 0.52260282502375077 0.33687831457728701 0.41648369789954587 0.51667181657612382 0.76902929127982855 0.62715863291699059 0.15889505495883768 0.17216131646935709 0.91288423624025994 0.77794313968010009
decision_type=2 2 2 2 2 2 2 2 2 2 2 2 2 2 2 2 2 2 2 2 2 2 2 2 2 2 2 2 2 2
left_child=1 3 5 18 6 10 8 15 27 28 11 -2 20 -7 -4 16 -5 -10 -1 -15 -9 -11 -13 24 -24 -16 -12 -3 29 -6
right_child=2 4 14 7 9 13 -8 12 17 21 26 22 -14 19 25 -17 -18 -19 -20 -21 -22 -23 23 -25 -26 -27 -28 -29 -30 -31
leaf_value=0.00033526655649655459 -8.9234451250347303e-05 -0.0011169185525236221 0.0019962082875250768 -0.00090179141779902258 -0.00066108583948302677 -0.00025471125361282857 -0.0010890662114457902 0.000382306051123866 -0.00014984427129635043 -0.0015342131107315129 -0.00084695121687319548 0.0012039974345418724 -0.00064368099669244753 -0.00048696085577830677 0.00065112966261836336 0.00049149542636171514 -0.00022944830708041808 0.00027997448828477318 0.0011386278502975411 0.00066196534783242045 -2.1397317698692219e-05 -0.00070955808528444997 0.00030493289876695989 0.00076523899221701515 0.0010824610843468889 0.0015532544829835327 9.9196894628495434e-05 -0.00039144951782892805 -0.0014411458682458281 -0.00015512568511052687
leaf_weight=525 369 130 119 292 537 883 269 1199 1893 255 81 206 201 94 289 175 1991 780 213 294 990 220 1155 1020 147 118 521 1395 59 505
leaf_count=525 369 130 119 292 537 883 269 1199 1893 255 81 206 201 94 289 175 1991 780 213 294 990 220 1155 1020 147 118 521 1395 59 505
internal_value=9.3373e-13 -0.00017396 0.000381983 1.65094e-05 -0.000350025 0.00029643 -0.000234946 -6.73105e-05 -0.000180216 -0.000676203 0.000425847 0.000520179 0.000128796 -5.98478e-05 0.00115781 -0.000257991 -0.000315442 -2.44202e-05 0.000567131 0.000383617 0.000199727 -0.00115227 0.000609132 0.000556358 0.000392718 0.000912679 -2.81087e-05 -0.000453293 -0.000470817 -0.000415875
internal_weight=16925 11629 5296 5586 6043 4770 4467 4848 4198 1576 3499 2897 2390 1271 526 2458 2283 2673 738 388 2189 475 2528 2322 1302 407 602 1525 1101 1042
internal_count=16925 11629 5296 5586 6043 4770 4467 4848 4198 1576 3499 2897 2390 1271 526 2458 2283 2673 738 388 2189 475 2528 2322 1302 407 602 1525 1101 1042
is_linear=0
shrinkage=0.1


Tree=35
num_leaves=31
num_cat=0
split_feature=9 8 9 7 12 12 9 7 13 12 12 8 7 6 6 13 11 9 6 11 12 6 10 8 13 7 9 8 10 8
split_gain=0.0925673 0.0403258 0.0260488 0.0234068 0.0207206 0.0183404 0.0167299 0.0142348 0.015867 0.013827 0.0130988 0.0120796 0.0108628 0.00977885 0.00935575 0.00877788 0.00859765 0.00845432 0.00835507 0.00857782 0.00798268 0.0078718 0.00764303 0.00702074 0.00687108 0.00672986 0.0061616 0.00831116 0.00708346 0.00597404
threshold=0.40845491496257186 0.64117801080573122 0.63926905857456584 0.70190401791883861 0.31637852455269766 0.74662344398089553 0.22813698247173272 0.6445495344240334 0.48657432795137417 0.61918904832862265 0.75281469892597064 0.41648369789954587 0.8862394038652065 0.37725193169400068 0.35098789614194686 0.45441810817222877 0.074941673265317518 0.86587140862002732 0.81607124471542292 0.55978042767059966 0.17216131646935709 0.74411930287437345 0.412423705778109 0.63840786353021683 0.64615840504190392 0.87587132984465887 0.57352377364841212 0.4549904332903264 0.2580843197363431 0.86232945727725152
decision_type=2 2 2 2 2 2 2 2 2 2 2 2 2 2 2 2 2 2 2 2 2 2 2 2 2 2 2 2 2 2
left_child=4 3 7 5 -1 14 22 -3 25 21 15 -8 13 -4 -2 -5 -11 24 19 -13 -15 -10 -6 -17 26 -9 28 -28 -16 -22
right_child=1 2 12 10 6 -7 11 8 9 16 -12 18 -14 20 17 23 -18 -19 -20 -21 29 -23 -24 -25 -26 -27 27 -29 -30 -31
leaf_value=-8.2631767885080377e-06 -0.0015333698131144047 0.00021276976457163056 -0.00098135921878431663 -0.00041220762796505039 0.0010560500016837413 0.0013489694814511968 0.0013381650181193102 -0.00037847076430946197 -0.0002732902829311467 -0.00069022640832755943 0.0004779426017194055 0.00040054946301875728 -0.0013338743420199882 -0.0010526939758071392 0.00063307622716895866 -8.0385479862242482e-05 0.00038332814511881253 -0.0012680926360189916 0.00088401928620591552 -0.00079348378238223863 -0.0002547855150385429 0.00033949412603644617 0.0022339834804263187 0.0007012828081953994 0.00078370086830686914 -0.0009479659107159748 0.0011469822497137132 -5.5341008278969847e-05 0.00013380876530968692 -0.00082166966002539938
leaf_weight=600 29 963 326 867 290 163 171 1326 1942 83 384 1337 158 165 578 2281 737 35 365 63 1510 235 68 121 258 246 62 791 559 212
leaf_count=600 29 963 326 867 290 163 171 1326 1942 83 384 1337 158 165 578 2281 737 35 365 63 1510 235 68 121 258 246 62 791 559 212
internal_value=-2.39096e-13 -0.000106211 -0.000255494 8.63125e-05 0.000514943 0.00032375 0.000651789 -0.000136638 -0.000210282 -7.53168e-05 -7.45574e-05 0.00053566 -0.000532809 -0.000475616 0.00025147 -0.000139458 0.000274663 0.000274142 0.000457911 0.000346818 -0.000388243 -0.000207142 0.00127979 -4.10092e-05 0.000298154 -0.00046759 0.000235204 3.20494e-05 0.000387614 -0.000324576
internal_weight=16925 14031 7903 6128 2894 2475 2294 5532 4569 2997 3653 1936 2371 2213 2312 3269 820 2283 1765 1400 1887 2177 358 2402 2248 1572 1990 853 1137 1722
internal_count=16925 14031 7903 6128 2894 2475 2294 5532 4569 2997 3653 1936 2371 2213 2312 3269 820 2283 1765 1400 1887 2177 358 2402 2248 1572 1990 853 1137 1722
is_linear=0
shrinkage=0.1


Tree=36
num_leaves=31
num_cat=0
split_feature=6 9 8 7 12 8 7 12 9 8 13 13 7 9 9 8 12 13 6 7 7 13 11 8 6 10 10 9 6 9
split_gain=0.0781301 0.03143 0.0222285 0.0207321 0.0186751 0.016708 0.0129545 0.0141103 0.0129457 0.0118199 0.0109048 0.00873706 0.00847229 0.0081868 0.00809934 0.00776907 0.00776109 0.00806823 0.00772782 0.00760158 0.00675164 0.00667236 0.00643806 0.00632121 0.00622444 0.00605512 0.00603655 0.00593936 0.00581451 0.00600236
threshold=0.57369987427089597 0.41109848005338029 0.64919754094883364 0.81778253617777796 0.36059968271352999 0.76667775879057243 0.69078258063716436 0.50560429382762972 0.59366158541708292 0.50895717546164343 0.58358893995123706 0.51378213924097538 0.56890466366414205 0.72151082703076652 0.75429468892493035 0.80169376163327122 0.53256741656384698 0.47338491878734418 0.35098789614194686 0.6138681376613786 0.96515560419398427 0.4727841293627289 0.22897443350192834 0.70707033421145393 0.28722103864083481 0.5784445818220173 0.51103156058957311 0.22813698247173272 0.6913121663715055 0.42011181272436188
decision_type=2 2 2 2 2 2 2 2 2 2 2 2 2 2 2 2 2 2 2 2 2 2 2 2 2 2 2 2 2 2
left_child=2 4 9 8 15 6 7 26 16 -1 14 27 -10 -7 18 -2 19 -18 -11 -4 -8 -5 -13 -9 -14 -20 28 -6 -3 -30
right_child=1 5 3 21 11 13 20 23 12 10 -12 22 24 -15 -16 -17 17 -19 25 -21 -22 -23 -24 -25 -26 -27 -28 -29 29 -31
leaf_value=0.00041728022133707282 0.00032347772005920797 -4.0673288531594852e-05 0.00054369163548013543 -0.0010199893674749227 0.0012498636213322618 -0.00025527357777835547 8.7969808439143738e-05 0.00091775985448897229 0.00017141908023307343 -0.00071193391792854382 0.00030896320070617471 0.001190765822616094 -0.001221955304867343 -0.0015329238095066764 -0.00078768401507388905 -0.00047563200967465206 -0.00049534838020416172 0.00031722022954624313 -3.360128814607605e-05 -0.00028789161169944048 -0.00061779522228688527 -0.0005125852076152558 0.00069118373996681932 -0.00011390342386682698 -0.00039440192636019288 -0.00075653116353441123 0.0013470384159258433 0.00027138424936352755 -0.00059677683748304844 0.00073878311108411209
leaf_weight=569 529 637 123 393 73 569 2309 523 262 197 632 499 95 55 185 158 145 777 2727 1034 144 761 534 67 2100 121 42 413 40 212
leaf_count=569 529 637 123 393 73 569 2309 523 262 197 632 499 95 55 185 158 145 777 2727 1034 144 761 534 67 2100 121 42 413 40 212
internal_value=-1.66826e-12 0.000262044 -0.000176163 -0.000306942 0.000572337 0.000113174 0.00018871 0.000417998 -0.000210663 -8.2253e-06 -7.09163e-05 0.000768009 -0.000366063 -0.000367887 -0.000145246 0.000139694 -2.70088e-05 0.00018943 -0.000106214 -0.000199486 4.65388e-05 -0.000685384 0.000932511 0.000800605 -0.000430219 -6.43157e-05 0.000175529 0.000418357 0.000120182 0.000526789
internal_weight=16925 6804 10121 5690 2206 4598 3974 1521 4536 4431 3862 1519 2457 624 3230 687 2079 922 3045 1157 2453 1154 1033 590 2195 2848 931 486 889 252
internal_count=16925 6804 10121 5690 2206 4598 3974 1521 4536 4431 3862 1519 2457 624 3230 687 2079 922 3045 1157 2453 1154 1033 590 2195 2848 931 486 889 252
is_linear=0
shrinkage=0.1


Tree=37
num_leaves=31
num_cat=0
split_feature=9 7 6 8 9 8 12 7 12 6 13 8 8 6 6 7 11 12 9 10 8 12 11 11 12 10 10 13 10 7
split_gain=0.0633433 0.0349514 0.0193433 0.0187139 0.0161735 0.0144184 0.0133957 0.013204 0.0125996 0.0112402 0.0126501 0.0109547 0.00880704 0.00815764 0.00786073 0.00751678 0.00670263 0.00660164 0.00616163 0.00537011 0.00588965 0.00535655 0.00524147 0.0048843 0.00545118 0.00641282 0.00475353 0.00461086 0.00438154 0.00470487
threshold=0.56788759337175299 0.52297461102668474 0.49531962331332652 0.73227003804366364 0.78221203897229297 0.80169376163327122 0.74209736508480739 0.78784251281411255 0.76973804454916606 0.81607124471542292 0.75738907488478013 0.45245172416714113 0.6015905255388273 0.38283385605473003 0.80811215837958772 0.75595476367710612 0.40705129967880527 0.36692568180853752 0.72151082703076652 0.2253532405995097 0.77889415094482428 0.62480569179143808 0.47941447603081594 0.25607951263731538 0.29182895806395381 0.5784445818220173 0.26463201525888014 0.48657432795137417 0.32663277785985351 0.8793430560866714
decision_type=2 2 2 2 2 2 2 2 2 2 2 2 2 2 2 2 2 2 2 2 2 2 2 2 2 2 2 2 2 2
left_child=1 14 12 4 6 8 11 27 9 10 15 -2 -3 -13 -1 19 -14 28 -9 -4 -21 -11 -18 -17 -25 -26 -7 -5 29 -15
right_child=3 2 5 7 -6 26 -8 18 -10 21 -12 13 16 17 -16 23 22 -19 -20 20 -22 -23 -24 24 25 -27 -28 -29 -30 -31
leaf_value=0.00049582442326285105 0.0010196745936991648 0.00019815940910570558 0.00038676483059926954 -0.00051886986326293697 -0.00087924436008259943 -7.0420456820232039e-05 0.00036189852419295281 -0.00073962155276570808 0.00082648654721751607 0.00046335956893670254 0.00066227602318583135 -0.00049187523559204957 -0.00035643402369402253 -8.3405154234840928e-05 0.0010495702120387718 -0.0003317133843665943 0.0004246515193848278 -6.9538175475505617e-06 -0.0016788940585684032 0.0001186804119759569 -0.0009216030422402057 0.0012234457901545935 -0.00042863940106374084 -0.00060319720308013667 0.00020916719026528374 -0.0010062615387141705 -0.00065473943272766045 -0.00014035026106478185 -0.00053193512696162923 -0.00070789911163349943
leaf_weight=1161 80 542 947 562 269 448 597 550 351 351 433 641 1429 959 329 520 220 2488 80 1204 57 126 107 112 771 46 202 753 452 138
leaf_count=1161 80 542 947 562 269 448 597 550 351 351 433 641 1429 959 329 520 220 2488 80 1204 57 126 107 112 771 46 202 753 452 138
internal_value=2.68509e-13 0.000174004 8.98836e-05 -0.000215086 -0.000122616 0.000190626 -8.4608e-05 -0.000482464 0.000249128 0.000204755 0.000151179 -0.000140633 -0.000154214 -0.000160475 0.000618094 9.06636e-05 -0.000262976 -0.000107855 -0.000858894 0.000206805 7.16573e-05 0.000664137 0.00014544 -8.63141e-05 5.10461e-05 0.000140734 -0.000252009 -0.000302121 -0.000269923 -0.000161965
internal_weight=16925 9356 7866 7569 5624 5568 5355 1945 4918 4567 4090 4758 2298 4678 1490 3657 1756 4037 630 2208 1261 477 327 1449 929 817 650 1315 1549 1097
internal_count=16925 9356 7866 7569 5624 5568 5355 1945 4918 4567 4090 4758 2298 4678 1490 3657 1756 4037 630 2208 1261 477 327 1449 929 817 650 1315 1549 1097
is_linear=0
shrinkage=0.1


Tree=38
num_leaves=31
num_cat=0
split_feature=6 9 7 12 8 12 9 8 6 7 12 12 10 7 13 13 9 9 7 6 10 8 10 12 11 12 13 11 12 11
split_gain=0.0530103 0.0211255 0.0172894 0.0178674 0.0141884 0.0132694 0.0127275 0.0107402 0.00900435 0.00812827 0.009987 0.00809073 0.00708772 0.00687504 0.00680319 0.00626325 0.005734 0.00555779 0.00520113 0.00532947 0.00583051 0.00506819 0.00512759 0.00480401 0.00478444 0.00475387 0.0076005 0.00451139 0.00417974 0.00411894
threshold=0.57369987427089597 0.41109848005338029 0.56890466366414205 0.21075805324646227 0.69209022131667453 0.36059968271352999 0.76531060027443376 0.76667775879057243 0.74411930287437345 0.83327035019505724 0.50250501795434421 0.75281469892597064 0.49949783442993395 0.81221080038265459 0.50575333350715501 0.53097529888302042 0.55433045897086042 0.72151082703076652 0.8793430560866714 0.37185631236742483 0.51103156058957311 0.80169376163327122 0.26669494389269116 0.39613885181881486 0.22897443350192834 0.48875145741520071 0.52605964906401737 0.5520086438297076 0.6205220401890027 0.13740700511008599
decision_type=2 2 2 2 2 2 2 2 2 2 2 2 2 2 2 2 2 2 2 2 2 2 2 2 2 2 2 2 2 2
left_child=2 5 -1 14 6 21 11 8 9 10 12 18 29 16 -4 23 25 -9 19 -5 -21 -2 -23 -7 -17 -6 -27 -18 -25 -3
right_child=1 7 3 4 13 15 -8 17 -10 -11 -12 -13 -14 -15 -16 24 27 -19 -20 20 -22 22 -24 28 -26 26 -28 -29 -30 -31
leaf_value=0.00036133586593827715 0.00025398772687867764 -0.00043427808693469698 -0.00087205473416479833 -0.00032470265830162481 -0.00042778399657668071 0.0014471831536570262 -0.00067972863159541583 -0.00019911277762193542 0.00050115495740938633 -0.00021398075181475312 0.00039612841655468402 0.00046889668777066481 0.00065069696437077299 -0.00060170600988351027 -0.00032075457321640124 0.0010583410259195657 -0.00041156466323056607 -0.0012518155896528201 -0.00036304410513578211 6.654124192771656e-05 -0.00040350083481441713 0.00018549249660468494 -0.00095395111944526442 0.00020460139520364317 0.00056696084368052662 -0.00021585480652953814 0.00041180771964965235 0.00033646770482233099 0.00075984628183797082 1.3151568505808339e-05
leaf_weight=632 529 252 460 464 255 43 294 569 630 700 1119 339 152 632 436 424 1290 55 443 3728 284 78 80 493 372 424 354 86 187 1121
leaf_count=632 529 252 460 464 255 43 294 569 630 700 1119 339 152 632 436 424 1290 55 443 3728 284 78 80 493 372 424 354 86 187 1121
internal_value=-2.28446e-13 0.000215847 -0.000145106 -0.000178837 -0.000134527 0.000470239 -3.94278e-05 9.37961e-05 0.000154358 8.90227e-05 0.000169243 -3.62554e-06 2.76116e-06 -0.000308151 -0.000603788 0.000635178 -0.000231137 -0.000291899 -3.61901e-05 -3.8406e-06 3.32681e-05 0.000105549 -0.000391441 0.000422114 0.000828701 -5.30759e-05 6.97397e-05 -0.000364813 0.000357294 -6.89695e-05
internal_weight=16925 6804 10121 9489 8593 2206 5552 4598 3974 3344 2644 5258 1525 3041 896 1519 2409 624 4919 4476 4012 687 158 723 796 1033 778 1376 680 1373
internal_count=16925 6804 10121 9489 8593 2206 5552 4598 3974 3344 2644 5258 1525 3041 896 1519 2409 624 4919 4476 4012 687 158 723 796 1033 778 1376 680 1373
is_linear=0
shrinkage=0.1


Tree=39
num_leaves=31
num_cat=0
split_feature=9 7 8 9 13 8 6 6 7 12 8 7 9 12 12 11 10 8 7 11 12 11 11 9 9 13 13 13 11 11
split_gain=0.0436803 0.023907 0.0128433 0.0108319 0.0106428 0.0124918 0.0103807 0.00959808 0.00921371 0.00895241 0.00873362 0.00789793 0.00686736 0.0064814 0.00552163 0.00526178 0.00525513 0.00491234 0.00485218 0.005115 0.004784 0.00459671 0.00455018 0.00440417 0.00439001 0.00434984 0.00422377 0.00415181 0.00414715 0.00674439
threshold=0.56788759337175299 0.69137918605799087 0.73227003804366364 0.78221203897229297 0.58857393118508872 0.77889415094482428 0.77697990518358107 0.53582755724731901 0.78784251281411255 0.67375677121750144 0.45245172416714113 0.8291428910159887 0.22813698247173272 0.44666311799658337 0.15296109277027903 0.35343253299499894 0.412423705778109 0.75561110261267783 0.68983868747755628 0.33272200904385529 0.78610145474141391 0.41966139097292615 0.044468953578239302 0.33292789893127167 0.72151082703076652 0.62174543261607418 0.56938358468693828 0.48461339206352949 0.12043102922048907 0.079221846638530061
decision_type=2 2 2 2 2 2 2 2 2 2 2 2 2 2 2 2 2 2 2 2 2 2 2 2 2 2 2 2 2 2
left_child=1 4 3 9 6 16 18 13 -4 10 -2 14 -9 23 -12 -16 -6 20 19 28 27 -15 -8 -3 -10 -11 -25 -14 29 -1
right_child=2 7 8 -5 5 -7 22 12 24 25 11 -13 17 21 15 -17 -18 -19 -20 -21 -22 -23 -24 26 -26 -27 -28 -29 -30 -31
leaf_value=0.00033239542097864651 0.00089383572689257559 0.00035453750691279617 -0.00024946485313975532 -0.00072120915186075585 0.00062866308775272925 -0.00033386796631655375 -0.00049517424777150158 0.0007794548697654739 -0.00061388635726391594 8.514697587381489e-05 -0.0006924292730788391 -0.00047499392622970599 -0.00012582958399434574 -0.00012640935439092661 2.6994906024918762e-05 -0.00023605861035055312 0.0013513639307858652 -0.00019707062355430295 0.00097365492899248853 -9.9763687895310511e-05 0.00064476597336065233 0.00025570887856715213 0.000663675986692801 -0.000575386657938608 -0.0014067100035026672 0.00060070327960718903 0.00012369811929780625 0.00020154684943114997 0.00031284674329008734 -0.00046195436841560812
leaf_weight=221 80 72 1315 269 857 129 36 154 550 1018 150 670 535 1314 2024 1218 114 479 67 775 184 414 576 566 80 195 102 1404 1150 207
leaf_count=221 80 72 1315 269 857 129 36 154 550 1018 150 670 535 1314 2024 1218 114 479 67 775 184 414 576 566 80 195 102 1404 1150 207
internal_value=3.58704e-13 0.000144495 -0.000178609 -0.000102005 0.000324232 0.000590683 0.000227565 2.32882e-06 -0.000400113 -7.08998e-05 -0.00014087 -0.000161249 0.000130598 -0.000140909 -9.92766e-05 -7.18327e-05 0.000713512 9.21956e-05 0.000134515 0.000110621 0.000157461 -3.48602e-05 0.000595508 -0.000388547 -0.000714562 0.000168027 -0.00046864 0.000111219 0.000213947 -5.17878e-05
internal_weight=16925 9356 7569 5624 4132 1100 3032 5224 1945 5355 4142 4062 2756 2468 3392 3242 971 2602 2420 2353 2123 1728 612 740 630 1213 668 1939 1578 428
internal_count=16925 9356 7569 5624 4132 1100 3032 5224 1945 5355 4142 4062 2756 2468 3392 3242 971 2602 2420 2353 2123 1728 612 740 630 1213 668 1939 1578 428
is_linear=0
shrinkage=0.1


Tree=40
num_leaves=31
num_cat=0
split_feature=6 7 7 6 13 7 9 12 8 6 13 12 9 6 11 10 13 12 11 9 9 6 9 12 9 11 13 10 6 12
split_gain=0.0360353 0.013754 0.0129412 0.0148309 0.0110312 0.0101597 0.0107422 0.00909931 0.0075885 0.00641012 0.0060278 0.0052593 0.00520016 0.00493562 0.00475816 0.00469481 0.00433559 0.00425116 0.00423724 0.00416501 0.00425932 0.00410307 0.00388453 0.00381345 0.00399624 0.00379726 0.00379045 0.00378224 0.00404001 0.00361483
threshold=0.57369987427089597 0.39152663967739926 0.8793430560866714 0.34813039805935669 0.52507787023739616 0.56890466366414205 0.76531060027443376 0.74662344398089553 0.68572073813410472 0.93745207032046307 0.52721950516342064 0.67375677121750144 0.64365372047232638 0.77697990518358107 0.19654208789483854 0.5784445818220173 0.83420090190653606 0.77357921062901081 0.061825037512742209 0.22813698247173272 0.60692874801200325 0.37323783918164638 0.60297223296930358 0.54704942233643439 0.43500722116472118 0.37628669232550421 0.51474978260996784 0.1715753882857475 0.4835501073693218 0.90505400933809066
decision_type=2 2 2 2 2 2 2 2 2 2 2 2 2 2 2 2 2 2 2 2 2 2 2 2 2 2 2 2 2 2
left_child=2 13 3 10 12 -5 8 9 11 16 -1 15 19 -2 -4 21 18 -14 -6 -3 22 -7 -21 24 -10 -12 -25 28 -23 -9
right_child=1 4 14 5 7 6 -8 29 23 -11 25 -13 17 -15 -16 -17 -18 -19 -20 20 -22 27 -24 26 -26 -27 -28 -29 -30 -31
leaf_value=-0.00094013689220536596 0.00045684443599679789 0.0006676738947203805 -0.00074495670409538807 0.00035654617184975552 0.00094816097553120928 -0.00029450922685041029 -0.00056424679665711735 0.00087835943128607456 0.00054553918695698185 0.0010051067239449671 -0.00050567083301600714 0.00025436694289303639 -0.00041572160869811223 0.0010943511092081303 -0.00028015678942207203 -0.0005982120752497746 0.00067682742417134623 0.00029856966404408658 0.00012465940155031888 1.097029229517803e-05 0.00058137413065056671 2.873763619918845e-05 -0.00096057163817541954 -0.0002345057658026036 -0.00030633386241791486 0.00016517742906751879 0.00014438479244763356 -4.2269612449074716e-05 0.00040617816649288175 -8.4495662401119873e-05
leaf_weight=242 468 106 390 575 64 428 431 292 57 96 290 825 455 164 506 137 162 102 2634 2044 130 715 42 502 1625 119 557 2252 470 45
leaf_count=242 468 106 390 575 64 428 431 292 57 96 290 825 455 164 506 137 162 102 2634 2044 130 715 42 502 1625 119 557 2252 470 45
internal_value=8.99048e-13 0.000177963 -0.000119638 -8.43975e-05 0.000132466 -4.94594e-05 -7.86447e-05 0.00025747 -5.09895e-05 0.000201344 -0.000544549 2.44681e-05 -1.05133e-05 0.000622273 -0.000482469 -2.29248e-05 0.000174364 -0.000284918 0.000144194 5.53107e-05 2.60189e-05 -2.53298e-06 -8.59095e-06 -0.000183873 -0.000277465 -0.000310485 -3.52215e-05 3.3826e-05 0.00017844 0.000749788
internal_weight=16925 6804 10121 9225 6172 8574 7999 3293 7568 2956 651 4827 2879 632 896 4002 2860 557 2698 2322 2216 3865 2086 2741 1682 409 1059 3437 1185 337
internal_count=16925 6804 10121 9225 6172 8574 7999 3293 7568 2956 651 4827 2879 632 896 4002 2860 557 2698 2322 2216 3865 2086 2741 1682 409 1059 3437 1185 337
is_linear=0
shrinkage=0.1


Tree=41
num_leaves=31
num_cat=0
split_feature=9 7 8 13 12 8 9 9 12 7 8 7 13 12 13 10 11 12 8 12 12 7 11 12 12 6 8 7 11 6
split_gain=0.0307654 0.0160922 0.00907056 0.00791684 0.00765952 0.00817796 0.0072661 0.00697937 0.00662748 0.0066186 0.00634845 0.00555388 0.00488833 0.0063692 0.00481541 0.00426468 0.00420278 0.00413183 0.00387581 0.00378095 0.00368856 0.00433465 0.00376949 0.0035758 0.00347463 0.00346863 0.00343199 0.00338109 0.00333703 0.00361763
threshold=0.56788759337175299 0.69137918605799087 0.73227003804366364 0.62131368055463498 0.29099160089002513 0.68616705611168272 0.78221203897229297 0.32893095639183018 0.74662344398089553 0.8064201109672039 0.45245172416714113 0.94396171359955461 0.78816290162200342 0.48621361922303369 0.59209285298291026 0.60701844495078727 0.41359461851907947 0.62480569179143808 0.74183887149470606 0.76689076139671675 0.15296109277027903 0.8291428910159887 0.37565077713500861 0.53360523013147354 0.25529226574999137 0.28722103864083481 0.8762821706912528 0.34238659802182525 0.58660738693165937 0.80811215837958772
decision_type=2 2 2 2 2 2 2 2 2 2 2 2 2 2 2 2 2 2 2 2 2 2 2 2 2 2 2 2 2 2
left_child=1 3 6 4 -1 19 8 17 10 25 -2 12 13 18 -7 -15 -11 -3 -9 28 -12 22 -22 -23 -24 -4 -27 -5 29 -6
right_child=2 7 9 27 5 14 -8 11 -10 16 20 -13 -14 15 -16 -17 -18 -19 -20 -21 21 23 24 -25 -26 26 -28 -29 -30 -31
leaf_value=-7.8885531241791227e-05 0.00078584818555100351 0.00016708968096744209 -0.0013695145025849342 0.001708739995956421 0.00031318063231946711 7.1223416633791099e-05 -0.00059266355058323721 -0.00010807247191116725 0.00027011725968631732 -0.00079426777435850275 -0.00060043247013042377 -0.00046697810630706845 0.00044898461107680177 9.8073003229827776e-05 -0.00088677975398145233 -0.00069954949836044215 -0.00010655269285579333 0.00078481107992000698 -0.00050467219677264403 0.00083398246260489844 1.5244643582785438e-05 -0.00049187056460401181 -0.00089888786897063255 -0.00010412645244261865 -0.00016267781818824327 -0.00014747241337693205 -0.00063820902391203819 0.00057787155334146129 -0.00026762262452393768 0.00068515883766150651
leaf_weight=704 80 354 26 28 1641 660 269 1496 546 403 150 278 224 2352 57 69 114 156 295 172 2651 448 69 507 904 1241 161 474 85 311
leaf_count=704 80 354 26 28 1641 660 269 1496 546 403 150 278 224 2352 57 69 114 156 295 172 2651 448 69 507 904 1241 161 474 85 311
internal_value=4.78171e-13 0.000121266 -0.000149897 0.00026873 0.000217255 0.000288507 -8.55192e-05 4.62806e-06 -6.00436e-05 -0.000336046 -9.75291e-05 -3.33906e-05 -6.21807e-06 -3.04264e-05 -4.93583e-06 7.53403e-05 -0.000642625 0.00035604 -0.000173397 0.000383753 -0.000112473 -9.64884e-05 -4.65426e-05 -0.000286021 -0.000214886 -0.000225051 -0.000203827 0.000640948 0.000345737 0.000372446
internal_weight=16925 9356 7569 4132 3630 2926 5624 5224 5355 1945 4809 4714 4436 4212 717 2421 517 510 1791 2209 4729 4579 3624 955 973 1428 1402 502 2037 1952
internal_count=16925 9356 7569 4132 3630 2926 5624 5224 5355 1945 4809 4714 4436 4212 717 2421 517 510 1791 2209 4729 4579 3624 955 973 1428 1402 502 2037 1952
is_linear=0
shrinkage=0.1


Tree=42
num_leaves=31
num_cat=0
split_feature=6 7 13 8 12 6 7 12 11 7 9 6 13 8 13 8 13 12 11 6 11 7 7 12 8 12 9 7 10 11
split_gain=0.0256789 0.0167577 0.00933603 0.00744095 0.00767995 0.00709796 0.00658127 0.0061758 0.00573812 0.00573189 0.00534393 0.00488036 0.00460073 0.00441483 0.00435914 0.0041754 0.00382867 0.00356725 0.00346426 0.00380563 0.00341015 0.00339513 0.00337521 0.00379053 0.00325454 0.0031628 0.00312688 0.00311551 0.00310269 0.00307752
threshold=0.48835807365009809 0.73134955309903937 0.62037501061199063 0.69169266276344654 0.29099160089002513 0.33095986072506228 0.87562115706550514 0.37020216912007209 0.58660738693165937 0.99437089981157734 0.80837493559356455 0.79658322548699012 0.51643814515241437 0.74361713557956233 0.59209285298291026 0.58421701562906458 0.4727841293627289 0.8329860103482275 0.24555080628406159 0.46864461129009799 0.62282211352055949 0.81221080038265459 0.32965636847884078 0.78310201828379744 0.68572073813410472 0.77357921062901081 0.22813698247173272 0.32965636847884078 0.34775835626097279 0.39556013197549761
decision_type=2 2 2 2 2 2 2 2 2 2 2 2 2 2 2 2 2 2 2 2 2 2 2 2 2 2 2 2 2 2
left_child=5 2 3 4 16 21 10 13 11 12 15 22 26 20 -5 -7 -2 -14 19 -17 29 -1 -6 24 -24 28 -9 -4 -8 -3
right_child=1 7 27 14 8 6 25 9 -10 -11 -12 -13 17 -15 -16 18 -18 -19 -20 -21 -22 -23 23 -25 -26 -27 -28 -29 -30 -31
leaf_value=-0.0004673632953788364 -0.001235052477568388 -0.00018200816101536998 0.0015378660522401334 7.3980057028324605e-06 0.0006410600517074874 8.5141222010181117e-05 -0.00064539990459843257 0.00064475106773898005 -0.00028373914916301145 -0.00073312283352468949 -0.00070153127167502365 0.00063608134865995739 0.00013810901845921688 -0.00059375600260640226 -0.00072887397699934601 -0.00028996609635690732 -2.103500189439532e-05 0.0010612635071887526 -4.8881856773936264e-05 0.00023470169909208048 -0.00099974373694170621 -0.0013567505404353142 0.00017845049629968383 0.00073632647659867376 0.00097277063770957707 0.00057929074391722686 -8.8625772821579178e-05 0.00046603282077725233 1.4692104318677339e-05 0.00030448376734972383
leaf_weight=346 27 757 28 1490 227 1107 414 60 160 99 145 444 1577 276 85 1528 686 43 2054 152 44 49 1928 141 53 27 1873 862 86 157
leaf_count=346 27 757 28 1490 227 1107 414 60 160 99 145 444 1577 276 85 1528 686 43 2054 152 44 49 1928 141 53 27 1873 862 86 157
internal_value=6.87809e-13 9.02013e-05 0.000200301 0.00014945 0.00022755 -0.000168204 -0.000138864 -4.79532e-05 0.00029867 1.73993e-05 -0.000103343 0.000332034 3.83116e-05 -0.000241363 -3.23373e-05 -8.54256e-05 -6.70076e-05 0.000162613 -0.000135993 -0.000242496 -0.000139838 -0.000577692 0.000274565 0.000235359 0.000199702 -0.000474936 -6.58619e-05 0.000499753 -0.000531864 -9.84423e-05
internal_weight=16925 11017 6131 5241 3666 5908 5513 4886 2953 3652 4986 2793 3553 1234 1575 4841 713 1620 3734 1680 958 395 2349 2122 1981 527 1933 890 500 914
internal_count=16925 11017 6131 5241 3666 5908 5513 4886 2953 3652 4986 2793 3553 1234 1575 4841 713 1620 3734 1680 958 395 2349 2122 1981 527 1933 890 500 914
is_linear=0
shrinkage=0.1


Tree=43
num_leaves=31
num_cat=0
split_feature=9 12 8 7 12 13 12 8 7 9 7 6 9 11 13 11 6 6 10 10 6 11 14 11 6 7 12 12 12 8
split_gain=0.0216767 0.0116974 0.0116506 0.00805077 0.00757791 0.00617682 0.00605899 0.00520895 0.00471568 0.00522354 0.00439291 0.00435552 0.00375517 0.00471571 0.0037535 0.0035905 0.00354535 0.00350878 0.00321988 0.00302173 0.00311689 0.00283746 0.002631 0.00256123 0.00352357 0.00251222 0.00310232 0.00283449 0.00273347 0.00265687
threshold=0.40845491496257186 0.76973804454916606 0.75112367836655347 0.6971033338813285 0.17216131646935709 0.60893372614871255 0.29323121375080557 0.68597823176926531 0.89360210887945468 0.62756804888566708 0.27456565717814513 0.28722103864083481 0.5758331031497157 0.13740700511008599 0.48597358946685865 0.13997753188780682 0.87086768580043494 0.67658375378527491 0.5784445818220173 0.53586150561860735 0.68802542054864813 0.051793709551613255 2061.0000000000005 0.34367427059838779 0.38283385605473003 0.75887804576445139 0.25529226574999137 0.26081459927409106 0.52907137344865685 0.54316698608758152
decision_type=2 2 2 2 2 2 2 2 2 2 2 2 2 2 2 2 2 2 2 2 2 2 2 2 2 2 2 2 2 2
left_child=6 2 3 5 -5 12 -1 -3 9 18 -8 -4 13 -2 -13 -14 21 23 19 20 22 -12 -6 24 -15 26 -11 -27 -28 -29
right_child=1 7 11 4 8 -7 10 -9 -10 25 16 14 15 17 -16 -17 -18 -19 -20 -21 -22 -23 -24 -25 -26 27 28 29 -30 -31
leaf_value=-5.3606147974812635e-05 -0.00015175647670431392 0.00048637122599356765 -0.0012366583412314984 -0.00054735465277079239 -0.00046882980187726016 0.00045518465655304281 0.00091036766485757192 2.994521035842025e-05 -0.0003504937644659852 -0.00078848611428252151 0.00063004385844311298 -0.0004530921817149006 0.00020848944007739587 -0.00020914593878842427 -0.00017348033234903092 -0.00014204871896484803 0.00062240630167239501 0.00057751193689590879 -0.00036531041403307745 0.0010921943932771683 0.0002833069828379531 0.00020254878740245372 1.421118052213545e-05 -1.6813003784814357e-05 0.00036605503275599009 0.00025581753658722542 -3.1801357316787577e-05 0.00020960859834186492 -0.0004585023958248737 -0.00024523558877870126
leaf_weight=538 453 545 47 361 117 389 119 462 570 124 170 709 369 128 1487 1404 276 228 209 27 430 1791 3111 530 634 192 309 155 292 749
leaf_count=538 453 545 47 361 117 389 119 462 570 124 170 709 369 128 1487 1404 276 228 209 27 430 1791 3111 530 634 192 309 155 292 749
internal_value=9.12719e-14 -5.13969e-05 -7.67857e-05 -3.3645e-05 -0.000101808 7.59099e-05 0.000249188 0.000276968 -7.62162e-05 -4.88605e-05 0.000318332 -0.000284142 3.65244e-05 0.000131437 -0.000263756 -6.90941e-05 0.000286838 0.000215836 1.65175e-05 3.81734e-05 3.03936e-05 0.000239609 -3.29681e-06 0.00015201 0.000269433 -0.000188664 -0.000333078 -9.31343e-05 -0.000239117 -0.000167248
internal_weight=16925 14031 13024 10781 6646 4135 2894 1007 6285 5715 2356 2243 3746 1973 2196 1773 2237 1520 3894 3685 3658 1961 3228 1292 762 1821 725 1096 601 904
internal_count=16925 14031 13024 10781 6646 4135 2894 1007 6285 5715 2356 2243 3746 1973 2196 1773 2237 1520 3894 3685 3658 1961 3228 1292 762 1821 725 1096 601 904
is_linear=0
shrinkage=0.1


Tree=44
num_leaves=31
num_cat=0
split_feature=6 7 13 13 12 6 12 9 12 7 8 9 8 9 13 8 7 11 11 10 9 9 8 6 12 6 7 11 6 7
split_gain=0.018069 0.0115577 0.00677032 0.00530679 0.00521742 0.0049136 0.00470613 0.00461286 0.00442728 0.0042637 0.00426147 0.00413517 0.00398532 0.00372238 0.00377817 0.00340364 0.00307001 0.00282423 0.0027635 0.00264754 0.00264474 0.00252178 0.0042489 0.00357165 0.00282167 0.00243089 0.00241828 0.00234889 0.00234111 0.00283591
threshold=0.48835807365009809 0.73134955309903937 0.62131368055463498 0.45687634520861492 0.78310201828379744 0.37323783918164638 0.37020216912007209 0.41254686234933985 0.32884493953534683 0.99437089981157734 0.75170230299409457 0.81472948422507596 0.77889415094482428 0.71800248856973348 0.53327701283791318 0.74361713557956233 0.85242412980487836 0.24899235114696253 0.43608628665388832 0.51103156058957311 0.63057390795842105 0.56648007946187995 0.71226701944469928 0.39163683536717581 0.67375677121750144 0.33095986072506228 0.80867255638333357 0.62282211352055949 0.51849523866724612 0.58093840457429746
decision_type=2 2 2 2 2 2 2 2 2 2 2 2 2 2 2 2 2 2 2 2 2 2 2 2 2 2 2 2 2 2
left_child=3 2 4 17 7 16 15 8 -2 13 11 19 28 14 -8 27 25 -1 20 21 -17 22 23 -7 -23 -5 -16 -3 29 -9
right_child=1 6 -4 5 -6 10 9 12 -10 -11 -12 -13 -14 -15 26 18 -18 -19 -20 -21 -22 24 -24 -25 -26 -27 -28 -29 -30 -31
leaf_value=-0.00051030122652253804 -6.2451637133822916e-05 -8.4406790767818771e-05 0.00042903141551377147 -0.00044506319058007168 0.0005466013948103118 0.00080389980958508588 -1.1690989761351584e-05 0.0011663739796023112 0.00034403029508637764 -0.00062932490813310702 -0.0002857737570141145 -0.0006615100014540885 -0.00029024199971386622 -0.00029101462409338014 8.5659270716860198e-05 -0.00017698721025440403 -0.00091770367164696978 -0.00018071714502356545 -0.0012642139125437965 -0.00030277435877978541 -0.00093118426884757359 -8.1793485060714408e-05 0.00086369139636740275 6.5441770358550888e-05 0.00029645154742351937 -0.00013007052206267505 0.00037900992128217298 -0.00083242927423932351 4.6905831144330903e-05 0.00022556634788366357
leaf_weight=522 350 914 850 367 278 70 2095 37 1143 99 595 90 333 317 640 170 70 518 42 226 64 1384 81 1018 230 737 501 44 2901 239
leaf_count=522 350 914 850 367 278 70 2095 37 1143 99 595 90 333 317 640 170 70 518 42 226 64 1384 81 1018 230 737 501 44 2901 239
internal_value=8.88017e-15 7.56643e-05 0.0001671 -0.000141096 0.000124941 -9.72893e-05 -3.90702e-05 0.000101511 0.00024874 1.79788e-05 -4.0651e-05 6.4119e-06 3.88859e-05 3.60151e-05 6.80511e-05 -0.000207905 -0.000275502 -0.000346143 -0.000517321 2.63896e-05 -0.000383263 5.31202e-05 0.000164972 0.000112953 -2.78924e-05 -0.000234783 0.000214466 -0.000118763 7.33837e-05 0.000351689
internal_weight=16925 11017 6131 5908 5281 4868 4886 5003 1493 3652 3694 3099 3510 3553 3236 1234 1174 1040 276 3009 234 2783 1169 1088 1614 1104 1141 958 3177 276
internal_count=16925 11017 6131 5908 5281 4868 4886 5003 1493 3652 3694 3099 3510 3553 3236 1234 1174 1040 276 3009 234 2783 1169 1088 1614 1104 1141 958 3177 276
is_linear=0
shrinkage=0.1


Tree=45
num_leaves=31
num_cat=0
split_feature=6 12 9 13 8 12 7 7 8 9 7 6 12 6 12 11 8 8 7 11 11 3 6 8 10 12 12 10 9 13
split_gain=0.0156473 0.00799668 0.00630145 0.00529543 0.00500951 0.00478753 0.00449939 0.00445434 0.00414001 0.00333096 0.00328567 0.00320865 0.00295389 0.00357792 0.00292434 0.00289698 0.00283121 0.00314819 0.00397153 0.00282852 0.00317633 0.00276174 0.00264309 0.00255481 0.00254787 0.00253389 0.00245922 0.00294119 0.00266871 0.00245752
threshold=0.61103778516414076 0.46936176771704813 0.51848035264230796 0.53097529888302042 0.75170230299409457 0.62480569179143808 0.58866400602439795 0.68795973808312638 0.41648369789954587 0.64114729607543952 0.23406344328337045 0.79658322548699012 0.77357921062901081 0.35098789614194686 0.81838342633636707 0.45662651981927171 0.77587529768627872 0.499881135304234 0.80246197318243662 0.12605437720617371 0.60696008545841917 1.0000001136767176 0.36969615208033696 0.81363101673679694 0.081731485322276018 0.19134465376153084 0.37939089670042686 0.32608830946336875 0.57352377364841212 0.46519411258940996
decision_type=2 2 2 2 2 2 2 2 2 2 2 2 2 2 2 2 2 2 2 2 2 2 2 2 2 2 2 2 2 2
left_child=1 4 7 8 9 10 -4 -3 -2 19 -5 16 13 -8 -14 -9 17 -10 -19 -1 26 -20 -6 -15 -11 -12 27 28 -21 -17
right_child=3 2 6 5 22 -7 12 15 11 24 25 -13 14 23 -16 29 -18 18 21 20 -22 -23 -24 -25 -26 -27 -28 -29 -30 -31
leaf_value=-0.00025861857118915848 0.00062684656231332646 0.00045390231830987477 0.00021899460346140343 0.001250139530748129 -0.0010939506547791619 0.00050831552531400872 -0.00051687195624080715 1.3569897579303219e-05 -0.00046172431463168729 0.00021319606377734638 -0.00021826476442550477 0.00022501727094640956 0.00047151925391517583 -6.6252267866343176e-05 -3.768366599395415e-05 -0.00024142985261897459 -0.00037424381208426487 0.00015525978677543106 0.00013304617251470044 0.00032186921118508371 -0.00043521657511361958 -0.00031397806804521038 -0.00033737761548039541 -0.00036751070493582205 -0.00029228134459788482 0.00019368782909065844 -0.00013078027415623959 -0.00015996805452944145 1.7119800088615606e-05 0.00056922808633048515
leaf_weight=556 118 420 546 28 49 550 210 1108 135 109 163 600 176 3272 314 47 223 1084 209 588 162 408 801 308 1171 1778 702 345 562 183
leaf_count=556 118 420 546 28 49 550 210 1108 135 109 163 600 176 3272 314 47 223 1084 209 588 162 408 801 308 1171 1778 702 345 562 183
internal_value=3.87893e-13 -6.48871e-05 7.70169e-06 0.00014248 -0.000159619 0.00024747 -5.13444e-05 0.000169793 4.72432e-05 -0.000114764 0.000174608 2.15218e-05 -8.58316e-05 -0.000115703 0.000145214 8.06106e-05 -3.77775e-05 3.08956e-06 3.99795e-05 -5.57164e-05 -7.89377e-06 -0.000162555 -0.000380992 -9.21706e-05 -0.000249237 0.000159093 2.36157e-05 9.61147e-05 0.000172939 0.000403572
internal_weight=16925 11629 6584 5296 5045 2519 4826 1758 2777 4195 1969 2659 4280 3790 490 1338 2059 1836 1701 2915 2359 617 850 3580 1280 1941 2197 1495 1150 230
internal_count=16925 11629 6584 5296 5045 2519 4826 1758 2777 4195 1969 2659 4280 3790 490 1338 2059 1836 1701 2915 2359 617 850 3580 1280 1941 2197 1495 1150 230
is_linear=0
shrinkage=0.1


Tree=46
num_leaves=31
num_cat=0
split_feature=6 8 12 9 12 7 13 6 11 11 10 12 10 12 13 6 10 6 7 8 8 7 7 9 11 11 3 13 9 11
split_gain=0.0126743 0.00701283 0.00616365 0.00460918 0.00376292 0.00435064 0.00376005 0.00373525 0.00438451 0.00434394 0.00363421 0.00420647 0.00431259 0.00332071 0.00327068 0.0028501 0.00270546 0.00264965 0.00264177 0.00259327 0.0025721 0.00244411 0.00243885 0.00358654 0.0023851 0.00224506 0.00223782 0.00228429 0.00266498 0.0033101
threshold=0.61103778516414076 0.50895717546164343 0.46936176771704813 0.18348295726417282 0.62359667622184622 0.78120937421702641 0.45441810817222877 0.41706630917891002 0.46024062316588005 0.4469162154128633 0.49124536219786075 0.19134465376153084 0.44586599666272164 0.15296109277027903 0.59039587957858986 0.79658322548699012 0.3886719214331405 0.84804137002213842 0.94028022304327519 0.74844587334065105 0.8819774085590667 0.52297461102668474 0.83611273892461557 0.60297223296930358 0.057680152483128355 0.37006729163394053 1.0000001136767176 0.69866201145429541 0.54775015065513843 0.38983213923199872
decision_type=2 2 2 2 2 2 2 2 2 2 2 2 2 2 2 2 2 2 2 2 2 2 2 2 2 2 2 2 2 2
left_child=1 -1 6 17 5 10 16 8 9 -4 11 -5 19 -8 18 -6 -3 -2 21 26 24 -9 -7 -24 -15 -21 -13 28 -28 -30
right_child=3 2 7 4 15 22 13 14 -10 -11 -12 12 -14 20 -16 -17 -18 -19 -20 25 -22 -23 23 -25 -26 -27 27 -29 29 -31
leaf_value=0.00024797948121018255 0.00033652463842335405 -0.00029035832311782996 -0.00015588344385332191 -0.00025004840361519541 0.00017026936424539417 -0.00046045013774654578 -0.00040047189653527886 0.00076839654440326354 -0.00090735161022560034 0.00072992063801864107 0.00055669571120439286 0.00074834871478378774 -0.00046211869399673467 0.00040464240496940153 0.000208412659175663 0.00052706125982603254 -0.0008432178214044855 0.0010354332340260348 -0.00036857419013592999 -0.00029031529900165414 -0.00074754294670991979 1.2714083583948932e-06 6.6014035458796091e-05 -0.00049121970986972939 -9.5735235696164304e-05 0.00015413264703891734 0.00021841887732976456 0.00056404379313651303 9.1113279871288938e-05 -0.00063627304947551561
leaf_weight=702 196 716 1217 323 827 183 389 42 74 58 177 75 116 98 841 307 101 75 194 212 59 3731 553 146 3407 245 1388 151 237 85
leaf_count=702 196 716 1217 323 827 183 389 42 74 58 177 75 116 98 841 307 101 75 194 212 59 3731 553 146 3407 245 1388 151 237 85
internal_value=1.76399e-13 -5.83983e-05 -7.80814e-05 0.000128232 0.000106567 5.98503e-05 -0.00016341 -1.19751e-05 -0.000159021 -0.000115588 0.000117099 8.96247e-05 0.000133353 -0.000123047 2.9282e-05 0.000266861 -0.000358704 0.00052995 -8.6935e-06 0.000162218 -9.27666e-05 9.81083e-06 -0.000135459 -5.03753e-05 -8.17446e-05 -5.20445e-05 0.000212796 0.000191213 0.00015829 -0.000100899
internal_weight=16925 11629 10927 5296 5025 3891 4770 6157 1349 1275 3009 2832 2509 3953 4808 1134 817 271 3967 2393 3564 3773 882 699 3505 457 1936 1861 1710 322
internal_count=16925 11629 10927 5296 5025 3891 4770 6157 1349 1275 3009 2832 2509 3953 4808 1134 817 271 3967 2393 3564 3773 882 699 3505 457 1936 1861 1710 322
is_linear=0
shrinkage=0.1


Tree=47
num_leaves=31
num_cat=0
split_feature=9 9 7 12 8 7 6 9 13 10 12 12 11 8 6 11 13 7 7 8 8 11 13 3 9 6 11 8 8 11
split_gain=0.010792 0.00666895 0.00532187 0.00428733 0.00420648 0.00450101 0.003718 0.00370454 0.00356048 0.00282289 0.00275226 0.00270571 0.00322107 0.0033185 0.00276625 0.0031259 0.00264305 0.00317596 0.00284139 0.00265732 0.00255522 0.00262365 0.00253909 0.00238857 0.00229347 0.00227728 0.00225213 0.00222631 0.00209359 0.00179514
threshold=0.56788759337175299 0.22813698247173272 0.69137918605799087 0.53256741656384698 0.45245172416714113 0.85178986618762986 0.34813039805935669 0.75429468892493035 0.52721950516342064 0.412423705778109 0.77357921062901081 0.19820964535661464 0.39556013197549761 0.77357963100597937 0.40033424321766281 0.36695370065792426 0.62278781499779157 0.32965636847884078 0.68983868747755628 0.81059218017976553 0.58798665754220281 0.07219659466336377 0.44475514154531126 1.0002466771110343 0.60462376667655693 0.68802542054864813 0.24555080628406159 0.64919754094883364 0.70403058839750499 0.29555738365730627
decision_type=2 2 2 2 2 2 2 2 2 2 2 2 2 2 2 2 2 2 2 2 2 2 2 2 2 2 2 2 2 2
left_child=1 9 3 16 23 6 8 10 -6 -1 20 -4 14 -14 26 22 17 -3 -19 -18 25 -22 -16 -2 -7 -8 -13 -17 -5 -30
right_child=4 2 11 28 5 24 7 -9 -10 -11 -12 12 13 -15 15 27 19 18 -20 -21 21 -23 -24 -25 -26 -27 -28 -29 29 -31
leaf_value=0.00034174372144780952 -7.291471119970083e-05 0.00034356524417228948 -0.0004065972906263436 0.00034163486346566198 -0.00074346030550385945 -0.00012509546284628279 4.7157836547156859e-05 -0.00032944867541200501 -0.00013750929001650456 0.0010410491678425494 0.00022689440233807545 -0.00040789711595173015 0.00025070493503600959 -0.00018991980094662205 -0.00023973425741343103 -0.0005056334894663673 0.00085986773483455188 -3.1274624387159169e-05 0.00079069919884204869 2.2469361526115486e-05 0.00030252345796564925 -9.867780751376071e-05 4.7348787075259644e-05 0.00105575829744339 -0.00044077629874323288 0.00059670349151861885 7.0488007936841078e-05 0.00024798202889078126 0.00035027546796672905 -0.00013978103702945799
leaf_weight=382 30 286 170 1127 151 411 1092 433 271 68 400 337 805 217 346 196 80 1913 43 72 170 3957 2811 50 523 81 139 49 122 193
leaf_count=382 30 286 170 1127 151 411 1092 433 271 68 400 337 805 217 346 196 80 1913 43 72 170 3957 2811 50 523 81 139 49 122 193
internal_value=4.66344e-13 7.18224e-05 5.28445e-05 0.000141715 -8.87793e-05 -9.64843e-05 -6.72206e-05 -4.74651e-05 -0.000354331 0.000447417 -2.60442e-05 -1.43952e-05 -7.8822e-07 0.000157148 -4.24103e-05 -1.08182e-05 5.96652e-05 3.23066e-05 -1.32046e-05 0.000463205 -4.51339e-05 -8.21515e-05 1.58851e-05 0.000632506 -0.000301863 8.5106e-05 -0.000268201 -0.00035491 0.000277932 5.00186e-05
internal_weight=16925 9356 8906 3836 7569 7489 6555 6133 422 450 5700 5070 4900 1022 3878 3402 2394 2242 1956 152 5300 4127 3157 80 934 1173 476 245 1442 315
internal_count=16925 9356 8906 3836 7569 7489 6555 6133 422 450 5700 5070 4900 1022 3878 3402 2394 2242 1956 152 5300 4127 3157 80 934 1173 476 245 1442 315
is_linear=0
shrinkage=0.1


Tree=48
num_leaves=31
num_cat=0
split_feature=9 12 7 6 6 13 8 7 9 11 8 14 13 8 8 12 10 6 12 6 8 7 13 6 11 8 9 9 9 14
split_gain=0.00896204 0.00523442 0.00563411 0.00524183 0.00379601 0.00372498 0.00348434 0.00341375 0.00313219 0.00304461 0.00278856 0.00277285 0.00304637 0.00276125 0.00359234 0.00235697 0.00228654 0.00223623 0.00209065 0.00205141 0.00203648 0.00300575 0.00200261 0.00198786 0.00198646 0.00180383 0.00172651 0.00192177 0.00174278 0.00260435
threshold=0.40845491496257186 0.76973804454916606 0.89360210887945468 0.34813039805935669 0.68802542054864813 0.55254821424623135 0.8762821706912528 0.66177037028836749 0.22813698247173272 0.15010120591586823 0.68597823176926531 2061.0000000000005 0.48657432795137417 0.73523246843921808 0.69593745141395857 0.25529226574999137 0.412423705778109 0.82346239121275366 0.32884493953534683 0.68305403522415375 0.65578280470029682 0.52297461102668474 0.52721950516342064 0.35493126990944657 0.074941673265317518 0.65645008503345548 0.44990109301056508 0.62304545383655496 0.68671390706958513 2206.5000000000005
decision_type=2 2 2 2 2 2 2 2 2 2 2 2 2 2 2 2 2 2 2 2 2 2 2 2 2 2 2 2 2 2
left_child=8 2 3 22 6 9 7 19 16 -6 -3 -9 15 14 18 -13 -1 -7 -10 20 -5 -22 -2 -14 -20 -4 -25 -28 29 -29
right_child=1 10 25 4 5 17 -8 11 13 -11 -12 12 23 -15 -16 -17 -18 -19 24 -21 21 -23 -24 26 -26 -27 27 28 -30 -31
leaf_value=0.00030756934694653253 -0.00054860672276574839 0.00033982423830503994 -0.00016342839596809731 0.00017529242732031475 -0.00029519297979791598 0.00038463423901258882 -0.00038499295432788176 -0.00039979361945914469 -0.00010822991121666951 0.00017756568980219431 5.8709654821112181e-06 -0.0003309983318318723 -0.00053121349774301054 -9.7489384927134778e-05 0.0007108463045290631 -8.9649762401797044e-05 0.00093694425407139694 0.0013569724101286668 0.00046425228176864792 -0.00042320178188497159 0.00044744215388264923 -4.969494121622434e-05 -0.00016814292570354055 -0.00021337012601083563 0.00013599995798592272 -0.00047082673558832992 8.579267853111455e-05 -0.00017992336314702251 5.3178900025858852e-05 0.00067621765129670906
leaf_weight=382 242 545 391 1279 191 262 279 234 297 475 462 483 69 487 115 2494 68 26 214 82 135 1227 323 322 1331 373 2373 895 832 37
leaf_count=382 242 545 391 1279 191 262 279 234 297 475 462 483 69 487 115 2494 68 26 214 82 135 1227 323 322 1331 373 2373 895 832 37
internal_value=-3.37456e-13 -3.30479e-05 -5.00316e-05 -3.36128e-05 -1.92407e-05 0.000171926 -3.62198e-05 -2.69188e-05 0.000160226 4.19848e-05 0.00018661 -6.08024e-05 -5.02329e-05 0.000115586 0.00016861 -0.000128807 0.000402675 0.000472415 0.000134757 6.93814e-05 8.46755e-05 -4.19238e-07 -0.000331103 1.42681e-06 0.000181467 -0.000313506 9.66906e-06 2.70291e-05 -5.20218e-05 -0.000145935
internal_weight=16925 14031 13024 12260 11695 954 10741 10462 2894 666 1007 7739 7505 2444 1957 2977 450 288 1842 2723 2641 1362 565 4528 1545 764 4459 4137 1764 932
internal_count=16925 14031 13024 12260 11695 954 10741 10462 2894 666 1007 7739 7505 2444 1957 2977 450 288 1842 2723 2641 1362 565 4528 1545 764 4459 4137 1764 932
is_linear=0
shrinkage=0.1


Tree=49
num_leaves=31
num_cat=0
split_feature=9 12 7 8 13 6 14 9 11 11 7 11 9 12 12 11 7 12 7 11 10 8 9 12 12 10 8 6 8 7
split_gain=0.0075281 0.00477816 0.00412771 0.00344069 0.00323594 0.00324436 0.00317371 0.00285805 0.00282555 0.0027189 0.00340393 0.00243898 0.0024325 0.00241653 0.00221158 0.00218888 0.00217307 0.00245243 0.00216051 0.00201004 0.00182259 0.00226693 0.002262 0.00193676 0.00231515 0.0017626 0.00172437 0.00162051 0.00214301 0.00158896
threshold=0.55830172261302735 0.75281469892597064 0.34874410875762824 0.73129707949785816 0.82774977496011637 0.80203577457903596 2206.5000000000005 0.80008743483020239 0.15372158917618553 0.36457651376451577 0.81221080038265459 0.16701172502463665 0.51551802368374544 0.68987453323330661 0.57993707685918705 0.10559491418142726 0.8291428910159887 0.34374340248806462 0.81005031878715938 0.061825037512742209 0.5784445818220173 0.69169266276344654 0.55584405754610688 0.51667181657612382 0.53673167415916267 0.12543100455264272 0.6685871531052755 0.62916985179313489 0.47714437284930067 0.89181504344155138
decision_type=2 2 2 2 2 2 2 2 2 2 2 2 2 2 2 2 2 2 2 2 2 2 2 2 2 2 2 2 2 2
left_child=1 2 -1 6 5 8 7 16 12 10 25 -10 19 -11 -7 -14 17 18 -2 -4 21 23 -23 27 -25 -5 -26 -13 -29 -30
right_child=3 -3 4 9 -6 14 -8 -9 11 13 -12 20 15 -15 -16 -17 -18 -19 -20 -21 -22 22 -24 24 26 -27 -28 28 29 -31
leaf_value=0.00029810575218646048 -0.00016499938080978842 0.00029649562392091837 0.00021693202161646272 -0.00052797206752002238 0.00048847564624558237 0.00010598282107463289 0.00037545973601885499 -0.00042982636736957607 0.00037088338406950549 4.3788957056786979e-05 -0.0005461972070042976 -4.6277986252847203e-05 -7.8497900417401139e-05 -0.00049318065357510936 0.00048366807120343305 0.00042802553083274073 -0.00015050055131192146 5.4101832243279164e-05 0.00012604964907782581 -0.00026876125021152198 -0.0003664549166981982 -0.00011289194162741114 0.00072553569846081016 0.00060386629451228229 0.00010164116591880693 -0.00012864223323458883 0.00099886665120720876 -0.00036682073647777239 0.00026756290229304762 -0.00017291307533351879
leaf_weight=579 1185 807 94 125 145 772 187 185 192 660 320 1499 308 96 194 118 1191 2977 325 911 127 1292 33 115 813 955 22 75 526 97
leaf_count=579 1185 807 94 125 145 772 187 185 192 660 320 1499 308 96 194 118 1191 2977 325 911 127 1292 33 115 813 955 22 75 526 97
internal_value=4.83599e-13 6.4701e-05 4.10586e-05 -6.87457e-05 2.07626e-05 1.13277e-05 -3.00909e-05 -4.30259e-05 -1.51441e-05 -0.000177216 -0.000259738 2.16851e-05 -0.000138449 -2.43977e-05 0.000181833 6.18067e-05 -3.04232e-05 1.4493e-06 -0.000102356 -0.000223333 7.1067e-06 1.77155e-05 -9.20103e-05 6.3914e-05 0.000183215 -0.000174861 0.000125281 1.23274e-05 0.000138186 0.000198982
internal_weight=16925 8719 7912 8206 7333 7188 6050 5863 6222 2156 1400 4791 1431 756 966 426 5678 4487 1510 1005 4599 4472 1325 3147 950 1080 835 2197 698 623
internal_count=16925 8719 7912 8206 7333 7188 6050 5863 6222 2156 1400 4791 1431 756 966 426 5678 4487 1510 1005 4599 4472 1325 3147 950 1080 835 2197 698 623
is_linear=0
shrinkage=0.1


Tree=50
num_leaves=31
num_cat=0
split_feature=6 7 7 12 8 8 13 12 6 11 7 6 8 9 7 13 12 8 8 11 12 8 9 9 7 13 11 11 13 13
split_gain=0.00626021 0.0044517 0.0031475 0.00290616 0.00288304 0.00267804 0.00264194 0.00243185 0.00213934 0.00245344 0.00213712 0.00207853 0.00199784 0.00177161 0.00168437 0.00165039 0.00159498 0.00218723 0.00158566 0.00223028 0.00153321 0.00149208 0.00144534 0.00141918 0.00141787 0.00144898 0.00141376 0.00141172 0.00138279 0.00248866
threshold=0.48835807365009809 0.73803933104017372 0.62968931209535384 0.28400767201688443 0.56050666849844888 0.89473797945306954 0.45650032240792465 0.37020216912007209 0.79658322548699012 0.41653778475965059 0.99437089981157734 0.33095986072506228 0.45638417219353683 0.29070635622915492 0.85399778849974728 0.52218143205477097 0.73805441400692395 0.5912486770699209 0.74361713557956233 0.43608628665388832 0.78310201828379744 0.62243338659173608 0.53943662930964653 0.63057390795842105 0.32965636847884078 0.8416992324362581 0.088411757368113866 0.24899235114696253 0.5608885728417331 0.55085187646575984
decision_type=2 2 2 2 2 2 2 2 2 2 2 2 2 2 2 2 2 2 2 2 2 2 2 2 2 2 2 2 2 2
left_child=2 3 12 4 -2 8 27 18 20 -10 13 -8 -1 14 -9 -6 17 -13 -3 23 24 -19 -17 -20 -5 -26 -18 -4 29 -15
right_child=1 7 6 5 15 -7 11 10 9 -11 -12 16 -14 28 -16 22 26 21 19 -21 -22 -23 -24 -25 25 -27 -28 -29 -30 -31
leaf_value=0.00084462284576147795 0.00019255352120350612 -9.1422498229967936e-05 -0.0004203109116239286 0.00033710382197725091 -0.00040934528933749318 -0.00034143089316785336 -0.00033201120684963541 0.00042886076052796356 0.00039448211718674591 -1.5988251319728219e-05 -0.00044743171258067543 5.5363729743588675e-05 6.2530054915934836e-05 -2.5826877122053869e-05 -0.00016126934653864459 8.9007732000084621e-05 -0.00033205696381628514 -0.00032024151367629521 -9.6081233761437687e-05 -0.0010385949098105942 0.00031048704895202735 -9.7225442465190021e-05 -0.00026557454003653093 -0.00064855515884119095 6.9563931758909162e-05 0.0004154222471639514 0.00024839091201453786 -0.00015422756636869196 0.00011300560658868088 -0.00094284182569632938
leaf_weight=34 308 842 378 227 210 120 308 189 575 195 99 889 830 2190 65 254 50 343 170 42 354 2393 210 64 3917 125 261 422 831 30
leaf_count=34 308 842 378 227 210 120 308 189 575 195 99 889 830 2190 65 254 50 343 170 42 354 2393 210 64 3917 125 261 422 831 30
internal_value=3.57414e-13 4.45368e-05 -8.30504e-05 9.75772e-05 -6.09152e-05 0.000125809 -0.000113259 -3.16458e-05 0.000136205 0.000290532 1.03813e-05 -8.18372e-05 9.33069e-05 2.40949e-05 0.000277843 -0.000176744 -6.22606e-05 -8.09062e-05 -0.000159607 -0.000367617 0.000110501 -0.000125184 -7.14713e-05 -0.000247185 9.39171e-05 8.02597e-05 0.000155071 -0.000279952 2.97002e-06 -3.8219e-05
internal_weight=16925 11017 5908 6495 982 5513 5044 4522 5393 770 3404 4244 864 3305 254 674 3936 3625 1118 276 4623 2736 464 234 4269 4042 311 800 3051 2220
internal_count=16925 11017 5908 6495 982 5513 5044 4522 5393 770 3404 4244 864 3305 254 674 3936 3625 1118 276 4623 2736 464 234 4269 4042 311 800 3051 2220
is_linear=0
shrinkage=0.1


Tree=51
num_leaves=31
num_cat=0
split_feature=9 9 8 6 11 13 12 7 6 8 8 13 13 8 14 12 7 6 12 10 10 12 12 6 7 13 13 11 10 11
split_gain=0.00564859 0.00381452 0.00334415 0.00261994 0.00240126 0.0025397 0.00236728 0.00219946 0.00218792 0.00218569 0.00215587 0.00205346 0.00192207 0.00181161 0.00197409 0.00179496 0.00174321 0.0018421 0.0017453 0.00170077 0.0016644 0.00157812 0.00157509 0.00154655 0.00154057 0.00150175 0.0014956 0.00143433 0.00194868 0.00132694
threshold=0.63926905857456584 0.22813698247173272 0.75112367836655347 0.37323783918164638 0.60696008545841917 0.45687634520861492 0.76689076139671675 0.62571408000547124 0.38283385605473003 0.7495649301081696 0.71125457913245593 0.53534855148488647 0.82774977496011637 0.41648369789954587 1985.5000000000002 0.55723081026396282 0.91409562537227373 0.66237776609898891 0.68151890468476795 0.412423705778109 0.44768008251090058 0.59120238621749577 0.58547508372896639 0.4835501073693218 0.75595476367710612 0.53404741351937368 0.5031449976707919 0.33365825774699864 0.53586150561860735 0.26790586390922261
decision_type=2 2 2 2 2 2 2 2 2 2 2 2 2 2 2 2 2 2 2 2 2 2 2 2 2 2 2 2 2 2
left_child=1 19 3 -3 5 23 8 -4 -7 12 11 15 13 -10 20 -2 17 18 21 -1 24 22 27 -5 -15 -17 -8 29 -29 -16
right_child=10 2 7 4 -6 6 26 -9 9 -11 -12 -13 -14 14 16 25 -18 -19 -20 -21 -22 -23 -24 -25 -26 -27 -28 28 -30 -31
leaf_value=0.0002371389228979818 -0.00020118360518302919 -0.00014069916631766311 0.00017390948938085667 -0.00023440062315045401 -0.00020598723794011255 0.00063380963235561345 5.0560290041625541e-05 -0.00012643415507232177 0.00026463681826777033 0.00064472308749276589 -0.0002208610566799445 6.257981931337505e-05 0.00038722907282555332 -1.6907934260244565e-05 5.7331216736952025e-05 1.8996660734622645e-06 -0.00019764504975003746 0.00018840681360184628 -0.0001274811641388782 0.00077994224711266512 -0.00052118975008967562 0.00028114334229602174 -0.00075573306530714042 7.9764243137221091e-06 -0.00062235882505774504 -0.00076790419407188901 0.00040094376936159219 -6.7759977440194538e-05 0.00079403379932045941 0.00024124771354492008
leaf_weight=382 1106 691 279 354 325 70 178 1934 399 66 1099 972 182 937 1518 1001 233 1234 494 68 79 331 24 1027 44 26 386 930 27 529
leaf_count=382 1106 691 279 354 325 70 178 1934 399 66 1099 972 182 937 1518 1001 233 1234 494 68 79 331 24 1027 44 26 386 930 27 529
internal_value=1.17204e-12 3.32106e-05 2.27242e-05 4.72113e-05 6.10734e-05 7.06725e-05 9.31741e-05 -8.85689e-05 7.75035e-05 7.19618e-05 -0.000100493 -5.7889e-05 6.65313e-05 5.79213e-05 4.49935e-05 -0.000112786 6.98231e-05 8.20739e-05 4.80187e-05 0.000319163 -7.96231e-05 7.38291e-05 5.11669e-05 -5.41535e-05 -4.40637e-05 -1.7589e-05 0.000290362 5.76135e-05 -4.3446e-05 0.00010486
internal_weight=16925 12721 12271 10058 9367 9042 7661 2213 7097 7027 4204 3105 6961 6779 6380 2133 5320 5087 3853 450 1060 3359 3028 1381 981 1027 564 3004 957 2047
internal_count=16925 12721 12271 10058 9367 9042 7661 2213 7097 7027 4204 3105 6961 6779 6380 2133 5320 5087 3853 450 1060 3359 3028 1381 981 1027 564 3004 957 2047
is_linear=0
shrinkage=0.1


Tree=52
num_leaves=31
num_cat=0
split_feature=9 9 8 7 12 7 8 6 9 8 7 13 12 7 14 6 7 7 9 6 10 13 6 6 10 11 8 8 11 10
split_gain=0.00457536 0.00308976 0.00270876 0.00228223 0.00213493 0.00205612 0.00207772 0.00185792 0.00185653 0.00182562 0.00178156 0.00177521 0.00167952 0.00182054 0.00264062 0.00174635 0.00157637 0.0014909 0.00155478 0.00231844 0.00148805 0.00209526 0.00210907 0.00166432 0.00137762 0.00136088 0.00129504 0.0012336 0.0013203 0.00221931
threshold=0.63926905857456584 0.22813698247173272 0.75112367836655347 0.8793430560866714 0.73309312931592696 0.52297461102668474 0.55164492325511427 0.46447897567411339 0.67092717105800437 0.7495649301081696 0.62571408000547124 0.55085187646575984 0.48621361922303369 0.32965636847884078 1985.5000000000002 0.49531962331332652 0.47546077938742431 0.96358949446835462 0.70810354181132362 0.58472161249229304 0.36608065991603306 0.58032380187506794 0.53719222005118983 0.56432069595766909 0.412423705778109 0.58788622149275627 0.54668232891642954 0.50895717546164343 0.12043102922048907 0.2034246819585265
decision_type=2 2 2 2 2 2 2 2 2 2 2 2 2 2 2 2 2 2 2 2 2 2 2 2 2 2 2 2 2 2
left_child=1 24 3 9 -5 -2 8 25 26 12 -4 -10 13 -3 16 -14 -15 18 -9 -20 -17 22 -22 -24 -1 -8 -7 -16 -29 -30
right_child=5 2 10 4 -6 6 7 17 11 -11 -12 -13 15 14 27 20 -18 -19 19 -21 21 -23 23 -25 -26 -27 -28 28 29 -31
leaf_value=0.00021342503331133519 0.00034024264572912624 0.00030155765521114027 0.00015651854079013931 -0.0002019043811163153 0.00022994133383950354 -0.00026821128760562521 -0.00023969238527658701 5.8940128851577699e-06 0.00012849357312599762 0.00058025079214888992 -0.00011379073909027129 0.0007609259073604953 -6.1638115695179879e-06 -0.0006195495806199003 0.00022795032888799991 0.00017350382630804703 -0.00013521691016614678 -0.00053661134886319071 -7.8527056920931349e-05 -0.0005109811242183913 0.00016620006816042763 0.0003688287352290477 -0.00072757699252928008 -0.00011851514893117044 0.00070194802383947031 0.00032552494667470455 0.00018887189868584521 -0.00012612976973433898 0.00013949132345859443 -3.3627792640086449e-05
leaf_weight=382 108 206 279 628 140 190 1337 1340 273 66 1934 53 1216 77 285 2445 528 67 539 161 269 142 51 373 68 44 92 582 1266 1784
leaf_count=382 108 206 279 628 140 190 1337 1340 273 66 1934 53 1216 77 285 2445 528 67 539 161 269 142 51 373 68 44 92 582 1266 1784
internal_value=5.00945e-13 2.98895e-05 2.04518e-05 4.24902e-05 -0.000123183 -9.04435e-05 -0.0001018 -0.000131535 6.87893e-05 5.61863e-05 -7.9712e-05 0.000231312 5.24365e-05 1.08256e-05 -2.41873e-06 9.61945e-05 -0.000196859 -7.24485e-05 -5.7204e-05 -0.000177991 0.000134142 1.88849e-05 -5.28207e-05 -0.000191775 0.000287246 -0.000221684 -0.000119092 2.76136e-05 1.18933e-05 3.82308e-05
internal_weight=16925 12721 12271 10058 768 4204 4096 3488 608 9290 2213 326 9224 4728 4522 4496 605 2107 2040 700 3280 835 693 424 450 1381 282 3917 3632 3050
internal_count=16925 12721 12271 10058 768 4204 4096 3488 608 9290 2213 326 9224 4728 4522 4496 605 2107 2040 700 3280 835 693 424 450 1381 282 3917 3632 3050
is_linear=0
shrinkage=0.1


Tree=53
num_leaves=31
num_cat=0
split_feature=6 7 9 10 6 7 9 12 10 9 6 10 9 10 12 11 8 13 14 8 12 12 13 12 10 6 12 6 12 9
split_gain=0.00371607 0.00275467 0.00272927 0.00212064 0.00202611 0.00206368 0.00199817 0.00192707 0.00229564 0.00190944 0.00180422 0.00168278 0.00154372 0.00154153 0.00147847 0.00145432 0.00157226 0.00148784 0.00134651 0.00131428 0.00126361 0.00119218 0.00108899 0.00108161 0.00124538 0.00122232 0.0010218 0.00104825 0.00205702 0.00117199
threshold=0.57927670912229356 0.62968931209535384 0.70810354181132362 0.31807105452333068 0.34813039805935669 0.8793430560866714 0.75429468892493035 0.36059968271352999 0.49124536219786075 0.53532387892520128 0.84165378801719692 0.49124536219786075 0.22813698247173272 0.46062854369569206 0.93889487195763277 0.52840247310329802 0.75112367836655347 0.80783774061807323 2160.0000000000005 0.67313742076591432 0.35794438765933895 0.19134465376153084 0.43073541953324307 0.73309312931592696 0.34775835626097279 0.5696672124735177 0.37418562813651329 0.79658322548699012 0.57993707685918705 0.27982422649009814
decision_type=2 2 2 2 2 2 2 2 2 2 2 2 2 2 2 2 2 2 2 2 2 2 2 2 2 2 2 2 2 2
left_child=1 11 7 -4 14 6 15 8 9 10 19 13 -9 -1 -3 16 -6 -17 -11 21 -21 -2 -14 24 25 -7 -24 -28 -29 -30
right_child=2 4 3 -5 5 23 -8 12 -10 18 -12 -13 22 -15 -16 17 -18 -19 -20 20 -22 -23 26 -25 -26 -27 27 28 29 -31
leaf_value=8.0351161758159917e-05 -8.1783273245060922e-05 -0.00029228247915822004 -9.8658279978331903e-05 -0.00075570118229185783 -6.2384802893313437e-06 -0.00030533850969825024 -0.00022577895884631077 0.00030739851333018832 0.00036216564748125775 -0.00054687708760275673 -0.00057383119413743217 -0.0006969679147005082 -0.00020596115617081527 0.00062930351650377497 0.00037127893883734945 0.00019952380015828843 -0.00014138531006189226 -0.00062600015662610535 -0.00013042748764688196 -1.3008128107936217e-05 -0.00046292756231048628 0.00021144998067859234 0.00039093843541848357 0.00010510961174828198 0.00012814182873414613 0.00030095132533460858 6.4951951129224055e-05 5.388460711301294e-05 0.00013255044309478094 0.00052783014074538309
leaf_weight=1469 190 499 223 63 5402 666 484 358 150 97 49 27 120 53 36 430 1024 23 389 399 74 513 117 109 86 35 3078 436 117 209
leaf_count=1469 190 499 223 63 5402 666 484 358 150 97 49 27 120 53 36 430 1024 23 389 399 74 513 117 109 86 35 3078 436 117 209
internal_value=5.13423e-13 -3.73795e-05 5.87383e-05 -0.000243392 -5.90387e-05 -4.68221e-05 -2.93846e-05 7.24628e-05 -1.29436e-05 -4.58287e-05 2.07105e-05 8.55848e-05 0.000108301 9.94671e-05 -0.000247632 -1.55664e-05 -2.77745e-05 0.00015761 -0.000213546 4.54831e-05 -8.33972e-05 0.000132198 9.0818e-05 -0.000190117 -0.000231006 -0.000275067 9.98182e-05 9.09481e-05 0.000195956 0.000385966
internal_weight=16925 10343 6582 286 8794 8259 7363 6296 1861 1711 1225 1549 4435 1522 535 6879 6426 453 486 1176 473 703 4077 896 787 701 3957 3840 762 326
internal_count=16925 10343 6582 286 8794 8259 7363 6296 1861 1711 1225 1549 4435 1522 535 6879 6426 453 486 1176 473 703 4077 896 787 701 3957 3840 762 326
is_linear=0
shrinkage=0.1


Tree=54
num_leaves=31
num_cat=0
split_feature=9 7 9 12 8 12 6 7 11 7 14 11 8 7 6 12 11 7 7 13 7 9 9 9 11 11 9 7 13 9
split_gain=0.0031814 0.00231998 0.00235224 0.00220598 0.00215489 0.00160019 0.00149394 0.00156617 0.0013969 0.00137282 0.00184727 0.00148208 0.00181271 0.0015502 0.0014353 0.00149276 0.00137165 0.00169503 0.00131569 0.00131489 0.00128846 0.00163228 0.00126706 0.00174469 0.00125478 0.00167026 0.00165628 0.00126515 0.00150187 0.00132651
threshold=0.63926905857456584 0.89360210887945468 0.22813698247173272 0.48621361922303369 0.76261803027618702 0.73309312931592696 0.44318908101480253 0.96358949446835462 0.58788622149275627 0.32965636847884078 1985.5000000000002 0.60696008545841917 0.43810087079603161 0.78441964670379238 0.66237776609898891 0.19134465376153084 0.37197926382133695 0.81588857820504812 0.47546077938742431 0.8416992324362581 0.83327035019505724 0.36425131549851458 0.71129828211960178 0.73350944024752907 0.14618391078778634 0.15372158917618553 0.67092717105800437 0.53131674458683931 0.52458774253374363 0.70810354181132362
decision_type=2 2 2 2 2 2 2 2 2 2 2 2 2 2 2 2 2 2 2 2 2 2 2 2 2 2 2 2 2 2
left_child=1 2 -1 4 9 -3 8 24 22 -4 18 12 -12 14 -14 -16 17 -15 -11 -5 21 -6 -2 -24 26 -26 -8 -27 29 -29
right_child=6 5 3 19 20 -7 7 -9 -10 10 11 -13 13 16 15 -17 -18 -19 -20 -21 -22 -23 23 -25 25 27 -28 28 -30 -31
leaf_value=0.00026671627741199329 -0.0002759747589137275 -0.0002040536157308058 0.00025860087370197063 6.3230333351999463e-05 -0.00086098743403064358 0.00014424802621517034 -9.159126492481723e-05 -0.00039992270063968346 0.00027405329473207101 -0.00055455481935921434 0.00076915192502466118 -0.00026303493891265145 2.3667502566792763e-05 -0.00043680904637784907 -0.00031039600006558681 0.00023294449379332319 0.00013350664798865823 -7.0582840837434764e-05 -0.00011207650373817711 0.00035847303968283443 6.2354124091132165e-05 -0.00020991679182684464 0.00017146421814686621 -0.00022098916405076651 -0.00062867540121078495 0.00028954234569230014 0.00023924778519279286 -4.9604066809456806e-05 3.0326274576845887e-05 -0.00027295039979479758
leaf_weight=427 715 674 206 5627 42 164 257 114 68 77 33 179 2267 157 55 627 233 648 528 155 159 463 188 285 50 108 368 648 952 451
leaf_count=427 715 674 206 5627 42 164 257 114 68 77 33 179 2267 157 55 627 233 648 528 155 159 463 188 285 50 108 368 648 952 451
internal_value=-3.31663e-14 2.49239e-05 3.62646e-05 2.76749e-05 -1.66225e-05 -0.00013589 -7.54178e-05 -3.65073e-05 -0.000166746 5.81286e-06 -5.02693e-06 1.8511e-05 3.10475e-05 2.49383e-05 6.19324e-05 0.000189127 -8.01634e-05 -0.000142008 -0.000168392 7.1145e-05 -0.000185902 -0.000264065 -0.000191977 -6.50035e-05 -2.18886e-05 -5.72823e-05 0.000103207 -4.40495e-05 -6.16155e-05 -0.000141259
internal_weight=16925 12721 11883 11456 5674 838 4204 2948 1256 5010 4804 4199 4020 3987 2949 682 1038 805 605 5782 664 505 1188 473 2834 2209 625 2159 2051 1099
internal_count=16925 12721 11883 11456 5674 838 4204 2948 1256 5010 4804 4199 4020 3987 2949 682 1038 805 605 5782 664 505 1188 473 2834 2209 625 2159 2051 1099
is_linear=0
shrinkage=0.1


Tree=55
num_leaves=31
num_cat=0
split_feature=6 7 9 8 6 7 10 12 10 9 11 13 13 6 10 10 9 8 12 6 7 9 8 13 9 8 7 6 6 13
split_gain=0.00270846 0.00201167 0.0019232 0.00156538 0.00154613 0.00137898 0.00137261 0.00136424 0.00166682 0.00160173 0.00129638 0.00127927 0.00129498 0.0012708 0.00121658 0.00119801 0.00110903 0.00119531 0.00110609 0.00127976 0.00113049 0.00104384 0.000975203 0.000968092 0.00113014 0.0011296 0.00103112 0.00101221 0.000901519 0.00119841
threshold=0.57927670912229356 0.62968931209535384 0.70810354181132362 0.63267369501390125 0.34813039805935669 0.8793430560866714 0.49124536219786075 0.36059968271352999 0.52075861344215968 0.53532387892520128 0.52840247310329802 0.53834034726599922 0.56638583288934763 0.84165378801719692 0.26339858273633865 0.46062854369569206 0.75429468892493035 0.75112367836655347 0.39152001157011135 0.93745207032046307 0.27456565717814513 0.58865752326066134 0.7495649301081696 0.51989659365374685 0.43500722116472118 0.56117838094774342 0.83611273892461557 0.6913121663715055 0.38733072012986175 0.5608885728417331
decision_type=2 2 2 2 2 2 2 2 2 2 2 2 2 2 2 2 2 2 2 2 2 2 2 2 2 2 2 2 2 2
left_child=1 6 7 -4 11 10 15 8 9 13 16 -3 -13 23 -12 -1 17 22 -9 20 -20 -11 -6 25 -25 -2 -27 -26 -7 -30
right_child=2 4 3 -5 5 28 -8 18 -10 21 14 12 -14 -15 -16 -17 -18 -19 19 -21 -22 -23 -24 24 27 26 -28 -29 29 -31
leaf_value=6.8854713319389343e-05 0.00020787603416465574 -0.00035517127502576582 -2.4420677747097488e-07 -0.00047279244527311589 -1.0403756596642889e-05 -0.00051259816003342473 -0.00063359416089951996 0.00030247239036864396 0.00046851454535499218 -0.00044413407384935361 0.00023955285722012179 0.0001426112369238718 -0.00033174216208097185 -0.00047080093918710342 -0.00012707632835954428 0.00055279106182872125 -0.00018221396206055855 -0.00012430341041778093 0.00037437063258360416 0.000407512854495696 6.1559244857401524e-05 -0.00010134372503099506 0.00045200460590422153 4.2987905214316699e-05 0.00016353440364485887 -0.00025331060294154676 7.1657297405927707e-05 0.00062651602800568233 -0.00017050411905369697 0.00021595545449397632
leaf_weight=1469 128 294 163 123 5356 66 27 236 70 117 328 146 95 49 125 53 484 1024 119 116 3964 369 46 499 141 261 156 71 740 90
leaf_count=1469 128 294 163 123 5356 66 27 236 70 117 328 146 95 49 125 53 484 1024 119 116 3964 369 46 499 141 261 156 71 740 90
internal_value=-7.17735e-14 -3.19119e-05 5.01465e-05 -0.000203473 -5.04211e-05 -3.97492e-05 7.31688e-05 6.16674e-05 -1.01925e-05 -2.89024e-05 -2.5495e-05 -0.000215168 -4.43745e-05 2.88087e-05 0.000138386 8.57066e-05 -3.62386e-05 -2.52439e-05 9.1821e-05 7.99815e-05 7.06762e-05 -0.000183867 -6.46618e-06 4.82998e-05 0.000125164 -5.19769e-05 -0.00013174 0.00031859 -0.000156885 -0.000128599
internal_weight=16925 10343 6582 286 8794 8259 1549 6296 1861 1791 7363 535 241 1305 453 1522 6910 6426 4435 4199 4083 486 5402 1256 711 545 417 212 896 830
internal_count=16925 10343 6582 286 8794 8259 1549 6296 1861 1791 7363 535 241 1305 453 1522 6910 6426 4435 4199 4083 486 5402 1256 711 545 417 212 896 830
is_linear=0
shrinkage=0.1


Tree=56
num_leaves=31
num_cat=0
split_feature=9 12 7 9 8 8 13 8 11 3 6 8 7 8 11 11 10 11 11 12 10 3 9 6 10 11 12 8 7 12
split_gain=0.00227507 0.00195759 0.00194095 0.00204983 0.00161992 0.00135042 0.00130809 0.00118583 0.00137362 0.00150322 0.00129925 0.00114494 0.00112054 0.00109441 0.00138256 0.0016713 0.00128399 0.00115027 0.00108573 0.00130043 0.00106963 0.00106529 0.00104812 0.000969942 0.000964792 0.000908708 0.000887735 0.00115502 0.000842079 0.000829446
threshold=0.63926905857456584 0.75281469892597064 0.89360210887945468 0.18348295726417282 0.75112367836655347 0.7495649301081696 0.82774977496011637 0.55164492325511427 0.13997753188780682 1.0002466771110343 0.44514083528542969 0.75961438701294848 0.53131674458683931 0.41648369789954587 0.15226135680978212 0.16701172502463665 0.5784445818220173 0.60696008545841917 0.061825037512742209 0.34911941159429644 0.032444840862034162 1.0000163150411741 0.64256128064200835 0.28722103864083481 0.2622204618458317 0.62990190384374822 0.37418562813651329 0.76261803027618702 0.86939747773673415 0.71006012536739027
decision_type=2 2 2 2 2 2 2 2 2 2 2 2 2 2 2 2 2 2 2 2 2 2 2 2 2 2 2 2 2 2
left_child=1 2 3 -1 5 6 13 8 9 -2 -9 -6 -12 24 18 21 17 29 19 -15 -20 -16 -10 -13 -5 -19 27 -25 -22 -17
right_child=7 -3 -4 4 11 -7 -8 10 22 -11 12 23 -14 14 15 16 -18 25 20 -21 28 -23 -24 26 -26 -27 -28 -29 -30 -31
leaf_value=0.00036244221325767669 0.00017075160514130923 0.00014114100157880789 -0.00014930642863590515 4.4514203068105843e-05 -0.00030818730069792524 0.00048151160167022184 0.00029277014648439463 -0.00017778640284897581 -0.00038529030835399267 0.00099035058941306748 0.00021587538744438609 -0.00072146849706768992 -6.3348711337005132e-05 -0.00033117285051014063 0.00092827971801971623 4.986887525077266e-05 -0.00029023953935307433 -0.00028995884529146507 0.00040794075466692452 0.00021762299918981327 -0.0001216388873141207 0.00021721765132754508 4.6502436281606121e-05 0.00029547659214586021 0.00032393660864144707 0.00012994887492566987 1.8958901051074483e-05 -0.00018757302865545934 0.00035511811729520564 -0.00012187946888442569
leaf_weight=171 98 1227 732 287 187 66 182 1073 65 29 153 21 2370 53 23 5283 127 188 41 233 1478 251 416 55 217 71 998 495 38 297
leaf_count=171 98 1227 732 287 187 66 182 1073 65 29 153 21 2370 53 23 5283 127 188 41 233 1478 251 416 55 217 71 998 495 38 297
internal_value=2.42964e-14 2.10768e-05 8.25973e-06 1.89769e-05 1.34314e-05 3.0867e-05 2.74753e-05 -6.37767e-05 6.53865e-05 0.000357904 -8.56152e-05 -7.42929e-05 -4.6416e-05 2.18524e-05 1.29378e-05 3.54142e-05 2.43233e-05 3.11651e-05 -6.31624e-05 0.000115923 -9.60579e-05 0.000276905 -1.18479e-05 -4.64164e-05 0.000164821 -0.000174849 -3.72587e-05 -0.000139268 -0.000109689 4.07274e-05
internal_weight=16925 12721 11494 10762 10591 8835 8769 4204 608 127 3596 1756 2523 8587 8083 6240 5966 5839 1843 286 1557 274 481 1569 504 259 1548 550 1516 5580
internal_count=16925 12721 11494 10762 10591 8835 8769 4204 608 127 3596 1756 2523 8587 8083 6240 5966 5839 1843 286 1557 274 481 1569 504 259 1548 550 1516 5580
is_linear=0
shrinkage=0.1


Tree=57
num_leaves=31
num_cat=0
split_feature=12 8 13 12 11 11 9 13 6 6 6 7 9 8 13 10 8 7 7 14 9 9 10 10 9 6 6 10 13 11
split_gain=0.00207052 0.00209976 0.00184472 0.0014048 0.00128551 0.00131761 0.00181166 0.00160282 0.00149831 0.00145311 0.00127787 0.0013142 0.0011973 0.00126536 0.00118844 0.00117145 0.0011232 0.00110786 0.00101995 0.00136223 0.00112472 0.00158524 0.00136509 0.000967268 0.000948235 0.000947384 0.000899751 0.00115558 0.000929651 0.00129867
threshold=0.16050371638258268 0.7186555938850796 0.45687634520861492 0.73805441400692395 0.057680152483128355 0.15226135680978212 0.5813360914415614 0.46651651205002465 0.37323783918164638 0.38283385605473003 0.28722103864083481 0.89904753813387495 0.71408001998565762 0.62475320453681238 0.4075945810974651 0.43884030674183705 0.52705848560075275 0.62571408000547124 0.69775434808285175 2061.0000000000005 0.37566331402634817 0.31634232826025221 0.412423705778109 0.53586150561860735 0.59820116133815537 0.84165378801719692 0.6913121663715055 0.12173794878782336 0.59039587957858986 0.34367427059838779
decision_type=2 2 2 2 2 2 2 2 2 2 2 2 2 2 2 2 2 2 2 2 2 2 2 2 2 2 2 2 2 2
left_child=15 2 16 4 -4 12 8 -8 -7 -10 -3 14 13 -6 -12 -1 -2 -16 20 -20 21 22 -11 -21 -9 -19 28 -28 29 -22
right_child=1 10 3 -5 5 6 7 24 9 18 11 -13 -14 -15 17 -17 -18 25 19 23 26 -23 -24 -25 -26 -27 27 -29 -30 -31
leaf_value=-0.00019654992106879637 0.00022999300434422057 -0.00057077279433291009 0.00022094535675493934 0.00014897959018995776 -0.00016332546954461695 -0.00019214125424032175 0.00027744971529204758 -0.0003534975152854857 0.00061601801986261358 3.619772242242017e-05 -0.00038612059965405774 -0.00024507343825585777 0.00022753890024272122 2.3281645792022105e-05 0.00010507057412062644 0.00025673463636438453 -8.4109903201435549e-05 -4.0173760789553883e-05 -0.00030530191509536017 5.1175317798338871e-05 0.00020201761445777096 -0.00035987504276583033 0.00051444596679442944 0.00065378644503653058 -3.1071386678428048e-05 -0.0006462218705564738 -1.8589098829331554e-05 0.00051109769804653048 0.00033924185238661653 -4.7819462547147086e-05
leaf_weight=709 122 47 348 1174 839 189 166 95 53 488 92 309 136 641 579 62 1703 3249 108 1977 572 89 68 27 2288 26 55 164 223 327
leaf_count=709 122 47 348 1174 839 189 166 95 53 488 92 309 136 641 579 62 1703 3249 108 1977 572 89 68 27 2288 26 55 164 223 327
internal_value=-1.96096e-13 7.64122e-06 2.93625e-05 4.61937e-05 3.25632e-05 2.48551e-05 4.39184e-05 -2.29961e-05 8.32191e-05 9.57566e-05 -5.22007e-05 -4.64727e-05 -5.64117e-05 -8.25044e-05 -3.09208e-05 -0.000160099 -6.31123e-05 -2.24417e-05 8.9028e-05 4.06502e-05 0.000140475 3.19658e-05 9.46885e-05 5.92943e-05 -4.39251e-05 -4.49851e-05 0.000192666 0.000378071 0.000156478 0.000111143
internal_weight=16925 16154 11852 10027 8853 8505 6889 2549 4340 4151 4302 4255 1616 1480 3946 771 1825 3854 4098 2112 1986 645 556 2004 2383 3275 1341 219 1122 899
internal_count=16925 16154 11852 10027 8853 8505 6889 2549 4340 4151 4302 4255 1616 1480 3946 771 1825 3854 4098 2112 1986 645 556 2004 2383 3275 1341 219 1122 899
is_linear=0
shrinkage=0.1


Tree=58
num_leaves=31
num_cat=0
split_feature=6 7 6 12 8 13 12 7 10 12 11 11 11 11 8 3 3 13 12 12 11 6 10 6 12 10 11 11 7 8
split_gain=0.00182848 0.00161471 0.00159644 0.00128413 0.00127464 0.00128562 0.00130878 0.00106497 0.000982062 0.000975958 0.0011073 0.00105929 0.00145981 0.00100057 0.000958311 0.000946661 0.000917179 0.000842851 0.000825511 0.000821937 0.000806576 0.00111387 0.000713642 0.000696089 0.00066938 0.000665389 0.000653819 0.00102181 0.000841327 0.000713075
threshold=0.79658322548699012 0.89360210887945468 0.36224895457699463 0.57927767748534398 0.89473797945306954 0.45758468334368857 0.16050371638258268 0.72047248604086034 0.3737671682095049 0.76973804454916606 0.061825037512742209 0.30821156324302135 0.26122811615219937 0.10152455056525221 0.5912486770699209 1.0000001136767176 1.0000001136767176 0.82774977496011637 0.16832884600349377 0.77357921062901081 0.19654208789483854 0.74188943261495344 0.19519977345854572 0.68305403522415375 0.93889487195763277 0.29214181480639362 0.061825037512742209 0.25385312613161004 0.73255655829649924 0.6015905255388273
decision_type=2 2 2 2 2 2 2 2 2 2 2 2 2 2 2 2 2 2 2 2 2 2 2 2 2 2 2 2 2 2
left_child=1 2 24 -2 5 14 7 23 20 10 -8 12 19 15 16 -12 25 18 -15 -11 -3 22 -22 -7 -1 -4 -16 28 -28 -29
right_child=3 8 4 -5 -6 6 9 -9 -10 11 13 -13 -14 17 26 -17 -18 -19 -20 -21 21 -23 -24 -25 -26 -27 27 29 -30 -31
leaf_value=-0.00013539883991009073 4.2321503367315783e-05 -0.00029434615421042586 0.00060750867876156083 0.00025763831576811167 -0.00020886463895088662 4.8840426006790953e-05 0.00020487319092122767 -0.00030273180769909412 0.00013635156147453624 0.00052244005724787722 0.00017130268072443349 0.00033768002627108565 -0.00054403557312778298 0.00058495574630796916 0.0001317789615768561 -0.0001575673759873769 -5.5314979139299031e-05 0.00021275195760007512 2.0617801093150104e-05 7.9725994369668623e-05 3.9236166645796638e-05 -0.00059749753350710005 -0.00020094071725019959 -0.00032054027730238534 0.00030347015708684925 0.00014792674433813187 -0.00032750855053817029 -0.00040905396454036239 -0.00011351647102219125 -4.4664170097709392e-06
leaf_weight=1004 785 323 41 428 265 288 331 207 120 45 105 199 36 26 128 526 208 239 8485 616 312 41 205 62 36 136 266 46 594 822
leaf_count=1004 785 323 41 428 265 288 331 207 120 45 105 199 36 26 128 526 208 239 8485 616 312 41 205 62 36 136 266 46 594 822
internal_value=3.28442e-13 -9.13261e-06 -7.70267e-07 0.000118295 8.31571e-06 1.26088e-05 2.64827e-05 -0.000122932 -0.000132028 3.43281e-05 2.51151e-05 0.00013419 7.60914e-05 1.87725e-05 -5.65131e-05 -0.000102843 8.70659e-05 2.75427e-05 2.23418e-05 0.000109865 -0.000168584 -9.5786e-05 -5.59984e-05 -1.65927e-05 -0.000120207 0.000254384 -8.62965e-05 -0.00010245 -0.000179705 -2.59077e-05
internal_weight=16925 15712 14711 1213 13671 13406 11165 557 1001 10608 9712 896 697 9381 2241 631 385 8750 8511 661 881 558 517 350 1040 177 1856 1728 860 868
internal_count=16925 15712 14711 1213 13671 13406 11165 557 1001 10608 9712 896 697 9381 2241 631 385 8750 8511 661 881 558 517 350 1040 177 1856 1728 860 868
is_linear=0
shrinkage=0.1


Tree=59
num_leaves=31
num_cat=0
split_feature=6 9 7 10 11 10 12 7 10 6 10 6 6 8 10 6 8 7 6 7 10 13 10 7 12 11 8 7 9 12
split_gain=0.00150735 0.00138309 0.00122211 0.00121013 0.00116954 0.00100343 0.00120713 0.00114139 0.001036 0.000961635 0.000927279 0.000917808 0.00106355 0.0010323 0.000873694 0.000852325 0.000825444 0.000980329 0.0014121 0.00107914 0.00176886 0.00160644 0.00143216 0.000978318 0.000941142 0.000846095 0.000832029 0.00080504 0.00140927 0.000848386
threshold=0.57927670912229356 0.70810354181132362 0.61028769509860414 0.31807105452333068 0.52840247310329802 0.49124536219786075 0.19134465376153084 0.83327035019505724 0.44586599666272164 0.34813039805935669 0.46062854369569206 0.79658322548699012 0.78643607246201819 0.75112367836655347 0.21775167199465878 0.53387135968422139 0.52317524846301688 0.8397874709811135 0.40033424321766281 0.77258616198652497 0.3531005635457512 0.50596977689186751 0.050899433248931002 0.7678119546031833 0.17216131646935709 0.19314591542385567 0.89473797945306954 0.85178986618762986 0.60462376667655693 0.26506702284386996
decision_type=2 2 2 2 2 2 2 2 2 2 2 2 2 2 2 2 2 2 2 2 2 2 2 2 2 2 2 2 2 2
left_child=2 5 10 -3 9 6 -2 -7 11 -4 -1 12 13 27 -6 -16 -11 19 -19 22 24 -22 -18 26 -21 -20 -24 29 -29 -8
right_child=1 3 4 -5 14 7 8 -9 -10 16 -12 -13 -14 -15 15 -17 17 18 25 20 21 -23 23 -25 -26 -27 -28 28 -30 -31
leaf_value=5.1388651797250094e-05 -0.00015083953466817114 -6.8335093952237214e-05 -0.00017843512457580381 -0.00056467232671344569 0.00018991706227397038 0.00032843668410365294 0.00031073592821207304 -4.2402493155321048e-05 -0.0001790704665667757 7.5264717842740494e-05 0.00047899830980964431 0.00013774199729440424 -0.00026605111350746531 -6.3929066448655677e-05 5.2301600867471955e-05 -0.00046339336973191667 0.00038849838327249174 -0.00034278892616530055 -0.00020020882335345728 -0.00017192250513282372 -0.0002893257934606913 7.9268333390176008e-05 -4.9161089954226175e-05 -0.00039055925845685939 0.00011784848593019086 -1.9312540532408323e-05 -0.00031761355079835702 5.1326933897029231e-05 -0.00035641022989431684 7.2022482267696558e-05
leaf_weight=1175 323 223 511 63 377 251 157 124 194 606 53 1098 114 737 118 44 71 238 377 123 274 208 3873 90 1263 823 119 301 118 2879
leaf_count=1175 323 223 511 63 377 251 157 124 194 606 53 1098 114 737 118 44 71 238 377 123 274 208 3873 90 1263 823 119 301 118 2879
internal_value=5.13421e-13 3.74099e-05 -2.38067e-05 -0.000177668 -3.64236e-05 4.718e-05 3.71332e-05 0.000205813 4.79791e-05 -4.54037e-05 6.98441e-05 5.613e-05 3.53195e-05 4.35152e-05 0.000106458 -8.77637e-05 -3.69748e-05 -4.60936e-05 -0.000120276 -2.83765e-05 3.47477e-05 -0.000130264 -5.67695e-05 -6.45143e-05 9.21329e-05 -7.61441e-05 -5.71636e-05 6.64345e-05 -6.35012e-05 8.4367e-05
internal_weight=16925 6582 10343 286 9115 6296 5921 375 5598 8576 1228 5404 4306 4192 539 162 8065 7459 1438 6021 1868 482 4153 4082 1386 1200 3992 3455 419 3036
internal_count=16925 6582 10343 286 9115 6296 5921 375 5598 8576 1228 5404 4306 4192 539 162 8065 7459 1438 6021 1868 482 4153 4082 1386 1200 3992 3455 419 3036
is_linear=0
shrinkage=0.1


Tree=60
num_leaves=31
num_cat=0
split_feature=9 12 8 10 9 6 8 8 12 10 13 7 12 12 13 9 6 12 7 6 6 11 8 13 9 9 8 6 6 13
split_gain=0.00127911 0.00170194 0.00126164 0.001117 0.00101083 0.00124273 0.000992309 0.00128326 0.000925326 0.000912141 0.00111926 0.00119707 0.00108667 0.0017783 0.000889124 0.000886811 0.000881853 0.000849414 0.00091918 0.000925089 0.00105584 0.000901308 0.000807583 0.000744853 0.000752706 0.00078464 0.000703334 0.000695099 0.000790044 0.000674049
threshold=0.55830172261302735 0.56003203341322993 0.4549904332903264 0.22631362321377138 0.5529281752035432 0.56667289071127336 0.67582082394454435 0.6685871531052755 0.86628217921152806 0.17334252101207473 0.66385169065591132 0.55674469929331505 0.34023215571302873 0.31046255507360265 0.58358893995123706 0.54775015065513843 0.56051069413465571 0.15296109277027903 0.83798378347311775 0.61485406932367848 0.6302940423145359 0.057680152483128355 0.62475320453681238 0.84243832482371084 0.54686620352859683 0.53943662930964653 0.63432371590331771 0.34813039805935669 0.39551002851839628 0.52218143205477097
decision_type=2 2 2 2 2 2 2 2 2 2 2 2 2 2 2 2 2 2 2 2 2 2 2 2 2 2 2 2 2 2
left_child=1 4 3 -2 5 9 7 -3 -8 12 11 -11 13 14 -1 23 -6 -4 19 21 -21 -19 -22 24 25 -7 -14 29 -29 -23
right_child=2 6 17 -5 16 15 8 -9 -10 10 -12 -13 26 -15 -16 -17 -18 18 -20 20 22 27 -24 -25 -26 -27 -28 28 -30 -31
leaf_value=-4.1137223155418226e-05 8.2621947189032307e-05 0.0001308596996434694 -0.00019033996685435857 0.000630259388126433 0.00027647231976376277 2.8581328498916867e-05 5.0454060102377261e-06 0.00073501116906603183 0.00041769622874103095 0.00052132126875221736 0.00017892572765065506 -0.00016452534823019961 5.6088499341564959e-05 0.00090966979942975514 0.00050375244448868891 -0.00042001320980489254 -0.000241710152477026 0.00014039592854817406 -0.00010119072078735885 0.00039458102237404096 0.0001598125436843971 -0.00043151134159415962 -3.9083472520846939e-05 0.00055497111752629287 0.00055350237525999548 -0.0004284360397018884 -0.00013938264478565544 7.8193423480162234e-05 -4.2749614199710921e-05 -0.0001010896946058685
leaf_weight=129 146 1503 335 50 208 3296 1165 36 57 26 113 1200 341 31 39 44 39 302 1392 96 352 76 486 27 27 38 400 624 4018 329
leaf_count=129 146 1503 335 50 208 3296 1165 36 57 26 113 1200 341 31 39 44 39 302 1392 96 352 76 486 27 27 38 400 624 4018 329
internal_value=-2.80323e-13 2.667e-05 -2.83372e-05 0.000222325 -3.40612e-06 -1.19722e-05 9.15716e-05 0.000144992 2.42934e-05 -6.92167e-05 -0.000122224 -0.00014998 6.28992e-06 0.000213766 8.5355e-05 2.60407e-05 0.000194654 -3.44708e-05 -2.76674e-05 -1.13783e-05 8.04488e-05 -2.74124e-05 4.44623e-05 3.18336e-05 2.76311e-05 2.33724e-05 -4.9429e-05 -3.74537e-05 -2.64919e-05 -0.000163095
internal_weight=16925 8719 8206 196 5958 5711 2761 1539 1222 2279 1339 1226 940 199 168 3432 247 8010 7675 6283 934 5349 838 3388 3361 3334 741 5047 4642 405
internal_count=16925 8719 8206 196 5958 5711 2761 1539 1222 2279 1339 1226 940 199 168 3432 247 8010 7675 6283 934 5349 838 3388 3361 3334 741 5047 4642 405
is_linear=0
shrinkage=0.1


Tree=61
num_leaves=31
num_cat=0
split_feature=12 11 6 11 8 8 9 9 8 12 11 7 10 10 7 3 12 13 9 7 8 9 13 12 4 8 9 12 11 10
split_gain=0.00114441 0.00124321 0.00132516 0.00114697 0.00136286 0.00121319 0.00128098 0.00100413 0.000958662 0.00088426 0.000867008 0.000863932 0.000792299 0.00100358 0.000770451 0.000899623 0.000745979 0.000743434 0.000758466 0.00102229 0.000705111 0.000672074 0.000736996 0.000738008 0.000668502 0.000804969 0.000693413 0.000662777 0.000662634 0.00104276
threshold=0.76973804454916606 0.061825037512742209 0.81446750971642179 0.12043102922048907 0.75112367836655347 0.7495649301081696 0.62756804888566708 0.50841614664279666 0.7017199476479058 0.72307943887922688 0.47941447603081594 0.52297461102668474 0.3886719214331405 0.34176021854160749 0.89360210887945468 1.0000163150411741 0.77357921062901081 0.45112578092738875 0.47272663192209258 0.64805348406480323 0.67714496633406263 0.68468916789111345 0.53327701283791318 0.20576733277134918 1.0000000180025095e-35 0.83816186186737662 0.58467345338073851 0.66429844468105348 0.28956361278053994 0.33918603868363956
decision_type=2 2 2 2 2 2 2 2 2 2 2 2 2 2 2 2 2 2 2 2 2 2 2 2 2 2 2 2 2 2
left_child=1 -1 3 7 5 6 14 8 -3 17 16 -8 13 21 -5 -16 -2 -6 19 -19 -18 -13 23 -23 -20 26 -26 -9 29 -4
right_child=10 2 28 4 9 -7 11 27 -10 -11 -12 12 -14 -15 15 -17 20 18 24 -21 -22 22 -24 -25 25 -27 -28 -29 -30 -31
leaf_value=0.00012030244392467916 0.00046733659692108634 -0.00028422295671974167 0.00014179184384244896 3.2896235701845816e-05 -0.00025148467005540928 0.0005762724382047718 0.00030450103275308561 -6.3931548947226795e-05 2.8731072120535828e-05 -0.00045467115780939497 0.00038116709013896375 -0.00011989036947564769 -0.00018077764454394653 0.00019816508782263513 4.9764044582843785e-05 -0.00024052197927015319 0.00012807260403422513 3.590054604636644e-05 -0.00032578407820048078 -0.00033339495139213064 -3.2408266598253732e-05 0.00024177561012598184 0.00012045650409629339 -7.9091123815318098e-05 -6.2734023671026835e-05 -0.00010666185327557852 0.00011152974249233798 0.00026317088102752515 3.4184779549066564e-05 0.00062457521990785065
leaf_weight=728 45 416 287 6949 207 37 66 1008 128 62 96 948 466 167 200 229 577 121 70 197 521 78 328 885 369 547 599 66 475 53
leaf_count=728 45 416 287 6949 207 37 66 1008 128 62 96 948 466 167 200 229 577 121 70 197 521 78 328 885 369 547 599 66 475 53
internal_value=3.42034e-13 -7.30813e-06 -1.35189e-05 -2.06639e-05 -1.04285e-05 4.68039e-06 2.63028e-06 -9.98967e-05 -0.000210587 -8.24462e-05 9.25225e-05 -5.32114e-05 -6.14319e-05 -3.83167e-05 2.48671e-05 -0.00010519 6.82794e-05 -7.15088e-05 -5.19318e-05 -0.000192877 5.19246e-05 -5.59551e-05 -9.00652e-06 -5.31019e-05 -2.36539e-05 -9.69411e-06 4.51007e-05 -4.38303e-05 0.000110472 0.000217049
internal_weight=16925 15686 14958 14143 12525 10353 10316 1618 544 2172 1239 2938 2872 2406 7378 429 1143 2110 1903 318 1098 2239 1291 963 1585 1515 968 1074 815 340
internal_count=16925 15686 14958 14143 12525 10353 10316 1618 544 2172 1239 2938 2872 2406 7378 429 1143 2110 1903 318 1098 2239 1291 963 1585 1515 968 1074 815 340
is_linear=0
shrinkage=0.1


Tree=62
num_leaves=31
num_cat=0
split_feature=7 9 7 13 9 12 10 12 8 12 13 4 10 11 10 13 10 11 11 8 6 10 7 8 7 7 10 12 12 9
split_gain=0.000960346 0.0010988 0.00104917 0.00111678 0.000996208 0.000969808 0.00134954 0.000932666 0.000877351 0.000832828 0.000779202 0.000884761 0.000821505 0.000796026 0.000966528 0.00076528 0.000759823 0.00074426 0.000920433 0.000777253 0.000731187 0.000720526 0.00103556 0.000718847 0.000704041 0.000824785 0.00116349 0.000703853 0.000803806 0.000685174
threshold=0.69078258063716436 0.32893095639183018 0.68983868747755628 0.61574095724430145 0.33292789893127167 0.52825340439765267 0.52075861344215968 0.16050371638258268 0.69044732999884528 0.76973804454916606 0.45824066299364374 1.0000000180025095e-35 0.30787347719923602 0.52840247310329802 0.3904794974674784 0.6051063846839887 0.15472579266079253 0.48410817950690238 0.45662651981927171 0.6685871531052755 0.68802542054864813 0.22631362321377138 0.8306020628745211 0.8819774085590667 0.32965636847884078 0.47546077938742431 0.13350106254748803 0.63719770829023537 0.81288380262615456 0.71408001998565762
decision_type=2 2 2 2 2 2 2 2 2 2 2 2 2 2 2 2 2 2 2 2 2 2 2 2 2 2 2 2 2 2
left_child=2 9 3 5 -3 6 24 -6 29 21 12 -12 16 17 -15 27 -9 18 23 -20 -18 22 -2 -13 -1 26 -26 -10 -29 -7
right_child=1 4 -4 -5 7 8 -8 10 15 -11 11 13 -14 14 -16 -17 20 -19 19 -21 -22 -23 -24 -25 25 -27 -28 28 -30 -31
leaf_value=0.00012812828169268036 0.00046904599785597788 -0.00061150388792157177 0.0004237437634659347 0.00013532967113058153 -0.00018007820327778791 8.6786547774264105e-05 0.00066810007805803001 -0.00010728729115697436 0.00012272192660261192 0.00052071642421651636 -0.00025456819187282871 -2.5663444593768474e-06 -0.00018531633005664503 0.00016091118871253173 -0.00028096910989419981 -0.00050484659150242808 1.7223295703772626e-05 -0.00016950038172812627 0.00011335092422086746 0.00062659836472257193 0.00057844882830977446 -5.3730486792379195e-05 4.5979006667219011e-05 -0.00022780170005842532 -1.9713761412276656e-05 -2.6629034638284691e-05 -0.00044132460568410659 -0.0001839701458874574 0.00014191781692716177 0.00038718979340046644
leaf_weight=263 90 29 67 816 371 1491 28 756 242 48 138 6222 498 495 55 33 709 275 132 38 24 210 162 145 144 2862 120 278 104 80
leaf_count=263 90 29 67 816 371 1491 28 756 242 48 138 6222 498 495 55 33 709 275 132 38 24 210 162 145 144 2862 120 278 104 80
internal_value=1.69889e-13 -1.88749e-05 3.00617e-05 2.59793e-05 -2.62584e-05 1.01724e-05 -2.32969e-05 -2.45367e-05 6.15029e-05 0.000124262 -1.84541e-05 -3.70283e-06 -7.41332e-05 9.99613e-07 0.000116723 -3.55335e-05 -3.69477e-05 -8.34389e-06 -1.56432e-06 0.000228077 3.5599e-05 8.30722e-05 0.000197074 -7.69578e-06 -2.90092e-05 -4.22297e-05 -0.000211355 -1.0714e-05 -9.52467e-05 0.000102084
internal_weight=16925 10397 6528 6461 9887 5645 3417 9858 2228 510 9487 7500 1987 7362 550 657 1489 6812 6537 170 733 462 252 6367 3389 3126 264 624 382 1571
internal_count=16925 10397 6528 6461 9887 5645 3417 9858 2228 510 9487 7500 1987 7362 550 657 1489 6812 6537 170 733 462 252 6367 3389 3126 264 624 382 1571
is_linear=0
shrinkage=0.1


Tree=63
num_leaves=31
num_cat=0
split_feature=9 12 8 7 10 13 11 13 10 9 9 9 10 7 13 9 3 6 11 7 11 10 10 12 11 13 8 14 6 11
split_gain=0.000876459 0.00120945 0.00094506 0.000823328 0.000782294 0.00138173 0.00123969 0.000981264 0.00102324 0.000953438 0.0010646 0.000783717 0.0007188 0.000664232 0.000659328 0.00062939 0.000708607 0.000623331 0.00068799 0.000590673 0.00060466 0.00102394 0.00102615 0.000692472 0.000566902 0.00072116 0.000610682 0.000591355 0.000588847 0.000562775
threshold=0.55830172261302735 0.56003203341322993 0.4549904332903264 0.6950218605306725 0.2034246819585265 0.58032380187506794 0.12605437720617371 0.56481366170888281 0.20637434911738403 0.5529281752035432 0.54775015065513843 0.18348295726417282 0.16981684044997558 0.9486115491843099 0.46122121713600123 0.54516713500060165 1.0041819498565812 0.82207603209287639 0.097756339472879664 0.8291428910159887 0.39113531754282643 0.3886719214331405 0.36242799874896242 0.71247108537615322 0.10559491418142726 0.47855166659745985 0.52317524846301688 1734.0000000000002 0.42615430605368892 0.21631192568892588
decision_type=2 2 2 2 2 2 2 2 2 2 2 2 2 2 2 2 2 2 2 2 2 2 2 2 2 2 2 2 2 2
left_child=1 4 3 -2 6 7 17 8 -6 10 12 -10 15 24 -14 -8 -17 18 -1 -4 21 22 23 -21 27 26 -26 -3 -27 -13
right_child=2 13 19 -5 5 -7 9 -9 11 -11 -12 29 14 -15 -16 16 -18 -19 -20 20 -22 -23 -24 -25 25 28 -28 -29 -30 -31
leaf_value=-6.895723349904254e-05 0.00054848168843558856 -0.00051467739976942541 -1.5261822374999382e-05 7.5158634336687454e-05 -0.00060570510104298594 9.0154155447614136e-05 3.336671616913803e-05 -0.00029718978039454673 0.00034671458508819342 0.00038442919612862174 -0.00028094548790249971 -0.00012311817022536191 0.00058059321330269659 -0.00018164002540288493 0.00015216905133927177 0.00085574403987266124 7.0409505860880023e-05 0.00028249111492186787 -0.00035548419838452396 -0.00019726287822508578 -3.9789713594056419e-06 0.0001083909329612869 -0.0006562345528176853 3.1270872118295214e-05 0.00023901288175866717 0.00037592525387970875 -2.5211288998052763e-05 1.5040508382200839e-05 0.00012935043771350837 -1.897324351456675e-05
leaf_weight=342 49 22 6422 147 33 688 1615 176 50 92 90 775 41 96 290 20 27 38 111 629 598 151 42 168 105 104 524 501 1409 1570
leaf_count=342 49 22 6422 147 33 688 1615 176 50 92 90 775 41 96 290 20 27 38 111 629 598 151 42 168 105 104 524 501 1409 1570
internal_value=-6.23293e-14 2.20767e-05 -2.34568e-05 0.000193489 -3.2771e-06 -3.58859e-05 3.69885e-05 -6.91868e-05 -5.26594e-05 6.9388e-05 5.54736e-05 -4.50392e-05 7.06656e-05 7.6788e-05 0.000205237 4.38647e-05 0.000404594 -0.000106533 -0.000139166 -2.87654e-05 -8.33747e-05 -0.000131333 -0.000174478 -0.00014909 8.60972e-05 0.000108887 1.88961e-05 -7.24208e-06 0.000146299 -5.33921e-05
internal_weight=16925 8719 8206 196 5958 3292 2666 2604 2428 2175 2083 2395 1993 2761 331 1662 47 491 453 8010 1588 990 839 797 2665 2142 629 523 1513 2345
internal_count=16925 8719 8206 196 5958 3292 2666 2604 2428 2175 2083 2395 1993 2761 331 1662 47 491 453 8010 1588 990 839 797 2665 2142 629 523 1513 2345
is_linear=0
shrinkage=0.1


Tree=64
num_leaves=31
num_cat=0
split_feature=8 8 8 12 13 13 7 9 6 6 8 11 11 7 9 11 12 12 7 6 9 8 9 13 10 12 13 6 9 6
split_gain=0.000756599 0.00125887 0.000891433 0.000771623 0.000689103 0.000944514 0.00105148 0.000682211 0.000909323 0.00113696 0.000806558 0.000773748 0.00088738 0.00102915 0.000857648 0.000874399 0.000723804 0.00117235 0.000685592 0.000630737 0.00123017 0.000782582 0.00146133 0.000685046 0.000611305 0.000528338 0.000747403 0.0012061 0.000740306 0.000597579
threshold=0.75112367836655347 0.7495649301081696 0.75961438701294848 0.16050371638258268 0.45758468334368857 0.46651651205002465 0.75595476367710612 0.5758331031497157 0.37323783918164638 0.38283385605473003 0.73717805925745628 0.15226135680978212 0.16701172502463665 0.78120937421702641 0.25355141048400459 0.17985207186643173 0.51667181657612382 0.51393969954105612 0.93326652059609183 0.63486625256802076 0.36222059666209022 0.67313742076591432 0.46160565655351954 0.76902929127982855 0.17334252101207473 0.48875145741520071 0.55254821424623135 0.68722921503501799 0.66024364953199777 0.36969615208033696
decision_type=2 2 2 2 2 2 2 2 2 2 2 2 2 2 2 2 2 2 2 2 2 2 2 2 2 2 2 2 2 2
left_child=1 3 -2 -1 -5 6 -6 8 -7 -10 -9 -11 13 -13 18 -16 17 19 -14 21 -21 -17 -23 -22 -24 29 28 -28 -27 -4
right_child=2 -3 25 4 5 7 -8 10 9 11 -12 12 14 -15 15 16 -18 -19 -20 20 23 22 24 -25 -26 26 27 -29 -30 -31
leaf_value=-9.4399364735925871e-05 -0.00019238454629654241 0.00039820570655795472 -0.00041375846735068736 -3.7003239402852615e-05 0.00034601351566999124 -0.00013849979170897444 3.4301085728585867e-05 -9.7973160270511057e-06 0.00044649535823347315 -2.3351564807773133e-05 -0.00040252582995959051 0.00015390697748524009 0.00032748127123340966 0.00070453662376262648 -0.0001799963632698304 -5.2428099234012636e-05 9.6713647358656854e-05 -0.0003540310499203556 -0.00025508578401058914 -0.0001286466271513915 0.00013722772490855649 0.00078435935560734044 -0.00024137596116849673 0.00050942967391826889 0.00014249356429407362 -9.5110226731820329e-06 0.00015861274538082852 -0.00046729696914553647 -0.00033960299742584292 -5.7748430063862218e-05
leaf_weight=704 362 83 49 2271 188 280 255 3925 70 1422 53 318 166 38 175 1097 1731 85 23 177 490 31 54 55 179 830 459 33 74 1248
leaf_count=704 362 83 49 2271 188 280 255 3925 70 1422 53 318 166 38 175 1097 1731 85 23 177 490 31 54 55 179 830 459 33 74 1248
internal_value=-7.0105e-14 9.92284e-06 -4.50506e-05 7.58531e-06 1.30731e-05 2.35914e-05 0.000166585 1.74822e-05 3.77189e-05 4.5793e-05 -1.50297e-05 4.11499e-05 6.10072e-05 0.000212682 4.8341e-05 3.86801e-05 4.8495e-05 9.9957e-06 0.000256587 2.48504e-05 0.000100401 -1.52288e-05 0.000139345 0.000174789 5.35281e-05 -2.52456e-05 1.74482e-05 0.000116631 -3.65318e-05 -7.11983e-05
internal_weight=16925 13870 3055 13787 13083 10812 443 10369 6391 6111 3978 6041 4619 356 4263 4074 3899 2168 189 2083 722 1361 264 545 233 2693 1396 492 904 1297
internal_count=16925 13870 3055 13787 13083 10812 443 10369 6391 6111 3978 6041 4619 356 4263 4074 3899 2168 189 2083 722 1361 264 545 233 2693 1396 492 904 1297
is_linear=0
shrinkage=0.1


Tree=65
num_leaves=31
num_cat=0
split_feature=11 12 6 13 8 8 11 9 9 8 9 8 8 11 7 6 8 7 9 12 9 13 6 9 6 6 11 10 10 6
split_gain=0.00069235 0.000813516 0.000767891 0.000699707 0.000664289 0.00113029 0.000910505 0.000843695 0.000650908 0.00067411 0.0005289 0.000628307 0.000580063 0.000505902 0.000517352 0.00101954 0.00050264 0.000499971 0.000475279 0.00066408 0.000554816 0.000473293 0.000458569 0.000595931 0.000597217 0.000481099 0.000458064 0.000528994 0.000740811 0.000451073
threshold=0.057680152483128355 0.76973804454916606 0.81259380654323088 0.82774977496011637 0.75112367836655347 0.7495649301081696 0.12043102922048907 0.62756804888566708 0.48616592150580867 0.7017199476479058 0.36222059666209022 0.67714496633406263 0.76667775879057243 0.59154950864181355 0.62571408000547124 0.68722921503501799 0.45775422088918755 0.85178986618762986 0.64744929171217025 0.29711743103364668 0.75429468892493035 0.62761671214270442 0.82973318282498421 0.22813698247173272 0.94768183313011967 0.82346239121275366 0.13997753188780682 0.081731485322276018 0.094545433897125011 0.6199196593005557
decision_type=2 2 2 2 2 2 2 2 2 2 2 2 2 2 2 2 2 2 2 2 2 2 2 2 2 2 2 2 2 2
left_child=17 2 3 4 5 6 8 -8 9 21 -3 -12 -13 14 -6 -16 -9 -1 19 -18 26 29 25 -24 -25 -4 -20 -28 -29 -2
right_child=1 10 22 -5 13 -7 7 16 -10 -11 11 12 -14 -15 15 -17 18 -19 20 -21 -22 -23 23 24 -26 -27 27 28 -30 -31
leaf_value=0.000113421056460256 -0.00046595289690971929 0.00030378493965861012 0.00012749521336261903 0.0001534593341751297 4.2038315612418985e-05 0.00035838513433125366 1.6605854725885712e-05 0.00022742455305818185 -4.015010276172548e-05 8.3458756305301548e-05 0.00012867088579232797 -0.00010566708659727365 0.00011981559958766705 7.6055822347984036e-05 -8.5967749249608196e-05 -0.00043871949730051122 -0.00043491402109691377 -0.00021351977041922512 0.00016835038692167983 -9.3922999923512954e-05 -0.00015728768956337481 -4.4030284872227963e-05 0.00029505294561386111 -7.1065634267870347e-05 0.00017766229306849152 0.00047720622387714684 0.00011755679977711203 -0.0005784227978438139 -4.0659059608760139e-05 -0.00020662609617341584
leaf_weight=725 108 94 218 239 286 83 7249 65 932 77 563 321 177 221 1733 86 71 50 123 292 336 92 75 375 130 48 215 26 1738 177
leaf_count=725 108 94 218 239 286 83 7249 65 932 77 563 321 177 221 1733 86 71 50 123 292 336 92 75 375 130 48 215 26 1738 177
internal_value=4.2868e-13 -4.4306e-06 -1.06596e-05 -1.6193e-05 -1.9108e-05 -9.31556e-06 -1.19692e-05 -1.55386e-06 -8.79799e-05 -0.000186168 7.64379e-05 5.62959e-05 -2.55256e-05 -6.78765e-05 -8.29877e-05 -0.000102645 -4.74854e-05 9.23281e-05 -5.38649e-05 -0.000160618 -3.79702e-05 -0.000241237 8.18857e-05 3.20266e-05 -7.03666e-06 0.000190601 -1.88975e-05 -3.05355e-05 -4.85853e-05 -0.000304897
internal_weight=16925 16150 14995 14149 13910 11584 11501 10115 1386 454 1155 1061 498 2326 2105 1819 2866 775 2801 363 2438 377 846 580 505 266 2102 1979 1764 285
internal_count=16925 16150 14995 14149 13910 11584 11501 10115 1386 454 1155 1061 498 2326 2105 1819 2866 775 2801 363 2438 377 846 580 505 266 2102 1979 1764 285
is_linear=0
shrinkage=0.1


Tree=66
num_leaves=31
num_cat=0
split_feature=7 7 13 12 8 8 6 9 9 7 7 12 10 12 13 6 8 6 12 12 7 13 6 10 10 14 3 9 8 13
split_gain=0.000608764 0.00079136 0.000679341 0.000655762 0.000858217 0.000752899 0.000754012 0.000637745 0.000664988 0.000605539 0.000602648 0.000552931 0.000543434 0.00054245 0.000516625 0.000519884 0.000508659 0.000499085 0.000504464 0.000731383 0.000648787 0.000486751 0.000477048 0.000586499 0.000708674 0.000917091 0.000682226 0.000914394 0.000753283 0.00073575
threshold=0.69078258063716436 0.68983868747755628 0.61574095724430145 0.34911941159429644 0.65523746053932219 0.61924694920846446 0.43371514560628155 0.32893095639183018 0.33292789893127167 0.48791180488562053 0.67710576631822694 0.16832884600349377 0.45923303749839045 0.31637852455269766 0.48345048035604338 0.81259380654323088 0.48389651389018201 0.81607124471542292 0.80368436064001558 0.73433971213256555 0.6445495344240334 0.49317827149570587 0.45370698748035598 0.30252802182167515 0.31099888693598293 2206.5000000000005 1.0001927314292371 0.42283817000268686 0.68597823176926531 0.45824066299364374
decision_type=2 2 2 2 2 2 2 2 2 2 2 2 2 2 2 2 2 2 2 2 2 2 2 2 2 2 2 2 2 2
left_child=1 2 3 13 5 -5 -7 12 -9 -6 16 -10 14 -1 15 -2 -4 18 19 -11 -21 -8 -13 -24 -25 26 29 -28 -29 -26
right_child=7 -3 10 4 9 6 21 8 11 17 -12 22 -14 -15 -16 -17 -18 -19 -20 20 -22 -23 23 24 25 -27 27 28 -30 -31
leaf_value=-3.929737952107042e-05 0.00057931116114006093 0.00036584253826025707 -0.00012678443696737912 4.7964152100695574e-05 0.00024236992186675951 -0.00017179748974740507 0.00060640828728321058 -0.00049880938604474068 -0.00013041295523324951 -3.9716110204785019e-05 0.00054555870592594153 -5.1075729734087117e-05 -0.00020288186719302428 -0.00035985252100297001 8.1816149928493724e-05 4.9478461733087897e-05 0.00011889245446608571 0.00023017799636969964 0.00015410610911809877 -0.00061876380066500937 -0.00012849276985595876 0.00022834092999498052 1.9715950703817157e-05 -0.00031920581705491535 -0.00021599488776186576 0.00027590618889418341 9.7334822377115814e-05 -0.00020465705400555341 -4.1363203822865883e-05 7.8748381090129545e-05
leaf_weight=1314 46 67 96 2077 83 40 42 29 428 1545 30 2557 55 55 378 31 690 69 120 41 79 180 4650 89 99 93 226 565 565 586
leaf_count=1314 46 67 96 2077 83 40 42 29 428 1545 30 2557 55 55 378 31 690 69 120 41 79 180 4650 89 99 93 226 565 565 586
internal_value=-1.92756e-13 2.39345e-05 2.03889e-05 8.06051e-06 2.73457e-05 6.81146e-05 0.000227857 -1.50278e-05 -2.06528e-05 -2.18843e-05 0.000105676 -1.92462e-05 9.40199e-05 -5.21758e-05 0.000129909 0.000366002 8.88861e-05 -3.37145e-05 -4.39154e-05 -5.81872e-05 -0.000296002 0.000299867 -1.42007e-05 -4.81826e-07 -4.27309e-05 -3.12003e-05 -4.51939e-05 -8.6286e-05 -0.00012301 3.61504e-05
internal_weight=16925 6528 6461 5645 4276 2339 262 10397 9887 1937 816 9858 510 1369 455 77 786 1854 1785 1665 120 222 9430 6873 2223 2134 2041 1356 1130 685
internal_count=16925 6528 6461 5645 4276 2339 262 10397 9887 1937 816 9858 510 1369 455 77 786 1854 1785 1665 120 222 9430 6873 2223 2134 2041 1356 1130 685
is_linear=0
shrinkage=0.1


Tree=67
num_leaves=31
num_cat=0
split_feature=6 7 8 12 7 14 10 6 10 11 11 8 13 11 6 8 9 12 8 11 10 10 12 8 11 6 9 8 13 6
split_gain=0.000533357 0.000590689 0.000468061 0.000475513 0.000640176 0.000585487 0.000662678 0.000898752 0.00142096 0.000862912 0.00088021 0.00080697 0.000788671 0.000590034 0.000525595 0.000508511 0.000497663 0.000490458 0.000466712 0.000487536 0.000465334 0.000447035 0.000544536 0.000514169 0.000532713 0.000513129 0.000431691 0.000691915 0.000414875 0.000398692
threshold=0.35493126990944657 0.89360210887945468 0.89473797945306954 0.4613885541567973 0.32965636847884078 1985.5000000000002 0.30252802182167515 0.60357224850518165 0.34176021854160749 0.25442095278257798 0.25385312613161004 0.81363101673679694 0.58358893995123706 0.50874617206488992 0.55841572543983464 0.83146978741877242 0.54775015065513843 0.42462171154921174 0.69169266276344654 0.20036448313278457 0.3737671682095049 0.32663277785985351 0.44666311799658337 0.66337165403204457 0.38023028374110263 0.45139246338164019 0.48412445919951447 0.67313742076591432 0.41654727343825354 0.6164653002199153
decision_type=2 2 2 2 2 2 2 2 2 2 2 2 2 2 2 2 2 2 2 2 2 2 2 2 2 2 2 2 2 2
left_child=-1 2 3 4 -2 16 9 21 -9 10 12 -10 18 17 -14 -15 -6 -11 26 -20 -3 -8 23 25 -25 -23 29 -28 -5 -7
right_child=1 20 -4 28 5 6 7 8 11 13 -12 -13 14 15 -16 -17 -18 -19 19 -21 -22 22 -24 24 -26 -27 27 -29 -30 -31
leaf_value=-7.3204380129569246e-05 0.00015474557463660774 -9.3036639210551753e-05 -0.00012235506969275619 -9.7399596418790325e-05 -5.8855778723963403e-05 -0.00025196017543618968 1.454789721488635e-05 -0.00021348351020315269 0.00021885262628544181 0.00011021061590702966 -0.00054352395236492159 -0.00016814528265967968 0.00044386909114864641 -1.5763713128877139e-05 6.4776889324756501e-05 -0.00044892844744026661 -0.00027396392475498879 -2.0055984920569853e-05 -5.603869021195967e-05 -0.00024685685343460228 0.00011639934576426942 -0.00011702759152285581 4.1445157081960782e-05 -7.0481670358751777e-05 -0.00047740745225122996 -0.00037688968322155153 1.1869923770626616e-05 0.00037428441972128654 3.2500093328370664e-05 -1.2902769679360949e-05
leaf_weight=940 234 915 265 254 529 112 236 147 315 1466 33 65 53 414 118 29 135 360 499 183 120 128 139 398 35 187 695 57 7679 185
leaf_count=940 234 915 265 254 529 112 236 147 315 1466 33 65 53 414 118 29 135 360 499 183 120 128 139 398 35 187 695 57 7679 185
internal_value=-9.07077e-15 4.30479e-06 9.36272e-06 1.17397e-05 -7.76539e-06 -1.35996e-05 -3.50573e-06 -5.72107e-05 5.05257e-05 1.75726e-05 -3.14876e-05 0.000152656 -2.26036e-05 5.9411e-05 0.000182273 -4.41199e-05 -0.00010259 8.45283e-05 -4.28428e-05 -0.000107241 -6.87542e-05 -0.000107769 -0.000140313 -0.000174089 -0.000103374 -0.000271295 -9.7497e-07 3.93402e-05 2.83409e-05 -0.000103052
internal_weight=16925 15985 14950 14685 6752 6518 5854 1650 527 4204 1935 380 1902 2269 171 443 664 1826 1731 682 1035 1123 887 748 433 315 1049 752 7933 297
internal_count=16925 15985 14950 14685 6752 6518 5854 1650 527 4204 1935 380 1902 2269 171 443 664 1826 1731 682 1035 1123 887 748 433 315 1049 752 7933 297
is_linear=0
shrinkage=0.1


Tree=68
num_leaves=31
num_cat=0
split_feature=11 12 6 7 9 11 13 10 12 8 8 3 11 7 9 9 6 7 7 7 8 7 7 13 12 7 12 9 6 8
split_gain=0.00049371 0.000565335 0.000570813 0.000455174 0.000549321 0.000445417 0.000444965 0.000412866 0.000499787 0.000377272 0.000877356 0.000735169 0.000733365 0.000454605 0.000928529 0.000653028 0.000583222 0.000541696 0.000594109 0.000520921 0.000453489 0.000859583 0.000732039 0.000637089 0.000576076 0.000521997 0.00048023 0.000800161 0.000630376 0.00040347
threshold=0.057680152483128355 0.76973804454916606 0.34813039805935669 0.91409562537227373 0.18348295726417282 0.47941447603081594 0.8416992324362581 0.51103156058957311 0.21075805324646227 0.58421701562906458 0.58274326605811122 1.0002720006616583 0.088411757368113866 0.69078258063716436 0.35687370740678565 0.31634232826025221 0.75613207856667308 0.7695751168615218 0.7678119546031833 0.6445495344240334 0.6092253129501829 0.44253523453234528 0.51522722875161553 0.48937439752318146 0.68151890468476795 0.79200134269566558 0.61099311305194381 0.64653563347166931 0.42615430605368892 0.93458542020786817
decision_type=2 2 2 2 2 2 2 2 2 2 2 2 2 2 2 2 2 2 2 2 2 2 2 2 2 2 2 2 2 2
left_child=7 2 -2 4 -4 -3 9 8 -1 10 12 -12 -6 14 15 -14 -16 18 -15 -18 21 -11 23 -22 26 -26 29 -28 -29 -24
right_child=1 5 3 -5 6 -7 -8 -9 -10 20 11 -13 13 17 16 -17 19 -19 -20 -21 22 -23 24 -25 25 -27 27 28 -30 -31
leaf_value=-0.00024193784415300163 -0.00011116270162783692 4.4975053745451539e-05 0.0001768956443891256 -8.4051062913987007e-05 -0.00022290576275231112 0.00026992752003328254 0.00018434379332466053 0.00029309643810847773 7.7568325928877136e-05 -0.00061783498024632188 0.00065058118663728235 6.7304819822311401e-05 -3.2842051925718108e-06 -5.6173656429629341e-05 7.7948038076933364e-05 -0.00029208363724474829 0.0001750603912764096 4.9705018276781746e-05 -0.0004891715943813324 0.00059546641539782292 0.00050625970024009085 -6.4737649542211034e-05 -1.2822281615611421e-05 8.6613659228181896e-05 -0.00015608799178503223 2.7380666921089872e-05 0.00014082199445628385 -0.00051872297190129761 -1.0918851730910138e-05 -0.00026128149845383385
leaf_weight=53 527 1059 171 697 126 96 125 80 642 29 40 47 651 797 1218 89 112 628 33 40 43 904 6723 228 499 225 542 26 409 66
leaf_count=53 527 1059 171 697 126 96 125 80 642 29 40 47 651 797 1218 89 112 628 33 40 43 904 6723 228 499 225 542 26 409 66
internal_value=2.58087e-13 -3.74142e-06 -8.93401e-06 -5.21031e-06 -1.21989e-06 6.36724e-05 -3.45943e-06 7.79663e-05 5.32031e-05 -5.20158e-06 2.15908e-05 0.000335478 1.41982e-05 2.25713e-05 5.2243e-05 -3.80182e-05 0.000100997 -2.03692e-05 -7.33892e-05 0.000285694 -1.56515e-05 -8.19293e-05 -8.59332e-06 0.0001532 -1.37577e-05 -9.90708e-05 -5.80426e-06 5.97471e-05 -4.12704e-05 -1.52377e-05
internal_weight=16925 16150 14995 14468 13771 1155 13600 775 695 13475 3781 87 3694 3568 2110 740 1370 1458 830 152 9694 933 8761 271 8490 724 7766 977 435 6789
internal_count=16925 16150 14995 14468 13771 1155 13600 775 695 13475 3781 87 3694 3568 2110 740 1370 1458 830 152 9694 933 8761 271 8490 724 7766 977 435 6789
is_linear=0
shrinkage=0.1


Tree=69
num_leaves=31
num_cat=0
split_feature=6 6 7 13 7 7 9 10 10 11 8 9 12 8 9 8 9 10 10 8 13 10 13 10 13 8 8 8 11 8
split_gain=0.000400888 0.00068408 0.000559964 0.000604672 0.000615427 0.00102646 0.00107888 0.000793499 0.00076854 0.000718065 0.000542256 0.000533295 0.000598348 0.000531203 0.0005233 0.000493084 0.000492414 0.00051121 0.000598 0.000453815 0.00068414 0.000442447 0.000441918 0.000617132 0.000470433 0.000466724 0.000417652 0.00141624 0.000682478 0.000589667
threshold=0.49046650898768279 0.4984012219567216 0.62968931209535384 0.45687634520861492 0.7601883635990675 0.78441964670379238 0.51551802368374544 0.33522223577200566 0.3904794974674784 0.20189887560442463 0.60883782023235522 0.63438774374686979 0.19134465376153084 0.6428806358750182 0.71408001998565762 0.45638417219353683 0.556640141395912 0.3531005635457512 0.27202608882372076 0.54316698608758152 0.62174543261607418 0.43884030674183705 0.55605263421561835 0.078297672249068709 0.51085380662810376 0.71125457913245593 0.65109646683643574 0.63267369501390125 0.58660738693165937 0.63682575180440781
decision_type=2 2 2 2 2 2 2 2 2 2 2 2 2 2 2 2 2 2 2 2 2 2 2 2 2 2 2 2 2 2
left_child=2 14 15 -4 7 6 -6 10 -9 -8 -5 12 21 -12 -2 -1 17 18 -7 20 -13 -3 23 -18 -25 -24 27 28 -14 -29
right_child=1 11 3 4 5 16 9 8 -10 -11 13 19 26 -15 -16 -17 22 -19 -20 -21 -22 -23 25 24 -26 -27 -28 29 -30 -31
leaf_value=0.00042563689639791847 0.00012064975347102002 -0.00015085181407906801 -0.00010853613821793706 -1.1310711813204993e-05 0.00065951022523932348 -9.2902861120704094e-05 0.00036485598798482175 0.00021309172775083407 -3.4329420643893967e-05 2.0722573972307148e-05 -0.00028685137740862759 2.5506587782253333e-05 3.6390947955305922e-05 -9.9982721394450082e-05 0.00056481719715520743 3.7454112416306906e-05 -0.0003905423451215029 -0.00031894000391636434 0.00033207445443179961 -5.7597447725427402e-05 0.00053237284068018197 8.2555965729336328e-05 5.2935058063874611e-05 -3.6433215329795242e-06 0.00013900484633874537 -0.00017804523991724972 1.4692195273307798e-06 0.0006815665473158543 -0.00017044681129965955 0.00018998941023052866
leaf_weight=34 229 337 884 568 41 315 83 187 382 225 184 237 3564 878 30 871 30 87 37 1733 30 107 158 446 480 196 3982 26 167 397
leaf_count=34 229 337 884 568 41 315 83 187 382 225 184 237 3564 878 30 871 30 87 37 1733 30 107 158 446 480 196 3982 26 167 397
internal_value=-1.15191e-13 1.15324e-05 -2.05388e-05 -3.32163e-05 -1.77211e-05 2.10239e-05 0.000177609 -5.46865e-05 4.69847e-05 0.00011346 -9.01779e-05 7.6017e-06 1.84413e-05 -0.000132359 0.000172098 5.20378e-05 -1.02215e-05 -0.00010188 -4.8232e-05 -3.89001e-05 8.24579e-05 -9.46026e-05 2.04947e-05 5.5838e-05 7.02996e-05 -7.49523e-05 2.46103e-05 4.67933e-05 2.71329e-05 0.000220205
internal_weight=16925 10839 6086 5181 4297 2098 349 2199 569 308 1630 10580 8580 1062 259 905 1749 439 352 2000 267 444 1310 956 926 354 8136 4154 3731 423
internal_count=16925 10839 6086 5181 4297 2098 349 2199 569 308 1630 10580 8580 1062 259 905 1749 439 352 2000 267 444 1310 956 926 354 8136 4154 3731 423
is_linear=0
shrinkage=0.1


Tree=70
num_leaves=31
num_cat=0
split_feature=13 11 12 6 12 9 6 7 6 11 8 8 7 10 12 6 9 7 14 13 7 12 9 9 12 8 11 9 12 10
split_gain=0.000390968 0.000385698 0.000447587 0.000420186 0.000931167 0.000400343 0.000375528 0.000370394 0.000487993 0.000458453 0.000340916 0.000385548 0.000352319 0.00033701 0.000339549 0.000312441 0.000452055 0.000659204 0.000302922 0.000621789 0.000464039 0.00063777 0.000891684 0.000438696 0.000571998 0.000423089 0.000754269 0.000759574 0.000513294 0.000747971
threshold=0.82536181509403683 0.057680152483128355 0.76689076139671675 0.81259380654323088 0.67592676121431594 0.36222059666209022 0.34813039805935669 0.91409562537227373 0.74188943261495344 0.19654208789483854 0.67714496633406263 0.76667775879057243 0.71560272110890455 0.35073171524848895 0.21075805324646227 0.84165378801719692 0.22813698247173272 0.73803933104017372 2160.0000000000005 0.64327372856241272 0.56890466366414205 0.52825340439765267 0.61880861783306196 0.49695868659821019 0.45869123522464605 0.62550952721709729 0.15536227106323355 0.75429468892493035 0.67182207169316699 0.31721003916053331
decision_type=2 2 2 2 2 2 2 2 2 2 2 2 2 2 2 2 2 2 2 2 2 2 2 2 2 2 2 2 2 2
left_child=1 13 3 6 15 -4 -3 18 9 -9 -7 -12 -13 14 -1 -5 -17 -18 23 20 21 -20 -23 -8 -25 26 -22 -28 -27 -30
right_child=-2 2 5 4 -6 10 7 8 -10 -11 11 12 -14 -15 -16 16 17 -19 19 -21 25 22 -24 24 -26 28 27 -29 29 -31
leaf_value=-0.00020265888009782671 0.00010551944003456685 -9.6986216401939319e-05 0.00021947702679496548 0.00011942216403407381 0.0006497612151388939 8.8025798520218547e-05 -1.2218026665375627e-05 -0.00015883793243213009 -0.00041795381083630211 1.4162986165040673e-05 -9.1770902225538092e-05 0.00023394288728013636 -4.8231833264590743e-05 0.00022386308104368086 6.234737641793742e-05 0.00021185394562780858 -2.0775685441475687e-05 -0.00054287923267111189 1.589212237136825e-05 0.00020150980705531033 -8.4281929311118132e-05 8.745240374992137e-05 0.0006399964093757065 -0.00022594445753156835 -3.442556677820315e-05 -1.2519868514609815e-05 5.6572019810003369e-05 -0.00017346046267304797 -3.9931195748823341e-05 -0.0002808406563029197
leaf_weight=53 344 527 130 303 26 545 1611 273 41 349 321 88 89 118 551 75 346 26 265 151 553 80 46 256 399 5981 2581 152 467 178
leaf_count=53 344 527 130 303 26 545 1611 273 41 349 321 88 89 118 551 75 346 26 265 151 553 80 46 256 399 5981 2581 152 467 178
internal_value=2.52901e-13 -2.18917e-06 -5.44341e-06 -1.01913e-05 6.14233e-05 5.4e-05 -1.41864e-05 -1.09259e-05 -8.37948e-05 -6.17683e-05 3.33748e-05 -2.6434e-05 9.20584e-05 6.92913e-05 3.90935e-05 4.10276e-05 -1.21123e-05 -5.72668e-05 -7.12781e-06 5.69225e-08 -2.89556e-06 0.000103958 0.000289175 -4.0274e-05 -0.000109279 -7.11061e-06 2.22272e-05 4.37784e-05 -2.166e-05 -0.000106415
internal_weight=16925 16581 15859 14686 776 1173 13910 13383 663 622 1043 498 177 722 604 750 447 372 12720 10454 10303 391 126 2266 655 9912 3286 2733 6626 645
internal_count=16925 16581 15859 14686 776 1173 13910 13383 663 622 1043 498 177 722 604 750 447 372 12720 10454 10303 391 126 2266 655 9912 3286 2733 6626 645
is_linear=0
shrinkage=0.1


Tree=71
num_leaves=31
num_cat=0
split_feature=8 8 8 9 6 13 8 10 9 10 13 11 13 4 6 7 6 11 8 11 12 13 11 11 9 9 6 10 10 7
split_gain=0.000345634 0.000735868 0.000563632 0.000493217 0.000338739 0.000331628 0.000414774 0.000389905 0.000797177 0.000473539 0.000357162 0.000338324 0.0004271 0.000306558 0.000304975 0.000502711 0.000375826 0.000544924 0.000749608 0.000314336 0.00034151 0.000358833 0.000352566 0.000441314 0.000574439 0.000653822 0.000570058 0.000425537 0.000817747 0.000896553
threshold=0.75112367836655347 0.7495649301081696 0.75961438701294848 0.80008743483020239 0.28722103864083481 0.46788363640781033 0.77191386064199075 0.24718926526003301 0.39912851376303798 0.25469816839536302 0.56857922956583329 0.12389922509563936 0.5209657245347542 1.0000000180025095e-35 0.37323783918164638 0.85242412980487836 0.40033424321766281 0.24555080628406159 0.63267369501390125 0.60696008545841917 0.73805441400692395 0.48937439752318146 0.061825037512742209 0.12043102922048907 0.62304545383655496 0.61880861783306196 0.61485406932367848 0.30753410655989039 0.38024840321127051 0.70190401791883861
decision_type=2 2 2 2 2 2 2 2 2 2 2 2 2 2 2 2 2 2 2 2 2 2 2 2 2 2 2 2 2 2
left_child=1 3 -2 14 -4 -6 -7 13 -9 -10 11 -11 -13 -8 15 -1 17 18 -16 20 22 -22 -18 -24 25 27 -27 -25 29 -29
right_child=2 -3 4 -5 5 6 7 8 9 10 -12 12 -14 -15 16 -17 19 -19 -20 -21 21 -23 23 24 -26 26 -28 28 -30 -31
leaf_value=-2.3438749139174998e-05 -0.00014760301502461941 0.00030357083754546676 -0.00041475943289697175 -0.00015726125232774665 -8.0128319466659319e-05 0.00019651803833116359 -0.00028235097415745257 -0.00048657713701859826 -0.00027356768772006037 0.00016784699138013587 0.00013872836156613157 -2.6652484529826717e-05 -0.00027738404996026394 3.5907606665338889e-05 0.0002971891552749041 -0.00027158718367808321 8.2340714049316787e-05 0.00019059652731252407 -0.00024222384672611952 -7.2352103695382021e-05 -2.0265150086848755e-05 9.9291790376834668e-05 -5.8316746404392166e-05 3.6221286557153797e-05 -3.4756206224997634e-05 0.00011717623757371277 0.00058313598856329918 7.2368729201803258e-06 3.657633911983275e-05 -0.00019917771730123239
leaf_weight=987 362 83 21 185 558 109 31 42 75 62 131 298 88 1278 38 89 571 260 80 463 362 819 1096 4505 2243 97 36 429 1114 413
leaf_count=987 362 83 21 185 558 109 31 42 75 62 131 298 88 1278 38 89 571 260 80 463 362 819 1096 4505 2243 97 36 429 1114 413
internal_value=1.31977e-13 6.70674e-06 -3.04493e-05 4.91957e-06 -1.47011e-05 -1.1557e-05 6.54275e-06 -3.78508e-06 -6.42617e-05 -3.71405e-05 -6.51521e-06 -4.8986e-05 -8.38141e-05 2.83705e-05 7.12538e-06 -4.3964e-05 1.1514e-05 0.00010971 -6.85146e-05 8.45854e-06 1.16605e-05 6.26452e-05 5.92816e-06 1.53557e-06 8.95869e-06 2.38287e-05 0.000243301 1.93108e-05 -1.96369e-05 -9.40092e-05
internal_weight=16925 13870 3055 13787 2693 2672 2114 2005 696 654 579 448 386 1309 13602 1076 12526 378 118 12148 11685 1181 10504 9933 8837 6594 133 6461 1956 842
internal_count=16925 13870 3055 13787 2693 2672 2114 2005 696 654 579 448 386 1309 13602 1076 12526 378 118 12148 11685 1181 10504 9933 8837 6594 133 6461 1956 842
is_linear=0
shrinkage=0.1


Tree=72
num_leaves=31
num_cat=0
split_feature=7 13 12 6 6 6 10 10 9 9 12 11 12 12 9 12 12 8 8 8 9 6 3 13 13 10 8 12 12 7
split_gain=0.000311031 0.000381971 0.000310202 0.000426991 0.000603548 0.000495339 0.000456641 0.0005269 0.000426715 0.000418015 0.000565783 0.000538113 0.000416552 0.000408956 0.000738125 0.000594202 0.000502807 0.000407762 0.000522971 0.000436772 0.000404374 0.000410656 0.000516394 0.000499917 0.00040047 0.000390274 0.000630367 0.000394528 0.000384732 0.000522557
threshold=0.32965636847884078 0.47456928415971295 0.4613885541567973 0.49046650898768279 0.49531962331332652 0.47326978149872218 0.33522223577200566 0.3737671682095049 0.71408001998565762 0.70810354181132362 0.49934546517126038 0.15226135680978212 0.65816924792770337 0.53360523013147354 0.36222059666209022 0.53256741656384698 0.56003203341322993 0.75112367836655347 0.62960276056735687 0.63934970663216983 0.40845491496257186 0.79658322548699012 1.0001263238975699 0.55254821424623135 0.48293839221978901 0.23575896324610832 0.70707033421145393 0.73565980674034204 0.61593028286749207 0.66637075093667975
decision_type=2 2 2 2 2 2 2 2 2 2 2 2 2 2 2 2 2 2 2 2 2 2 2 2 2 2 2 2 2 2
left_child=1 -1 -2 5 -5 6 8 -8 -4 13 -11 -12 -7 14 -6 17 -15 18 -16 -20 -18 22 25 -23 -9 26 -22 -28 29 -24
right_child=2 -3 3 4 9 12 7 24 -10 10 11 -13 -14 16 15 -17 20 -19 19 -21 21 23 28 -25 -26 -27 27 -29 -30 -31
leaf_value=-0.0002491526072844863 -1.7197928222200554e-05 0.00012368092513486561 -3.8742053582081429e-05 0.00047309318014110131 -6.501339099131434e-05 -0.00023684415855776457 0.00021383398864094892 -0.00010703742224326231 0.00017639826563158143 0.00019164230874074359 9.1004247404134246e-05 -0.00018602073219147299 -3.8570327852181498e-05 -7.361559455866751e-05 4.7103332735051425e-05 0.00043236267520114781 9.3484850084683095e-05 1.2511010690714403e-05 0.00049172998137342241 0.00017951988199602507 8.4475444764585099e-05 8.7041870517400564e-05 7.7539270225744902e-05 0.00057825204701377798 8.0971495087665615e-05 0.00015351300191049144 -7.7243224696201972e-05 -0.00054244830691004605 -7.0910918457824794e-06 -0.00020765514240007511
leaf_weight=30 7412 327 1860 30 287 177 180 176 97 70 93 285 264 552 309 56 764 364 52 324 475 102 89 26 318 312 206 20 1437 231
leaf_count=30 7412 327 1860 30 287 177 180 176 97 70 93 285 264 552 309 56 764 364 52 324 475 102 89 26 318 312 206 20 1437 231
internal_value=4.26815e-13 9.23504e-05 -1.98992e-06 1.03213e-05 2.56665e-05 -2.00694e-05 -3.62946e-06 6.73597e-05 -2.80785e-05 2.34493e-05 -6.95035e-05 -0.000117864 -0.00011815 3.08776e-05 7.78713e-05 0.000114982 1.53543e-05 9.80394e-05 0.000143488 0.000222698 2.87654e-05 1.17034e-05 3.6114e-06 0.000186819 1.39886e-05 6.04747e-05 1.90653e-05 -0.000118412 -2.91732e-05 -0.000128335
internal_weight=16925 357 16568 9156 6084 3072 2631 674 1957 6054 448 378 441 5606 1392 1105 4214 1049 685 376 3662 2898 2770 128 494 1013 701 226 1757 320
internal_count=16925 357 16568 9156 6084 3072 2631 674 1957 6054 448 378 441 5606 1392 1105 4214 1049 685 376 3662 2898 2770 128 494 1013 701 226 1757 320
is_linear=0
shrinkage=0.1


Tree=73
num_leaves=31
num_cat=0
split_feature=13 8 7 8 7 6 11 10 10 12 7 9 12 12 11 11 9 9 12 14 6 8 6 7 13 13 6 6 7 9
split_gain=0.000278246 0.000289927 0.000304159 0.00031153 0.000614629 0.00031008 0.000435824 0.000384194 0.000426766 0.000351677 0.000522736 0.000425393 0.000412327 0.000582582 0.000412066 0.00038758 0.000369749 0.000416367 0.000904137 0.00043235 0.000410724 0.000350577 0.000366251 0.000330658 0.000509568 0.000330263 0.000431516 0.000524235 0.000356972 0.000303002
threshold=0.82536181509403683 0.4549904332903264 0.27456565717814513 0.47714437284930067 0.44253523453234528 0.5960607388022513 0.52840247310329802 0.51103156058957311 0.65134661377513459 0.57631473589944771 0.91409562537227373 0.70810354181132362 0.59368669587519241 0.61099311305194381 0.16701172502463665 0.13740700511008599 0.65200779707407674 0.53943662930964653 0.50250501795434421 2160.0000000000005 0.60636399741999714 0.8819774085590667 0.56631109369023835 0.84528934360541108 0.48937439752318146 0.51989659365374685 0.84165378801719692 0.6395807993882513 0.73803933104017372 0.31634232826025221
decision_type=2 2 2 2 2 2 2 2 2 2 2 2 2 2 2 2 2 2 2 2 2 2 2 2 2 2 2 2 2 2
left_child=1 -1 -3 4 -4 6 21 9 -9 10 11 16 -11 -14 15 -15 17 20 19 -19 -7 29 -23 24 -16 -22 27 -27 -28 -5
right_child=-2 2 3 5 -6 7 -8 8 -10 12 -12 -13 13 14 23 -17 -18 18 -20 -21 25 22 -24 -25 -26 26 28 -29 -30 -31
leaf_value=5.5039506042944337e-05 8.901771261345096e-05 0.00020158838605324571 -0.00042953767932634406 0.00022492193316933342 -4.793819044576761e-05 0.00042861164547502995 6.1356746598196867e-05 0.0002718036793951006 2.2823185069763539e-05 0.0002226131062146074 -0.0002263551190789824 -0.00018101718020625414 -0.00027187962313892982 6.8616318992498792e-05 -6.3239800983290107e-05 0.00030302226817600919 0.0001602799806278199 -0.00030618820809903219 0.00046658991569919253 -6.8318827781897409e-05 -2.6875292035147844e-05 -8.1804961378387697e-05 -0.00041281018610589393 -9.341276367058313e-05 0.00011569894132834463 -4.4540374642646933e-05 -3.8499761439407645e-05 0.00011646342748890118 -0.00045277173630893232 -1.7135780889654424e-05
leaf_weight=850 344 71 47 52 414 24 731 122 158 129 106 125 59 207 253 107 150 97 28 360 1083 181 41 213 429 279 104 735 26 9400
leaf_count=850 344 71 47 52 414 24 731 122 158 129 106 125 59 207 253 107 150 97 28 360 1083 181 41 213 429 279 104 735 26 9400
internal_value=-3.14132e-14 -1.84682e-06 -4.92058e-06 -5.85686e-06 -8.68431e-05 -3.40047e-06 -1.30957e-05 1.76422e-05 0.000131308 1.05916e-05 -8.09456e-06 -4.10865e-07 5.22845e-05 3.49561e-05 4.99299e-05 0.000148494 7.41165e-06 -9.69285e-07 -8.50114e-05 -0.000118808 1.71384e-05 -1.87216e-05 -0.000142937 1.535e-05 4.93184e-05 1.2704e-05 5.01729e-05 7.21636e-05 -0.000121354 -1.58041e-05
internal_weight=16925 16581 15731 15660 461 15199 10405 4794 280 4514 3117 3011 1397 1268 1209 314 2886 2736 485 457 2251 9674 222 895 682 2227 1144 1014 130 9452
internal_count=16925 16581 15731 15660 461 15199 10405 4794 280 4514 3117 3011 1397 1268 1209 314 2886 2736 485 457 2251 9674 222 895 682 2227 1144 1014 130 9452
is_linear=0
shrinkage=0.1


Tree=74
num_leaves=31
num_cat=0
split_feature=6 13 7 7 10 10 11 6 12 10 6 8 8 11 13 13 8 14 7 7 11 8 8 7 6 8 13 9 9 9
split_gain=0.000254603 0.000340447 0.000283215 0.000266962 0.000269819 0.000272434 0.00037295 0.000343483 0.00021026 0.000300454 0.00023226 0.000227182 0.000227821 0.000208401 0.000207567 0.000448956 0.000310695 0.000304262 0.000417453 0.000569812 0.00040265 0.000306176 0.00067287 0.000610386 0.000601189 0.000438917 0.000410799 0.000405025 0.000450463 0.00047384
threshold=0.34813039805935669 0.52721950516342064 0.81221080038265459 0.89360210887945468 0.3737671682095049 0.21484106758440288 0.19654208789483854 0.40033424321766281 0.16050371638258268 0.43884030674183705 0.46109079315764884 0.60883782023235522 0.62816990092727221 0.37628669232550421 0.45441810817222877 0.45243152464248199 0.52317524846301688 2061.0000000000005 0.40266647551541618 0.44253523453234528 0.36352865315636868 0.65109646683643574 0.6481492353402335 0.64901352260987144 0.6395807993882513 0.65985777109653243 0.48224680559503624 0.75429468892493035 0.67986449723848763 0.67784465867742982
decision_type=2 2 2 2 2 2 2 2 2 2 2 2 2 2 2 2 2 2 2 2 2 2 2 2 2 2 2 2 2 2
left_child=1 -1 13 8 5 6 -5 -8 9 10 -2 -12 -13 -3 15 16 -10 18 -16 -20 -21 22 23 26 27 -23 -19 28 29 -25
right_child=3 2 -4 4 -6 -7 7 -9 14 -11 11 12 -14 -15 17 -17 -18 21 19 20 -22 25 -24 24 -26 -27 -28 -29 -30 -31
leaf_value=-0.00015533608471621639 1.1765053264787399e-05 -3.5082628529823511e-05 -0.00036338318604975942 -0.00011933557313689441 9.4296743894422739e-05 -0.00015669250351493249 -0.00022550455405903256 6.5501225649300455e-05 0.00030297096968898851 0.00015951721429554447 -2.3184449937555553e-05 -0.00042500342030755501 -0.0001407849990352316 0.00012385128276273921 4.5412086161869731e-05 -0.0002431761941420257 -1.6066371157505539e-05 0.00041200663368015189 -0.00032216141842407724 -9.8792034891735685e-06 -0.00014283866713081847 -0.00014004156887900121 0.00041991929908323549 1.0764075559330413e-06 0.00011097709278577299 1.007884829580086e-05 0.0001024005295750737 -0.00015367225912483171 0.00011070804788035464 -0.00042785014957189563
leaf_weight=242 212 269 21 286 120 240 46 343 31 62 149 33 194 119 665 87 1991 46 73 1167 283 202 46 2736 619 5435 627 156 399 26
leaf_count=242 212 269 21 286 120 240 46 343 31 62 149 33 194 119 665 87 1991 46 73 1167 283 202 46 2736 619 5435 627 156 399 26
internal_value=-2.39846e-13 -6.1323e-05 -5.69675e-06 2.45307e-06 -4.66926e-05 -6.5183e-05 -3.26463e-05 3.10892e-05 5.79094e-06 -4.98579e-05 -7.19349e-05 -0.000119127 -0.000182103 1.36626e-05 8.27033e-06 -2.07456e-05 -1.11751e-05 1.31737e-05 -2.06906e-05 -4.95536e-05 -3.58292e-05 2.0373e-05 3.93532e-05 3.5555e-05 2.0507e-05 4.69933e-06 0.000123562 3.62393e-06 1.13867e-05 -2.96128e-06
internal_weight=16925 651 409 16274 1035 915 675 389 15239 650 588 376 227 388 14589 2109 2022 12480 2188 1523 1450 10292 4655 4609 3936 5637 673 3317 3161 2762
internal_count=16925 651 409 16274 1035 915 675 389 15239 650 588 376 227 388 14589 2109 2022 12480 2188 1523 1450 10292 4655 4609 3936 5637 673 3317 3161 2762
is_linear=0
shrinkage=0.1


Tree=75
num_leaves=31
num_cat=0
split_feature=6 11 12 11 8 12 13 8 8 6 8 10 11 9 13 9 7 8 8 8 9 9 9 13 10 7 8 11 6 12
split_gain=0.000220791 0.000218422 0.000290016 0.000300637 0.000288792 0.000285223 0.000284118 0.000230348 0.000554396 0.000365247 0.000338569 0.000524794 0.000310025 0.000324536 0.000348426 0.000310247 0.000307203 0.000458223 0.000531211 0.000488977 0.000478493 0.000834085 0.000427245 0.000422568 0.000339889 0.000339571 0.000352144 0.000590969 0.000331908 0.000540264
threshold=0.93745207032046307 0.057680152483128355 0.76973804454916606 0.47941447603081594 0.4715793401085146 0.21075805324646227 0.84243832482371084 0.75112367836655347 0.7495649301081696 0.84165378801719692 0.77357963100597937 0.62060531836178046 0.12043102922048907 0.45201971697094834 0.59039587957858986 0.57352377364841212 0.69365555442013671 0.63561090060117198 0.64117801080573122 0.64211399334603037 0.42283817000268686 0.44990109301056508 0.35687370740678565 0.47932095575182077 0.050899433248931002 0.68983868747755628 0.62816990092727221 0.20189887560442463 0.62845986103423523 0.37939089670042686
decision_type=2 2 2 2 2 2 2 2 2 2 2 2 2 2 2 2 2 2 2 2 2 2 2 2 2 2 2 2 2 2
left_child=1 4 6 -4 -1 -6 7 8 12 10 11 -9 13 14 -3 16 22 20 -19 -20 -18 -22 -14 -23 -24 26 -26 -28 29 -21
right_child=-2 2 3 -5 5 -7 -8 9 -10 -11 -12 -13 15 -15 -16 -17 17 18 19 28 21 23 24 -25 25 -27 27 -29 -30 -31
leaf_value=0.00027833592701846589 0.00011546596722881787 -0.00022148896377277924 2.9261057497598567e-05 0.00021407250242191369 -0.00018897189644499209 5.2010843960013161e-05 0.0002012096202144256 -0.00014665075856940419 0.0002549635493252651 -0.00040850243531167509 -1.4295924007087135e-05 0.00018203197766772727 -1.7955866153571616e-05 -2.1134155990873418e-05 -2.0875103710883651e-05 -1.787839010305731e-05 6.8984203414098989e-05 0.00015330320433902224 -0.0003178771585226059 0.00020636737758926638 -0.00024258976732982837 -0.00014286444158613908 0.0002642696024850011 6.9123347023207381e-06 8.2948752802911973e-05 0.00024825542510210815 0.00019628543926116369 -6.9849817331944328e-05 -4.652719707753481e-05 1.6716857881624314e-05
leaf_weight=52 164 193 1059 96 53 670 65 416 83 26 2061 55 795 1116 157 4637 300 293 45 181 232 254 86 729 1054 91 104 422 553 883
leaf_count=52 164 193 1059 96 53 670 65 416 83 26 2061 55 795 1116 157 4637 300 293 45 181 232 254 86 729 1054 91 104 422 553 883
internal_value=-8.25195e-14 -1.12979e-06 -3.64329e-06 4.4622e-05 5.07164e-05 3.43454e-05 -7.40207e-06 -8.32038e-06 -2.60311e-06 -3.56059e-05 -3.17768e-05 -0.00010827 -4.36625e-06 -4.74833e-05 -0.000131499 1.56391e-06 1.65347e-05 -2.83479e-06 2.91546e-05 7.26803e-06 -4.41149e-05 -7.20406e-05 4.28717e-05 -3.17889e-05 7.03947e-05 6.04167e-05 4.95981e-05 -1.72299e-05 1.63166e-05 4.89788e-05
internal_weight=16925 16761 15986 1155 775 723 14831 14766 12208 2558 2532 471 12125 1466 350 10659 6022 3470 1955 1662 1515 1215 2552 983 1757 1671 1580 526 1617 1064
internal_count=16925 16761 15986 1155 775 723 14831 14766 12208 2558 2532 471 12125 1466 350 10659 6022 3470 1955 1662 1515 1215 2552 983 1757 1671 1580 526 1617 1064
is_linear=0
shrinkage=0.1


Tree=76
num_leaves=31
num_cat=0
split_feature=12 8 8 9 7 6 12 7 9 7 10 7 8 10 13 8 7 14 9 13 6 10 12 7 12 6 12 9 6 7
split_gain=0.000203221 0.000224176 0.000558105 0.000649566 0.000321936 0.000264663 0.000265068 0.000316383 0.000230752 0.000229564 0.00022015 0.000219588 0.000473121 0.000425719 0.000355217 0.000254208 0.000246168 0.000218681 0.000678904 0.000395406 0.000258042 0.000237977 0.00046492 0.000682243 0.000455156 0.000374487 0.000329823 0.000309605 0.000304514 0.00047131
threshold=0.16050371638258268 0.7186555938850796 0.71226701944469928 0.46763181153130345 0.89904753813387495 0.28722103864083481 0.42859883540605187 0.56890466366414205 0.80008743483020239 0.6138681376613786 0.43884030674183705 0.79530162193480392 0.89473797945306954 0.11141533634841132 0.50126479371114308 0.79369213276556794 0.59384335633558394 2206.5000000000005 0.48412445919951447 0.59182113988647422 0.40033424321766281 0.30753410655989039 0.44518963878220635 0.78441964670379238 0.37819046511466198 0.45139246338164019 0.37020216912007209 0.63438774374686979 0.49046650898768279 0.55674469929331505
decision_type=2 2 2 2 2 2 2 2 2 2 2 2 2 2 2 2 2 2 2 2 2 2 2 2 2 2 2 2 2 2
left_child=10 2 8 -4 5 -3 7 -7 17 -9 -1 12 14 -13 16 -16 -8 21 -19 -20 -21 24 23 -23 26 -25 -2 -28 -26 -30
right_child=1 4 3 -5 -6 6 11 9 -10 -11 -12 13 -14 -15 15 -17 -18 18 19 20 -22 22 -24 25 28 -27 27 -29 29 -31
leaf_value=-6.5958931969485466e-05 4.219153466523452e-05 -0.0002454484436423221 0.00052251555200200528 8.6855945321790215e-05 -0.00011549685683484194 0.00021901046598537101 0.00010699042025314335 -0.00025655355230600645 -0.00013670667690998277 -4.2268092917687307e-05 0.000130543505093233 -7.9849738981017303e-05 -0.00021712140415377004 0.00012170210756357848 1.7851332914526674e-05 0.00013046890609391557 -5.415743539606028e-05 -0.00012663943321579172 0.00045205558546715315 -0.00024463974405080079 0.00012502973525028557 -2.6944044730125357e-05 1.0182176953453882e-05 -3.9783629373149864e-05 -3.3595644941662277e-05 -0.00029149824132521947 0.00026755248910700116 -0.00011365187820047141 -5.1003127893244375e-05 3.5443628712102392e-05
leaf_weight=709 2064 47 40 237 309 45 107 52 112 1296 62 142 98 400 693 282 831 131 36 20 338 894 2064 88 1911 180 118 26 816 2777
leaf_count=709 2064 47 40 237 309 45 107 52 112 1296 62 142 98 400 693 282 831 131 36 20 338 894 2064 88 1911 180 118 26 816 2777
internal_value=-6.88583e-14 2.39391e-06 9.49122e-06 0.000149767 -1.71592e-05 -9.54926e-06 -6.73952e-06 -4.18268e-05 6.13429e-06 -5.05343e-05 -5.01572e-05 1.24053e-05 -2.82026e-06 6.8897e-05 8.15805e-06 5.04238e-05 -3.57749e-05 7.52993e-06 7.05743e-05 0.000136145 0.000104378 4.50394e-06 -1.83021e-05 -6.88973e-05 1.40439e-05 -0.000208846 5.24002e-05 0.000198724 -1.34318e-06 1.58109e-05
internal_weight=16925 16154 11852 277 4302 3993 3946 1393 11575 1348 771 2553 2011 542 1913 975 938 11463 525 394 358 10938 3226 1162 7712 268 2208 144 5504 3593
internal_count=16925 16154 11852 277 4302 3993 3946 1393 11575 1348 771 2553 2011 542 1913 975 938 11463 525 394 358 10938 3226 1162 7712 268 2208 144 5504 3593
is_linear=0
shrinkage=0.1


Tree=77
num_leaves=31
num_cat=0
split_feature=7 13 14 8 7 7 11 11 6 7 7 7 11 9 9 9 12 6 6 11 11 6 11 7 13 13 6 6 12 11
split_gain=0.000189245 0.00027779 0.000261803 0.00035737 0.000320934 0.000297428 0.000313692 0.000288723 0.000287351 0.000598955 0.000605979 0.000402441 0.000388477 0.000285243 0.000963884 0.000425948 0.000375389 0.000474076 0.00029296 0.000559134 0.000639271 0.000710154 0.000529648 0.000453115 0.000364536 0.000692569 0.000561658 0.00036151 0.000581407 0.000525247
threshold=0.32965636847884078 0.47456928415971295 2061.0000000000005 0.45775422088918755 0.6505132282872963 0.51522722875161553 0.40301902950248031 0.3516139296291983 0.5960607388022513 0.54549638757514485 0.69078258063716436 0.67273945589528705 0.52840247310329802 0.4264409810463532 0.44876353618437109 0.46160565655351954 0.37939089670042686 0.56667289071127336 0.54836700777728653 0.12739200437264639 0.15372158917618553 0.57057182992031974 0.097756339472879664 0.6173840200069366 0.49247974825450636 0.48008547944898233 0.44028629231834632 0.43953520963748216 0.54704942233643439 0.50721530269567106
decision_type=2 2 2 2 2 2 2 2 2 2 2 2 2 2 2 2 2 2 2 2 2 2 2 2 2 2 2 2 2 2
left_child=1 -1 7 4 -4 6 -5 -2 12 -10 11 -11 13 16 -15 -16 -7 -18 24 22 -21 23 -20 -22 25 -17 -27 28 -26 -30
right_child=2 -3 3 5 -6 8 -8 -9 9 10 -12 -13 -14 14 15 18 17 -19 19 20 21 -23 -24 -25 27 26 -28 -29 29 -31
leaf_value=-0.00021919512655586005 -1.3022898439761188e-05 9.8754347829626657e-05 0.00035129087425920429 0.00037288654400685498 6.5872394512028117e-05 0.00021701057925023272 4.2088598664037798e-05 -9.7876363373400769e-05 -0.00030424437485635284 6.6997954019251506e-05 4.5394789383212668e-06 0.00023787477622533629 5.9530307608686909e-05 -0.0002323577806448051 0.00014868361508485543 -1.5761205648236338e-05 -2.0976047033318945e-05 0.00025976390537360442 -5.295461266198093e-05 -0.00038657559207015078 -0.00044863316655644907 4.3488761771443957e-06 0.00017790346611762064 -0.00012214494373568284 -6.5458600783451819e-05 0.00024498188868165015 -0.0001998173250147979 3.9904211437097366e-05 8.0123393417501517e-05 -0.00037991770077496769
leaf_weight=30 1610 327 49 43 201 111 86 534 55 789 2777 167 768 207 158 2596 469 69 225 67 46 636 178 560 1081 31 337 2146 546 26
leaf_count=30 1610 327 49 43 201 111 86 534 55 789 2777 167 768 207 158 2596 469 69 225 67 46 636 178 560 1081 31 337 2146 546 26
internal_value=-1.59492e-13 7.20359e-05 -1.5522e-06 3.29423e-06 0.000121814 1.20378e-06 0.000152355 -3.41571e-05 -1.84501e-07 2.33525e-05 2.81791e-05 9.68478e-05 -8.87691e-06 -1.44135e-05 -1.91113e-05 -1.39981e-05 4.95749e-05 1.50296e-05 -1.7031e-05 -5.39842e-05 -8.56936e-05 -6.94625e-05 4.90125e-05 -0.000146928 -7.67661e-06 -3.39609e-05 -0.000162348 1.28305e-05 -2.23177e-05 5.92124e-05
internal_weight=16925 357 16568 14424 250 14174 129 2144 14045 3788 3733 956 10257 9489 8840 8633 649 538 8475 1712 1309 1242 403 606 6763 2964 368 3799 1653 572
internal_count=16925 357 16568 14424 250 14174 129 2144 14045 3788 3733 956 10257 9489 8840 8633 649 538 8475 1712 1309 1242 403 606 6763 2964 368 3799 1653 572
is_linear=0
shrinkage=0.1


Tree=78
num_leaves=31
num_cat=0
split_feature=6 13 11 7 9 10 6 13 9 6 8 14 9 13 6 6 7 14 8 7 11 12 10 7 11 12 12 8 12 7
split_gain=0.000183751 0.000218695 0.000210596 0.00018981 0.000179026 0.000320755 0.000227285 0.000179428 0.00024447 0.000174828 0.000168298 0.000155582 0.000312026 0.000158151 0.00015108 0.000149581 0.000148233 0.000227029 0.000256535 0.000585591 0.000237244 0.000226734 0.000222851 0.000521139 0.000412446 0.000311166 0.00054111 0.000381307 0.000352774 0.000328795
threshold=0.34813039805935669 0.52721950516342064 0.37628669232550421 0.89360210887945468 0.60462376667655693 0.30252802182167515 0.40033424321766281 0.5484977166316406 0.59667095434338224 0.5696672124735177 0.67850312236992705 2206.5000000000005 0.48412445919951447 0.59039587957858986 0.93745207032046307 0.69524132328259103 0.27456565717814513 2061.0000000000005 0.52317524846301688 0.69078258063716436 0.051793709551613255 0.80991986765392321 0.29105889818336966 0.59384335633558394 0.1762556000297332 0.34023215571302873 0.31637852455269766 0.69169266276344654 0.17216131646935709 0.82567428119894692
decision_type=2 2 2 2 2 2 2 2 2 2 2 2 2 2 2 2 2 2 2 2 2 2 2 2 2 2 2 2 2 2
left_child=1 -1 -3 11 6 -6 -5 8 10 -9 -8 14 15 -14 16 -13 -2 20 19 -19 -18 -22 25 24 -24 26 27 28 -20 -30
right_child=3 2 -4 4 5 -7 7 9 -10 -11 -12 12 13 -15 -16 -17 17 18 22 -21 21 -23 23 -25 -26 -27 -28 -29 29 -31
leaf_value=-0.00012744630765997153 0.00010002174757047262 -5.3478956417228772e-05 0.0001045056145262568 -0.00019312391981877615 -6.7360608319921256e-05 -0.00039328068428273711 -0.00013622524976704477 1.4753227083722954e-05 9.121031372855857e-05 0.00023542255359260659 -8.7601000769445519e-06 -0.00010954682294897849 -6.0582290731232481e-05 0.00012239901961441294 9.8310286468803525e-05 0.00014144690940156578 0.00014094554235616439 0.00024822996423134335 -1.2209904026331417e-05 2.1630604541435261e-05 -4.5433845266725547e-05 7.5410149775214012e-05 5.6053159128436275e-06 -2.3557506990867198e-05 0.00035789343385169141 3.2446704949195153e-07 0.00034268338349647821 -1.3160158029870329e-05 0.00017436059260856728 3.9031323108290347e-05
leaf_weight=242 152 290 119 66 220 35 180 97 136 57 244 131 54 377 164 29 79 138 306 657 1910 169 68 3855 65 5469 60 825 414 317
leaf_count=242 152 290 119 66 220 35 180 97 136 57 244 131 54 377 164 29 79 138 306 657 1910 169 68 3855 65 5469 60 825 414 317
internal_value=-7.02017e-14 -5.20964e-05 -7.51279e-06 2.08398e-06 -3.93561e-05 -0.000112095 -1.55762e-05 8.35773e-07 -2.54525e-05 9.64295e-05 -6.28727e-05 4.89851e-06 5.52019e-05 9.94733e-05 2.86893e-06 -6.40542e-05 1.78826e-06 7.46429e-07 6.04546e-06 6.09648e-05 -2.91472e-05 -3.56105e-05 2.20849e-06 -1.6843e-05 0.000177776 1.24882e-05 4.70998e-05 3.75751e-05 7.79383e-05 0.000115675
internal_weight=16925 651 409 16274 1035 255 780 714 560 154 424 15239 591 431 14648 160 14484 14332 12174 795 2158 2079 11379 3988 133 7391 1922 1862 1037 731
internal_count=16925 651 409 16274 1035 255 780 714 560 154 424 15239 591 431 14648 160 14484 14332 12174 795 2158 2079 11379 3988 133 7391 1922 1862 1037 731
is_linear=0
shrinkage=0.1


Tree=79
num_leaves=31
num_cat=0
split_feature=13 13 9 6 6 12 8 6 13 9 8 10 10 12 9 14 9 9 7 13 6 12 13 8 9 8 12 6 12 13
split_gain=0.000156948 0.000212605 0.000168789 0.000152483 0.000263601 0.000208644 0.000168729 0.000449898 0.000744596 0.000435447 0.000503017 0.000353613 0.00035449 0.000316203 0.000298818 0.000283793 0.000416347 0.000274382 0.000258624 0.000258472 0.000257753 0.00032366 0.000254855 0.000253115 0.000252734 0.00022902 0.00022246 0.000218469 0.000288268 0.000203871
threshold=0.82536181509403683 0.80783774061807323 0.40698284742903496 0.79658322548699012 0.78643607246201819 0.57927767748534398 0.69169266276344654 0.70510798320188051 0.50497752568804366 0.3824004224048182 0.73318598857703565 0.18276944366002493 0.16056638246033203 0.72307943887922688 0.32893095639183018 2206.5000000000005 0.48412445919951447 0.60873549341255051 0.6445495344240334 0.58945703615382439 0.53387135968422139 0.74662344398089553 0.59182113988647422 0.76667775879057243 0.58865752326066134 0.8588502708600384 0.24208525115508525 0.35098789614194686 0.52907137344865685 0.57520613091258643
decision_type=2 2 2 2 2 2 2 2 2 2 2 2 2 2 2 2 2 2 2 2 2 2 2 2 2 2 2 2 2 2
left_child=1 3 -2 4 6 -5 15 9 14 10 -8 12 17 19 -9 27 -17 18 29 25 23 -22 -18 -15 -20 26 -13 28 -1 -11
right_child=2 -3 -4 5 -6 -7 7 8 -10 11 -12 13 -14 20 -16 16 22 -19 24 -21 21 -23 -24 -25 -26 -27 -28 -29 -30 -31
leaf_value=-3.6947387266882134e-05 0.00030687199905514721 -0.00021845236524111697 4.6412785419932063e-05 2.7099006570531592e-06 -0.00015499363939294167 8.9501351789651862e-05 0.00044342317793052651 -7.0241681532934316e-05 5.5861925111936508e-06 0.00027226601399619273 5.6794942154841196e-05 -3.4901075641815826e-05 -0.00017634635351358307 -9.1591802984476096e-05 -0.00042309799173381182 -0.00011427597637521104 0.00038587387987515994 -8.5866644855170151e-05 -4.2696716587191263e-05 -7.282693266243945e-05 -0.00040381793832321741 -8.8458232861012224e-05 0.00010458840701342531 0.00013797282635305937 0.0001092918540351093 -5.5642398724987022e-05 5.8827160869041061e-05 4.4429642098553243e-06 -0.00029734727890732199 3.0280595463558048e-05
leaf_weight=233 27 45 317 785 114 428 40 33 152 54 212 302 196 125 88 84 36 667 877 268 44 125 306 78 125 265 1568 9181 52 98
leaf_count=233 27 45 317 785 114 428 40 33 152 54 212 302 196 125 88 84 36 667 877 268 44 125 306 78 125 265 1568 9181 52 98
internal_value=-4.77158e-13 -1.38703e-06 6.68558e-05 -7.96326e-07 -3.49813e-06 3.33338e-05 -2.36259e-06 -1.67292e-05 -0.000141764 -9.96184e-06 0.000118165 -1.66997e-05 -4.85625e-05 6.45969e-06 -0.000326864 5.35952e-06 8.52027e-05 -3.48087e-05 -5.29781e-06 1.97412e-05 -7.93343e-05 -0.000170564 0.000134197 -3.3847e-06 -2.37361e-05 3.13609e-05 4.36903e-05 1.76633e-06 -8.44589e-05 0.000116249
internal_weight=16925 16581 344 16536 15323 1213 15209 5317 273 5044 252 4792 2017 2775 121 9892 426 1821 1154 2403 372 169 342 203 1002 2135 1870 9466 285 152
internal_count=16925 16581 344 16536 15323 1213 15209 5317 273 5044 252 4792 2017 2775 121 9892 426 1821 1154 2403 372 169 342 203 1002 2135 1870 9466 285 152
is_linear=0
shrinkage=0.1


Tree=80
num_leaves=31
num_cat=0
split_feature=12 10 6 6 4 13 6 13 9 9 11 13 8 7 8 10 13 13 3 12 13 12 12 10 12 13 13 6 8 14
split_gain=0.000142482 0.000162822 0.000173496 0.000208687 0.000152047 0.000165994 0.000296607 0.000358062 0.000194746 0.000296094 0.000178445 0.000172442 0.000404596 0.000233341 0.000235645 0.00015951 0.000158112 0.000195729 0.000191563 0.00028015 0.000261827 0.000249659 0.000204685 0.000138986 0.000215277 0.000139261 0.000277566 0.000253539 0.00040691 0.000310534
threshold=0.16050371638258268 0.43884030674183705 0.66053406403734771 0.70905853766620197 1.0000000180025095e-35 0.45687634520861492 0.47212109345412689 0.42873151992873831 0.71311780040281503 0.72722567328081011 0.25385312613161004 0.46651651205002465 0.72753381373037807 0.82678144079443372 0.61924694920846446 0.11785656430559922 0.45441810817222877 0.45112578092738875 1.0002720006616583 0.57631473589944771 0.44290044000528589 0.43321917643185581 0.59368669587519241 0.62060531836178046 0.17706657675973334 0.53269017460307089 0.53187182614716833 0.60293841969898276 0.91288423624025994 2061.0000000000005
decision_type=2 2 2 2 2 2 2 2 2 2 2 2 2 2 2 2 2 2 2 2 2 2 2 2 2 2 2 2 2 2
left_child=1 2 -1 -4 -2 6 7 -6 16 -10 15 12 13 14 -7 -9 17 18 19 -8 21 -20 -21 24 -13 26 -26 28 -27 -29
right_child=4 -3 3 -5 5 11 8 10 9 -11 -12 23 -14 -15 -16 -17 -18 -19 20 22 -22 -23 -24 -25 25 27 -28 29 -30 -31
leaf_value=-3.5425698445722347e-05 -7.889979808971563e-05 0.00011340416390486363 -0.00038803262286819519 -7.9067975562740719e-05 -0.0002020801435101707 8.169819952802327e-05 6.5268237374275779e-06 -0.00018741099843157269 -0.00015328690338979611 0.00022687355522066355 1.1803465208288194e-05 0.00014605279113831263 -4.9742776995562779e-05 1.3713014811989579e-05 0.00025632851606355512 -4.4535822097964559e-05 0.00016285654478772008 -8.9617311346177768e-05 5.1394100052176894e-05 0.00035415304279545458 6.3431738274616757e-05 -0.00012104721309207469 0.00010778703531143133 8.2600591444117804e-05 -5.0439482657197097e-06 5.1068620588798485e-07 -0.00014845426666779796 -5.6752029297451775e-06 -0.0003162511544892701 6.9196257940398064e-05
leaf_weight=608 229 62 32 69 159 174 315 109 140 24 377 105 245 170 139 276 71 173 124 41 268 260 190 226 6127 3727 138 925 41 1381
leaf_count=608 229 62 32 69 159 174 315 109 140 24 377 105 245 170 139 276 71 173 124 41 268 260 190 226 6127 3727 138 925 41 1381
internal_value=5.80626e-14 -4.19981e-05 -5.55875e-05 -0.000176958 2.00449e-06 3.16788e-06 -2.03406e-05 -6.55815e-05 5.60391e-06 -9.76537e-05 -3.70994e-05 7.60182e-06 5.49305e-05 0.000108026 0.00015925 -8.49862e-05 1.73475e-05 9.81201e-06 2.41703e-05 6.78677e-05 -1.24229e-05 -6.5363e-05 0.000151514 4.88238e-06 3.47092e-06 2.2576e-06 -8.20287e-06 1.3047e-05 -2.93603e-06 3.91633e-05
internal_weight=16925 771 709 101 16154 15925 2527 921 1606 164 762 13398 728 483 313 385 1442 1371 1198 546 652 384 231 12670 12444 12339 6265 6074 3768 2306
internal_count=16925 771 709 101 16154 15925 2527 921 1606 164 762 13398 728 483 313 385 1442 1371 1198 546 652 384 231 12670 12444 12339 6265 6074 3768 2306
is_linear=0
shrinkage=0.1


Tree=81
num_leaves=31
num_cat=0
split_feature=7 13 14 8 7 7 8 12 10 7 11 6 7 13 12 7 9 9 11 9 9 10 10 10 9 10 11 12 12 11
split_gain=0.000133328 0.00020987 0.000178535 0.000228112 0.000236344 0.000214661 0.000190787 0.000182618 0.000213263 0.000178584 0.000229337 0.000182257 0.00044534 0.000336705 0.00029548 0.000251064 0.00024937 0.000699192 0.000309917 0.000304031 0.00033074 0.000328345 0.000317277 0.000310864 0.000289245 0.00028266 0.000381985 0.000248703 0.000285843 0.000363011
threshold=0.32965636847884078 0.47456928415971295 2061.0000000000005 0.47543030561108196 0.6505132282872963 0.75595476367710612 0.77889415094482428 0.57993707685918705 0.60701844495078727 0.51522722875161553 0.40301902950248031 0.61103778516414076 0.54549638757514485 0.51260144885352288 0.74662344398089553 0.91409562537227373 0.4264409810463532 0.44876353618437109 0.52840247310329802 0.55830172261302735 0.5529281752035432 0.16427935904135452 0.28037368385058081 0.26669494389269116 0.43500722116472118 0.16303270701022246 0.41242266906773412 0.67889887808603422 0.64741511484844527 0.31475788862393289
decision_type=2 2 2 2 2 2 2 2 2 2 2 2 2 2 2 2 2 2 2 2 2 2 2 2 2 2 2 2 2 2
left_child=1 -1 5 4 -4 6 7 8 -2 10 -5 16 -13 15 -15 -14 25 24 19 20 -19 27 23 -23 -18 26 -11 28 29 -21
right_child=2 -3 3 9 -6 -7 -8 -9 -10 11 -12 12 13 14 -16 -17 17 18 -20 21 -22 22 -24 -25 -26 -27 -28 -29 -30 -31
leaf_value=-0.00019267213065177202 -3.5077857170015194e-05 8.3687508701979087e-05 0.00028717878977863157 0.00030644306869700901 4.9487223763068102e-05 -0.00024682639632374049 -0.00026219682767987252 1.9922385727653631e-05 -0.00027243804652243853 0.0003061673857948997 2.359783430556702e-05 -0.00026290942787785421 6.58615552289365e-08 4.5281367518315628e-05 0.00025920522983060847 -0.00017183806359147034 -8.3154562825251638e-05 3.9696800849869785e-06 6.4282084729036604e-05 -0.0001037743128593025 0.00011766486066515318 1.224145982753693e-05 -3.1780332482945788e-05 0.00015956426270704411 -0.00028927947737668688 1.3025141697187842e-05 2.3082945615617344e-05 5.3165369426567913e-06 -0.00019287566208968994 -7.7902781462447882e-07
leaf_weight=30 1287 327 49 43 286 44 33 741 39 88 86 55 1517 1778 67 90 169 2668 578 811 283 1444 2175 159 114 586 104 498 184 592
leaf_count=30 1287 327 49 43 286 44 33 741 39 88 86 55 1517 1778 67 90 169 2668 578 811 283 1444 2175 159 114 586 104 498 184 592
internal_value=-1.61761e-13 6.0464e-05 -1.30285e-06 2.69932e-06 8.4254e-05 -2.82279e-05 -2.36478e-05 -1.98393e-05 -4.2059e-05 7.6016e-07 0.00011788 -3.22104e-07 1.94045e-05 2.39025e-05 5.30499e-05 -9.56161e-06 -6.94041e-06 -1.13203e-05 -6.65387e-06 -1.13057e-05 1.4873e-05 -2.44821e-05 -6.90176e-06 2.68543e-05 -0.000166187 4.75271e-05 0.00015283 -5.63375e-05 -7.56845e-05 -6.03151e-05
internal_weight=16925 357 16568 14424 335 2144 2100 2067 1326 14089 129 13960 3507 3452 1845 1607 10453 9675 9392 8814 2951 5863 3778 1603 283 778 192 2085 1587 1403
internal_count=16925 357 16568 14424 335 2144 2100 2067 1326 14089 129 13960 3507 3452 1845 1607 10453 9675 9392 8814 2951 5863 3778 1603 283 778 192 2085 1587 1403
is_linear=0
shrinkage=0.1


Tree=82
num_leaves=31
num_cat=0
split_feature=12 7 7 11 7 11 7 13 8 7 7 11 9 6 8 12 14 11 13 11 7 6 11 13 8 12 6 12 9 12
split_gain=0.000119727 0.000126951 0.000225539 0.000302894 0.000225051 0.000215401 0.000164223 0.000210094 0.000141397 0.000298605 0.000423934 0.00033293 0.000336165 0.000460725 0.000254523 0.000251318 0.000238585 0.000230731 0.000207103 0.000303986 0.000273427 0.000244725 0.000235088 0.000204342 0.000573217 0.000194818 0.000309951 0.000199235 0.000373974 0.000297766
threshold=0.16050371638258268 0.34874410875762824 0.4853488384926416 0.13236847472050323 0.48791180488562053 0.21195607535464597 0.39152663967739926 0.51110005151115923 0.66770926108060979 0.69775434808285175 0.7044415352586052 0.55978042767059966 0.27982422649009814 0.46864461129009799 0.5749561921642109 0.23269059043592008 2061.0000000000005 0.28305505179886986 0.45441810817222877 0.52840247310329802 0.7344999242103788 0.63301367934273312 0.49081747849687873 0.46651651205002465 0.62329595172177898 0.24925579770354814 0.49046650898768279 0.43938785049266982 0.75429468892493035 0.39152001157011135
decision_type=2 2 2 2 2 2 2 2 2 2 2 2 2 2 2 2 2 2 2 2 2 2 2 2 2 2 2 2 2 2
left_child=-1 5 3 -3 -4 -2 -5 -8 9 11 -11 12 -6 14 -14 -15 17 -12 20 22 -18 -21 23 24 -20 26 -25 29 -29 -27
right_child=1 2 4 6 8 -7 7 -9 -10 10 16 -13 13 15 -16 -17 18 -19 19 21 -22 -23 -24 25 -26 27 -28 28 -30 -31
leaf_value=-3.8498590997727221e-05 1.3778677679896612e-05 -0.00024519903420270245 0.00017751530474625937 0.00012589615745175827 -8.3805308139954634e-05 0.00015800591611289693 -0.00033634318970143795 -3.6304716815249305e-05 -8.6605618765305221e-06 -0.0001513253226950964 2.8326228063011323e-05 -8.622317720149266e-05 6.1518503092597004e-05 -2.1354517242538611e-05 -4.7102952698505017e-05 0.00010623654685721232 -0.00014907251035914436 -0.00023297470579125795 2.558590730359356e-05 0.0001752272997126273 -1.0854992110259378e-05 -8.3738634129986182e-05 -0.00011565217743433702 0.00036920443543099935 0.00036670352317026407 -1.0037784495723663e-05 4.6139257255144541e-05 2.7378617422879372e-05 -0.00018368642750746486 -0.00015336770691229491
leaf_weight=771 434 79 73 57 182 136 25 351 7154 187 57 202 380 175 499 1310 171 83 256 193 878 45 144 35 61 697 196 1823 88 183
leaf_count=771 434 79 73 57 182 136 25 351 7154 187 57 202 380 175 499 1310 171 83 256 193 878 45 144 35 61 697 196 1823 88 183
internal_value=2.59858e-14 1.83747e-06 1.42047e-07 -6.51293e-05 2.35933e-06 4.81908e-05 -3.22759e-05 -5.62541e-05 1.50685e-06 1.07787e-05 -3.54659e-06 3.73493e-05 4.71535e-05 5.72358e-05 -1.44872e-07 9.12006e-05 2.08164e-06 -0.000126588 5.85811e-06 1.69216e-05 -3.33862e-05 0.000126263 9.45008e-06 1.48453e-05 9.12268e-05 6.8331e-06 9.50885e-05 -4.71448e-07 1.76592e-05 -3.98439e-05
internal_weight=16925 16154 15584 512 15072 570 433 376 14999 7845 5097 2748 2546 2364 879 1485 4910 140 4770 3721 1049 238 3483 3339 317 3022 231 2791 1911 880
internal_count=16925 16154 15584 512 15072 570 433 376 14999 7845 5097 2748 2546 2364 879 1485 4910 140 4770 3721 1049 238 3483 3339 317 3022 231 2791 1911 880
is_linear=0
shrinkage=0.1


Tree=83
num_leaves=31
num_cat=0
split_feature=13 11 9 7 11 9 10 11 10 11 12 11 7 12 11 6 13 11 7 10 12 8 12 7 10 10 6 7 7 11
split_gain=0.000114084 0.000106915 0.000180719 0.000192208 0.000145564 0.000176664 0.000257721 0.000420904 0.00045893 0.000384558 0.00032003 0.000302186 0.000275414 0.000213671 0.000290517 0.00025324 0.000206543 0.000188798 0.000607539 0.000218719 0.00028157 0.000273792 0.000205831 0.000182024 0.000178337 0.000325003 0.000483767 0.000304995 0.000464522 0.000240185
threshold=0.84243832482371084 0.057680152483128355 0.28738093768274148 0.85178986618762986 0.10152455056525221 0.60297223296930358 0.15472579266079253 0.14355352042984929 0.1715753882857475 0.15372158917618553 0.29099160089002513 0.52533281370762797 0.91409562537227373 0.6095363148584666 0.45662651981927171 0.42615430605368892 0.52721950516342064 0.19812076702807213 0.59384335633558394 0.32486513232278375 0.49934546517126038 0.7495649301081696 0.59368669587519241 0.75308660848094844 0.38024840321127051 0.3531005635457512 0.45139246338164019 0.73803933104017372 0.7515755448865532 0.40795369016883087
decision_type=2 2 2 2 2 2 2 2 2 2 2 2 2 2 2 2 2 2 2 2 2 2 2 2 2 2 2 2 2 2
left_child=1 2 -1 -4 -3 13 11 10 -9 -10 -8 -7 17 24 -15 -16 -13 18 -11 20 -19 22 -22 -20 25 -6 -27 -26 -29 -30
right_child=-2 4 3 -5 5 6 7 8 9 12 -12 16 -14 14 15 -17 -18 19 23 -21 21 -23 -24 -25 27 26 -28 28 29 -31
leaf_value=-7.3448576722142663e-05 9.7983177791752105e-05 -3.5657767538669226e-05 7.6724025780799038e-05 -0.00012807494658045472 -2.9244684849476403e-06 -5.7686785403993838e-05 -2.3628347371645559e-05 0.00020539035175093693 -0.00021913852745100208 0.00049048150279398621 0.00015289229499599474 -9.5335073222765532e-06 -0.00023535414279817984 1.8449314535507644e-05 0.00044025946408510208 9.1708481993241025e-05 0.00019482473158679995 4.0034750732840222e-05 -3.8217651868625631e-05 -6.0749434957440776e-05 -0.00013747131460253444 0.00018354348236850155 -1.8540395955223652e-05 7.8879824195610132e-05 8.6044964750369685e-05 0.00022333972156047822 -0.00020940114608815601 -0.00030273779993876819 -4.1911139381071083e-05 0.0001071377843447194
leaf_weight=123 118 1215 549 50 5628 1690 157 95 92 29 297 127 54 2004 22 397 81 872 265 841 237 48 377 266 586 31 155 52 297 170
leaf_count=123 118 1215 549 50 5628 1690 157 95 92 29 297 127 54 2004 22 397 81 872 265 841 237 48 377 266 586 31 155 52 297 170
internal_value=5.67433e-14 -6.87928e-07 3.69579e-05 5.9629e-05 -2.37772e-06 3.41534e-07 -1.3828e-05 1.78501e-06 -1.10894e-05 -1.77643e-05 9.18488e-05 -4.36884e-05 -1.15661e-05 8.72614e-06 3.42825e-05 0.000110009 7.00483e-05 -7.44872e-06 4.47827e-05 -1.97643e-05 2.70532e-06 -4.64658e-05 -6.4447e-05 2.04413e-05 -2.23552e-07 -7.22266e-06 -0.000137278 3.66025e-05 -1.92226e-05 1.23465e-05
internal_weight=16925 16807 722 599 16085 14870 5528 3630 3176 3081 454 1898 2989 9342 2423 419 208 2935 560 2375 1534 662 614 531 6919 5814 186 1105 519 467
internal_count=16925 16807 722 599 16085 14870 5528 3630 3176 3081 454 1898 2989 9342 2423 419 208 2935 560 2375 1534 662 614 531 6919 5814 186 1105 519 467
is_linear=0
shrinkage=0.1


Tree=84
num_leaves=31
num_cat=0
split_feature=13 13 9 6 6 12 10 9 7 7 6 12 7 6 11 11 7 9 9 10 10 11 11 11 11 10 3 11 13 8
split_gain=0.000105386 0.0001523 0.000118398 0.000101806 0.000193049 0.000137179 0.000105927 0.000230738 0.000105121 0.000103639 0.000256452 0.000263304 0.000253601 0.000223699 0.000198698 0.000201788 0.000202539 0.000467263 0.000435925 0.000242947 0.000329859 0.000362153 0.000303032 0.000241538 0.00023616 0.000254086 0.000217301 0.000191734 0.000185932 0.000182159
threshold=0.82536181509403683 0.80783774061807323 0.40698284742903496 0.79658322548699012 0.78643607246201819 0.57927767748534398 0.32486513232278375 0.22813698247173272 0.62571408000547124 0.81778253617777796 0.39163683536717581 0.36692568180853752 0.81835499581121351 0.41821680678681322 0.52840247310329802 0.50287257421761045 0.75934988896565103 0.36222059666209022 0.48213297374537728 0.31807105452333068 0.12447647402435562 0.45662651981927171 0.40795369016883087 0.36695370065792426 0.47612839067292695 0.22079121746399072 1.0000338291605451 0.31475788862393289 0.55085187646575984 0.57127803616824824
decision_type=2 2 2 2 2 2 2 2 2 2 2 2 2 2 2 2 2 2 2 2 2 2 2 2 2 2 2 2 2 2
left_child=1 3 -2 4 9 6 -5 -8 -9 14 11 -11 -12 -14 15 16 -1 -18 26 20 21 27 23 28 25 -22 -19 -20 -21 -16
right_child=2 -3 -4 5 -6 -7 7 8 -10 10 12 -13 13 -15 29 -17 17 18 19 22 24 -23 -24 -25 -26 -27 -28 -29 -30 -31
leaf_value=-6.3624344218221459e-06 0.00025580478832125663 -0.00018485555166585578 3.7662185571003672e-05 2.4547151751145674e-05 -0.00013249052648653129 7.27944603542676e-05 0.00015412797447203138 -5.971060551217749e-05 -0.00023374198080629719 -1.7729250008842963e-05 -0.00030045502353459597 -0.000168545964725298 0.00010186309051018075 -1.0769780970947391e-05 0.00015652393013274729 -9.9821958864078055e-05 0.00028774277411345672 -0.00036186736542731524 -0.00010789624256524545 1.1847507654008156e-05 0.00018546341570379791 0.00039623351767659187 0.00016324117916935525 -0.00016020155950592689 -0.00021978002041578293 6.3445072557783796e-05 -7.7552017821039178e-05 2.4108701572568856e-05 -0.00022463108988530521 2.8982967519413712e-05
leaf_weight=8564 27 45 317 576 114 428 41 119 49 255 29 212 189 2631 130 204 67 33 162 435 287 22 84 130 22 421 145 343 36 808
leaf_count=8564 27 45 317 576 114 428 41 119 49 255 29 212 189 2631 130 204 67 33 162 435 287 22 84 130 22 421 145 343 36 808
internal_value=-5.67998e-15 -1.13658e-06 5.47838e-05 -6.3662e-07 -2.84426e-06 2.7251e-05 2.41973e-06 -5.8563e-05 -0.00011047 -1.87249e-06 -1.75058e-05 -8.61942e-05 -6.24653e-06 -3.22098e-06 2.48636e-06 -1.29585e-06 5.73683e-07 2.77346e-05 1.95174e-05 3.32459e-05 5.9356e-05 -9.35046e-07 -1.46671e-05 -3.95329e-05 0.000102881 0.000112907 -0.000130262 -1.82374e-05 -6.22729e-06 4.66592e-05
internal_weight=16925 16581 344 16536 15323 1213 785 209 168 15209 3316 467 2849 2820 11893 10955 10751 2187 2120 1942 1257 527 685 601 730 708 178 505 471 938
internal_count=16925 16581 344 16536 15323 1213 785 209 168 15209 3316 467 2849 2820 11893 10955 10751 2187 2120 1942 1257 527 685 601 730 708 178 505 471 938
is_linear=0
shrinkage=0.1


Tree=85
num_leaves=31
num_cat=0
split_feature=9 9 10 12 8 10 9 4 10 12 10 7 10 6 6 13 8 6 7 10 12 10 9 9 8 10 9 10 10 7
split_gain=9.25068e-05 0.000301955 0.00023227 0.000223976 0.000174733 0.000184113 0.000153587 0.00026908 0.000151518 0.000531775 0.000459809 0.000435813 0.000334819 0.000303106 0.000326396 0.00023068 0.000239002 0.000302044 0.00022688 0.000173896 0.000168327 0.000152932 0.000147623 0.000258532 0.000182822 0.000144729 0.000194341 0.000291234 0.000289796 0.000202112
threshold=0.55830172261302735 0.5529281752035432 0.26463201525888014 0.49247653316707424 0.4549904332903264 0.22631362321377138 0.54157321893981503 9.4293551277246793e-05 0.13350106254748803 0.32884493953534683 0.11523739418681851 0.7601883635990675 0.14532218379570497 0.5696672124735177 0.58332570658914706 0.63812088451517623 0.79425738274611724 0.70510798320188051 0.6173840200069366 0.16303270701022246 0.23911923518388331 0.28283038999933569 0.4264409810463532 0.44800758077884245 0.5749561921642109 0.15307108238872538 0.56451100292302148 0.34775835626097279 0.16674989656885067 0.73885545106244666
decision_type=2 2 2 2 2 2 2 2 2 2 2 2 2 2 2 2 2 2 2 2 2 2 2 2 2 2 2 2 2 2
left_child=1 3 -3 8 5 -2 -5 -8 9 10 -1 -12 -10 18 -15 16 19 -18 21 -16 -17 -14 -20 -24 -25 -6 27 29 -28 -27
right_child=4 2 -4 6 25 -7 7 -9 12 -11 11 -13 13 14 15 20 17 -19 22 -21 -22 -23 23 24 -26 26 28 -29 -30 -31
leaf_value=4.9124979253472953e-05 2.8945677582694226e-05 0.00022591768010031608 4.076456583436598e-05 1.7696818465110842e-05 -2.9199583414038284e-05 0.00025128136482089757 -0.00016152870375663042 0.00026114288389255281 -0.00025470448413588966 -3.520589811904143e-05 0.00014560769918854489 0.0005821283268077033 0.00016484559962659011 0.00018136513896060575 -0.0001201013445525485 0.00031896559521555902 -1.5156898052737234e-05 -0.00029680306360012657 -5.1715753245051489e-06 5.9575955876330831e-06 5.8016799661457502e-05 -2.9096780406351962e-05 -0.00024638312530329392 0.00020465974230319262 -8.1677146950480563e-05 -5.9100806444364399e-05 0.00011175136855128297 0.00025403965264558792 -1.263493537589143e-06 -0.00025854405282777458
leaf_weight=290 146 105 191 4014 2617 50 20 61 61 633 66 35 70 101 119 28 90 66 249 1361 211 97 97 23 731 201 238 24 4862 68
leaf_count=290 146 105 191 4014 2617 50 20 61 61 633 66 35 70 101 119 28 90 66 249 1361 211 97 97 23 731 201 238 24 4862 68
internal_value=6.93849e-14 7.17224e-06 0.000106444 3.68365e-06 -7.62061e-06 8.5664e-05 2.04479e-05 0.00015678 -1.21781e-05 2.14312e-05 0.000113122 0.000296877 -2.25945e-05 -1.82286e-05 6.2518e-06 -3.18097e-06 -1.65873e-05 -0.000134315 -5.6408e-05 -4.17822e-06 8.85882e-05 5.21964e-05 -7.28961e-05 -9.27121e-05 -7.29427e-05 -9.90323e-06 -5.39512e-07 -7.97382e-05 4.01053e-06 -0.000109518
internal_weight=16925 8719 296 8423 8206 196 4095 81 4328 1024 391 101 3304 3243 1976 1875 1636 156 1267 1480 239 167 1100 851 754 8010 5393 293 5100 269
internal_count=16925 8719 296 8423 8206 196 4095 81 4328 1024 391 101 3304 3243 1976 1875 1636 156 1267 1480 239 167 1100 851 754 8010 5393 293 5100 269
is_linear=0
shrinkage=0.1


Tree=86
num_leaves=31
num_cat=0
split_feature=7 9 13 9 10 9 11 9 13 11 12 13 7 10 7 10 10 8 8 7 11 3 9 9 11 9 12 9 9 12
split_gain=9.51352e-05 0.000149765 0.000147881 0.000149132 0.000145164 9.34304e-05 9.19688e-05 0.000144028 0.000118629 0.000110696 0.000116911 0.00014198 0.000158846 0.000113972 0.000112456 0.000183317 0.000181361 0.00012353 0.00029623 0.000238645 0.000142424 0.00022184 0.000196642 0.000275767 0.000359057 0.000268333 0.000214717 0.000286139 0.000228567 0.000240462
threshold=0.89904753813387495 0.60462376667655693 0.5608885728417331 0.59667095434338224 0.30252802182167515 0.17211570356495087 0.057680152483128355 0.28738093768274148 0.84243832482371084 0.065758914579585659 0.76973804454916606 0.5031449976707919 0.70616799878796732 0.071058488557587965 0.86127845266027414 0.23885797507413351 0.19519977345854572 0.75112367836655347 0.7495649301081696 0.8463317908094462 0.12043102922048907 1.0000715908821134 0.62756804888566708 0.64744929171217025 0.15372158917618553 0.64653563347166931 0.71006012536739027 0.61880861783306196 0.61532253330261744 0.56440027080325672
decision_type=2 2 2 2 2 2 2 2 2 2 2 2 2 2 2 2 2 2 2 2 2 2 2 2 2 2 2 2 2 2
left_child=5 2 3 -2 -3 -1 7 -7 9 -8 14 12 -12 -13 17 16 -16 18 20 -19 21 -11 26 25 -25 -24 27 28 29 -22
right_child=1 4 -4 -5 -6 6 8 -9 -10 10 11 13 -14 -15 15 -17 -18 19 -20 -21 22 -23 23 24 -26 -27 -28 -29 -30 -31
leaf_value=0.00013830017764121297 -4.7179247240216754e-05 -6.8259054285928954e-05 0.00013805767483708839 7.0116624492049385e-05 -0.00029167635000443883 -6.3070185800514572e-05 -9.7761178885698004e-05 5.5404990849279626e-05 0.0001345153577410831 2.4869556914064712e-05 -0.00019277132347735124 -2.406453783935701e-05 1.0066706290768543e-05 8.8693581525140961e-05 1.9571475666884522e-05 9.8779404194959048e-05 -0.00015642748715785835 -2.2126536197097598e-05 0.00018764344290886299 -0.00026288090628527459 4.8880747691995221e-06 -6.350173968746311e-05 -6.5716449979981518e-05 0.00014115399910798787 -1.7747855741067161e-05 -0.00030958414964306238 -5.1817670827587424e-05 0.00012543447629661497 -0.00010743405808357354 5.4282394905684962e-05
leaf_weight=50 534 172 62 136 35 123 117 619 65 430 43 112 378 449 590 280 65 2089 83 42 4730 837 341 152 2206 52 501 231 156 1245
leaf_count=50 534 172 62 136 35 123 117 619 65 430 43 112 378 449 590 280 65 2089 83 42 4730 837 341 152 2206 52 501 231 156 1245
internal_value=1.73656e-13 -3.09345e-05 -9.69711e-06 -2.33699e-05 -0.000106035 1.81706e-06 1.38884e-06 3.57656e-05 -2.89953e-07 -8.69129e-07 -1.13975e-07 3.32426e-05 -1.06507e-05 6.61822e-05 -2.4487e-06 3.10563e-05 2.10593e-06 -4.841e-06 -5.59058e-07 -2.68716e-05 -1.99466e-06 -3.35099e-05 2.15864e-06 -2.04304e-05 -7.50482e-06 -9.79839e-05 1.12133e-05 1.6177e-05 1.20604e-05 1.51803e-05
internal_weight=16925 939 732 670 207 15986 15936 742 15194 15129 15012 982 421 561 14030 935 655 13095 10964 2131 10881 1267 9614 2751 2358 393 6863 6362 6131 5975
internal_count=16925 939 732 670 207 15986 15936 742 15194 15129 15012 982 421 561 14030 935 655 13095 10964 2131 10881 1267 9614 2751 2358 393 6863 6362 6131 5975
is_linear=0
shrinkage=0.1


Tree=87
num_leaves=31
num_cat=0
split_feature=12 4 6 7 9 13 3 12 9 6 9 10 6 12 9 6 10 14 7 11 11 7 11 11 11 6 8 8 7 8
split_gain=8.8776e-05 9.28024e-05 9.16808e-05 0.000122884 0.00011619 8.86005e-05 0.000266396 0.000320504 0.000258814 0.000232616 0.000188861 9.40102e-05 9.53486e-05 8.71372e-05 9.5054e-05 8.6262e-05 8.96305e-05 7.73386e-05 0.000198472 0.000188058 0.000159886 0.000144946 0.000187647 0.000201123 0.000177736 0.000343142 0.000144388 0.000397633 0.000278379 0.000257803
threshold=0.16050371638258268 1.0000000180025095e-35 0.68305403522415375 0.72047248604086034 0.64114729607543952 0.4399864587242967 1.0000001136767176 0.43321917643185581 0.61532253330261744 0.68802542054864813 0.47147446094664036 0.62060531836178046 0.66237776609898891 0.71674011992885533 0.5813360914415614 0.5159627334683935 0.32663277785985351 2061.0000000000005 0.34874410875762824 0.36352865315636868 0.21195607535464597 0.4853488384926416 0.13236847472050323 0.3516139296291983 0.15889505495883768 0.52032678888598516 0.65109646683643574 0.6481492353402335 0.64901352260987144 0.65985777109653243
decision_type=2 2 2 2 2 2 2 2 2 2 2 2 2 2 2 2 2 2 2 2 2 2 2 2 2 2 2 2 2 2
left_child=2 -2 3 4 -1 6 8 10 -3 -10 -8 17 -13 14 -9 -5 -17 18 20 21 -7 22 -20 -24 -23 -26 27 28 -19 -28
right_child=1 5 -4 15 -6 11 7 13 9 -11 -12 12 -14 -15 -16 16 -18 26 19 -21 -22 24 23 -25 25 -27 29 -29 -30 -31
leaf_value=3.4252109384653092e-05 -6.1624226449225221e-05 9.373740399343857e-05 -0.00013379642486940194 -2.703183863109144e-05 -0.00017424965044483544 7.4943306363669153e-06 -0.00022586123086512091 -0.00019232830389050723 -6.8295639948166137e-05 0.00025735045783221723 5.2752535448530769e-05 2.9992386061210364e-05 0.00016342976099729319 -4.2671134633565091e-05 -8.7220849870004336e-05 -0.00020185003255342914 -2.1620180632453412e-05 7.6893818124986266e-05 -0.00020167832763842014 -9.6503314780634007e-05 0.00013366903722806671 -2.3785428038536341e-05 -7.8698784170757525e-06 -0.00030286475084722046 -0.0001081584588973783 0.00012545634051784873 -8.4109154477118872e-05 0.00023930433082658753 6.8297233448486999e-06 1.8936953477551569e-06
leaf_weight=341 229 298 81 202 29 384 27 164 255 24 246 252 68 136 181 74 44 652 79 341 136 620 306 25 84 250 368 81 4354 6594
leaf_count=341 229 298 81 202 29 384 27 164 255 24 246 252 68 136 181 74 44 652 79 341 136 620 306 25 84 250 368 81 4354 6594
internal_value=-2.87707e-14 1.58223e-06 -3.3151e-05 -2.13361e-05 1.79101e-05 2.49114e-06 -2.22077e-05 -6.13438e-05 2.89337e-05 -4.02831e-05 2.51973e-05 4.74372e-06 5.83478e-05 -0.000110462 -0.000137185 -6.67144e-05 -0.000134646 3.542e-06 -1.35871e-05 -3.00811e-05 4.04939e-05 -1.34755e-05 -6.32009e-05 -3.01505e-05 7.89498e-06 6.67029e-05 6.70511e-06 1.95115e-05 1.59551e-05 -2.65228e-06
internal_weight=16925 16154 771 690 370 15925 1331 754 577 279 273 14594 320 481 345 320 118 14274 2225 1705 520 1364 410 331 954 334 12049 5087 5006 6962
internal_count=16925 16154 771 690 370 15925 1331 754 577 279 273 14594 320 481 345 320 118 14274 2225 1705 520 1364 410 331 954 334 12049 5087 5006 6962
is_linear=0
shrinkage=0.1


Tree=88
num_leaves=31
num_cat=0
split_feature=7 9 10 13 9 9 6 11 10 13 14 7 13 8 12 10 7 12 11 10 8 10 10 9 8 7 10 10 8 12
split_gain=7.67866e-05 0.000116565 0.000119808 0.000112947 9.68804e-05 9.41714e-05 8.56858e-05 0.000123111 0.000201262 9.05544e-05 7.50335e-05 0.000112015 0.000161641 0.000138203 0.000127587 0.00020711 0.000315342 0.00013727 0.000141665 0.000135351 0.000149161 0.000171499 0.000138276 0.000111911 0.000111326 0.000124898 0.000106099 0.000327847 0.000238026 0.000275691
threshold=0.89904753813387495 0.60462376667655693 0.30252802182167515 0.5159106121923408 0.59667095434338224 0.52307731876671115 0.35493126990944657 0.36138246404142599 0.11037295520967291 0.45687634520861492 2061.0000000000005 0.32965636847884078 0.47456928415971295 0.77889415094482428 0.40513874680464562 0.29752723074778514 0.39152663967739926 0.39613885181881486 0.35957731714559454 0.44586599666272164 0.47714437284930067 0.094545433897125011 0.32814580386470105 0.5590069810365127 0.45775422088918755 0.6505132282872963 0.21484106758440288 0.21985892705702828 0.68572073813410472 0.29182895806395381
decision_type=2 2 2 2 2 2 2 2 2 2 2 2 2 2 2 2 2 2 2 2 2 2 2 2 2 2 2 2 2 2
left_child=6 3 -3 4 -2 -5 7 8 -1 -9 11 12 -8 14 15 16 -13 18 -18 20 22 -22 -16 -23 25 -12 28 -28 29 -26
right_child=1 2 -4 5 -6 -7 10 9 -10 -11 24 13 -14 -15 19 -17 17 -19 -20 -21 21 23 -24 -25 26 -27 27 -29 -30 -31
leaf_value=-0.00020586227328749375 -6.415389663077445e-05 -5.9728637397922794e-05 -0.00026269807580060192 -4.9621452197389703e-06 4.9542892344394016e-05 0.00011391478323343177 -0.00017686202190816405 -0.00018438517581671477 -3.3581903589538854e-05 2.4098123482036887e-05 0.00021575826281985765 -0.00041796547473119247 6.7506207236520019e-05 -0.0002240890869870782 -4.1667710010027381e-05 1.9250478817014772e-05 4.2181223905388989e-05 -0.00022344134730409903 -0.00010042649390986623 -8.5632024007744695e-05 0.00020932872513575214 4.4762186137328779e-05 0.00013053766109378024 -7.2664401523070415e-05 0.00010190056372678957 3.7704261509378426e-05 -0.00017230779425018528 -5.0429011937986847e-07 -7.727086027586541e-06 2.0724659988183737e-05
leaf_weight=80 355 172 35 174 95 108 30 22 445 393 49 29 277 33 544 229 109 53 193 169 56 525 51 96 494 201 113 6512 2550 2733
leaf_count=80 355 172 35 174 95 108 30 22 445 393 49 29 277 33 544 229 109 53 193 169 56 525 51 96 494 201 113 6512 2550 2733
internal_value=6.65154e-14 -2.77917e-05 -9.40471e-05 -9.05557e-06 -4.01512e-05 4.05652e-05 1.63246e-06 -2.76583e-05 -5.98342e-05 1.3046e-05 3.4624e-06 -1.27719e-05 4.36266e-05 -2.10682e-05 -1.78064e-05 -5.60189e-05 -0.000100906 -7.50055e-05 -4.89555e-05 -1.5509e-06 9.62025e-06 4.17234e-05 -2.69072e-05 2.66093e-05 6.53425e-06 7.26028e-05 5.20243e-06 -3.43467e-06 1.51074e-05 3.31513e-05
internal_weight=16925 939 207 732 450 282 15986 940 525 415 15046 2394 307 2087 2054 613 384 355 302 1441 1272 677 595 621 12652 250 12402 6625 5777 3227
internal_count=16925 939 207 732 450 282 15986 940 525 415 15046 2394 307 2087 2054 613 384 355 302 1441 1272 677 595 621 12652 250 12402 6625 5777 3227
is_linear=0
shrinkage=0.1


Tree=89
num_leaves=31
num_cat=0
split_feature=6 8 8 12 4 13 6 13 13 10 11 11 13 7 8 8 7 6 7 12 13 7 12 10 10 12 13 13 6 6
split_gain=7.47753e-05 7.46e-05 0.000108545 7.05575e-05 7.36887e-05 7.53092e-05 0.000109004 0.000193472 0.000138352 0.000249289 0.000106072 0.000103464 0.000101463 0.000228772 0.000142536 0.000187583 9.2677e-05 0.000169276 0.000118294 0.000150387 0.000180039 8.74533e-05 8.71002e-05 8.60986e-05 8.34698e-05 0.000117167 9.54575e-05 0.000166364 0.00016416 0.000312467
threshold=0.95897773779688078 0.99980552153733726 0.93458542020786817 0.16050371638258268 1.0000000180025095e-35 0.45758468334368857 0.47212109345412689 0.42873151992873831 0.45112578092738875 0.28037368385058081 0.25385312613161004 0.37676020871536858 0.46651651205002465 0.64620202436674679 0.67246732343382665 0.62329595172177898 0.69365555442013671 0.73592657637873748 0.7344999242103788 0.57631473589944771 0.43073541953324307 0.67322198418727031 0.29182895806395381 0.11785656430559922 0.62060531836178046 0.17706657675973334 0.53269017460307089 0.53187182614716833 0.41821680678681322 0.37323783918164638
decision_type=2 2 2 2 2 2 2 2 2 2 2 2 2 2 2 2 2 2 2 2 2 2 2 2 2 2 2 2 2 2
left_child=1 2 3 -1 -5 6 7 -6 16 11 23 -10 13 -7 15 -15 21 18 -18 22 -21 -8 -20 -9 25 -14 27 28 29 -27
right_child=-2 -3 -4 4 5 12 8 10 9 -11 -12 -13 24 14 -16 -17 17 -19 19 20 -22 -23 -24 -25 -26 26 -28 -29 -30 -31
leaf_value=-2.9643254814878312e-05 0.00012732364399277646 0.00017583232838660481 -0.00012858906570314008 -5.4991540794390947e-05 -0.00014076112746114625 0.00023908317025581546 3.5653787806185094e-05 -0.00013354778975470488 -2.2583974180516895e-05 -0.00017816738860512322 1.3965348152005178e-05 0.00016839994456280364 0.00010732044099963138 4.1711619294674801e-05 -1.6662671413585137e-05 0.00026556750071113523 -0.00013594302397496925 -0.00012844159129679533 0.00010176447247257073 -8.1291055948895523e-07 0.00018781410219043354 0.00015897030020387817 -1.4642116923495821e-05 -2.857892031897791e-05 6.3465249727776818e-05 -2.4267150579478956e-05 1.0171734855831787e-05 -0.00011607961749415036 -1.1314374942496618e-05 0.00010375285974833877
leaf_weight=771 46 24 66 229 159 55 271 109 202 110 430 33 105 201 336 46 49 91 73 96 107 73 538 276 226 390 6036 138 5266 373
leaf_count=771 46 24 66 229 159 55 271 109 202 110 430 33 105 201 336 46 49 91 73 96 107 73 538 276 226 390 6036 138 5266 373
internal_value=7.66662e-14 -3.46992e-07 -5.97856e-07 -9.47039e-08 1.32757e-06 2.14441e-06 -1.33498e-05 -3.98567e-05 2.36388e-06 -5.39223e-05 -2.0171e-05 4.23504e-06 5.22279e-06 4.41239e-05 2.57315e-05 8.34014e-05 1.73244e-05 1.27885e-06 1.49574e-05 2.40411e-05 9.86112e-05 6.18227e-05 -7.34292e-07 -5.82974e-05 3.24266e-06 2.13685e-06 1.23181e-06 -7.51822e-06 -5.03332e-06 3.83167e-05
internal_weight=16925 16879 16855 16789 16018 15789 2617 974 1643 345 815 235 13172 638 583 247 1298 954 863 814 203 344 611 385 12534 12308 12203 6167 6029 763
internal_count=16925 16879 16855 16789 16018 15789 2617 974 1643 345 815 235 13172 638 583 247 1298 954 863 814 203 344 611 385 12534 12308 12203 6167 6029 763
is_linear=0
shrinkage=0.1


Tree=90
num_leaves=31
num_cat=0
split_feature=6 6 10 6 6 14 13 9 9 8 8 8 6 6 7 11 12 10 9 7 7 9 9 3 9 10 10 13 13 9
split_gain=6.67399e-05 0.000126025 9.64791e-05 9.0484e-05 0.000167978 7.24547e-05 0.000238215 0.00013819 0.000104544 9.70624e-05 9.17906e-05 0.00011639 0.000102022 0.000107471 7.89076e-05 0.000168589 0.000226799 0.000202977 0.000579329 0.000151877 0.000139111 0.000319339 0.000312987 0.000184515 0.000169031 0.000160159 0.000151611 0.000133084 0.000585769 0.000183277
threshold=0.79658322548699012 0.78855567714470409 0.44586599666272164 0.82973318282498421 0.82207603209287639 2206.5000000000005 0.64327372856241272 0.48714052811172853 0.52097611028383595 0.7017199476479058 0.8762821706912528 0.99980552153733726 0.68698531321470135 0.56631109369023835 0.81778253617777796 0.27607844153688527 0.65956504153246798 0.26669494389269116 0.60462376667655693 0.82417572980417764 0.75934988896565103 0.36222059666209022 0.48213297374537728 1.0000001136767176 0.79100123433665381 0.56752635259435136 0.53586150561860735 0.59811446608404017 0.57145907943731722 0.60462376667655693
decision_type=2 2 2 2 2 2 2 2 2 2 2 2 2 2 2 2 2 2 2 2 2 2 2 2 2 2 2 2 2 2
left_child=1 5 3 4 -2 10 7 -7 -9 -10 14 12 13 -12 20 16 -16 -17 19 -19 -1 -22 23 -23 25 26 27 28 29 -24
right_child=2 -3 -4 -5 -6 6 -8 8 9 -11 11 -13 -14 -15 15 17 -18 18 -20 -21 21 22 24 -25 -26 -27 -28 -29 -30 -31
leaf_value=-3.2802172957221982e-06 3.4640001509904588e-05 -0.00016885349294170737 -0.00010103010979946703 4.2162161434340309e-06 0.0001880096233731439 -7.7022922446014574e-05 0.00013009114374061315 0.00011243762904390072 4.8319329504142459e-05 -6.8619762450614351e-05 -7.3328680678350029e-05 0.00015824909787625076 2.1362381010641748e-05 -0.0002520156666500176 -5.4964413906075278e-05 3.1642876033501504e-05 5.0684391911393805e-05 -0.00023752406705170872 -0.00047466656348357604 8.2910279714439764e-07 0.0002393567091924375 -0.00030530374497175219 1.1377305590137704e-05 -5.2652522313129756e-05 -8.8215896834594173e-05 -6.0184499830938878e-05 0.00028269619215279821 -5.4151201629792924e-05 0.00047534578479826453 8.1515589261787756e-05
leaf_weight=9271 421 45 60 646 86 173 178 111 166 124 188 24 88 41 1325 1051 240 29 30 342 67 33 827 233 111 150 27 128 32 678
leaf_count=9271 421 45 60 646 86 173 178 111 166 124 188 24 88 41 1325 1051 240 29 30 342 67 33 827 233 111 150 27 128 32 678
internal_value=-1.648e-13 -1.74479e-06 2.26003e-05 2.90338e-05 6.06554e-05 -1.26481e-06 2.90213e-05 -2.32096e-06 2.99071e-05 -1.68221e-06 -2.7918e-06 -5.40779e-05 -7.01531e-05 -0.000105321 -1.59182e-06 -1.59932e-05 -3.87627e-05 8.54822e-06 -5.19817e-05 -1.78023e-05 2.16773e-06 2.42622e-05 1.77676e-05 -8.39965e-05 3.1628e-05 3.88499e-05 4.76295e-05 4.38176e-05 5.19764e-05 4.29745e-05
internal_weight=16925 15712 1213 1153 507 15667 752 574 401 290 14915 341 317 229 14574 3017 1565 1452 401 371 11557 2286 2219 266 1953 1842 1692 1665 1537 1505
internal_count=16925 15712 1213 1153 507 15667 752 574 401 290 14915 341 317 229 14574 3017 1565 1452 401 371 11557 2286 2219 266 1953 1842 1692 1665 1537 1505
is_linear=0
shrinkage=0.1


Tree=91
num_leaves=31
num_cat=0
split_feature=13 13 13 9 9 8 10 10 10 11 6 13 12 6 12 7 13 11 6 6 6 7 8 12 9 10 10 8 13 6
split_gain=6.82741e-05 0.000113967 0.00019609 8.54771e-05 8.40366e-05 7.06736e-05 9.63252e-05 9.26918e-05 8.5035e-05 7.81095e-05 7.73202e-05 6.84099e-05 6.91734e-05 0.000192653 0.000452946 0.000347764 0.000193794 0.000194198 0.000164133 0.000447636 0.000137859 0.000130587 0.000128531 0.000121604 0.000107263 9.74727e-05 0.000130811 0.000107972 9.4722e-05 9.41184e-05
threshold=0.82536181509403683 0.77984637196984352 0.75738907488478013 0.40698284742903496 0.51654981903158814 0.8762821706912528 0.14089967639610493 0.62060531836178046 0.26463201525888014 0.14050610472102984 0.56051069413465571 0.74907271340972936 0.29099160089002513 0.54836700777728653 0.28225224554341094 0.82567428119894692 0.55605263421561835 0.15536227106323355 0.62455145701257031 0.6473830657466112 0.53719222005118983 0.70190401791883861 0.73318598857703565 0.29144170727351842 0.71311780040281503 0.04384079906054706 0.039727736158101302 0.37648455220715543 0.63812088451517623 0.58414705646865539
decision_type=2 2 2 2 2 2 2 2 2 2 2 2 2 2 2 2 2 2 2 2 2 2 2 2 2 2 2 2 2 2
left_child=1 2 5 -2 -3 7 -7 11 -8 -9 -10 12 13 16 18 21 20 -18 24 -20 -1 -16 28 -14 -15 26 29 -27 -21 -25
right_child=3 4 -4 -5 -6 6 8 9 10 -11 -12 -13 23 14 15 -17 17 -19 19 22 -22 -23 -24 25 -26 27 -28 -29 -30 -31
leaf_value=-1.0377299850282215e-05 0.00021489728242158891 -2.4042385749370707e-05 0.00014137862094592456 2.9547230063457255e-05 -0.00012646670635465694 -0.00018141981679946185 2.0714927747824485e-05 -1.2782288591351805e-05 -1.9764988921547471e-05 9.2816867269290509e-05 -0.00017462260958771888 -0.0001311982166953385 0.00012913627755264508 -6.121062772233294e-05 -0.00018995979335159066 -1.9234781050019795e-05 3.3197338209654185e-05 0.00024775333379605609 0.00023896154893358076 -5.5450654466452257e-05 0.00014182300618549267 -0.00047994246283038092 6.4971167077765548e-05 7.4654184115336862e-05 -0.00026726019568741323 0.00015665091605941681 0.00018770669786525625 -2.9187632238208612e-07 0.00014421481173485518 -1.1240970595988781e-05
leaf_weight=1483 27 264 98 317 115 45 176 109 76 196 56 40 76 393 24 45 132 62 73 479 62 44 133 229 27 44 56 11731 25 288
leaf_count=1483 27 264 98 317 115 45 176 109 76 196 56 40 76 393 24 45 132 62 73 479 62 44 133 229 27 44 56 11731 25 288
internal_value=6.01529e-14 -9.14824e-07 3.53176e-07 4.40951e-05 -5.5121e-05 -5.05026e-07 -4.47566e-05 4.86707e-07 -2.47895e-05 5.50782e-05 -8.54622e-05 -5.91267e-07 -2.5216e-07 -1.39295e-05 -4.39936e-05 -0.000234886 7.55966e-06 0.000101767 -2.49044e-05 4.40826e-06 -4.26959e-06 -0.000377596 -2.24715e-05 3.03066e-06 -7.44567e-05 2.2545e-06 4.25305e-05 2.94577e-07 -4.55466e-05 2.68054e-05
internal_weight=16925 16581 16202 344 379 16104 353 15751 308 305 132 15446 15406 2982 1243 113 1739 194 1130 710 1545 68 637 12424 420 12348 573 11775 504 517
internal_count=16925 16581 16202 344 379 16104 353 15751 308 305 132 15446 15406 2982 1243 113 1739 194 1130 710 1545 68 637 12424 420 12348 573 11775 504 517
is_linear=0
shrinkage=0.1


Tree=92
num_leaves=31
num_cat=0
split_feature=6 9 9 9 13 13 9 14 13 9 9 8 8 8 10 10 7 6 13 8 6 13 12 10 11 7 7 13 8 7
split_gain=6.01538e-05 5.8071e-05 6.26482e-05 5.93103e-05 5.47811e-05 8.409e-05 6.92365e-05 5.41739e-05 0.000182116 0.000108631 8.45257e-05 7.82924e-05 6.62434e-05 8.89136e-05 7.85311e-05 6.99346e-05 0.000204038 0.000217253 0.000326794 0.000206441 0.000187315 0.000188596 0.000178758 0.000293064 0.000181585 0.000145736 0.000160162 0.000292333 0.000205043 0.000145201
threshold=0.95897773779688078 0.86587140862002732 0.83746194310786282 0.80008743483020239 0.82536181509403683 0.80783774061807323 0.40698284742903496 2206.5000000000005 0.64327372856241272 0.48714052811172853 0.52097611028383595 0.7017199476479058 0.8762821706912528 0.99980552153733726 0.62060531836178046 0.30252802182167515 0.69137918605799087 0.51879202258451673 0.56481366170888281 0.55164492325511427 0.4650668148162253 0.48794791493790707 0.57217408019419624 0.47820667940751899 0.20318699594529677 0.69273629421635941 0.80246197318243662 0.48224680559503624 0.65645008503345548 0.67710576631822694
decision_type=2 2 2 2 2 2 2 2 2 2 2 2 2 2 2 2 2 2 2 2 2 2 2 2 2 2 2 2 2 2
left_child=1 2 3 4 5 7 -6 12 9 -9 -11 -12 14 -14 15 -1 22 18 19 -18 21 -21 -17 29 -25 -19 -27 -28 -29 -24
right_child=-2 -3 -4 -5 6 -7 -8 8 -10 10 11 -13 13 -15 -16 16 17 25 -20 20 -22 -23 23 24 -26 26 27 28 -30 -31
leaf_value=2.5559483061277343e-06 0.00011419884293623593 -0.00012898643035441637 0.00011403729440644384 -6.2969442127117266e-05 0.00019340754952281716 -0.00019171313615515829 2.6592507313721013e-05 -6.7792909598042602e-05 0.00011421514258411284 0.00010122305299716514 4.3516583861334315e-05 -6.1508742416457787e-05 -5.9277410020817471e-05 0.00014035269850865006 4.9570337163101212e-05 -1.0823708867824126e-05 -0.00021015840272108714 -0.00026982461567968133 -0.00013207267105686836 -5.1712045435385864e-05 0.00010459757975309693 5.9222303204244477e-05 6.8193271927434199e-05 -1.4720676222541294e-05 -0.00030131745152175429 -3.3917127609280511e-05 -4.2275814755073241e-05 -0.00011573889217797226 -0.0003854126652219781 0.00021161276652196119
leaf_weight=10756 46 35 48 150 27 23 317 173 178 111 166 124 317 24 305 1114 36 32 156 306 264 307 394 122 27 974 194 59 54 86
leaf_count=10756 46 35 48 150 27 23 317 173 178 111 166 124 317 24 305 1114 36 32 156 306 264 307 394 122 27 974 194 59 54 86
internal_value=-8.60675e-14 -3.11224e-07 -4.38508e-08 -3.69875e-07 1.94221e-07 -6.39113e-07 3.96855e-05 -3.69152e-07 2.58438e-05 -1.56053e-06 2.70135e-05 -1.3908e-06 -1.63869e-06 -4.52272e-05 -6.59917e-07 -1.68943e-06 -1.27593e-05 -3.17842e-05 1.68577e-06 2.45404e-05 3.41746e-05 3.84561e-06 1.32402e-05 5.58591e-05 -6.66543e-05 -5.90343e-05 -5.37687e-05 -0.00011675 -0.00024461 9.38893e-05
internal_weight=16925 16879 16844 16796 16646 16302 344 16279 752 574 401 290 15527 341 15186 14881 4125 2382 1069 913 877 613 1743 629 149 1313 1281 307 113 480
internal_count=16925 16879 16844 16796 16646 16302 344 16279 752 574 401 290 15527 341 15186 14881 4125 2382 1069 913 877 613 1743 629 149 1313 1281 307 113 480
is_linear=0
shrinkage=0.1


Tree=93
num_leaves=31
num_cat=0
split_feature=6 8 13 3 12 9 6 9 6 4 10 10 10 8 9 12 6 3 8 7 9 6 9 9 10 12 8 8 8 11
split_gain=5.44785e-05 6.25696e-05 4.95753e-05 0.000160819 0.000226005 0.000138859 0.000134063 0.000133326 7.00295e-05 6.92483e-05 7.12025e-05 0.000213034 0.000201295 0.000211323 0.00018845 0.000172715 0.000298279 0.000210525 0.000203174 0.000194377 0.000152198 0.000127367 0.00018014 0.000348372 0.00026908 0.000153466 0.00012301 0.000214471 0.000113801 0.000193224
threshold=0.28722103864083481 0.75561110261267783 0.4399864587242967 1.0000001136767176 0.43321917643185581 0.61532253330261744 0.68802542054864813 0.47147446094664036 0.43482154084843488 1.0000000180025095e-35 0.33522223577200566 0.35073171524848895 0.30252802182167515 0.64732031941406698 0.65200779707407674 0.42237277372632676 0.61103778516414076 1.0001927314292371 0.66337165403204457 0.6739966343091196 0.53085461355332919 0.45209618376611954 0.41254686234933985 0.60971337286899163 0.3737671682095049 0.78916367124408737 0.69469801258615171 0.67714496633406263 0.79080476598780425 0.41046437482690984
decision_type=2 2 2 2 2 2 2 2 2 2 2 2 2 2 2 2 2 2 2 2 2 2 2 2 2 2 2 2 2 2
left_child=1 -1 3 5 7 -2 -7 -5 -6 -4 12 14 -11 -14 -12 16 18 -17 19 -13 -18 -19 -23 24 -24 -26 27 -15 -28 -30
right_child=2 -3 9 4 8 6 -8 -9 -10 10 11 15 13 26 -16 17 20 21 -20 -21 -22 22 23 -25 25 -27 28 -29 29 -31
leaf_value=4.791864921571687e-06 6.6264196871361215e-05 -0.00015752889027700147 -5.5379200039784636e-05 -0.00018731612944975496 -0.00022057269908193697 -4.2692191462174095e-05 0.00020238358993083239 4.6777071637608785e-05 -7.9117298854300988e-05 4.0644432262941638e-06 7.1446880145605994e-05 3.6651662530322723e-06 7.0635261946121619e-06 -7.788013445876413e-05 0.00033389384287499618 8.8594891180083802e-05 -1.159467626786099e-07 8.3213506618871099e-05 -1.2862515186976738e-05 -0.00017416513370777911 0.00012850481402563383 5.4048996700583132e-05 -0.00029156669762662866 5.1549447091510668e-05 -8.6583958855564048e-05 6.1145633398237734e-05 3.759321986845779e-06 -0.00027982414612779397 -0.00024533044917793089 -1.1963066175708212e-05
leaf_weight=48 317 47 207 27 38 319 24 246 443 10678 233 85 628 295 31 427 276 194 342 222 138 365 55 315 350 88 275 64 59 89
leaf_count=48 317 47 207 27 38 319 24 246 443 10678 233 85 628 295 31 427 276 194 342 222 138 365 55 315 350 88 275 64 59 89
internal_value=-2.37062e-13 -7.55142e-05 4.26253e-07 -1.74943e-05 -4.90466e-05 1.85517e-05 -2.5544e-05 2.3625e-05 -9.02926e-05 2.06998e-06 2.85188e-06 1.63175e-05 -6.24815e-07 -3.61368e-05 0.000102265 8.37565e-06 -2.35658e-05 2.73019e-05 -6.58738e-05 -0.000124929 4.27576e-05 8.15629e-06 -4.25727e-06 -3.05961e-05 -8.30826e-05 -5.69031e-05 -7.08296e-05 -0.000113881 -3.42917e-05 -0.000104995
internal_weight=16925 95 16830 1414 754 660 343 273 481 15416 15209 3121 12088 1410 264 2857 1063 1794 649 307 414 1367 1173 808 493 438 782 359 423 148
internal_count=16925 95 16830 1414 754 660 343 273 481 15416 15209 3121 12088 1410 264 2857 1063 1794 649 307 414 1367 1173 808 493 438 782 359 423 148
is_linear=0
shrinkage=0.1


Tree=94
num_leaves=31
num_cat=0
split_feature=9 9 10 10 8 11 6 11 7 9 7 10 10 10 12 6 12 10 9 10 7 3 7 8 13 13 12 12 12 8
split_gain=5.27715e-05 0.000193477 0.000173509 0.000124845 0.000153824 0.000143016 0.000182562 0.000168386 0.000173038 0.000129016 0.000194714 0.000130701 0.000123669 0.000112142 0.000198849 0.000281805 0.000163456 0.000150612 0.000147374 0.000138171 0.000155611 0.000319339 0.000204677 0.000209445 0.000212118 0.000175727 0.000178622 0.000366412 0.000136304 0.000135893
threshold=0.55830172261302735 0.5529281752035432 0.26463201525888014 0.15307108238872538 0.45775422088918755 0.52533281370762797 0.60226096634056059 0.44992269178599076 0.8397874709811135 0.56451100292302148 0.73885545106244666 0.16674989656885067 0.34775835626097279 0.2034246819585265 0.51667181657612382 0.57927670912229356 0.5146280336083654 0.21484106758440288 0.54686620352859683 0.18765117105994222 0.56598016579320165 1.0004210467487633 0.64620202436674679 0.73129707949785816 0.49862224546563555 0.61646351898454566 0.32884493953534683 0.31046255507360265 0.41021453545584691 0.77191386064199075
decision_type=2 2 2 2 2 2 2 2 2 2 2 2 2 2 2 2 2 2 2 2 2 2 2 2 2 2 2 2 2 2
left_child=1 13 -3 5 -5 7 -7 -2 -9 10 12 -11 -6 19 15 17 29 -15 -16 20 21 -1 23 24 -22 26 27 -24 -21 -17
right_child=3 2 -4 4 9 6 -8 8 -10 11 -12 -13 -14 14 18 16 -18 -19 -20 28 22 -23 25 -25 -26 -27 -28 -29 -30 -31
leaf_value=-0.00042705626266979378 -2.3698481944500302e-05 0.00018814197774710402 2.8114197306403236e-05 0.0001776239990722388 -4.3918573835039912e-05 9.6804517323026136e-05 -6.966318531859932e-05 -0.0002059354501741253 -5.0441846219150149e-06 7.747656066943315e-05 -0.00021140252578976182 1.5789648656742219e-06 0.00019625118002295495 -0.00027540621813386678 1.3695187180976892e-05 1.7119042804834225e-05 -0.00018535949664352382 -5.8395501004573798e-05 0.00024898799601942302 0.00025224755120622681 3.0632848502136764e-05 -2.1273814306539409e-05 4.8949023892055274e-05 1.9135618645985194e-05 0.0002285358711721047 -5.3677323660807243e-05 1.5836824844727551e-06 0.00040324509985023929 5.4330443419293379e-05 -6.7351799251892682e-05
leaf_weight=20 2286 105 191 50 201 201 98 106 72 238 68 4862 24 33 1890 1418 46 1036 27 41 90 640 500 269 136 386 1410 31 230 220
leaf_count=20 2286 105 191 50 201 201 98 106 72 238 68 4862 24 33 1890 1418 46 1036 27 41 90 640 500 269 136 386 1410 31 230 220
internal_value=3.06595e-14 5.41711e-06 8.48808e-05 -5.75576e-06 3.03226e-06 -2.30678e-05 4.22432e-05 -3.09931e-05 -0.000124676 1.41357e-06 -6.3116e-05 5.12085e-06 -1.83005e-05 2.62461e-06 -7.71921e-06 -2.49383e-05 5.52773e-07 -6.50946e-05 1.70092e-05 1.54958e-05 1.01429e-05 -3.35703e-05 2.03664e-05 7.87582e-05 0.000149725 7.94528e-06 2.01999e-05 6.9633e-05 8.42736e-05 5.77375e-06
internal_weight=16925 8719 296 8206 5443 2763 299 2464 178 5393 293 5100 225 8423 4670 2753 1684 1069 1917 3753 3482 660 2822 495 226 2327 1941 531 271 1638
internal_count=16925 8719 296 8206 5443 2763 299 2464 178 5393 293 5100 225 8423 4670 2753 1684 1069 1917 3753 3482 660 2822 495 226 2327 1941 531 271 1638
is_linear=0
shrinkage=0.1


Tree=95
num_leaves=31
num_cat=0
split_feature=7 13 14 8 12 13 10 6 10 13 11 11 8 7 11 12 11 6 6 13 12 6 9 3 7 11 11 13 11 3
split_gain=4.70099e-05 0.000101127 8.36781e-05 0.000114913 8.5601e-05 0.000172393 0.00016863 0.000125492 9.00924e-05 0.000104048 9.10133e-05 0.000142661 8.04704e-05 7.59637e-05 7.55488e-05 0.000167202 0.000297481 0.000218219 0.000211003 0.000202041 0.000220839 0.000160551 0.000143986 0.0001324 0.00012421 0.000142647 0.000118183 0.000139962 0.000129083 0.000241096
threshold=0.32965636847884078 0.47456928415971295 2061.0000000000005 0.77889415094482428 0.40513874680464562 0.53765738630932436 0.18328669232549022 0.72236671781175998 0.44586599666272164 0.67002007061139301 0.15889505495883768 0.16106911666338761 0.45775422088918755 0.49063869326947185 0.25442095278257798 0.43938785049266982 0.24201914831811422 0.61103778516414076 0.62726432863883474 0.58358893995123706 0.36059968271352999 0.82207603209287639 0.75429468892493035 1.0001581310186152 0.7044415352586052 0.13997753188780682 0.28117187313294989 0.47654805252253446 0.30092398858516839 1.0003129563271911
decision_type=2 2 2 2 2 2 2 2 2 2 2 2 2 2 2 2 2 2 2 2 2 2 2 2 2 2 2 2 2 2
left_child=1 -1 3 4 5 7 -7 -2 9 10 -6 -12 -4 -14 15 16 19 -17 -19 20 24 -20 26 -21 25 -15 27 -16 29 -28
right_child=2 -3 12 -5 8 6 -8 -9 -10 -11 11 -13 13 14 22 17 -18 18 21 23 -22 -23 -24 -25 -26 -27 28 -29 -30 -31
leaf_value=-0.0001398132648319006 -0.00032044379355234873 5.2023799100247087e-05 5.8207122911699123e-05 -0.00020437170751392842 -1.7093137749633264e-05 -8.5697682892623217e-05 2.654541071293378e-05 -6.492524407804012e-05 -7.2202006404525074e-05 -8.1909785606718111e-05 0.00027783636469393971 2.9622222882884629e-05 0.00011232725376087684 -0.00014132252531346139 0.00027860747829366189 -5.2072701597006876e-06 -0.00018356006456025204 0.00018648560081298152 1.2281807379968952e-05 0.00025687713176012042 -7.7998721987510393e-05 0.0001596821572220083 -5.2991472131742001e-05 4.0175290423262757e-05 9.689887018320936e-06 -1.9451728490673818e-05 -0.0004131435556337238 4.1814116297755392e-05 8.5120194170449398e-06 -3.2804505433887248e-05
leaf_weight=30 37 327 250 33 523 259 277 40 169 124 24 658 61 127 26 3401 116 105 525 35 633 86 374 145 1151 394 20 625 6250 100
leaf_count=30 37 327 250 33 523 259 277 40 169 124 24 658 61 127 26 3401 116 105 525 35 633 86 374 145 1151 394 20 625 6250 100
internal_value=7.14591e-14 3.5903e-05 -7.73623e-07 -1.92068e-05 -1.63123e-05 -4.77913e-05 -2.76915e-05 -0.000187707 -3.43069e-06 5.3145e-06 1.42903e-05 3.8357e-05 1.96631e-06 9.74342e-07 4.93046e-07 -7.18328e-06 -2.70315e-05 5.35625e-06 5.5533e-05 -1.97247e-05 -2.76929e-05 3.30288e-05 7.46661e-06 8.23118e-05 -8.64766e-06 -4.91592e-05 1.06871e-05 5.12713e-05 6.53953e-06 -9.61943e-05
internal_weight=16925 357 16568 2144 2111 613 536 77 1498 1329 1205 682 14424 14174 14113 6718 2601 4117 716 2485 2305 611 7395 180 1672 521 7021 651 6370 120
internal_count=16925 357 16568 2144 2111 613 536 77 1498 1329 1205 682 14424 14174 14113 6718 2601 4117 716 2485 2305 611 7395 180 1672 521 7021 651 6370 120
is_linear=0
shrinkage=0.1


Tree=96
num_leaves=31
num_cat=0
split_feature=6 13 13 11 9 7 12 12 8 7 12 10 7 11 14 9 10 13 12 13 7 12 11 12 7 9 7 13 6 10
split_gain=4.43721e-05 4.34335e-05 7.37436e-05 4.47458e-05 8.64952e-05 8.7296e-05 6.92521e-05 9.51186e-05 0.000147075 0.000153424 0.000141097 0.000131736 0.000117257 8.74839e-05 8.60995e-05 0.000164432 0.000123099 0.000105262 0.000100341 0.000186298 0.000128239 0.000121644 9.40983e-05 0.000142598 0.000331123 0.000185576 0.000254344 0.000177273 0.000167884 0.000165691
threshold=0.93745207032046307 0.82536181509403683 0.80783774061807323 0.057680152483128355 0.28738093768274148 0.85178986618762986 0.76973804454916606 0.67182207169316699 0.62475320453681238 0.79200134269566558 0.65956504153246798 0.25774251939824783 0.50489481729099106 0.46024062316588005 2160.0000000000005 0.49695868659821019 0.18328669232549022 0.66385169065591132 0.51393969954105612 0.59209285298291026 0.47546077938742431 0.49247653316707424 0.25442095278257798 0.48342793167465098 0.81985367743231741 0.6401874093823029 0.62968931209535384 0.58358893995123706 0.82207603209287639 0.13350106254748803
decision_type=2 2 2 2 2 2 2 2 2 2 2 2 2 2 2 2 2 2 2 2 2 2 2 2 2 2 2 2 2 2
left_child=1 2 3 4 -1 -6 7 10 12 11 14 -10 -9 -13 15 18 -17 22 19 -5 -20 -21 23 27 25 29 -27 -16 -26 -25
right_child=-2 -3 -4 6 5 -7 -8 8 9 -11 -12 13 -14 -15 17 16 -18 -19 20 21 -22 -23 -24 24 28 26 -28 -29 -30 -31
leaf_value=-5.2933865870402114e-05 5.1762906922504493e-05 3.466008970780274e-05 -0.00012908132953776255 -1.7964484879736313e-05 5.0652790193862453e-05 -8.7366404826752853e-05 2.2406015310104904e-05 -0.00016057743923738601 -4.0783181158347999e-05 6.2446469291899122e-06 9.5445343211527603e-05 -0.00018608087249209778 5.9733861664534712e-06 -6.9464698223069922e-05 -2.7994168892379306e-05 -0.00010907812938671003 -1.4663676696966786e-05 0.00014538749020692764 2.535604878657443e-05 4.4442610553156568e-05 -8.3961401503177891e-05 0.00020889496184228098 9.9078571645040198e-06 -4.0101383516836603e-05 -7.0013991161541834e-05 0.00024535216096624294 -4.1170069099908277e-05 0.00012039512302761574 0.00014837121125310659 8.7025312750587216e-05
leaf_weight=123 164 344 45 782 549 50 1081 44 308 270 151 153 1076 111 2681 307 251 51 170 381 291 51 5685 120 478 34 349 83 38 704
leaf_count=123 164 344 45 782 549 50 1081 44 308 270 151 153 1076 111 2681 307 251 51 170 381 291 51 5685 120 478 34 349 83 38 704
internal_value=1.07547e-13 -5.0648e-07 -1.24336e-06 -8.91982e-07 2.34476e-05 3.9132e-05 -2.01487e-06 -3.82687e-06 -2.4309e-05 -5.58861e-05 -6.39285e-07 -8.52136e-05 -5.69682e-07 -0.000137049 -1.80409e-06 -1.95933e-05 -6.66085e-05 2.08159e-06 -3.93086e-06 1.11516e-05 -4.36491e-05 6.38571e-05 1.36308e-06 -9.46309e-06 1.31159e-05 4.1779e-05 -1.57347e-05 -2.35382e-05 -5.39314e-05 6.85117e-05
internal_weight=16925 16761 16417 16372 722 599 15650 14569 1962 842 12607 572 1120 264 12456 2233 558 10223 1675 1214 461 432 10172 4487 1723 1207 383 2764 516 824
internal_count=16925 16761 16417 16372 722 599 15650 14569 1962 842 12607 572 1120 264 12456 2233 558 10223 1675 1214 461 432 10172 4487 1723 1207 383 2764 516 824
is_linear=0
shrinkage=0.1


Tree=97
num_leaves=31
num_cat=0
split_feature=6 7 6 7 9 9 13 7 13 8 7 11 10 10 8 8 8 12 11 11 11 12 12 8 6 8 8 6 7 11
split_gain=4.36635e-05 7.90956e-05 6.24545e-05 0.00021562 0.000163005 6.68129e-05 6.00657e-05 5.38903e-05 5.24782e-05 5.54544e-05 4.54193e-05 4.28729e-05 4.17526e-05 6.68878e-05 5.71662e-05 0.000158829 0.00014092 0.000148748 0.000133555 0.000118885 0.000122261 0.00028827 0.000157398 0.000112046 0.000110412 0.000103393 0.000103235 0.000202571 9.72208e-05 0.000100584
threshold=0.36969615208033696 0.85242412980487836 0.38283385605473003 0.84084755877063988 0.53943662930964653 0.69069065434483801 0.63812088451517623 0.74029240282409003 0.43436701577312237 0.5483027526554628 0.76142039965306985 0.37197926382133695 0.6166569118289672 0.60701844495078727 0.66770926108060979 0.65985777109653243 0.67313742076591432 0.67592676121431594 0.58660738693165937 0.58788622149275627 0.43608628665388832 0.57631473589944771 0.29144170727351842 0.65645008503345548 0.54502622722133798 0.7186555938850796 0.67714496633406263 0.6199196593005557 0.52297461102668474 0.41359461851907947
decision_type=2 2 2 2 2 2 2 2 2 2 2 2 2 2 2 2 2 2 2 2 2 2 2 2 2 2 2 2 2 2
left_child=1 6 3 4 -2 -5 8 -6 -1 -10 -11 -12 13 14 15 18 17 -16 23 20 26 22 -22 -4 -25 -24 27 -18 -28 -30
right_child=2 -3 12 5 7 -7 -8 -9 9 10 11 -13 -14 -15 16 -17 19 -19 -20 -21 21 -23 25 24 -26 -27 28 -29 29 -31
leaf_value=-0.00011013932805508376 0.00028564197620233668 -0.00014276842394254493 6.9113165171313493e-06 -9.6652273518534816e-05 1.5840248722868328e-05 9.5164857339113953e-05 -0.0001806436572223902 0.00012129779775128808 -8.6047169546113366e-05 -1.7108922231241934e-05 1.1014656393101554e-05 9.3919120569664407e-05 3.2243229301755822e-05 -0.00013120459625497462 -8.3786970924568148e-05 6.566004873904209e-05 0.00013629405286054235 8.4138631421813096e-05 -5.0526726633725612e-05 4.8063521859295303e-05 -0.00026541993839248104 3.7548033493187499e-05 -0.00022291061468422414 -0.00028213546611368658 -4.2577679677069498e-05 -5.6520934895134203e-05 6.3002215412880612e-05 -2.0961948516612342e-05 -1.0215530802289646e-05 0.00012350000906735659
leaf_weight=50 39 49 7476 104 111 22 21 86 79 585 348 76 402 39 390 415 154 61 453 422 49 255 42 24 97 337 199 175 4308 57
leaf_count=50 39 49 7476 104 111 22 21 86 79 585 348 76 402 39 390 415 154 61 453 422 49 255 42 24 97 337 199 175 4308 57
internal_value=-1.08198e-13 -1.83209e-05 1.40813e-06 4.24633e-05 9.88556e-05 -6.31604e-05 -1.30595e-05 6.18776e-05 -9.96701e-06 -5.3635e-06 9.53651e-07 2.58749e-05 4.40242e-07 -4.14757e-07 -7.27423e-08 5.33113e-06 -7.1659e-06 -6.10742e-05 2.22101e-06 -3.11245e-06 -6.98552e-06 -4.66188e-05 -9.67649e-05 5.36629e-06 -9.00933e-05 -7.49599e-05 -1.45322e-06 5.26472e-05 -5.3531e-06 -8.46942e-06
internal_weight=16925 1208 15717 362 236 126 1159 197 1138 1088 1009 424 15355 14953 14914 8465 6449 451 8050 5998 5576 683 428 7597 121 379 4893 329 4564 4365
internal_count=16925 1208 15717 362 236 126 1159 197 1138 1088 1009 424 15355 14953 14914 8465 6449 451 8050 5998 5576 683 428 7597 121 379 4893 329 4564 4365
is_linear=0
shrinkage=0.1


Tree=98
num_leaves=31
num_cat=0
split_feature=8 8 9 9 10 11 14 6 11 7 8 10 10 10 12 6 12 3 13 7 10 7 3 7 12 6 13 12 13 6
split_gain=3.85639e-05 4.91085e-05 4.02892e-05 0.000141268 0.000137814 0.000101306 0.000139972 0.000161325 0.000135073 0.000150116 0.000142161 9.28342e-05 0.000118633 9.23732e-05 0.00013976 0.000192491 0.000126056 0.000118675 0.000114898 0.000192072 0.000110801 0.000110726 0.000223698 0.000126849 0.000136051 0.000146448 0.000130027 0.000133697 0.000292833 0.00014034
threshold=0.99980552153733726 0.93458542020786817 0.55830172261302735 0.5529281752035432 0.26463201525888014 0.52533281370762797 2160.0000000000005 0.63301367934273312 0.41653778475965059 0.69616226213638555 0.66716164875366635 0.31847049104165615 0.26339858273633865 0.2034246819585265 0.51667181657612382 0.57927670912229356 0.5146280336083654 1.0001927314292371 0.51260144885352288 0.73039839452115807 0.18765117105994222 0.56598016579320165 1.0004210467487633 0.64620202436674679 0.49630266378992743 0.75613207856667308 0.61646351898454566 0.35969549053399347 0.59039587957858986 0.45430188335785915
decision_type=2 2 2 2 2 2 2 2 2 2 2 2 2 2 2 2 2 2 2 2 2 2 2 2 2 2 2 2 2 2
left_child=1 2 3 13 -5 8 -7 11 -4 -10 -11 12 -8 20 15 -15 -17 -16 -19 -20 21 22 -1 24 25 -23 27 29 -29 -25
right_child=-2 -3 5 4 -6 6 7 -9 9 10 -12 -13 -14 14 17 16 -18 18 19 -21 -22 23 -24 26 -26 -27 -28 28 -30 -31
leaf_value=-0.00035676720393894361 0.00012667089467868208 -8.627063361927868e-05 -4.3908307742073829e-06 0.00016481731718938266 2.21969171382087e-05 -0.00011145425769427676 7.5203488330758336e-05 -3.7045172860456189e-05 -0.00017757566418454408 -7.6142464713369759e-05 2.949267575321085e-05 0.00016138955166465358 -7.1129618762907668e-05 -5.4497214935247772e-05 6.2620612246091966e-05 4.3437933169877951e-06 -0.00016350424139881912 -3.1880276202492023e-05 -9.6743343982233138e-06 8.7424792684778841e-05 7.5808936281978559e-05 -1.9095929601462558e-05 -1.7143661400069731e-05 0.00014569006806654898 0.00011447708798275268 0.00022437155712395906 -4.4724639679921718e-05 -6.8153970102482153e-06 0.00029948173832963223 3.1503787619575266e-05
leaf_weight=20 24 66 6772 105 191 64 345 184 84 317 213 95 66 1069 396 1638 46 622 587 312 271 210 640 139 257 28 386 1269 32 477
leaf_count=20 24 66 6772 105 191 64 345 184 84 317 213 95 66 1069 396 1638 46 622 587 312 271 210 640 139 257 28 386 1269 32 477
internal_value=8.13239e-14 -1.79877e-07 1.57634e-07 4.89095e-06 7.27886e-05 -4.8984e-06 3.00176e-05 4.31396e-05 -8.46281e-06 -5.33739e-05 -3.36891e-05 7.22977e-05 5.17047e-05 2.49808e-06 -6.87316e-06 -2.1309e-05 -2.41129e-07 1.38581e-05 1.1625e-06 2.40241e-05 1.42341e-05 9.40855e-06 -2.74353e-05 1.80994e-05 6.4026e-05 9.5473e-06 8.22805e-06 1.88904e-05 7.1843e-07 5.72698e-05
internal_weight=16925 16901 16835 8695 296 8140 754 690 7386 614 530 506 411 8399 4670 2753 1684 1917 1521 899 3729 3458 660 2798 495 238 2303 1917 1301 616
internal_count=16925 16901 16835 8695 296 8140 754 690 7386 614 530 506 411 8399 4670 2753 1684 1917 1521 899 3729 3458 660 2798 495 238 2303 1917 1301 616
is_linear=0
shrinkage=0.1


Tree=99
num_leaves=31
num_cat=0
split_feature=4 12 12 6 7 11 9 10 10 8 8 12 3 8 10 8 6 7 8 8 13 13 11 8 10 6 6 10 9 8
split_gain=3.80317e-05 4.22234e-05 6.58258e-05 5.03129e-05 7.60015e-05 7.47025e-05 6.07954e-05 5.0289e-05 4.9949e-05 5.07858e-05 0.000108714 0.000105232 7.15905e-05 0.000156322 0.000187117 0.000179747 0.000177529 0.00012401 9.98631e-05 0.00022232 0.000107304 0.000118491 0.000105312 0.000132409 0.000146699 0.000110013 0.000168049 0.000103288 9.81732e-05 9.61243e-05
threshold=1.0000000180025095e-35 0.17216131646935709 0.17706657675973334 0.68305403522415375 0.72047248604086034 0.29298440454105557 0.64114729607543952 0.6166569118289672 0.60701844495078727 0.66911299530007551 0.67313742076591432 0.8329860103482275 1.0000001136767176 0.69044732999884528 0.19243525973762463 0.78466971898715621 0.43371514560628155 0.8463317908094462 0.7186555938850796 0.71125457913245593 0.62278781499779157 0.6051063846839887 0.13740700511008599 0.69209022131667453 0.49124536219786075 0.6302940423145359 0.49046650898768279 0.57148764018313547 0.40049167969797811 0.91288423624025994
decision_type=2 2 2 2 2 2 2 2 2 2 2 2 2 2 2 2 2 2 2 2 2 2 2 2 2 2 2 2 2 2
left_child=-1 3 -3 4 6 -6 -2 8 9 11 -11 -4 13 16 15 -15 -12 -16 19 22 21 29 -14 25 28 26 -24 -28 -25 -20
right_child=1 2 7 -5 5 -7 -8 -9 -10 10 12 -13 18 14 17 -17 -18 -19 20 -21 -22 -23 23 24 -26 -27 27 -29 -30 -31
leaf_value=-3.8327139390828823e-05 2.7090476369898253e-05 8.0698901687615692e-05 4.2157072654756943e-06 -9.5704760198354912e-05 -2.6647349050993812e-05 -0.00015037819118189969 -0.00012299875961616636 3.8358354592090609e-05 -0.00011263441992923618 -7.161318914128329e-05 1.4154301733588395e-05 8.842762929376983e-05 -4.5713889915194149e-05 -0.00010254825877907916 1.4515514991002009e-05 -4.7550385858644961e-06 -0.00019233163751085247 0.00022155159967951477 -7.804222725183923e-06 0.00011677224649289666 5.7046809602373595e-05 -0.00015273678792090934 2.5657077550910153e-05 -0.00019007294904440644 -0.00024274455435160133 8.4500000259835823e-07 0.00019276326582055641 2.9481255602012481e-05 5.4078854346475709e-06 -0.00011733506290040102
leaf_weight=255 389 105 8579 81 339 57 29 357 39 243 69 151 293 327 812 442 105 30 2312 215 225 61 253 27 27 293 144 53 530 83
leaf_count=255 389 105 8579 81 339 57 29 357 39 243 69 151 293 327 812 442 105 30 2312 215 225 61 253 27 27 293 144 53 530 83
internal_value=1.30255e-13 5.86288e-07 1.78506e-06 -2.05429e-05 -1.30636e-05 -4.44571e-05 1.66776e-05 1.25628e-06 3.91299e-07 6.79895e-07 -5.9802e-06 5.67229e-06 -3.44904e-06 -2.04034e-05 -1.06778e-05 -4.63394e-05 -0.000110449 2.18921e-05 3.25235e-06 2.12268e-05 -9.0502e-06 -1.51055e-05 8.54641e-06 2.0527e-05 -1.51026e-05 4.8532e-05 7.95815e-05 0.000148835 -4.06785e-06 -1.16001e-05
internal_weight=16925 16670 15775 895 814 396 418 15670 15313 15274 6544 8730 6301 1785 1611 769 174 842 4516 1835 2681 2456 1620 1327 584 743 450 197 557 2395
internal_count=16925 16670 15775 895 814 396 418 15670 15313 15274 6544 8730 6301 1785 1611 769 174 842 4516 1835 2681 2456 1620 1327 584 743 450 197 557 2395
is_linear=0
shrinkage=0.1


end of trees

feature_importances:
funding_stability=498
complexity_index=443
state_project_load=428
agency_track_record=424
land_acquisition_ease=413
sector_risk_factor=264
contractor_concentration=231
monsoon_exposure=213
original_duration_days=50
cost_revision_ratio=27
schedule_variance_ratio=9

parameters:
[boosting: gbdt]
[objective: regression]
[metric: l2]
[tree_learner: serial]
[device_type: cpu]
[data_sample_strategy: bagging]
[data: ]
[valid: ]
[num_iterations: 100]
[learning_rate: 0.1]
[num_leaves: 31]
[num_threads: 8]
[seed: 42]
[deterministic: 0]
[force_col_wise: 0]
[force_row_wise: 0]
[histogram_pool_size: -1]
[max_depth: -1]
[min_data_in_leaf: 20]
[min_sum_hessian_in_leaf: 0.001]
[bagging_fraction: 1]
[pos_bagging_fraction: 1]
[neg_bagging_fraction: 1]
[bagging_freq: 0]
[bagging_seed: 400]
[bagging_by_query: 0]
[feature_fraction: 1]
[feature_fraction_bynode: 1]
[feature_fraction_seed: 30056]
[extra_trees: 0]
[extra_seed: 12879]
[early_stopping_round: 0]
[early_stopping_min_delta: 0]
[first_metric_only: 0]
[max_delta_step: 0]
[lambda_l1: 0]
[lambda_l2: 0]
[linear_lambda: 0]
[min_gain_to_split: 0]
[drop_rate: 0.1]
[max_drop: 50]
[skip_drop: 0.5]
[xgboost_dart_mode: 0]
[uniform_drop: 0]
[drop_seed: 17869]
[top_rate: 0.2]
[other_rate: 0.1]
[min_data_per_group: 100]
[max_cat_threshold: 32]
[cat_l2: 10]
[cat_smooth: 10]
[max_cat_to_onehot: 4]
[top_k: 20]
[monotone_constraints: ]
[monotone_constraints_method: basic]
[monotone_penalty: 0]
[feature_contri: ]
[forcedsplits_filename: ]
[refit_decay_rate: 0.9]
[cegb_tradeoff: 1]
[cegb_penalty_split: 0]
[cegb_penalty_feature_lazy: ]
[cegb_penalty_feature_coupled: ]
[path_smooth: 0]
[interaction_constraints: ]
[verbosity: 1]
[saved_feature_importance_type: 0]
[use_quantized_grad: 0]
[num_grad_quant_bins: 4]
[quant_train_renew_leaf: 0]
[stochastic_rounding: 1]
[linear_tree: 0]
[max_bin: 255]
[max_bin_by_feature: ]
[min_data_in_bin: 3]
[bin_construct_sample_cnt: 200000]
[data_random_seed: 175]
[is_enable_sparse: 1]
[enable_bundle: 1]
[use_missing: 1]
[zero_as_missing: 0]
[feature_pre_filter: 1]
[pre_partition: 0]
[two_round: 0]
[header: 0]
[label_column: ]
[weight_column: ]
[group_column: ]
[ignore_column: ]
[categorical_feature: ]
[forcedbins_filename: ]
[precise_float_parser: 0]
[parser_config_file: ]
[objective_seed: 16083]
[num_class: 1]
[is_unbalance: 0]
[scale_pos_weight: 1]
[sigmoid: 1]
[boost_from_average: 1]
[reg_sqrt: 0]
[alpha: 0.9]
[fair_c: 1]
[poisson_max_delta_step: 0.7]
[tweedie_variance_power: 1.5]
[lambdarank_truncation_level: 30]
[lambdarank_norm: 1]
[label_gain: ]
[lambdarank_position_bias_regularization: 0]
[eval_at: ]
[multi_error_top_k: 1]
[auc_mu_weights: ]
[num_machines: 1]
[local_listen_port: 12400]
[time_out: 120]
[machine_list_filename: ]
[machines: ]
[gpu_platform_id: -1]
[gpu_device_id: -1]
[gpu_device_id_list: ]
[gpu_use_dp: 0]
[num_gpu: 1]

end of parameters

pandas_categorical:[]
