tree
version=v4
num_class=1
num_tree_per_iteration=1
label_index=0
max_feature_idx=16
objective=binary sigmoid:1
feature_names=timeline_elapsed_fraction physical_progress_pct financial_progress_pct cost_revision_ratio schedule_variance_ratio milestone_completion_ratio complexity_index funding_stability agency_track_record land_acquisition_ease monsoon_exposure contractor_concentration state_project_load sector_risk_factor original_duration_days days_elapsed budget_utilization_ratio
feature_infos=[0.016949152542372801:1] [0:1] [0:1.5] [1:2.8736208179800604] [0:2.391783324816469] [0:1] [0.21499698906828171:0.98526970948528825] [0.18990811385480821:1] [0.26973030104552831:1] [0.094628220438093394:0.8723117987626432] [0.0094654099132994995:0.75384491693491673] [0.032974040368781501:0.75915141550295451] [0.051150598167189802:0.9468937066415708] [0.369042389747333:0.90550677910428123] [1490:2222] [25:2222] [0:1.0671509308542175]
tree_sizes=3391 3385 3399 3404 3408 3405 3412 3403 3408 3408 3415 3425 3420 3409 3406 3403 3422 3416 3422 3412 3411 3430 3412 3426 3406 3436 3440 3429 3427 3441 3418 3425 3431 3432 3433 3431 3430 3436 3434 3446 3444 3432 3435 3457 3454 3433 3427 3411 3429 3442 3436 3431 3417 3426 3443 3453 3437 3421 3440 3440 3459 3427 3458 3434 3443 3429 3448 3449 3452 3456 3440 3443 3440 3435 3500 3468 3469 3451 3448 3511 3462 3470 3476 3473 3489 3473 3500 3489 3483 3507 3525 3494 3490 3501 3526 3523 3510 3514 3504 3516

Tree=0
num_leaves=31
num_cat=0
split_feature=14 4 1 4 0 4 7 10 6 6 3 0 7 1 12 6 10 12 9 12 7 9 13 3 9 10 11 6 6 12
split_gain=8475.67 696.777 194.611 416.734 164.243 150.244 146.097 224.718 176.621 101.86 113.436 97.5796 94.1668 92.1044 77.2856 114.868 181.641 177.368 148.583 123.299 102.441 108.717 94.7876 137.562 191.699 124.789 95.5197 66.0339 158.3 68.3782
threshold=2160.0000000000005 0.37965464628872075 0.61322205389163054 0.17163128551578141 0.63003220611916277 0.25324482261369285 0.7515755448865532 0.38024840321127051 0.56869220593884806 0.3032871196108709 1.0000163150411741 0.74527629233511605 0.45061084015926617 0.64252005905241416 0.58547508372896639 0.45209618376611954 0.29232867100509347 0.54704942233643439 0.79460066279039931 0.12781160682864304 0.81778253617777796 0.51551802368374544 0.45243152464248199 1.0000001136767176 0.61638522406896834 0.013570379329668402 0.095411007887807611 0.41016311911536191 0.42463639788650204 0.52575717297699753
decision_type=2 2 2 2 2 2 2 2 2 2 2 2 2 2 2 2 2 2 2 2 2 2 2 2 2 2 2 2 2 2
left_child=6 2 3 9 -5 -6 -1 -8 -9 10 -2 -7 -11 -3 15 16 17 19 20 -14 21 -18 23 24 -17 -24 -25 -21 29 -29
right_child=1 13 -4 4 5 11 7 8 -10 12 -12 -13 14 -15 -16 22 18 -19 -20 27 -22 -23 25 26 -26 -27 -28 28 -30 -31
leaf_value=-0.52179951953232462 -0.98759821618097365 -0.60976171824671344 -0.97703663589572898 -0.58846223897038996 -0.91036974652117886 -0.56957411053452178 -0.51191561320397672 -0.51191561320397672 -0.98759821618097376 -0.51191561320397672 -0.51191561320397672 -0.80578175459865486 -0.51191561320397672 -0.78323087564270832 -0.96661221899081207 -0.55247769562837179 -0.89246169558557431 -0.51191561320397672 -0.98759821618097376 -0.98759821618097376 -0.98759821618097376 -0.51191561320397672 -0.51191561320397672 -0.51191561320397672 -0.92633606276726954 -0.95865674293179659 -0.96930273145108925 -0.60619504802824642 -0.95571600418519642 -0.98759821618097376
leaf_weight=637.39980840682983 8.6191926598548907 66.430850744247437 729.05756449699402 36.579012751579285 89.345289766788483 27.749595880508423 44.357308566570282 11.141883194446562 26.06780219078064 5.2556052803993216 11.982780039310454 47.300447523593903 6.9373989701271048 56.760537028312683 557.51460814476013 27.118923246860504 9.4600895047187787 10.721434772014616 16.817936897277832 129.91856253147125 7.5680716037750235 36.368788540363312 6.3067263364791861 4.8351568579673758 27.749595880508423 729.05756449699402 81.987442374229431 23.334887444972995 78.413630783557892 5.8862779140472403
leaf_count=3032 41 316 3468 174 425 132 211 53 124 25 57 225 33 270 2652 129 45 51 80 618 36 173 30 23 132 3468 390 111 373 28
internal_value=-0.844626 -0.922295 -0.932846 -0.916631 -0.780109 -0.822752 -0.537925 -0.663938 -0.845162 -0.931995 -0.710926 -0.718444 -0.934575 -0.689688 -0.935837 -0.921568 -0.870829 -0.910016 -0.728394 -0.927473 -0.646755 -0.590469 -0.940395 -0.865502 -0.741555 -0.954825 -0.943831 -0.939609 -0.881685 -0.683024
internal_weight=3558.04 2839.08 2715.89 1986.83 200.974 164.395 718.967 81.567 37.2097 1785.85 20.602 75.05 1765.25 123.191 1760 1202.48 325.427 255.212 70.2149 244.491 53.3969 45.8289 877.055 141.691 54.8685 735.364 86.8226 237.553 107.635 29.2212
internal_count=16925 13505 12919 9451 956 782 3420 388 177 8495 98 357 8397 586 8372 5720 1548 1214 334 1163 254 218 4172 674 261 3498 413 1130 512 139
is_linear=0
shrinkage=1


Tree=1
num_leaves=31
num_cat=0
split_feature=14 4 1 4 15 4 13 10 13 8 6 4 0 3 12 6 10 12 9 12 13 7 3 9 10 11 7 9 13 14
split_gain=6339.47 569.581 177.92 367.34 110.845 116.818 101.581 193.121 138.416 88.4683 84.7085 83.0872 133.198 81.1171 75.7615 92.5613 144.826 134.816 113.596 94.8136 78.5832 117.754 110.938 138.712 98.3154 74.7021 74.6565 72.9214 64.2748 121.797
threshold=2160.0000000000005 0.37965464628872075 0.60792036322966092 0.17163128551578141 1419.5000000000002 0.25324482261369285 0.74907271340972936 0.45923303749839045 0.75738907488478013 0.92070472418343885 0.3032871196108709 0.47045312638461473 0.88303693570451447 1.0000163150411741 0.58547508372896639 0.45209618376611954 0.29232867100509347 0.54704942233643439 0.79460066279039931 0.12781160682864304 0.45243152464248199 0.49063869326947185 1.0000001136767176 0.61638522406896834 0.013570379329668402 0.095411007887807611 0.81778253617777796 0.51551802368374544 0.60677024379879241 2206.5000000000005
decision_type=2 2 2 2 2 2 2 2 2 2 2 2 2 2 2 2 2 2 2 2 2 2 2 2 2 2 2 2 2 2
left_child=6 2 3 10 -5 -6 -1 8 -8 -10 13 12 -3 -2 15 16 17 19 26 -12 22 -22 23 -17 -23 -24 27 -18 -16 -30
right_child=1 11 -4 4 5 -7 7 -9 9 -11 14 -13 -14 -15 28 20 18 -19 -20 -21 21 24 25 -25 -26 -27 -28 -29 29 -31
leaf_value=0.26844600129876867 -0.13724702119551274 0.25211398129434459 -0.12563396826589995 0.18786440527961995 -0.073652619964871019 0.10789816553900827 -0.15934516476968663 -0.14455683306279488 0.24963997615924233 -0.1372470211955128 0.26684842298727773 0.23248810858972538 -0.022097133928247126 0.26684842298727773 -0.1228030081770962 0.23697711987055914 -0.04394905809401474 0.26684842298727773 -0.1372470211955128 -0.089250558749028402 0.28896513512123229 0.26684842298727773 0.26684842298727773 -0.076220567161464262 -0.10903813980649746 -0.1183431257132157 -0.1372470211955128 0.26684842298727773 0.36290228093559196 -0.13803694188857357
leaf_weight=598.15938326716423 7.9094392061233547 26.420984700322151 710.37585543096066 52.275546193122864 70.586549788713455 71.182156920433044 9.3490517139434797 16.251183643937111 165.14607098698616 6.129815384745597 7.7322654426097861 50.033183112740517 53.75605833530426 13.355731219053267 505.45053863525391 29.909057289361954 9.2768631130456907 11.949864774942396 15.818878412246702 226.51718552410603 7.660806566476821 7.0293322205543509 5.3891547024250022 26.822498023509979 689.35836142301559 76.563371658325195 7.118495285511016 40.535815805196762 7.9850006103515634 12.376750946044922
leaf_count=2559 40 117 3572 233 345 324 40 78 712 31 33 224 245 57 2532 129 45 51 80 1123 34 30 23 132 3441 384 36 173 40 62
internal_value=-0.00070151 -0.0727576 -0.0829288 -0.0669857 0.0633992 0.0175041 0.247939 0.185634 0.215341 0.235794 -0.081792 0.131367 0.0682645 0.116548 -0.0842914 -0.0700361 -0.0241528 -0.0607826 0.0998092 -0.0774962 -0.0874016 -0.100955 -0.0185986 0.0888983 -0.105244 -0.0930131 0.165678 0.208967 -0.115786 0.0584098
internal_weight=3538.43 2743.39 2613.18 1902.8 194.044 141.769 795.036 196.876 180.625 171.276 1708.76 130.21 80.177 21.2652 1687.49 1161.68 318.949 246.199 72.7501 234.249 842.733 704.049 138.684 56.7316 696.388 81.9525 56.9312 49.8127 525.812 20.3618
internal_count=16925 13505 12919 9347 902 669 3420 861 783 743 8445 586 362 97 8348 5714 1541 1207 334 1156 4173 3505 668 261 3471 407 254 218 2634 102
is_linear=0
shrinkage=0.1


Tree=2
num_leaves=31
num_cat=0
split_feature=14 4 1 4 0 4 0 1 4 0 13 10 13 9 6 4 0 12 6 10 12 9 11 7 13 8 13 7 3 9
split_gain=4987.21 471.61 164.446 283.111 143.412 110.793 94.0503 82.8061 185.627 103.922 71.1549 148.312 106.559 178.685 59.7184 59.2241 109.198 51.0148 61.0613 91.5328 80.1837 66.8268 59.0872 82.2811 68.2177 75.1342 51.2402 71.7242 70.4557 82.7345
threshold=2160.0000000000005 0.37965464628872075 0.63696425895787934 0.18367291235894118 0.68927203065134113 0.26911210687079684 0.77871939736346529 0.49076188656586012 0.10035237690594802 0.51042118975249684 0.74907271340972936 0.45923303749839045 0.78485526379814596 0.47272663192209258 0.3032871196108709 0.47045312638461473 0.93513323983169727 0.58547508372896639 0.45209618376611954 0.29232867100509347 0.54704942233643439 0.79460066279039931 0.27890239389492594 0.86496133237185024 0.56481366170888281 0.5483027526554628 0.45243152464248199 0.49063869326947185 1.0000001136767176 0.61638522406896834
decision_type=2 2 2 2 2 2 2 2 2 2 2 2 2 2 2 2 2 2 2 2 2 2 2 2 2 2 2 2 2 2
left_child=10 2 3 7 -5 -6 -7 8 14 -10 -1 12 13 -12 -2 16 -3 18 19 20 22 -21 -16 24 25 -24 28 -28 29 -20
right_child=1 15 -4 4 5 6 -8 -9 9 -11 11 -13 -14 -15 17 -17 -18 -19 26 21 -22 -23 23 -25 -26 -27 27 -29 -30 -31
leaf_value=0.22878826258382265 0.1093057152311844 0.15968128953658431 -0.1259043401055398 0.15896835452641889 -0.096921824589538574 0.21054900073977922 -0.019972618991431854 -0.12067438432918812 0.17644061614261108 -0.025333024251204941 0.23127965331126213 -0.13868067318362265 0.23088271836311236 -0.14506510599424235 -0.12619695969547715 0.19574992149237894 -0.074495371499492077 -0.11045017056000064 0.20019123196579952 0.1462017933259446 0.22777072468441839 -0.13247026680650326 0.26785626286118375 0.30046023116110293 0.34139862514438252 -0.1023904317758734 0.24003079814304834 -0.099940439241732848 -0.089810688727098062 -0.075587845849779886
leaf_weight=629.62042227387428 16.880035698413849 46.855666592717171 562.10648214817047 71.100298181176186 77.22706064581871 30.06485390663147 43.028353422880173 362.10851594805717 44.782541260123253 59.361122280359268 27.978693008422852 15.294994771480559 137.49464678764343 22.975812628865242 93.791926234960556 53.277631029486656 34.629258155822754 381.85348945856094 24.388048052787781 43.425520107150078 9.3587781488895398 10.731911033391951 6.03989653289318 7.7718119323253623 4.337935358285903 59.225540414452553 6.2820116281509391 509.94306772947311 59.294367894530296 19.637952744960785
leaf_count=2559 76 202 3004 321 386 133 208 1896 209 296 114 78 560 109 491 224 160 2021 100 189 38 58 26 35 21 304 26 2672 309 100
internal_value=-0.00108372 -0.0684636 -0.078276 -0.0644804 0.0419493 -0.0133997 0.074846 -0.0781876 -0.0668511 0.0614311 0.212166 0.160799 0.185106 0.0615827 -0.0775137 0.113766 0.0601615 -0.0800649 -0.0664822 -0.0230421 -0.0572484 0.0909798 -0.0728322 -0.00814498 -0.0426034 -0.0681265 -0.0829373 -0.0958033 -0.0186545 0.077179
internal_weight=3470.87 2637.5 2502.74 1940.64 221.421 150.32 73.0932 1719.21 1357.11 104.144 833.365 203.744 188.449 50.9545 1252.96 134.763 81.4849 1236.08 854.229 234.683 180.526 54.1574 171.167 77.3752 69.6034 65.2654 619.545 516.225 103.32 44.026
internal_count=16925 13505 12919 9915 1048 727 341 8867 6971 505 3420 861 783 223 6466 586 362 6390 4369 1162 915 247 877 386 351 330 3207 2698 509 200
is_linear=0
shrinkage=0.1


Tree=3
num_leaves=31
num_cat=0
split_feature=14 4 1 4 0 4 15 4 15 4 0 4 0 15 4 8 4 10 11 15 4 0 0 4 7 7 0 4 4 0
split_gain=4046.14 402.662 154.837 260.984 128.934 123.924 105.737 152.925 78.8172 194.64 77.9861 86.2031 68.0276 61.0096 143.191 53.4547 49.0646 43.5398 109.598 34.7717 127.521 34.533 28.0067 43.2079 27.9993 62.2417 27.0411 104.087 24.5219 66.8761
threshold=2160.0000000000005 0.34688589376087337 0.58476808711380157 0.11836602138727077 0.53923076923076929 0.18367291235894118 1910.5000000000002 0.43560706353394768 995.50000000000011 0.063131172160172208 0.38935969868173265 0.089483517963107759 0.66954022988505757 730.50000000000011 0.040779167766283909 0.92070472418343885 0.27767986504660014 0.45923303749839045 0.41097391796921884 577.00000000000011 0.025382954044942903 0.76533166458072599 0.29679679679679688 0.054276286282822155 0.84032494484640474 0.85178986618762986 0.20722186076772933 0.017077861859118703 0.0113795917467339 0.16807909604519775
decision_type=2 2 2 2 2 2 2 2 2 2 2 2 2 2 2 2 2 2 2 2 2 2 2 2 2 2 2 2 2 2
left_child=15 2 3 8 -5 -6 -3 -8 9 13 -11 -12 -7 14 19 17 -14 24 -19 20 26 -18 -16 -24 -1 -26 27 28 -2 -30
right_child=1 6 -4 4 5 12 7 -9 -10 10 11 -13 16 -15 22 -17 21 18 -20 -21 -22 -23 23 -25 25 -27 -28 -29 29 -31
leaf_value=0.19897488992427806 -0.080250790997052443 0.20895786103675942 -0.11587075762503503 0.18620545221390619 -0.0803141613186064 0.15339873583325192 -0.071435967042846743 0.1388885316027697 -0.1238308724704098 0.21234724644436695 -0.06346307623502967 0.18786249401979416 -0.055735024404467121 -0.12695120534490251 0.24623766373339531 -0.12808568109229843 0.21697736006561175 0.20248694982946028 -0.13376783435005166 -0.11941581763683869 0.13425585543255578 -0.011481859893390104 -0.01939800938397096 0.25911069809626569 -0.14135307586852194 0.20222706776380839 -0.11830543660168963 0.18847058584888388 0.17400820756396074 -0.091241796799440791
leaf_weight=770.56901575624943 423.53799873590469 46.074430957436562 681.70290948450565 44.065259203314781 105.74720327556133 52.513172298669815 68.933352693915367 69.347750246524811 285.23381967842579 28.255742356181145 44.80553425848484 19.625000953674316 47.890053167939186 200.60921044647694 12.350023195147513 5.306955859065055 14.599911108613016 29.995474219322205 14.321164429187773 142.3934613019228 30.648505568504333 12.099578544497488 18.609524548053745 7.9500790536403647 7.8646773397922543 15.997790634632109 115.68173684179783 15.738257199525831 14.463902965188025 27.725191414356232
leaf_count=3089 2293 198 3842 200 563 222 344 291 1575 131 241 89 234 1111 56 31 60 120 78 786 148 54 97 38 38 64 638 74 69 151
internal_value=-0.00130902 -0.0645471 -0.0757286 -0.0592887 0.0293499 -0.000334003 0.0777568 0.0340414 -0.0769774 -0.0648545 0.0738333 0.0130886 0.0662081 -0.0775854 -0.0653455 0.188288 0.00482335 0.19029 0.0938244 -0.0748011 -0.0646818 0.113445 0.121821 0.0639679 0.195671 0.0889887 -0.0748923 -0.0644614 -0.0730087 -0.000304781
internal_weight=3374.66 2530.6 2346.25 1664.54 276.915 232.85 184.356 138.281 1387.63 1102.39 92.6863 64.4305 127.103 1009.71 809.099 844.055 74.5895 838.748 44.3166 770.189 627.796 26.6995 38.9096 26.5596 794.431 23.8625 597.147 481.465 465.727 42.1891
internal_count=16925 13505 12672 8830 1333 1133 833 635 7497 5922 461 330 570 5461 4350 3420 348 3389 198 4159 3373 114 191 135 3191 102 3225 2587 2513 220
is_linear=0
shrinkage=0.1


Tree=4
num_leaves=31
num_cat=0
split_feature=14 4 1 4 0 4 0 4 15 4 0 0 4 15 4 0 4 13 10 13 15 4 8 4 0 7 6 15 4 15
split_gain=3344.14 341.258 141.458 203.752 111.431 151.411 104.894 92.4671 73.0882 164.402 61.3765 58.6326 70.1541 57.1555 120.182 53.6887 61.9461 44.7859 96.2839 86.7777 42.4277 118.414 42.0611 38.1414 49.8297 36.2235 36.7111 24.8029 78.6669 24.8319
threshold=2160.0000000000005 0.32997151528534602 0.58476808711380157 0.11836602138727077 0.86240703177822864 0.43560706353394768 0.53923076923076929 0.17496918020576627 995.50000000000011 0.063131172160172208 0.65261756876663723 0.39339826839826841 0.089483517963107759 730.50000000000011 0.033823491830934409 0.2869249394673124 0.047642386516152456 0.74907271340972936 0.45923303749839045 0.75738907488478013 518.50000000000011 0.020895843972680451 0.92070472418343885 0.22921351689625488 0.72281323877068571 0.84032494484640474 0.56869220593884806 405.50000000000006 0.0113795917467339 302.50000000000006
decision_type=2 2 2 2 2 2 2 2 2 2 2 2 2 2 2 2 2 2 2 2 2 2 2 2 2 2 2 2 2 2
left_child=17 2 3 8 -3 -6 -5 -8 9 13 -9 -11 -13 14 20 -16 -17 -1 19 -19 21 27 25 -12 -25 -21 -27 28 29 -2
right_child=1 4 -4 6 5 -7 7 10 -10 11 23 12 -14 -15 15 16 -18 18 -20 22 -22 -23 -24 24 -26 26 -28 -29 -30 -31
leaf_value=0.1839479963996164 -0.058623455989407762 0.18636714429483403 -0.11300986788108125 0.16015689234956576 -0.07203043880846309 0.12449900008794471 -0.08404590351320812 0.13621814782590827 -0.11960505541471163 0.17343925335603311 -0.094402619294621515 -0.06765488203693619 0.16123335678640527 -0.12291202718870307 0.18348840847194309 -0.086080830964329821 0.14616358438794308 -0.15340664873572693 -0.12961648633324852 0.18521763708194822 -0.11786012055185541 0.1525229913086299 -0.12470916038567399 0.15803563350840907 -0.036894550397343955 0.18429613312822674 -0.13590202963000553 -0.11570033081990204 0.095048134633166248 -0.11994715014820495
leaf_weight=634.87743254005909 298.96154211461544 52.865192249417305 620.19793586432934 45.991450354456902 84.996241331100464 72.758978813886642 89.905242279171944 48.980171233415604 266.73595145344734 32.747015729546547 30.270888477563858 40.81681427359581 19.928873315453529 187.17403647303581 23.955599084496498 30.68562188744545 18.354316025972366 9.0775144100189191 13.351716473698614 160.47050866484642 168.0564671009779 24.932430028915405 4.9251902401447287 22.813437178730965 30.843714937567711 6.9491748213767988 7.3867038786411285 98.665918156504631 30.360289350152016 84.750988095998764
leaf_count=2559 1670 226 3730 200 447 299 506 202 1575 146 156 228 87 1111 112 172 86 40 78 646 983 118 31 100 142 28 38 572 148 489
internal_value=-0.00144957 -0.0609195 -0.0724852 -0.0567269 0.0607179 0.0186118 0.022661 -0.00571985 -0.0728188 -0.0610388 0.0472635 0.0655812 0.00743662 -0.0732948 -0.0613688 0.0607827 0.000841942 0.170895 0.129904 0.148256 -0.0740033 -0.0602953 0.163492 -0.00465018 0.045984 0.171612 0.0193108 -0.0706438 -0.0599076 -0.0721681
internal_weight=3262.79 2425.75 2215.13 1594.93 210.62 157.755 268.805 222.813 1326.13 1059.39 132.908 93.4927 60.7457 965.897 778.723 72.9955 49.0399 837.038 202.161 188.809 705.728 537.671 179.732 83.928 53.6572 174.806 14.3359 512.739 414.073 383.713
internal_count=16925 13505 12533 8803 972 746 1306 1106 7497 5922 600 461 315 5461 4350 370 258 3420 861 783 3980 2997 743 398 242 712 66 2879 2307 2159
is_linear=0
shrinkage=0.1


Tree=5
num_leaves=31
num_cat=0
split_feature=14 4 1 4 15 1 4 4 0 15 4 15 4 15 4 15 13 10 13 15 4 0 4 15 4 7 6 15 4 4
split_gain=2806.08 292.077 132.917 161.529 115.439 77.7704 124.675 77.5023 101.232 73.632 98.9123 72.8502 71.1565 56.6729 118.682 51.7862 36.0513 80.5939 72.4858 35.0665 89.7737 38.73 52.9894 36.4834 63.501 26.3382 31.0928 23.5507 83.0174 22.4871
threshold=2160.0000000000005 0.34688589376087337 0.63696425895787934 0.16029893529129377 1326.5000000000002 0.46359598436130645 0.06673700144682522 0.22921351689625488 0.75219298245614052 1979.0000000000002 0.47045312638461473 902.50000000000011 0.10382426550668152 730.50000000000011 0.038814213137215108 1075.5000000000002 0.74907271340972936 0.45923303749839045 0.75738907488478013 577.00000000000011 0.020158926624543754 0.22767145135566183 0.030828079736453202 405.50000000000006 0.0113795917467339 0.84032494484640474 0.56869220593884806 302.50000000000006 0.007104573111091801 0.13120457082110323
decision_type=2 2 2 2 2 2 2 2 2 2 2 2 2 2 2 2 2 2 2 2 2 2 2 2 2 2 2 2 2 2
left_child=16 2 3 5 -5 6 13 -6 -9 -3 -11 -8 -13 14 19 -14 -1 18 -18 20 23 -22 -23 24 27 -20 -27 28 -2 -17
right_child=1 9 -4 4 7 -7 11 8 -10 10 -12 12 15 -15 -16 29 17 -19 25 -21 21 22 -24 -25 -26 26 -28 -29 -30 -31
leaf_value=0.16984301135843194 -0.067020450126388117 0.14385748366695505 -0.1171814592857436 0.18344406728247672 -0.073320804925978325 -0.11112466457011634 0.14478794836802508 0.14193433945864803 -0.049141957385585022 -0.061622051170305281 0.12871339869648754 -0.080710591345025604 0.17634382266598259 -0.11582412305645509 0.093386418097590365 -0.081675244518307363 -0.14581119705671836 -0.12607737479732525 0.16254441440313558 -0.1164546518059453 0.16409409531264274 -0.076098234755796301 0.17838573377234535 -0.11891689606315153 0.081312519830951613 0.17010821712604662 -0.13133988492367613 -0.11600251132383561 0.1734532417149775 0.082814132953484942
leaf_weight=619.57966612279415 274.94282259047031 70.091929852962494 437.5631111562252 36.556776881217957 99.197441086173058 325.66888239979744 38.448372736573219 56.597584962844849 54.35583584010601 69.034656271338463 45.166159644722939 69.54948465526104 25.401327550411224 207.38088275492191 49.189912021160126 19.703527688980103 8.6188614368438703 12.402635917067526 161.33945429325104 120.24047702550888 21.843315929174423 28.02061453461647 11.556825295090674 120.29109348356724 31.018363177776337 6.7838518619537336 6.9037933349609375 79.158669546246529 15.14690153300762 14.374187126755713
leaf_count=2559 1594 297 2852 156 544 2043 173 252 285 355 181 414 109 1309 237 105 40 78 677 754 100 159 52 752 147 28 38 489 76 70
internal_value=-0.0015335 -0.0576136 -0.0680341 -0.055374 0.0194355 -0.0680853 -0.0556401 -0.00909465 0.0483265 0.0631749 0.0136552 0.0239671 -0.0120355 -0.0695455 -0.0567732 0.0682671 0.158017 0.120642 0.137304 -0.0672917 -0.0571343 0.0572056 -0.00178755 -0.0706253 -0.0561124 0.151246 0.0180634 -0.0676567 -0.0544642 -0.0122926
internal_weight=3136.13 2320.5 2136.21 1698.64 246.708 1451.94 1126.27 210.151 110.953 184.293 114.201 167.477 129.029 958.79 751.409 59.479 815.628 196.049 183.646 702.219 581.979 61.4208 39.5774 520.558 400.267 175.027 13.6876 369.248 290.09 34.0777
internal_count=16925 13505 12672 9820 1237 8583 6540 1081 537 833 536 871 698 5669 4360 284 3420 861 783 4123 3369 311 211 3058 2306 743 66 2159 1670 175
is_linear=0
shrinkage=0.1


Tree=6
num_leaves=31
num_cat=0
split_feature=14 4 1 4 0 1 15 4 4 0 15 4 4 15 0 4 8 12 6 7 9 6 9 12 11 10 7 7 10 11
split_gain=2376.69 254.127 122.173 152.281 95.9344 80.8646 58.2152 127.83 55.3999 65.4123 52.3321 116.716 45.1497 48.5015 43.6646 65.6996 37.9184 36.2218 45.1831 41.7838 65.1493 66.8089 52.5104 45.9626 39.5661 38.2044 35.4099 32.3142 48.5095 38.3508
threshold=2160.0000000000005 0.32308826765304338 0.58476808711380157 0.13485410516262439 0.55662393162393176 0.61644360284162947 1060.5000000000002 0.074327325521809304 0.19199976004247585 0.68927203065134113 783.00000000000011 0.054276286282822155 0.42363912256324709 1910.5000000000002 0.42163742690058481 0.10035237690594802 0.92070472418343885 0.58547508372896639 0.65984351116984497 0.79798595170398412 0.53943662930964653 0.38283385605473003 0.53085461355332919 0.52825340439765267 0.38983213923199872 0.013570379329668402 0.79530162193480392 0.7601883635990675 0.30946379634885768 0.47941447603081594
decision_type=2 2 2 2 2 2 2 2 2 2 2 2 2 2 2 2 2 2 2 2 2 2 2 2 2 2 2 2 2 2
left_child=16 2 3 6 -5 -3 7 10 -6 -10 11 17 13 -7 -9 -16 -1 18 19 20 22 24 23 27 -22 -21 -23 29 -29 -2
right_child=1 5 -4 4 8 12 -8 14 9 -11 -12 -13 -14 -15 15 -17 -18 -19 -20 25 21 26 -24 -25 -26 -27 -28 28 -30 -31
leaf_value=0.14956996406938397 -0.08649427817055455 0.12405745676259838 -0.10646710116018082 0.18552641602639874 -0.065645012128365085 0.11458183533712069 -0.11126773775740334 0.15908157686351951 0.12579426053647411 -0.034306287775023224 -0.11231485044586964 0.16200699663767676 0.07501080908071607 -0.084097729502298157 -0.076288750515483839 0.14055646678357048 -0.12566195524610463 -0.094313722329301672 -0.11200745744111806 0.22879240544021578 0.16136556780336953 -0.076514848211960237 0.26087965317666301 0.1414153094322653 -0.12456667645532604 -0.089526782174658384 0.21051058525832855 0.26119973592497997 -0.13176607334943488 0.14886795229192262
leaf_weight=781.13594290614128 45.555811822414398 85.715205863118172 536.74791148304939 32.656558215618134 75.887352660298347 15.112000763416289 215.0704693198204 29.992341592907906 51.960605815052986 50.149910986423492 186.31096684932709 24.393993407487869 48.592118382453918 65.730505496263504 34.890045285224915 23.304833695292473 5.037832871079444 220.10245090723038 86.324296280741692 3.8858955800533286 21.701656922698024 167.49940668046474 10.76579590141773 25.695418700575829 6.2283916473388663 126.85482883453369 4.4113765358924857 8.8247369974851591 4.8776733726263037 8.1637441515922529
leaf_count=3389 280 358 3693 142 434 73 1420 134 219 245 1246 111 204 386 215 103 31 1413 536 16 94 1042 55 125 40 791 18 39 28 45
internal_value=-0.00158659 -0.0545533 -0.0656505 -0.0507013 0.0279743 0.048721 -0.0639087 -0.0541129 -0.000931121 0.0471635 -0.0647868 -0.0532159 -0.00116886 -0.0469583 0.061065 0.0105495 0.147806 -0.0603022 -0.0459278 -0.0327984 -0.0124517 -0.045844 0.0517852 0.0276107 0.0976028 -0.0800657 -0.0691495 -0.0157618 0.121315 -0.0507264
internal_weight=3003.58 2217.41 2002.26 1465.51 210.654 215.15 1254.85 1039.78 177.998 102.111 951.596 765.285 129.435 80.8425 88.1872 58.1949 786.174 740.891 520.789 434.465 303.724 199.841 103.883 93.1174 27.93 130.741 171.911 67.422 13.7024 53.7196
internal_count=16925 13505 12484 8791 1040 1021 7751 6331 898 464 5879 4633 663 459 452 318 3420 4522 3109 2573 1766 1194 572 517 134 807 1060 392 67 325
is_linear=0
shrinkage=0.1


Tree=7
num_leaves=31
num_cat=0
split_feature=14 4 1 4 15 4 15 1 4 0 4 0 15 4 0 4 0 4 13 10 13 4 15 8 0 7 6 15 4 0
split_gain=2018.35 217.911 114.26 110.448 101.048 73.398 84.093 72.8293 80.5879 71.3325 90.565 57.4274 48.7709 81.4304 38.0186 80.1316 37.9056 41.7232 34.244 70.0705 63.2617 33.419 39.0894 31.0945 27.6934 27.2471 26.3825 25.7071 48.5642 37.0743
threshold=2160.0000000000005 0.32308826765304338 0.63696425895787934 0.13485410516262439 1253.0000000000002 0.20085286428457097 1593.5000000000002 0.445345287453214 0.063131172160172208 0.83484848484848495 0.43560706353394768 0.38935969868173265 730.50000000000011 0.033823491830934409 0.23582887700534758 0.019508720656014753 0.2869249394673124 0.045711569899443603 0.74907271340972936 0.45923303749839045 0.75738907488478013 0.093868833520041717 1045.5000000000002 0.92070472418343885 0.932768361581921 0.84032494484640474 0.56869220593884806 405.50000000000006 0.007556226549791001 0.14415584415584412
decision_type=2 2 2 2 2 2 2 2 2 2 2 2 2 2 2 2 2 2 2 2 2 2 2 2 2 2 2 2 2 2
left_child=18 2 3 7 -5 -6 -7 8 12 -3 24 -10 13 14 15 27 -15 -18 -1 20 -20 -13 -23 25 -11 -22 -27 28 -2 -30
right_child=1 9 -4 4 5 6 -8 -9 11 10 -12 21 -14 16 -16 -17 17 -19 19 -21 23 22 -24 -25 -26 26 -28 -29 29 -31
leaf_value=0.15074624769991962 -0.066982647562682934 0.16339927580322675 -0.11307806511956175 0.14371841028810287 -0.082252388344584579 0.10294313759962355 -0.053583509475630786 -0.10892857777330781 0.1437294457921163 0.0011510837873748027 0.097183763779102914 -0.065156707848644177 -0.11398542926986831 0.15086903142841951 -0.10843275361632621 0.10492140401212256 -0.09387832058365865 0.094519837844676394 -0.14598371751145475 -0.12668617844808419 0.15182540138657369 0.12989437789127742 -0.044416178029833331 -0.12263160120012505 -0.10688818142287766 0.15092538697397839 -0.13191645544670452 -0.11354097056768411 0.1442073980983867 -0.018904808207869793
leaf_weight=571.45272281765938 299.36797054111958 40.670071482658386 361.09099638462067 44.515130907297134 106.89111596345901 71.888131558895111 65.683141469955444 274.7636326700449 29.455277413129807 51.259737819433212 76.511182680726051 58.557164192199707 150.25315158069134 24.464606434106827 140.94620829820633 31.461528956890106 24.258221209049225 22.806759938597679 8.6308830976486188 12.574622288346289 145.23898294568062 26.501953557133675 25.001969903707504 4.6652214378118506 44.168765842914581 6.2599058747291547 6.9694793522357941 75.140198960900307 19.099207237362862 51.533654302358627
leaf_count=2559 1910 172 2729 201 664 329 374 1979 128 261 315 372 1100 112 993 152 153 105 40 78 646 118 142 31 273 28 38 530 94 299
internal_value=-0.0016202 -0.0517174 -0.0624411 -0.050588 0.00514383 -0.0200898 0.0282098 -0.0634351 -0.050665 0.0443018 0.0161308 0.0197121 -0.0623633 -0.0511071 -0.0628066 -0.0493135 0.0498999 -0.0025843 0.138657 0.101179 0.117861 -0.0134782 0.0452774 0.13182 -0.0488545 0.139311 0.00191919 -0.0602145 -0.0493849 0.0252009
internal_weight=2872.08 2116.29 1903.68 1542.59 288.978 244.462 137.571 1253.61 978.848 212.61 171.94 139.516 839.332 689.078 617.549 476.603 71.5296 47.065 755.792 184.339 171.764 110.061 51.5039 163.134 95.4285 158.468 13.2294 445.141 370.001 70.6329
internal_count=16925 13505 12484 9755 1568 1367 703 8187 6208 1021 849 760 5448 4348 3978 2985 370 258 3420 861 783 632 260 743 534 712 66 2833 2303 393
is_linear=0
shrinkage=0.1


Tree=8
num_leaves=31
num_cat=0
split_feature=14 4 1 4 0 4 1 4 15 15 4 15 4 15 4 15 4 0 0 4 13 10 13 8 15 4 4 0 7 6
split_gain=1734.86 189.226 113.932 135.635 71.9053 73.2298 64.1601 85.0038 59.7313 51.2008 69.017 45.7796 60.6906 36.9051 52.8486 35.9394 63.3486 32.5788 30.3099 34.0124 29.1735 60.5186 54.4674 26.752 25.8859 51.1583 25.6919 36.5018 23.2144 22.887
threshold=2160.0000000000005 0.37965464628872075 0.63696425895787934 0.16029893529129377 0.61620294599018022 0.22921351689625488 0.46359598436130645 0.063131172160172208 1704.5000000000002 730.50000000000011 0.033823491830934409 922.50000000000011 0.10382426550668152 2076.0000000000005 0.51817159892918629 525.50000000000011 0.020158926624543754 0.50423728813559332 0.29679679679679688 0.050805238159819258 0.74907271340972936 0.45923303749839045 0.75738907488478013 0.92070472418343885 397.50000000000006 0.0113795917467339 0.28724007158121173 0.72281323877068571 0.84032494484640474 0.56869220593884806
decision_type=2 2 2 2 2 2 2 2 2 2 2 2 2 2 2 2 2 2 2 2 2 2 2 2 2 2 2 2 2 2
left_child=20 2 3 6 -5 -6 7 9 26 10 15 -9 -13 -3 -15 16 24 -14 -12 -20 -1 22 -22 28 25 -2 27 -7 -24 -30
right_child=1 13 -4 4 5 8 -8 11 -10 -11 18 12 17 14 -16 -17 -18 -19 19 -21 21 -23 23 -25 -26 -27 -28 -29 29 -31
leaf_value=0.14364514015024407 -0.055751400915250195 0.11345944654327794 -0.10654737849904608 0.13747866159451644 -0.075241165641701135 0.12665889152306395 -0.10190218372028313 0.090080437110809375 -0.039742029010511597 -0.11197055125931113 0.11825589090215956 -0.0902980836464186 0.12663284363907629 -0.060329609066590496 0.14095315314214515 -0.10766428384963096 0.086565896019850416 -0.025259103415240722 -0.077821186007459867 0.12020548090986688 -0.13973783305483195 -0.12356199904669185 0.14452523331652803 -0.12001967880046166 -0.10573022649264492 0.08752259253276401 0.1867753909821297 -0.042694986616788812 0.14379134565560833 -0.12797203785540037
leaf_weight=541.28161285817623 323.28442449867725 73.968764618039131 373.92535128444433 44.158690601587296 84.157693117856979 33.232201859354973 267.26030994951725 57.325497880578041 50.548041865229607 154.65935665369034 31.503652796149254 58.900977656245232 29.809655472636223 38.893062204122543 19.626913115382195 121.76773885637522 33.151411131024361 26.831073433160782 26.607921004295349 12.868005096912382 8.1402200460433942 11.650754526257513 137.70443207025528 4.3083791136741629 86.722525306046009 27.003636732697487 23.683055818080902 20.626164019107819 5.9303572773933393 6.4904906153678894
leaf_count=2559 2120 321 3004 193 513 143 2043 275 274 1225 147 409 132 184 81 925 160 149 167 56 40 78 646 31 648 127 100 109 28 38
internal_value=-0.00162333 -0.0490091 -0.0571158 -0.0449081 0.0213794 -0.00277541 -0.0584221 -0.0466894 0.0448362 -0.0601604 -0.0480729 0.0170212 -0.0192268 0.0665153 0.00717827 -0.0592462 -0.0467063 0.0546807 0.0451065 -0.0132702 0.132189 0.0965978 0.112375 0.125664 -0.0568163 -0.0447064 0.0999715 0.0618014 0.132715 0.0017819
internal_weight=2736.02 2020.52 1888.03 1514.1 256.406 212.247 1257.7 990.436 128.089 817.569 662.909 172.867 115.542 132.489 58.52 591.93 470.162 56.6407 70.9796 39.4759 715.506 174.225 162.574 154.434 437.011 350.288 77.5414 53.8584 150.125 12.4208
internal_count=16925 13505 12919 9915 1332 1139 8583 6540 626 5575 4350 965 690 586 265 3980 3055 281 370 223 3420 861 783 743 2895 2247 352 252 712 66
is_linear=0
shrinkage=0.1


Tree=9
num_leaves=31
num_cat=0
split_feature=14 4 1 4 0 15 4 4 0 0 4 15 4 4 15 12 6 7 9 6 9 13 9 10 8 6 9 9 10 13
split_gain=1498.75 164.683 101.55 85.5191 79.4832 66.3542 88.3829 65.9667 59.4096 54.9896 64.449 47.8034 79.969 29.4606 36.415 29.2663 38.9127 34.5152 51.5 52.779 38.2996 32.5425 32.1466 36.0254 37.186 36.0359 31.1603 33.1797 30.8557 30.3383
threshold=2160.0000000000005 0.32308826765304338 0.63696425895787934 0.13485410516262439 0.5929064657878218 1075.5000000000002 0.074327325521809304 0.1981205098838513 0.68927203065134113 0.82404540763673906 0.3959652983456865 783.00000000000011 0.048833641888822658 0.25324482261369285 1704.5000000000002 0.58547508372896639 0.65984351116984497 0.79798595170398412 0.53943662930964653 0.38283385605473003 0.41109848005338029 0.56842972048944385 0.53085461355332919 0.30252802182167515 0.7495649301081696 0.50534879402729793 0.64653563347166931 0.65200779707407674 0.013570379329668402 0.60677024379879241
decision_type=2 2 2 2 2 2 2 2 2 2 2 2 2 2 2 2 2 2 2 2 2 2 2 2 2 2 2 2 2 2
left_child=-1 2 3 5 -5 6 11 -6 -9 -3 -11 12 15 -10 -15 16 17 18 20 -20 -2 22 23 25 -25 -22 -21 -28 -19 -17
right_child=1 9 -4 4 7 -7 -8 8 13 10 -12 -13 -14 14 -16 29 -18 28 19 26 21 -23 -24 24 -26 -27 27 -29 -30 -31
leaf_value=0.12686543912773596 -0.091069497037272518 0.15582532377489988 -0.10846721663987334 0.10546138879960157 -0.096223967440378394 -0.10722929642096345 0.049019660889326223 0.10823662791994425 -0.098606526706880124 -0.062221469979273393 0.06413298439703341 -0.10537287852251687 0.097561126175710139 0.091148372169276529 -0.07866843038168185 -0.094592940576498641 -0.10568040926929945 0.2053819877471007 0.094924006347539142 -0.1063400319550044 0.035219497504275353 -0.072417953539606159 0.28008996629240279 -0.12428188792780544 0.21763758879277889 0.22177707775712757 0.22526219187793611 -0.033772984689239324 -0.082435678107595459 0.099630898187493031
leaf_weight=673.11557094752789 15.552594989538191 33.415466785430908 308.70225578546524 61.025809995830059 79.44419053196907 215.60457674413919 89.157542817294598 47.809285178780556 36.729729786515236 65.594865031540394 104.96337105333805 157.38312859088182 37.58960960060358 29.545819118618965 22.052516967058182 178.30633797496557 72.936375819146633 3.8575705587863913 25.108795955777168 76.206141345202923 20.293148666620255 11.857957787811754 9.2774143218994123 13.114832878112795 4.1992093026638022 21.14029236137867 5.3481686934828749 65.574508406221867 108.19985003769398 8.4222818687558156
leaf_count=3420 110 147 2729 293 560 1772 489 209 238 411 463 1293 186 134 134 1343 527 16 127 565 118 82 43 90 18 98 34 441 782 53
internal_value=-0.00160552 -0.0464485 -0.056499 -0.0451673 0.0047091 -0.0572784 -0.045617 -0.0238114 0.0184456 0.0385206 0.0155384 -0.0557295 -0.0441886 -0.0301555 0.0185707 -0.052522 -0.0387811 -0.0259315 -0.00642467 -0.0390753 0.0525018 0.080454 0.107102 0.0797841 -0.0413555 0.130405 -0.0619435 -0.0142395 -0.0725276 -0.0858326
internal_weight=2601.53 1928.41 1724.44 1415.74 276.607 1139.13 923.526 215.582 136.137 203.974 170.558 834.368 676.985 88.3281 51.5983 639.395 452.667 379.73 267.673 172.238 95.4355 79.8829 68.0249 58.7475 17.314 41.4334 147.129 70.9227 112.057 186.729
internal_count=16925 13505 12484 9755 1568 8187 6415 1275 715 1021 874 5926 4633 506 268 4447 3051 2524 1726 1167 559 449 367 324 108 216 1040 475 798 1396
is_linear=0
shrinkage=0.1


Tree=10
num_leaves=31
num_cat=0
split_feature=14 4 1 4 15 0 4 15 4 4 0 15 4 15 4 15 4 4 0 13 10 13 15 4 4 15 0 4 8 15
split_gain=1288.45 143.606 95.458 77.986 74.6851 73.3214 72.2686 66.9604 71.2544 47.4774 48.2642 42.5273 53.9493 41.18 45.0917 31.6057 34.9217 31.5941 39.5805 29.8357 53.9321 48.9165 27.227 49.5337 27.0239 46.6537 25.6442 29.2752 24.4315 24.0087
threshold=2160.0000000000005 0.29687983362966919 0.60792036322966092 0.11108679762504561 1786.0000000000002 0.5300120048019209 0.37965464628872075 995.50000000000011 0.063131172160172208 0.15344554056781018 0.61620294599018022 730.50000000000011 0.029317645315857253 508.50000000000006 0.017566784025184756 586.50000000000011 0.043926592227309054 0.20613415362779122 0.72281323877068571 0.74907271340972936 0.45923303749839045 0.75738907488478013 366.50000000000006 0.0086678218422785516 0.51817159892918629 2076.0000000000005 0.38935969868173265 0.088204550941678825 0.92070472418343885 273.50000000000006
decision_type=2 2 2 2 2 2 2 2 2 2 2 2 2 2 2 2 2 2 2 2 2 2 2 2 2 2 2 2 2 2
left_child=19 2 3 7 -3 -5 -6 8 11 -7 -11 12 13 14 22 -14 -17 -12 -19 -1 21 -21 23 29 25 -8 -10 -28 -23 -2
right_child=1 4 -4 5 6 9 24 -9 26 10 17 -13 15 -15 -16 16 -18 18 -20 20 -22 28 -24 -25 -26 -27 27 -29 -30 -31
leaf_value=0.13330081325687665 -0.036259413082864782 0.1550805336597193 -0.10310567844762059 0.11606779267980101 -0.075764424490088744 -0.091622270920764068 0.08315033989240711 -0.11013526955701801 0.11962715004157468 0.10119467157706724 -0.087121271742200176 -0.10735435722386943 0.13340929248516667 -0.11136996473458112 0.067977809792794969 -0.068119072748261997 0.076307805516294305 0.076890875464434807 -0.066109128977116904 -0.139229581878693 -0.1236386702730653 0.12124091106036408 -0.10250405858778269 0.081134460629127783 0.13637843336226294 -0.05974007345727686 -0.050162274633581617 0.10491534809840318 -0.12015719728523991 -0.11145695416173694
leaf_weight=479.57699817419052 218.2650633007288 39.195440158247948 325.22940335422754 48.35499431937933 71.985371328890324 65.265439845621586 55.976215213537216 183.49262353032827 29.350909799337387 42.359446831047535 47.00055967271328 121.18089674413204 21.934308886528015 103.3352577611804 34.882878966629505 38.095099046826363 29.867652758955956 45.72100642323494 33.565373957157135 8.0948847532272321 11.674690738320349 133.9603368639946 80.411210492253304 31.748753495514393 28.185688123106956 38.610717236995697 35.223759330809116 18.601784244179726 4.328050658106803 52.712134711444378
leaf_count=2559 1515 186 3050 228 536 506 245 1635 130 199 312 1111 105 900 184 275 141 206 189 40 78 712 655 171 122 184 230 86 31 404
internal_value=-0.0016229 -0.0440633 -0.0547225 -0.0424421 0.0291352 0.00397157 0.00378841 -0.055555 -0.0432757 -0.0192013 0.00882528 -0.0532362 -0.0425073 -0.0548437 -0.0408703 0.0290374 -0.00464766 -0.0221575 0.0163528 0.120883 0.0832032 0.0996998 -0.0507804 -0.0370414 0.0504327 0.024822 0.0444341 0.00343162 0.113686 -0.0508873
internal_weight=2478.19 1840.55 1606.6 1281.37 233.953 282.267 194.758 999.102 815.61 233.912 168.646 732.433 611.252 521.355 418.02 89.8971 67.9628 126.287 79.2864 637.635 158.058 146.383 383.137 302.726 122.773 94.5869 83.1765 53.8255 138.288 270.977
internal_count=16925 13505 12232 9182 1273 1640 1087 7542 5907 1412 906 5461 4350 3829 2929 521 416 707 395 3420 861 783 2745 2090 551 429 446 316 743 1919
is_linear=0
shrinkage=0.1


Tree=11
num_leaves=31
num_cat=0
split_feature=14 4 1 4 15 4 15 4 0 0 4 15 4 13 10 13 9 4 15 0 4 0 4 0 4 0 15 4 15 4
split_gain=1119.21 126.806 98.0241 82.156 71.7966 81.9076 45.9712 70.7434 42.7745 33.2766 50.1083 31.7364 47.5519 27.3983 46.7837 42.7987 65.2985 27.1035 24.4312 23.8092 53.0963 23.6729 36.6528 22.9803 22.0515 21.5747 19.3386 40.2086 29.6434 71.7114
threshold=2160.0000000000005 0.25324482261369285 0.54349904135502569 0.11108679762504561 1721.5000000000002 0.37965464628872075 958.50000000000011 0.06673700144682522 0.53390804597701158 0.34654631083202514 0.038814213137215108 577.00000000000011 0.025382954044942903 0.74907271340972936 0.45923303749839045 0.78485526379814596 0.47272663192209258 0.14723017638159339 1879.0000000000002 0.20722186076772933 0.016491182551466154 0.94494949494949509 0.53705869862524935 0.61257406188281782 0.31163206922151376 0.31643132220795894 366.50000000000006 0.007104573111091801 236.50000000000003 0.0048505778491067008
decision_type=2 2 2 2 2 2 2 2 2 2 2 2 2 2 2 2 2 2 2 2 2 2 2 2 2 2 2 2 2 2
left_child=13 2 3 6 -3 18 7 9 -5 10 11 12 19 -1 15 16 -15 -10 24 20 26 -7 -23 -19 -6 -12 27 28 29 -2
right_child=1 4 -4 8 5 21 -8 -9 17 -11 25 -13 -14 14 -16 -17 -18 23 -20 -21 -22 22 -24 -25 -26 -27 -28 -29 -30 -31
leaf_value=0.12914493559192361 -0.04280004934137286 0.11487708753757098 -0.096471807937408616 0.10528495908100269 -0.078637693007486811 0.090174644505595952 -0.1009991830816524 0.067167415290644822 -0.090364715728823208 -0.10278286060831264 0.109728478399505 -0.10354138388008099 0.086656893716502773 0.13012291275059182 -0.12093087473752158 0.13003204863527967 -0.12965827726593784 0.080122232636578861 -0.10378169021016037 -0.098725938856467799 0.13248111548281272 -0.04330842728332325 0.13729548008368625 -0.029470219729116183 0.065286347501887387 -0.017089153381658031 -0.10317082673070871 0.047530873824386255 -0.1087710645548859 0.29431181107972254
leaf_weight=447.17485971748829 172.01247909665108 60.37671735137701 395.75172324478626 49.962205849587917 21.757514044642448 65.736807376146317 146.28820314258337 57.193737022578716 28.496595598757267 97.252964742481709 29.505737081170082 88.775394596159458 28.589201897382736 20.281230390071869 10.787993609905241 99.463688492774963 18.503531083464622 37.277700155973434 71.904346771538258 72.64781428873539 17.787841081619263 43.900296673178673 15.102938145399092 39.310169354081154 20.844583109021187 24.59864929318428 48.574719838798046 49.099143281579018 66.217336922883987 6.5504562854766837
leaf_count=2559 1233 292 3787 235 176 293 1358 293 227 942 143 819 144 114 78 560 109 180 645 638 90 210 68 221 102 145 411 280 538 35
internal_value=-0.00160713 -0.0418103 -0.0540028 -0.0381491 0.0174338 -0.00715723 -0.0496709 -0.0397755 0.0291104 -0.0484932 -0.039757 -0.048786 -0.0382526 0.116769 0.0796368 0.0952878 0.00618585 -0.0071066 -0.0682272 -0.046502 -0.0359703 0.0489025 0.00292039 0.0238718 -0.00821776 0.0520706 -0.04472 -0.0350588 -0.0516251 -0.0304333
internal_weight=2351.73 1755.52 1455.89 1060.14 299.623 239.246 905.094 758.805 155.047 701.612 604.359 550.254 461.479 596.211 149.036 138.248 38.7848 105.084 114.506 432.89 360.242 124.74 59.0032 76.5879 42.6021 54.1044 342.454 293.879 244.78 178.563
internal_count=16925 13505 11719 7932 1786 1494 7069 5711 863 5418 4476 4188 3369 3420 861 783 223 628 923 3225 2587 571 278 401 278 288 2497 2086 1806 1268
is_linear=0
shrinkage=0.1


Tree=12
num_leaves=31
num_cat=0
split_feature=14 4 1 2 4 12 15 4 15 4 0 11 13 13 0 4 4 9 6 6 13 15 4 13 10 13 9 15 4 11
split_gain=976.971 110.196 99.6606 76.483 63.3111 46.9951 42.9319 55.7185 47.1896 54.8274 38.0707 36.5053 36.0889 46.2198 34.3785 38.4445 33.7824 33.3648 24.8925 42.1256 32.7022 24.608 39.4025 24.0972 41.1704 37.5723 57.3565 21.3248 33.8215 21.0672
threshold=2160.0000000000005 0.22921351689625488 0.54349904135502569 0.70736631046135956 0.11108679762504561 0.58547508372896639 995.50000000000011 0.054276286282822155 644.50000000000011 0.030828079736453202 0.51042118975249684 0.6182870349045777 0.45441810817222877 0.46122121713600123 0.36188554658840799 0.077051155284390757 0.44469732939043199 0.52307731876671115 0.45370698748035598 0.47669605460715475 0.48734826786147484 508.50000000000006 0.019508720656014753 0.74907271340972936 0.45923303749839045 0.78485526379814596 0.47272663192209258 413.50000000000006 0.014399976381286001 0.15536227106323355
decision_type=2 2 2 2 2 2 2 2 2 2 2 2 2 2 2 2 2 2 2 2 2 2 2 2 2 2 2 2 2 2
left_child=23 2 4 5 6 11 7 8 9 21 -6 12 29 -14 -9 -16 -5 -7 -15 -20 -21 22 27 -1 25 26 -25 28 -2 -3
right_child=1 3 -4 16 10 17 -8 14 -10 -11 -12 -13 13 18 15 -17 -18 -19 19 20 -22 -23 -24 24 -26 -27 -28 -29 -30 -31
leaf_value=0.12561393029392473 -0.040738298515860159 -0.021811599374247401 -0.10008722980793901 -0.083868476369499123 0.11941096786041015 0.11686284024669971 -0.10427714368888891 0.12534692403622361 -0.10006758714620512 0.081630952901799211 -0.0033704825434356222 -0.15355731891390148 -0.15755761708559199 0.11258408424121849 -0.066453609297756011 0.070174246188089526 0.068041744782701349 -0.090449801055973666 -0.15466618196568038 -0.13702142933908232 0.08823448170783961 -0.10024271797379397 0.081460898281205202 0.12644755015698325 -0.11858009128523367 0.12637019285886927 -0.1261062667234672 -0.10728018446173089 0.13190836995403646 0.19816932620662212
leaf_weight=415.40299634635448 307.86829883605242 5.0978262051939955 331.21927489340305 88.973081730306149 32.833792418241501 9.8512751162052137 113.73950680345297 27.020137935876846 143.91281145066023 37.25721736997366 109.38841697573662 7.2829439193010321 9.7454463243484479 64.765645682811737 45.418249011039734 37.680926270782948 17.522176221013069 36.624536275863647 10.842973224818705 7.3724138140678397 51.23558297753334 67.553518906235695 27.092424742877483 18.856860280036926 9.9449019506573659 92.470667600631714 17.189764142036438 45.879535533487797 11.781075574457644 29.81551493704319
leaf_count=2559 2291 28 3470 774 153 52 1165 131 1433 200 662 45 58 333 353 194 77 238 65 50 288 658 131 114 78 560 109 454 59 143
internal_value=-0.00158628 -0.0396021 -0.0525014 0.0113154 -0.0368562 0.0434467 -0.0470201 -0.0383538 -0.049637 -0.0350468 0.0249752 0.0659042 0.0748396 0.0527197 0.0273605 -0.00450036 -0.058874 -0.0465066 0.0679879 0.0264003 0.0598991 -0.0444934 -0.0349013 0.113572 0.0774431 0.0926117 0.00601074 -0.0435259 -0.0343752 0.166049
internal_weight=2231.64 1677.77 1338.65 339.129 1007.43 232.634 865.204 751.464 641.345 497.432 142.222 186.158 178.875 143.962 110.119 83.0992 106.495 46.4758 134.217 69.451 58.608 460.175 392.621 553.865 138.462 128.517 36.0466 365.529 319.649 34.9133
internal_count=16925 13505 11354 2151 7884 1300 7069 5904 5226 3793 815 1010 965 794 678 547 851 290 736 403 338 3593 2935 3420 861 783 223 2804 2350 171
is_linear=0
shrinkage=0.1


Tree=13
num_leaves=31
num_cat=0
split_feature=14 12 6 7 7 8 13 10 6 8 10 7 12 10 9 10 6 13 8 13 13 14 13 13 13 6 13 7 6 12
split_gain=854.453 98.5756 134.38 93.8638 153.674 118.165 88.1738 80.0113 79.8452 96.2925 93.6654 87.4464 74.9383 69.605 67.5393 81.4704 65.4909 91.4734 97.5795 73.9098 68.8708 65.0364 50.4783 48.0045 104.345 51.0969 47.6994 45.9994 42.4722 42.3061
threshold=2160.0000000000005 0.58547508372896639 0.65984351116984497 0.79798595170398412 0.77258616198652497 0.63840786353021683 0.60677024379879241 0.013570379329668402 0.38283385605473003 0.56050666849844888 0.29232867100509347 0.68795973808312638 0.26081459927409106 0.68542707998099572 0.5227503486905335 0.089630685070863816 0.56667289071127336 0.52424782278194837 0.74095403017429906 0.48937439752318146 0.41819804349184569 2206.5000000000005 0.49554253952407729 0.53881558987000788 0.54702225851517239 0.43953520963748216 0.40425636956908856 0.65326994756330292 0.28722103864083481 0.43938785049266982
decision_type=2 2 2 2 2 2 2 2 2 2 2 2 2 2 2 2 2 2 2 2 2 2 2 2 2 2 2 2 2 2
left_child=-1 2 3 4 8 -6 14 -5 10 11 22 -10 -7 16 15 -3 20 19 -19 -18 26 -8 -2 -22 -25 27 -11 -26 -16 -9
right_child=1 6 -4 7 5 12 21 29 9 13 -12 -13 -14 -15 28 -17 17 18 -20 -21 23 -23 -24 24 25 -27 -28 -29 -30 -31
leaf_value=0.11083335543702583 0.081133863707291323 0.28565159029971021 -0.10213288953032423 0.19692175674043233 -0.11271777237784245 -0.11182265666152308 0.22028537371981707 -0.035384034567341564 0.24415545419343623 -0.11157930529161804 0.20020565684055397 0.0020209870240243343 0.1813925822672563 0.22669895694727615 0.16395299916758307 -0.043842281291259062 -0.11777844370694009 -0.11526597534464765 0.2235854031294609 0.17253793444732946 -0.10440263032181291 -0.11223266219193227 -0.13577024563886173 0.2848858249250501 -0.1118225633734066 -0.11497250022867274 0.23778803675484561 0.22767349089782662 -0.11562784434938106 -0.11821180376685095
leaf_weight=512.89071342349052 23.773964032530785 8.1403232216835004 177.09383302927017 11.737104363739489 19.643565252423286 9.5947296693921071 16.623677894473076 146.89756744354963 23.367898404598236 5.8550552576780346 36.797427251935005 41.233746401965618 95.200980678200722 9.503600209951399 5.5291599184274665 96.03097278624773 11.033153988420962 55.263623863458633 10.042851045727728 42.73522274941206 227.63409145921469 9.1029421538114565 19.553992584347725 10.243305325508116 6.7006736919283894 45.078779771924019 11.751366578042505 9.8692949786782247 314.50308677554131 106.2841817215085
leaf_count=3420 145 39 1576 54 209 105 76 1291 108 65 172 328 470 42 26 920 107 543 47 220 1976 98 143 49 73 448 57 44 3042 1032
internal_value=-0.00154355 -0.0374138 -0.0219674 -0.00747786 0.0113639 0.112357 -0.0771307 -0.0583219 -0.00992121 -0.0244927 0.0828836 0.0896066 0.154547 -0.0410303 -0.0880325 -0.0180944 -0.0468633 0.0163712 -0.0631573 0.112966 -0.0706062 0.102629 -0.0167554 -0.0819046 -0.0106682 -0.0597762 0.121605 0.0903858 -0.110798 -0.0701546
internal_weight=2119.71 1606.82 1156.89 979.796 714.877 124.439 449.93 264.919 590.438 510.313 80.1254 64.6016 104.796 445.711 424.204 104.171 436.207 119.075 65.3065 53.7684 317.133 25.7266 43.328 299.526 71.8921 61.6487 17.6064 16.57 320.032 253.182
internal_count=16925 13505 9304 7728 5351 784 4201 2377 4567 4107 460 436 575 3671 4027 959 3629 917 590 327 2712 174 288 2590 614 565 122 117 3068 2323
is_linear=0
shrinkage=0.1


Tree=14
num_leaves=31
num_cat=0
split_feature=14 12 6 4 1 13 9 9 3 1 8 14 7 7 13 13 11 12 11 11 6 10 11 13 8 12 6 11 6 11
split_gain=742.559 87.262 117.328 80.0378 93.8744 76.419 64.1384 70.334 68.9903 63.765 55.1269 53.9594 45.0019 57.7547 41.5181 54.0023 39.4221 48.8628 37.5563 40.2898 37.4339 35.5835 43.5018 32.4674 36.2507 31.6505 43.6831 29.3688 67.5362 60.892
threshold=2160.0000000000005 0.58547508372896639 0.65984351116984497 0.1981205098838513 0.51279912234679481 0.60677024379879241 0.5227503486905335 0.48910496584612079 1.0000001136767176 0.70308902514774829 0.84545539344238441 2206.5000000000005 0.79798595170398412 0.7678119546031833 0.45112578092738875 0.44725104942598443 0.37006729163394053 0.26081459927409106 0.36792074694442406 0.23262027818048267 0.28722103864083481 0.058169430933520609 0.18086642420168339 0.51110005151115923 0.6685871531052755 0.52825340439765267 0.49046650898768279 0.41359461851907947 0.64256602454396428 0.4998192198703848
decision_type=2 2 2 2 2 2 2 2 2 2 2 2 2 2 2 2 2 2 2 2 2 2 2 2 2 2 2 2 2 2
left_child=-1 2 3 4 12 6 7 10 -9 18 -3 -7 13 -2 15 -4 17 -15 19 25 -8 22 -14 24 -20 26 -5 28 -23 -29
right_child=1 5 14 9 -6 11 20 8 -10 -11 -12 -13 21 16 -16 -17 -18 -19 23 -21 -22 27 -24 -25 -26 -27 -28 29 -30 -31
leaf_value=0.10672159439142333 -0.0061246072106381604 -0.098660470402438361 -0.11929933908386942 -0.085928130813138201 -0.093293252955453682 0.2018026920272393 0.15590953301198432 0.22804869157410074 -0.11066414774864508 -0.067053308554064092 0.17019952879869615 -0.11094948158752155 0.16396895861183661 -0.11158386586833378 -0.11852300579180303 0.18860060635740028 -0.12331931372509904 0.14817618560082815 0.078067838837870787 0.15005321055459783 -0.11359143013829015 -0.11383709118132182 -0.11986004028834973 0.088562287402238205 -0.14854959771812798 0.13500734121127542 0.081987957499963154 0.20291256220288925 0.39461482816275706 -0.11864285827139172
leaf_weight=481.04642666876316 309.85624474287033 65.62564779818058 12.016793131828308 28.022434383630753 155.49399385601282 16.344465538859367 5.2474534958600989 18.765931025147442 8.8491287156939489 44.902680084109306 8.6290165707468969 8.3270572349429148 14.781201571226122 8.2561872527003271 142.97069460898638 10.830039642751217 7.6506757810711852 58.927052773535252 10.626509353518488 63.871211230754852 289.41538453102112 93.050912342965603 8.5083271786570531 20.71674844622612 21.024635687470436 27.862892813980579 34.649287357926369 10.612344026565554 2.6878446266055098 13.231814511120318
leaf_count=3420 2459 711 125 179 1835 76 26 89 104 458 55 98 72 92 1400 51 71 301 63 348 3042 961 78 122 139 153 216 48 15 118
internal_value=-0.00157764 -0.0358124 -0.0209981 -0.00724606 -0.0250083 -0.0745203 -0.0851449 -0.0167443 0.11951 0.040961 -0.0674167 0.0962435 -0.0048819 0.0129172 -0.0985201 0.0266539 0.0917612 0.116254 0.0644172 0.0892368 -0.108792 -0.0528066 0.0602782 -0.00876281 -0.0724654 0.0463315 0.00690756 -0.0748306 -0.0995624 0.0244721
internal_weight=2002.8 1521.75 1100.55 934.733 683.057 421.204 396.533 101.87 27.6151 251.676 74.2547 24.6715 527.563 384.69 165.818 22.8468 74.8339 67.1832 206.774 154.406 294.663 142.872 23.2895 52.3679 31.6511 90.5346 62.6717 119.583 95.7388 23.8442
internal_count=16925 13505 9304 7728 6050 4201 4027 959 193 1678 766 174 4215 2923 1576 176 464 393 1220 896 3068 1292 150 324 202 548 395 1142 976 166
is_linear=0
shrinkage=0.1


Tree=15
num_leaves=31
num_cat=0
split_feature=14 12 6 7 7 8 13 6 8 10 7 10 9 9 3 9 9 13 8 9 12 12 7 6 13 8 6 14 13 13
split_gain=644.307 79.7002 105.649 71.3302 113.992 89.8382 66.9531 64.039 77.2495 75.7723 69.1719 61.7309 58.4858 60.1716 57.1957 56.2381 63.1841 61.7677 56.4906 56.7946 63.9268 53.3164 51.0169 50.624 46.9199 95.7806 69.9575 45.4082 44.7843 42.0204
threshold=2160.0000000000005 0.58547508372896639 0.65984351116984497 0.79798595170398412 0.77258616198652497 0.63840786353021683 0.60677024379879241 0.38283385605473003 0.56050666849844888 0.29232867100509347 0.68795973808312638 0.013570379329668402 0.5227503486905335 0.48910496584612079 1.0000001136767176 0.53943662930964653 0.52759376125046631 0.42873151992873831 0.6595738156351868 0.47597577189439538 0.42237277372632676 0.26081459927409106 0.7601883635990675 0.81259380654323088 0.53881558987000788 0.72451069867760953 0.52994929052408446 2206.5000000000005 0.45441810817222877 0.49554253952407729
decision_type=2 2 2 2 2 2 2 2 2 2 2 2 2 2 2 2 2 2 2 2 2 2 2 2 2 2 2 2 2 2
left_child=-1 2 3 4 7 -6 12 9 10 29 -9 -5 13 23 -15 16 18 -17 28 20 22 -7 -20 -3 -19 -26 -27 -8 -10 -2
right_child=1 6 -4 11 5 21 27 8 15 -11 -12 -13 -14 14 -16 17 -18 24 19 -21 -22 -23 -24 -25 25 26 -28 -29 -30 -31
leaf_value=0.10274896687581077 0.072260263268128552 -0.11158325378282852 -0.096800435217971201 0.17756961056237089 -0.11122468290494468 -0.10953108678344335 0.18732617402530197 0.21774552452894205 0.20005472718208264 0.18365958300145008 0.00084219806717257388 -0.065084080776843745 -0.10693051153357523 0.20957553758648773 -0.10955314023985073 0.11698378765801738 0.13541706923890023 -0.1117192490660818 -0.11679591609194216 -0.12703836020739809 0.17285960137290271 0.15881833671691858 0.27842884747657448 0.090284765770096906 -0.11145802145860739 -0.11082131470732071 0.22836641497795079 -0.1098122537024632 -0.11876636392453421 -0.1312829851469724
leaf_weight=451.23713709414005 23.387390166521072 53.69172278791666 152.63212576508522 10.991827890276907 17.132565915584564 8.0634396523237211 15.87055315077305 23.157454878091812 4.780161812901496 35.209658846259117 40.270522125065327 226.94777598232031 271.0425069630146 18.395654127001766 8.0840630233287794 16.729920767247677 31.026292957365513 161.0686864554882 18.258510507643226 16.31078539788723 33.306490190327168 90.517150543630123 3.9775788784027091 16.162418246269226 41.265278466045856 8.7082308009266871 20.152920313179493 7.6086639016866675 56.268886774778366 17.909428365528584
leaf_count=3420 145 639 1576 54 209 105 76 108 22 172 328 2323 3068 89 104 122 178 1601 179 139 175 470 19 127 483 103 96 98 554 143
internal_value=-0.00159602 -0.034092 -0.0198373 -0.0068635 0.00989418 0.100136 -0.0726803 -0.00903 -0.0226981 0.0758807 0.0800333 -0.0538745 -0.0831435 -0.0162169 0.112148 -0.0385194 0.00692458 -0.0685671 -0.0230722 0.0370227 0.0852013 0.136869 -0.0460983 -0.0648763 -0.0819941 -0.0137203 0.126024 0.0910356 -0.0938026 -0.0160115
internal_weight=1900.17 1448.93 1058.07 905.441 667.501 115.713 390.856 551.788 475.282 76.5065 63.428 237.94 367.376 96.3339 26.4797 411.854 163.929 247.925 132.902 71.8534 55.5426 98.5806 22.2361 69.8541 231.195 70.1264 28.8612 23.4792 61.049 41.2968
internal_count=16925 13505 9304 7728 5351 784 4201 4567 4107 460 436 2377 4027 959 193 3671 1266 2405 1088 512 373 575 198 766 2283 682 199 174 576 288
is_linear=0
shrinkage=0.1


Tree=16
num_leaves=31
num_cat=0
split_feature=14 12 6 4 15 13 9 9 11 1 4 6 13 8 14 8 15 13 12 13 6 4 10 11 15 4 15 4 0 6
split_gain=559.847 71.4352 92.1685 60.2441 78.2682 58.5779 52.6274 51.7817 48.0885 47.4243 46.0844 44.4711 40.8781 46.7392 38.6231 37.6953 36.0703 35.4513 41.0315 42.3399 35.1208 32.2108 29.8131 29.1648 28.2009 21.7398 35.6247 22.544 25.1092 21.0493
threshold=2160.0000000000005 0.58547508372896639 0.65984351116984497 0.1981205098838513 1341.5000000000002 0.60677024379879241 0.5227503486905335 0.48910496584612079 0.20412513325196158 0.70308902514774829 0.12722793842611763 0.81259380654323088 0.45112578092738875 0.63160226578721745 2206.5000000000005 0.6092253129501829 1060.5000000000002 0.74907271340972936 0.34126802294669806 0.77984637196984352 0.28722103864083481 0.077051155284390757 0.38243959515735643 0.6182870349045777 877.00000000000011 0.045711569899443603 626.50000000000011 0.026069895418924304 0.21103238866396759 0.57739197058879366
decision_type=2 2 2 2 2 2 2 2 2 2 2 2 2 2 2 2 2 2 2 2 2 2 2 2 2 2 2 2 2 2
left_child=17 2 3 4 10 6 7 11 -9 23 16 -3 13 -4 -7 -13 21 -1 22 29 -8 24 -19 -5 25 26 27 28 -2 -20
right_child=1 5 12 9 -6 14 20 8 -10 -11 -12 15 -14 -15 -16 -17 -18 18 19 -21 -22 -23 -24 -25 -26 -27 -28 -29 -30 -31
leaf_value=0.11639897561218236 0.0017269439179921785 -0.11041713426059148 0.18297672363960252 0.064271958276859151 -0.10090395298162672 0.17565303213216454 0.15371706252446057 -0.10856688999383907 0.19501883069873538 -0.062033148760652038 0.086716266718484522 -0.11213108562800443 -0.11543314261786251 -0.11621694609723297 -0.10880212224851896 0.19704346236728754 -0.092866780390956749 0.11677208581068139 0.11691856880791154 0.11688616611473755 -0.10998846490924284 0.076860825006860728 -0.12690717665853415 -0.14128025049180723 -0.104864960850726 0.058603976812351015 -0.099420421748549523 0.082302722598799144 -0.088599604101591831 -0.13037973591662091
leaf_weight=309.73285163193941 190.57674189656973 49.06908155977726 10.624605096876623 188.7129926495254 106.65162933245301 15.263743720948698 5.1565390676259986 7.3778095766901997 17.820878222584724 40.571299597620964 47.789677441120148 6.3933053910732296 122.10756795480847 10.266620442271231 6.9452484324574462 10.291293106973169 54.475897498428822 6.8876707851886776 4.8268216028809574 71.56120926886797 245.36975835636258 41.856862351298332 18.523323848843575 7.1647078692913047 32.358282696455717 43.789972309023142 44.474087990820408 27.95658951997757 36.70209527015686 11.995737195014952
leaf_count=2559 1514 639 51 1168 1474 76 26 104 89 458 277 70 1400 125 98 57 689 56 39 579 3042 252 116 52 413 291 552 171 417 71
internal_value=-0.00162021 -0.0326891 -0.0189588 -0.00663867 -0.0228678 -0.0706717 -0.0809067 -0.0157522 0.106133 0.0363713 -0.00686198 -0.0624623 -0.093318 0.0359433 0.0866975 0.0785721 -0.0163329 0.0988625 0.0511307 0.0833282 -0.104561 -0.00635179 -0.0608577 0.0567534 -0.0156186 -0.00721148 -0.0168276 -0.00243607 -0.0128594 -0.0594235
internal_weight=1793.29 1369.77 1006.08 863.081 626.632 363.688 341.479 90.9524 25.1987 236.449 519.98 65.7537 142.999 20.8912 22.209 16.6846 472.191 423.528 113.795 88.3838 250.526 417.715 25.411 195.878 375.858 343.499 299.71 255.235 227.279 16.8226
internal_count=16925 13505 9304 7728 6050 4201 4027 959 193 1678 4576 766 1576 176 174 127 4299 3420 861 689 3068 3610 172 1220 3358 2945 2654 2102 1931 110
is_linear=0
shrinkage=0.1


Tree=17
num_leaves=31
num_cat=0
split_feature=14 12 6 7 7 8 12 12 10 8 8 6 12 7 13 7 10 9 11 12 12 10 10 9 12 7 8 13 8 6
split_gain=493.78 65.9898 83.2887 56.3578 95.7673 73.1448 56.1071 66.8087 58.3332 56.5485 53.1245 64.2038 69.7508 63.2861 51.6833 48.2531 50.7176 47.3919 46.7586 76.6726 54.4051 67.3522 45.8462 41.8146 41.6116 41.4849 45.5761 36.7001 40.3724 36.5672
threshold=2160.0000000000005 0.58547508372896639 0.65984351116984497 0.79798595170398412 0.77258616198652497 0.63840786353021683 0.43938785049266982 0.36059968271352999 0.019678540185298604 0.65109646683643574 0.56050666849844888 0.38283385605473003 0.45869123522464605 0.68795973808312638 0.60677024379879241 0.49063869326947185 0.68542707998099572 0.5227503486905335 0.59771651436982054 0.42237277372632676 0.23269059043592008 0.28283038999933569 0.25774251939824783 0.50841614664279666 0.26081459927409106 0.8064201109672039 0.6092253129501829 0.45112578092738875 0.63160226578721745 0.54836700777728653
decision_type=2 2 2 2 2 2 2 2 2 2 2 2 2 2 2 2 2 2 2 2 2 2 2 2 2 2 2 2 2 2
left_child=-1 2 3 4 10 -6 7 8 -5 -9 13 12 23 -2 17 -13 18 22 20 -20 21 -17 25 -12 -7 26 -3 28 -4 -23
right_child=1 14 27 6 5 24 -8 9 -10 -11 11 15 -14 -15 -16 16 -18 -19 19 -21 -22 29 -24 -25 -26 -27 -28 -29 -30 -31
leaf_value=0.097256770798928374 0.18869636844889087 -0.10828897024723357 0.17288798466629174 0.16649509918808758 -0.10990157752601909 -0.10811873070292076 -0.11450522847292606 -0.11075242238149735 -0.085775870460720965 0.15562816987916769 0.16285118064366924 0.15960839380538339 0.15759227598025968 -0.0057597440058769211 0.083025892976728341 -0.11870925332241751 0.18956861191896213 -0.10290321134434975 -0.11879648394933157 0.2068662131667249 -0.08022347880855632 0.19536322684351484 -0.1100260260458001 -0.12783889473745491 0.146802913436481 -0.10919834924773664 0.1509761785005036 -0.11398511440143039 -0.11474760340581036 0.004146965880618715
leaf_weight=389.25814335048199 27.962490364909172 8.7064884640276414 10.144760534167292 10.297682866454123 15.034311201423405 6.9179857186973086 83.170492019504309 10.486264795064924 83.407325245440006 33.200617849826813 6.6180151998996761 12.045013189315794 37.91673731058836 41.688636511564255 20.903010100126266 21.475424654781818 9.0812603235244733 230.16648031771183 12.443173076957466 17.253847017884254 266.07362531125546 20.229043424129486 31.973591063171625 19.614916618913412 86.059094063937664 13.560414515435694 30.647311579436064 111.81923989951611 9.4024951718747598 19.77991209551692
leaf_count=3420 137 127 51 54 209 105 1032 132 963 196 32 67 210 352 174 257 42 3068 130 82 2801 99 443 165 470 188 201 1400 125 193
internal_value=-0.00161699 -0.0310398 -0.0178359 -0.00626573 0.00917416 0.0947443 -0.0496808 -0.0104391 -0.0580526 0.0916882 -0.00887129 -0.0216482 0.0708591 0.0723076 -0.0692465 -0.0373317 -0.043807 -0.0793494 -0.0497393 0.0704122 -0.0606325 0.0241477 -0.0154852 -0.0545039 0.127835 0.0416414 0.0936173 -0.091886 0.0345314 0.100828
internal_weight=1697.34 1308.08 972.122 840.756 620.193 108.011 220.562 137.392 93.705 43.6869 512.182 442.531 64.1497 69.6511 335.957 378.381 366.336 315.054 357.255 29.697 327.558 61.4844 84.8878 26.2329 92.9771 52.9142 39.3538 131.366 19.5473 40.009
internal_count=16925 13505 9304 7728 5351 784 2377 1345 1017 328 4567 4078 407 489 4201 3671 3604 4027 3562 212 3350 549 959 197 575 516 328 1576 176 292
is_linear=0
shrinkage=0.1


Tree=18
num_leaves=31
num_cat=0
split_feature=14 12 6 7 7 11 12 12 12 10 8 6 10 13 6 9 10 13 10 13 12 11 11 8 7 9 13 8 12 12
split_gain=429.274 58.4501 74.885 49.0616 81.9179 54.2646 53.6052 51.2118 56.4946 50.4321 46.6458 45.5126 56.0257 45.0439 43.1306 42.4944 40.5363 36.9735 38.6071 42.2976 41.7215 36.6279 41.3823 36.4859 62.6476 51.2763 51.9513 50.4096 69.9407 65.762
threshold=2160.0000000000005 0.58547508372896639 0.65984351116984497 0.79798595170398412 0.7678119546031833 0.37006729163394053 0.26081459927409106 0.43938785049266982 0.36059968271352999 0.019678540185298604 0.65109646683643574 0.38283385605473003 0.29232867100509347 0.60677024379879241 0.56753523245429749 0.5227503486905335 0.25774251939824783 0.74907271340972936 0.38024840321127051 0.75738907488478013 0.48342793167465098 0.40930807654603912 0.29555738365730627 0.56050666849844888 0.68795973808312638 0.53943662930964653 0.42873151992873831 0.6595738156351868 0.35794438765933895 0.42237277372632676
decision_type=2 2 2 2 2 2 2 2 2 2 2 2 2 2 2 2 2 2 2 2 2 2 2 2 2 2 2 2 2 2
left_child=17 2 3 4 11 6 -6 8 9 -5 -10 12 -2 15 -8 16 21 -1 19 -19 -20 22 -3 24 -13 27 -27 28 -25 -29
right_child=1 13 -4 7 5 -7 14 -9 10 -11 -12 23 -14 -15 -16 -17 -18 18 20 -21 -22 -23 -24 25 -26 26 -28 29 -30 -31
leaf_value=0.11324424873128663 -0.018054425410302222 -0.016880692700718788 -0.090603217014849927 0.15919852113568353 -0.10723155124798263 -0.12272069605499203 0.16404703840639173 -0.11319344260077831 -0.10965709116423045 -0.082240482914905322 0.14102323455416152 0.18547117281125622 0.16335040304314152 0.074356608934456406 -0.010159903924115751 -0.10061851980020137 -0.10903696328941499 -0.13522014407990399 -0.12473052642338306 0.11363025338064953 0.11359670497076649 -0.10851120711204486 0.19150152461539546 0.1385821669120289 -0.034498231191934674 0.10943307253157633 -0.078985608940159741 -0.060823894001685669 -0.11653796416856786 0.12806971058005653
leaf_weight=264.27969329059124 36.836595673114061 18.969770308583975 120.51191021129489 9.7223530709743482 10.482018668204544 11.398093793541191 75.605647139251232 76.083321996033192 9.5782881565392 78.548959393054247 32.985877990722656 21.742416448891163 31.655719980597496 21.000688120722771 17.501890584826469 212.75324549898505 29.179910164326429 7.7049231529235831 22.280476570129395 60.17035386711359 10.957902871072291 12.659938771277664 19.151146277785301 14.017147861421106 32.007174253463745 15.807925768196581 196.97257156670094 27.982082769274712 46.044706478714943 53.994835369288921
leaf_count=2559 288 233 1576 54 175 138 409 1032 132 963 196 108 172 174 130 3068 443 40 147 570 104 187 96 84 295 122 2283 303 531 313
internal_value=-0.00163128 -0.0298387 -0.0171221 -0.00603855 0.00861111 0.0843767 0.107164 -0.0479551 -0.0100177 -0.055648 0.0846122 -0.00965093 0.0657871 -0.0671105 0.1313 -0.0772601 -0.0151097 0.0935682 0.0421411 0.0853818 -0.0461597 0.0388632 0.0878061 -0.0222973 0.0544823 -0.0339282 -0.0649876 0.0126 -0.0569984 0.0635926
internal_weight=1598.59 1233.19 919.48 798.968 592.049 114.988 103.59 206.919 130.835 88.2713 42.5642 477.061 68.4923 313.715 93.1075 292.714 79.9608 365.393 101.114 67.8753 33.2384 50.7809 38.1209 408.569 53.7496 354.819 212.78 142.039 60.0619 81.9769
internal_count=16925 13505 9304 7728 5351 852 714 2377 1345 1017 328 4499 460 4201 539 4027 959 3420 861 610 251 516 329 4039 403 3636 2405 1231 615 616
is_linear=0
shrinkage=0.1


Tree=19
num_leaves=31
num_cat=0
split_feature=14 12 6 12 8 7 13 13 11 11 11 8 11 10 9 8 6 6 7 6 8 9 13 10 10 10 8 6 10 14
split_gain=380.083 51.8928 65.2494 43.4705 64.4698 45.8615 39.3349 38.837 61.4617 53.4822 39.634 51.8414 55.2749 50.746 62.3891 56.4785 57.3526 48.5352 47.69 47.6582 43.8562 38.1881 36.1088 35.992 35.579 35.1082 35.0163 34.8662 34.7622 34.0364
threshold=2160.0000000000005 0.58547508372896639 0.65984351116984497 0.53112557144707584 0.74183887149470606 0.83275943470151093 0.60677024379879241 0.45243152464248199 0.25385312613161004 0.17369360401970549 0.23262027818048267 0.68003825469740009 0.069276162264539323 0.58959299891478023 0.47597577189439538 0.64919754094883364 0.45977407591654734 0.6395807993882513 0.69969784422501469 0.34252638100359217 0.6595738156351868 0.5227503486905335 0.45112578092738875 0.25774251939824783 0.23244871438792561 0.53027390136190233 0.63160226578721745 0.28722103864083481 0.24718926526003301 2206.5000000000005
decision_type=2 2 2 2 2 2 2 2 2 2 2 2 2 2 2 2 2 2 2 2 2 2 2 2 2 2 2 2 2 2
left_child=-1 2 3 4 7 25 21 8 9 -2 11 12 -9 14 20 16 28 -18 -13 -17 24 23 26 -3 -12 -5 -4 -23 -16 -8
right_child=1 6 22 5 -6 -7 29 10 -10 -11 13 18 -14 -15 15 19 17 -19 -20 -21 -22 27 -24 -25 -26 -27 -28 -29 -30 -31
leaf_value=0.092302097818571946 -0.021007229995659564 0.036451080742329577 0.16878377364640809 0.091348207195904113 -0.084198623746440424 -0.10723145062119853 0.15837180188164268 0.10086444774390474 -0.062528499243244703 0.17289950213371164 0.10284526032639839 0.13679439202980578 -0.10243076178940309 0.16837401663155849 -0.030029649768425704 0.14957360861784022 -0.11147434950403785 0.16542166392861218 -0.10737116067559614 -0.11498262799910462 0.17562509989083769 0.15594727910054795 -0.11172781329654816 -0.10815073001173273 -0.11406905096126591 -0.10851565601162393 -0.1124367635927037 -0.10529097068401881 0.14617489349683802 -0.10923560554346393
leaf_weight=334.96522632241249 20.935509767383337 48.749243207275867 9.9027120620012301 95.904731009155512 114.55454234406352 16.291134998202324 13.860659107565882 15.046758495271204 29.821711279451847 44.370219543576241 16.506328843533996 23.949503134936094 120.33183509111404 18.882998816668987 16.212754596024752 7.4778982177376738 36.320222683250904 7.6664939299225798 12.011340420693157 76.157131537795067 28.781229723244905 5.2489620596170417 95.158887252211571 26.6083755902946 13.954128377139567 9.6757332570850831 8.008374094963072 191.52666405960917 36.185221191495657 7.2329263836145392
leaf_count=3420 238 516 51 735 1263 281 76 113 407 235 127 168 1413 98 187 48 541 39 202 954 158 26 1400 443 172 145 125 3042 204 98
internal_value=-0.00159646 -0.0285405 -0.0163289 -0.0057977 -0.0162338 0.0489354 -0.0649435 -0.00139296 0.0564199 0.110737 -0.0141981 -0.0514856 -0.0798354 0.0105509 -0.00190479 -0.0311983 0.0209778 -0.0632138 0.0552403 -0.0913284 0.0871104 -0.0751405 -0.0872107 -0.0146071 0.00347544 0.073032 0.0430449 -0.0983225 0.0916544 0.06661
internal_weight=1502.3 1167.33 874.107 761.037 639.166 121.872 293.227 524.611 95.1274 65.3057 429.484 171.339 135.379 258.144 239.261 180.02 96.3847 43.9867 35.9608 83.635 59.2417 272.133 113.07 75.3576 30.4605 105.58 17.9111 196.776 52.398 21.0936
internal_count=16925 13505 9304 7728 6567 1161 4201 5304 880 473 4424 1896 1526 2528 2430 1973 971 580 370 1002 457 4027 1576 959 299 880 176 3068 391 174
is_linear=0
shrinkage=0.1


Tree=20
num_leaves=31
num_cat=0
split_feature=14 12 6 10 6 6 8 9 11 13 8 9 9 10 12 9 8 8 11 6 13 10 13 12 10 11 13 6 10 8
split_gain=330.152 47.2616 47.9327 63.0371 58.8313 62.537 72.845 52.9261 51.5576 47.0948 43.7471 43.1245 99.8454 51.2778 50.7693 39.4986 45.4423 69.0184 51.7077 44.438 38.396 36.1833 39.4241 36.1104 33.342 41.7572 33.7026 29.7593 29.6652 78.8632
threshold=2160.0000000000005 0.64976602159734465 0.45209618376611954 0.32752346565290508 0.47669605460715475 0.53239744430312119 0.7495649301081696 0.79460066279039931 0.3516139296291983 0.60677024379879241 0.72451069867760953 0.43048375043922432 0.40311551944245116 0.33778028720603664 0.64262978272232119 0.46970187342807035 0.79527684815264998 0.65523746053932219 0.21631192568892588 0.28722103864083481 0.74907271340972936 0.38024840321127051 0.75738907488478013 0.48342793167465098 0.078297672249068709 0.18105640862409098 0.45601170712783473 0.52994929052408446 0.38243959515735643 0.59641635262379478
decision_type=2 2 2 2 2 2 2 2 2 2 2 2 2 2 2 2 2 2 2 2 2 2 2 2 2 2 2 2 2 2
left_child=20 2 3 15 -4 6 8 -5 10 -3 24 12 14 -14 -7 -2 17 18 -17 -19 -1 22 -22 -23 27 -26 -27 -6 -13 -30
right_child=1 9 4 7 5 11 -8 -9 -10 -11 -12 28 13 -15 -16 16 -18 19 -20 -21 21 23 -24 -25 25 26 -28 -29 29 -31
leaf_value=0.1107835036023765 0.12586512286981152 -0.086119388281384893 -0.11410578219424404 0.13287968452454951 0.16331895430120208 -0.11136792674753473 -0.11194844829789702 -0.11369128671905469 -0.10948485912436762 0.085316573993191522 0.19784476965033079 -0.085791706212210786 0.15152938463489096 -0.10718520323445849 0.19227222555618159 -0.086442090434004526 0.10029955840220162 0.14525155584886368 0.085890117411127065 -0.11704245204519542 -0.13374054224339543 -0.12395902480640227 0.11109351683226594 0.11106658140681494 -0.10893768988288406 0.14876193694544923 -0.01191577506615752 -0.12700765038577941 0.19802948124833347 -0.107762734736311
leaf_weight=224.84244702011347 19.326521765440702 184.01980286464095 78.958928193897009 60.903883323073387 30.703266754746437 56.225926380604506 31.568578571081161 10.157164413481949 16.864066623151302 17.552325166761875 24.159371107816696 199.57106212154031 43.144520841538906 9.3150913529098016 6.1044429019093505 26.217788618057966 25.725077386945486 6.9571825489401808 51.832054179161787 90.237121608108282 7.5454628467559806 21.84201487898827 51.233953878283501 9.3297813385725004 20.817570962011814 23.153763383626938 29.92763064801693 3.9893402755260459 13.995367497205732 21.222986944019794
leaf_count=2559 136 3034 1115 395 167 857 466 123 276 142 120 2742 275 162 31 309 199 48 430 1196 40 147 570 104 313 143 358 31 73 364
internal_value=-0.00163189 -0.0274187 -0.0176268 0.015738 -0.0335702 -0.0215893 0.0260902 0.0976359 0.0552161 -0.0711912 0.076139 -0.0463011 0.00393042 0.10559 -0.0816304 -0.0106799 -0.023811 -0.0420299 0.0280019 -0.0982674 0.0886936 0.0334775 0.0796644 -0.0536154 0.049062 0.0110958 0.0581708 0.129934 -0.0708596 0.0137556
internal_weight=1417.44 1102.65 901.079 291.357 609.722 530.763 181.184 71.061 149.615 201.572 132.751 349.579 114.79 52.4596 62.3304 220.296 200.969 175.244 78.0498 97.1943 314.794 89.9512 58.7794 31.1718 108.592 73.899 53.0814 34.6926 234.789 35.2184
internal_count=16925 13505 10329 2836 7493 6378 1874 518 1408 3176 1132 4504 1325 437 888 2318 2182 1983 739 1244 3420 861 610 251 1012 814 501 198 3179 437
is_linear=0
shrinkage=0.1


Tree=21
num_leaves=31
num_cat=0
split_feature=14 12 6 10 6 13 10 9 10 7 13 11 13 11 12 11 12 13 10 13 12 6 6 13 6 7 9 7 12 13
split_gain=293.359 40.6712 41.6469 53.7478 53.3978 54.6996 47.5758 44.9634 42.037 41.3388 40.6436 37.6409 34.5997 33.5785 57.5268 56.6686 36.7773 47.0191 32.252 35.0807 32.0227 29.3107 26.6936 26.5118 47.7422 45.4973 55.2457 50.2719 56.3563 52.6497
threshold=2160.0000000000005 0.64976602159734465 0.45209618376611954 0.32752346565290508 0.47669605460715475 0.45243152464248199 0.30787347719923602 0.79460066279039931 0.022972166370375805 0.53131674458683931 0.60677024379879241 0.41242266906773412 0.74907271340972936 0.27890239389492594 0.53673167415916267 0.48693910228755355 0.44666311799658337 0.46122121713600123 0.38024840321127051 0.75738907488478013 0.48342793167465098 0.32299958207054319 0.40566895001427433 0.49862224546563555 0.64433494122081492 0.72243986949528227 0.50841614664279666 0.66900791920019342 0.5486306383188585 0.50815758966919378
decision_type=2 2 2 2 2 2 2 2 2 2 2 2 2 2 2 2 2 2 2 2 2 2 2 2 2 2 2 2 2 2
left_child=12 2 3 13 -4 6 11 -5 -7 -10 21 -6 -1 14 -2 16 17 -15 19 -14 -20 -3 -16 -11 25 27 -27 29 -29 -25
right_child=1 10 4 7 5 8 -8 -9 9 23 -12 -13 18 15 22 -17 -18 -19 20 -21 -22 -23 -24 24 -26 26 -28 28 -30 -31
leaf_value=0.10965266528766547 -0.099594060385384237 0.15284652177475186 -0.11286062591704003 0.12437515178661168 0.1007742671302983 0.1509487945697634 -0.11191856482745949 -0.11233542519149903 0.15219443180763959 -0.093539479445781185 0.077285681791616045 -0.11082028677493623 -0.12951679967752208 -0.10805025976290686 0.13227186855946904 -0.12453710453455472 -0.063532100421650278 0.12377734316097835 -0.12122247798322272 0.10992709370124443 0.10990325948139208 -0.090077785111156411 -0.10671949107443568 0.15390696153053629 -0.10822566145835395 0.042181761784760075 -0.11138665181536381 0.12640863763568905 -0.11649562530161793 -0.1094677198713746
leaf_weight=205.43641304969788 71.399791602045298 5.1186044663190833 72.19298218563199 58.679709281772375 73.106380179524422 11.521778292953966 16.008028201758862 9.2958290502428991 10.568270623683928 96.561504624783993 17.444600358605385 9.4996590390801412 7.0384502410888663 10.144320491701363 19.503697846084837 20.326932981610298 19.188490871340036 63.592125494033098 20.186542563140396 46.825081259012222 8.5267109498381597 167.57236067578197 6.1462969630956641 9.7791790738701803 64.646782841533422 35.831860035657883 67.659952510148287 58.003611955791712 11.434431832283733 33.907158229500055
leaf_count=2559 985 26 1115 395 606 72 273 123 67 1421 142 135 40 164 141 229 237 446 147 570 104 3008 116 57 1158 404 1044 428 160 553
internal_value=-0.00162565 -0.0263777 -0.0170153 0.0147031 -0.0324808 -0.0208408 0.0458646 0.0920044 -0.0372896 -0.0428737 -0.0681828 0.076441 0.0876781 -0.0102829 -0.0534482 0.0267071 0.0597911 0.0918836 0.0330093 0.0786385 -0.0525872 -0.0828774 0.0750043 -0.0483301 -0.032809 -0.0103017 -0.0582168 0.0335334 0.0864094 -0.0505113
internal_weight=1327.15 1039.13 848.999 278.277 570.722 498.529 98.6141 67.9755 399.915 388.393 190.136 82.606 288.013 210.302 97.0498 113.252 92.9249 73.7364 82.5768 53.8635 28.7133 172.691 25.65 377.824 281.263 216.616 103.492 113.124 69.438 43.6863
internal_count=16925 13505 10329 2836 7493 6378 1014 518 5364 5292 3176 741 3420 2318 1242 1076 847 610 861 610 251 3034 257 5225 3804 2646 1448 1198 588 610
is_linear=0
shrinkage=0.1


Tree=22
num_leaves=31
num_cat=0
split_feature=14 1 4 1 13 10 13 12 12 6 6 9 7 6 9 9 13 6 7 9 11 7 12 13 11 7 10 13 7 13
split_gain=261.05 38.1304 46.1671 31.9478 31.1894 28.7951 31.2807 28.4626 19.225 24.4007 20.4178 26.4525 37.2348 33.4135 24.0037 26.1971 28.5139 26.439 22.9679 25.025 20.9787 20.6632 24.5693 20.3465 25.6459 18.8967 18.938 25.3367 34.5569 18.3671
threshold=2160.0000000000005 0.68846057975406605 0.20085286428457097 0.51279912234679481 0.74907271340972936 0.38024840321127051 0.75738907488478013 0.48342793167465098 0.7053776106292915 0.71140897198243469 0.65984351116984497 0.54082881110876968 0.79530162193480392 0.64256602454396428 0.61532253330261744 0.61638522406896834 0.53404741351937368 0.59267472189360215 0.7601883635990675 0.42283817000268686 0.37006729163394053 0.7044415352586052 0.5486306383188585 0.47630970126605682 0.34102264887532513 0.90696337556368756 0.46747598508484939 0.4399864587242967 0.73885545106244666 0.4075945810974651
decision_type=2 2 2 2 2 2 2 2 2 2 2 2 2 2 2 2 2 2 2 2 2 2 2 2 2 2 2 2 2 2
left_child=4 2 3 8 -1 6 -6 -7 10 -10 11 12 18 -14 -13 -16 25 21 19 -2 -20 22 -18 24 -12 26 27 28 29 -17
right_child=1 -3 -4 -5 5 7 -8 -9 9 -11 23 14 13 -15 15 16 17 -19 20 -21 -22 -23 -24 -25 -26 -27 -28 -29 -30 -31
leaf_value=0.10865019875353697 -0.11043485719204471 -0.080674838596615089 0.023515688615266463 -0.080568392603935265 -0.12593109034280406 -0.11884503597423011 0.10889368817174026 0.10887254021692541 -0.094968182594193193 0.13676010196043251 -0.11002440097773857 -0.069337906526739795 -0.10774001926878576 0.23198627824120882 0.14744373516051987 -0.0016315331342485228 0.18078767716434738 -0.10951579676846795 0.13981546370261763 0.04130279462284682 -0.11445843112267558 0.014111310066379869 -0.11159202289396108 -0.10745021030469795 0.12064621520643451 0.15166191883894212 0.077533749412785791 -0.10105947939935667 -0.10896959868817489 0.25597297646718425
leaf_weight=187.51381263136864 12.469934761524199 110.65969006344676 202.15346290543675 108.94421014934778 6.5405589342117301 18.612066686153415 42.750571586191654 7.7845877781510344 53.889576159417629 4.9625099152326575 8.8205843418836611 88.514386020600796 28.50893954187632 3.2223344743251792 10.498051948845385 4.8885675519704836 19.017550863325599 10.733497589826582 32.976576883345842 84.656257066875696 3.5987985059618941 35.746849980205297 3.3857547342777243 42.541314844042063 10.626533448696135 4.5245062187314025 9.4337346963584405 68.727309908717871 10.334769546985624 6.3800217285752296
leaf_count=2559 167 2238 1728 2185 40 147 570 104 1016 39 148 1322 510 15 58 60 98 156 225 778 54 408 53 802 75 28 82 1063 164 33
internal_value=-0.00164406 -0.0253871 -0.0183512 -0.0310325 0.0867799 0.0325969 0.0777342 -0.0516893 -0.021369 -0.0754285 -0.015001 -0.00739251 0.0241435 -0.0732406 -0.02656 -0.00594445 -0.0152431 0.0346855 0.0472556 0.0218213 0.114796 0.0613025 0.136601 -0.0687145 0.0160215 -0.0482214 -0.0572865 -0.0713665 0.0230965 0.144218
internal_weight=1243.42 980.216 869.556 667.403 263.202 75.6878 49.2911 26.3967 558.458 58.8521 499.606 437.618 165.433 31.7313 272.185 183.671 173.173 68.8837 133.702 97.1262 36.5754 58.1502 22.4033 61.9884 19.4471 104.289 99.7644 90.3307 21.6034 11.2686
internal_count=16925 13505 11267 9539 3420 861 610 251 7354 1055 6299 5274 1749 525 3525 2203 2145 715 1224 945 279 559 151 1025 223 1430 1402 1320 257 93
is_linear=0
shrinkage=0.1


Tree=23
num_leaves=31
num_cat=0
split_feature=14 2 4 15 13 10 13 12 4 4 15 7 8 11 4 15 4 15 12 6 7 13 13 10 10 7 12 8 4 15
split_gain=231.376 34.1739 44.8609 35.7084 28.1243 25.7457 27.9414 25.3486 23.182 18.2711 23.6459 17.6773 43.9398 26.4346 15.8176 26.1993 17.6653 16.2092 14.5288 14.4075 18.6536 18.4656 23.2732 20.9787 26.0463 13.5257 11.6961 10.5861 10.046 15.1913
threshold=2160.0000000000005 0.70736631046135956 0.15344554056781018 1179.5000000000002 0.74907271340972936 0.38024840321127051 0.75738907488478013 0.48342793167465098 0.3959652983456865 0.091017313429865562 922.50000000000011 0.77258616198652497 0.61924694920846446 0.51277609123428192 0.052938736798449057 636.50000000000011 0.029317645315857253 508.50000000000006 0.21075805324646227 0.39551002851839628 0.75411082925134598 0.51110005151115923 0.40836529962911355 0.12543100455264272 0.09192859159907936 0.64620202436674679 0.57217408019419624 0.67760000906127527 0.019508720656014753 386.50000000000006
decision_type=2 2 2 2 2 2 2 2 2 2 2 2 2 2 2 2 2 2 2 2 2 2 2 2 2 2 2 2 2 2
left_child=4 2 3 9 -1 6 -6 -7 -3 10 14 19 -13 18 15 16 17 28 -14 20 -4 22 -21 24 -24 26 27 -25 29 -2
right_child=1 8 11 -5 5 7 -8 -9 -10 -11 -12 12 13 -15 -16 -17 -18 -19 -20 21 -22 -23 23 25 -26 -27 -28 -29 -30 -31
leaf_value=0.10775960173713117 -0.009101712485642283 -0.0919242600605049 0.09821360988997184 -0.095189258717677291 -0.12286280733558815 -0.11676978161119539 0.10797608407395415 0.107957290186735 0.023192320997720155 0.034054137849886777 -0.093301218286304166 -0.12072152074227088 -0.11204348571138747 -0.11882480147153636 0.033905578637133588 -0.086508304775727296 0.064329616079218804 -0.094993710542645271 0.11588310169039705 0.15178609379531255 -0.12913377605516357 0.032769506495985708 -0.11824672005747272 0.042115094917671722 0.16544371707827099 -0.12358009570791065 0.089087482089643066 -0.12994174033717459 0.059106714800180975 -0.08447455522821351
leaf_weight=171.00000420212746 185.77046394720674 104.22007775679231 24.314379516988996 76.606600813567638 6.0582715272903434 17.124766916036609 38.99422013759613 7.1004458665847769 21.021990776062012 52.308315459638834 49.886990062892437 11.852434348314999 2.9291550815105429 5.7127908617258063 47.471530470997095 62.113865494728088 25.637547232210636 27.694116981700063 61.830111153423786 5.5916679613292208 4.2380061894655219 50.86865932866931 5.3810688480734816 5.4508111178874996 8.1200281046330911 36.267878048121929 6.4366237111389628 10.396508384495972 17.359064135700464 31.236384060233831
leaf_count=2559 2206 2360 202 1728 40 147 570 104 145 489 1082 148 42 68 454 1284 211 587 474 40 38 516 59 52 61 391 51 94 125 598
internal_value=-0.00159718 -0.023967 -0.0164976 -0.0316171 0.0859834 0.0322325 0.0769349 -0.0509019 -0.0726018 -0.0218668 -0.0284083 0.0198872 0.0574216 0.0873829 -0.0202596 -0.0276102 -0.0148941 -0.0226446 0.105574 0.000213804 0.0644686 -0.014062 -0.0447435 -0.0599952 0.0523746 -0.0859059 -0.0245897 -0.0707614 -0.0140954 -0.019951
internal_weight=1180.99 940.717 815.475 576.085 240.278 69.2777 45.0525 24.2252 125.242 499.478 447.17 239.39 82.3245 70.4721 397.283 349.811 287.698 262.06 64.7593 157.066 28.5524 128.513 77.6446 72.0529 13.5011 58.5518 22.2839 15.8473 234.366 217.007
internal_count=16925 13505 11000 8764 3420 861 610 251 2505 7036 6547 2236 732 584 5465 5011 3727 3516 516 1504 240 1264 748 708 120 588 197 146 2929 2804
is_linear=0
shrinkage=0.1


Tree=24
num_leaves=31
num_cat=0
split_feature=14 12 13 6 11 9 9 12 10 7 7 7 7 11 10 11 11 8 9 9 10 6 12 11 6 10 13 10 8 7
split_gain=205.228 31.3944 34.0804 33.0274 61.9949 34.0327 71.9368 43.3029 33.8062 28.7507 41.2903 27.0148 65.6158 56.8805 54.8393 35.3379 45.2882 55.8967 52.7395 36.6161 33.3476 32.8138 31.6962 31.3274 30.6535 38.5375 25.368 23.682 55.8166 23.3855
threshold=2160.0000000000005 0.64976602159734465 0.60677024379879241 0.53239744430312119 0.48693910228755355 0.43048375043922432 0.40311551944245116 0.64262978272232119 0.33778028720603664 0.64842686251394921 0.63763335055277981 0.79798595170398412 0.7678119546031833 0.41359461851907947 0.058169430933520609 0.18105640862409098 0.25190489485237016 0.56050666849844888 0.49695868659821019 0.48412445919951447 0.20218222550445653 0.45139246338164019 0.26081459927409106 0.18086642420168339 0.40566895001427433 0.24402191517697439 0.74907271340972936 0.38243959515735643 0.59641635262379478 0.52297461102668474
decision_type=2 2 2 2 2 2 2 2 2 2 2 2 2 2 2 2 2 2 2 2 2 2 2 2 2 2 2 2 2 2
left_child=26 3 9 4 11 6 7 -5 -8 10 -3 12 15 14 23 24 19 -18 21 -17 -21 -19 -14 -13 25 -2 -1 29 -29 -7
right_child=1 2 -4 5 -6 27 8 -9 -10 -11 -12 13 22 -15 -16 16 17 18 -20 20 -22 -23 -24 -25 -26 -27 -28 28 -30 -31
leaf_value=0.10696691045259454 -0.12479326002879938 -0.079319964645756691 0.074108069337173413 -0.10939710341213177 -0.11692100217774359 0.12041839764618122 0.13692788024842326 0.1797609581390445 -0.10515870658959735 -0.10089601448259489 0.16288826603656731 0.1438606148023695 -0.10421629777766923 0.13533604723290335 -0.10728720101038865 -0.11988141798213291 0.11914040712870472 0.16325463858324496 -0.10913588386457521 -0.045823166557617118 0.14490814782518915 -0.1081222444418049 0.13013244464350801 -0.11201183067507364 -0.10931478706837471 0.1434109511921996 0.031909885545669307 0.1739099715816442 -0.10602062203369358 -0.087082169053367048
leaf_weight=155.81518823280931 8.969676900655033 19.438412878662351 16.40174750238657 43.373658025637269 39.576380912214518 5.6272635757923117 38.028768811374903 5.8812556490302077 6.7998187877237788 114.72709170170128 11.033346794545649 16.702380597591404 6.3006763588637105 17.60259541682899 66.863575445488095 7.6178785413503638 23.170075297355652 14.184134602546694 55.395634666085243 11.078283816576002 53.12913765758276 6.4963312186300746 68.706799753010273 6.7061418723314992 42.697859907522798 13.30288043618202 63.333293348550797 12.830913458019497 16.011882487684488 156.00123725272715
leaf_count=2559 73 381 142 857 586 50 275 31 162 2591 62 110 175 134 1350 81 148 77 990 158 342 105 551 121 737 87 861 73 364 2692
internal_value=-0.00154955 -0.0225825 -0.0625286 -0.013895 0.00271383 -0.0406567 0.00854992 -0.0748703 0.100207 -0.0779631 0.00837984 0.0140159 0.0289706 -0.029105 -0.0611702 0.00307973 0.0269246 -0.0168463 -0.058263 0.087406 0.112 0.0780073 0.110447 0.0705575 -0.0597054 0.0353989 0.0852756 -0.0649624 0.0185084 -0.0798578
internal_weight=1123.8 904.656 161.601 743.055 458.5 284.555 94.0835 49.2549 44.8286 145.199 30.4718 418.924 311.049 107.875 90.2721 236.042 171.071 99.2462 76.0761 71.8253 64.2074 20.6805 75.0075 23.4085 64.9704 22.2726 219.148 190.471 28.8428 161.629
internal_count=16925 13505 3176 10329 5825 4504 1325 888 437 3034 443 5239 3524 1715 1581 2798 1901 1320 1172 581 500 182 726 231 897 160 3420 3179 437 2742
is_linear=0
shrinkage=0.1


Tree=25
num_leaves=31
num_cat=0
split_feature=14 13 1 4 0 15 4 4 15 4 15 4 0 4 4 0 4 15 4 15 4 0 4 11 7 9 3 15 11 6
split_gain=181.577 35.2436 31.391 35.1165 32.9145 15.4966 16.1422 15.4842 20.6838 16.7305 16.03 16.4817 18.7021 14.2726 12.9101 16.2156 14.0854 18.5058 19.383 18.6678 23.7654 13.9393 17.0866 12.7602 19.3405 15.726 14.0957 10.4641 10.3227 13.5877
threshold=2061.0000000000005 0.81690191335708573 0.68846057975406605 0.15771918553052583 0.55662393162393176 1314.5000000000002 0.20085286428457097 0.11474087230355255 995.50000000000011 0.077051155284390757 783.00000000000011 0.045711569899443603 0.282329988851728 0.40517945213048873 0.026967429963537504 0.21103238866396759 0.013311623591495353 313.50000000000006 0.005159164457345101 199.50000000000003 0.0016417795720781502 0.07207792207792206 0.0029266321857703502 0.36792074694442406 0.8397874709811135 0.46763181153130345 1.456787184470006 119.50000000000001 0.23262027818048267 0.52731974082613253
decision_type=2 2 2 2 2 2 2 2 2 2 2 2 2 2 2 2 2 2 2 2 2 2 2 2 2 2 2 2 2 2
left_child=-1 2 3 4 7 -5 -7 8 9 10 11 12 14 -4 15 16 17 18 19 20 27 -22 -23 28 25 26 -25 -2 -8 -30
right_child=1 -3 13 5 -6 6 23 -9 -10 -11 -12 -13 -14 -15 -16 -17 -18 -19 -20 -21 21 22 -24 24 -26 -27 -28 -29 29 -31
leaf_value=0.1062611934555473 -0.0081943458065871118 0.10692245872923117 -0.09140013089547061 0.092232698959943113 -0.096202675088330095 -0.061229695952683384 0.014840474293605728 0.048971794708430966 -0.087022209397219663 0.057059411149076866 -0.075242441452022774 0.058210116736655763 -0.089285368982378613 0.021533008377005721 0.057697853319284231 -0.082577271993485885 0.06168185143506634 -0.081090555641362527 0.068503076295184276 -0.093323536166242324 0.16554655813355146 -0.085608735736473027 0.11773936755150149 0.089936667176505655 0.10210336711069552 -0.084936491996321875 -0.11828901313161977 -0.1011275184834704 0.10656225752318549 -0.0082176150952913765
leaf_weight=135.90947850048542 44.679313141852617 22.161053214222193 80.227710852399468 24.756352093070745 63.209524560719728 28.643663221970201 80.872504388913512 30.923214124515653 46.945148434489965 28.427781149744987 50.004827162250876 28.492698986083269 35.7365144174546 13.004770543426273 24.008600411936641 34.595657300204039 25.051082378253341 37.346527021378279 30.63808424398303 27.250058490782976 11.017406195402147 7.9270745478570488 8.6314845979213697 12.170725198462607 10.880420625209807 33.09696426615119 4.4359221179038277 16.624100580811501 35.02981036528945 14.6174049526453
leaf_count=2451 563 366 2171 227 1669 498 795 283 1114 254 1078 266 819 93 230 753 260 671 283 456 76 118 69 134 87 363 57 270 306 145
internal_value=-0.00156452 -0.0176436 -0.0207479 -0.0143178 -0.0283028 0.0172271 0.00877708 -0.0195133 -0.0241436 -0.0169515 -0.0224592 -0.0145091 -0.0213359 -0.0756474 -0.0122674 -0.0191584 -0.00866904 -0.0182412 -0.00224851 -0.0209147 0.00128557 0.0783846 0.0203906 0.0192701 -0.0186574 -0.0450926 0.034316 -0.0333957 0.0368751 0.0727681
internal_weight=1047.32 911.406 889.245 796.013 551.509 244.504 219.747 488.3 457.376 410.431 382.003 331.999 303.506 93.2325 267.769 243.761 209.165 184.114 146.768 116.129 88.8794 27.576 16.5586 191.104 60.584 49.7036 16.6066 61.3034 130.52 49.6472
internal_count=16925 14474 14108 11844 9232 2612 2385 7563 7280 6166 5912 4834 4568 2264 3749 3519 2766 2506 1835 1552 1096 263 187 1887 641 554 191 833 1246 451
is_linear=0
shrinkage=0.1


Tree=26
num_leaves=31
num_cat=0
split_feature=14 13 1 4 0 4 15 4 0 15 4 0 4 4 1 4 0 4 0 4 15 4 4 7 8 0 4 4 15 15
split_gain=162.061 31.19 28.0077 29.6795 33.2845 17.1937 17.9841 15.7665 15.3791 14.9036 24.7752 16.4202 12.6413 12.2286 13.1353 13.9461 18.9044 15.6201 12.2172 14.9576 11.9636 11.1818 9.27268 8.58606 10.539 8.57652 8.25221 7.68935 11.9329 7.11555
threshold=2061.0000000000005 0.81690191335708573 0.69490400871310787 0.15344554056781018 0.51887464387464399 0.088204550941678825 832.50000000000011 0.054276286282822155 0.31311274509803927 1460.5000000000002 0.28724007158121173 0.79830508474576278 0.40517945213048873 0.037965519330288709 0.15503797510018544 0.0016417795720781502 0.07207792207792206 0.003945187833653151 0.11215932914046121 0.007104573111091801 119.50000000000001 0.53705869862524935 0.00021516091327995 0.77258616198652497 0.61924694920846446 0.084039548022598873 0.0026785250284840508 0.022625446110189403 569.50000000000011 438.50000000000006
decision_type=2 2 2 2 2 2 2 2 2 2 2 2 2 2 2 2 2 2 2 2 2 2 2 2 2 2 2 2 2 2
left_child=-1 2 3 4 5 6 7 8 13 -5 -11 -12 -4 14 15 20 -17 25 -19 -20 22 23 -2 -13 -25 26 -18 29 -29 -16
right_child=1 -3 12 9 -6 -7 -8 -9 -10 10 11 21 -14 -15 27 16 17 18 19 -21 -22 -23 -24 24 -26 -27 -28 28 -30 -31
leaf_value=0.10562999932401169 -0.080050900609212439 0.10622049483432833 -0.091688740893856868 0.056788669406451379 -0.086787155768358937 0.041713336591043725 -0.072321597691990522 0.061969145524179405 -0.089194959591171852 -0.045923103586542363 0.11057542824814881 -0.02309728680575374 0.022203164006319047 0.073734423088061593 -0.035531016952040535 0.14996807321850181 -0.10274452859200466 0.11561698768535572 -0.09400952039733676 0.042400143969292814 -0.10082182362300923 0.10105913551514123 0.022045841979391745 -0.10664210910273082 0.074399341303839031 -0.10338878238184046 0.11919204308312557 0.046935065666114502 -0.072081331046059433 -0.096717811963309239
leaf_weight=123.67329031974077 12.356430709362028 20.177893824875355 69.265263736248016 62.94878033734858 79.53887608088553 45.461939917877316 62.797589287161827 25.247547341510653 29.268199719488621 71.033577835187316 20.401197735220194 56.993286130949855 11.341284807771443 15.355131139978765 44.732487043365836 10.789612285792826 2.7973572425544289 14.5601225271821 10.53479005768895 33.922576768323779 19.372091630473733 12.175461586564778 31.762138251215219 3.786614932119849 21.318168390542269 15.473677324131129 4.1771067306399345 19.420929277315736 14.87791261076927 33.047392584383488
leaf_count=2451 197 366 2056 612 2129 475 1450 249 711 1038 196 542 82 140 699 75 50 115 189 358 356 142 359 45 192 277 32 195 287 860
internal_value=-0.00151988 -0.0166657 -0.0195666 -0.0137256 -0.0271944 -0.0165657 -0.0231812 -0.0140431 -0.0201854 0.0147386 0.00048509 0.029232 -0.0756642 -0.0130528 -0.0180286 0.000758008 0.0255824 0.00910825 0.0361139 0.010076 -0.0353131 0.0116289 -0.00654872 -0.00163396 0.0470924 -0.0618911 0.0301765 -0.0441347 -0.00469104 -0.0615283
internal_weight=998.609 874.935 854.758 774.151 525.494 445.955 400.493 337.696 312.448 248.657 185.708 114.675 80.6065 283.18 267.825 155.746 92.2552 81.4656 59.0175 44.4574 63.4907 94.2735 44.1186 82.0981 25.1048 22.4481 6.97446 112.079 34.2988 77.7799
internal_count=16925 14474 14108 11970 9203 7074 6599 5149 4900 2767 2155 1117 2138 4189 4049 2008 1096 1021 662 547 912 921 556 779 237 359 82 2041 482 1559
is_linear=0
shrinkage=0.1


Tree=27
num_leaves=31
num_cat=0
split_feature=14 8 1 4 15 4 15 8 4 4 15 12 4 0 15 4 15 4 14 13 12 12 6 9 9 6 7 9 6 6
split_gain=144.674 28.203 27.9754 29.8104 25.3159 17.9351 22.0807 17.5729 15.973 14.3017 18.4 12.2723 12.2167 16.4762 11.9651 15.8652 11.3043 10.274 9.1998 9.88978 13.4813 9.80607 13.0384 15.968 12.5108 10.3882 10.2276 8.83828 15.8733 12.9954
threshold=2061.0000000000005 0.85568008247624761 0.67738255941424874 0.20085286428457097 1369.5000000000002 0.13876063626218502 1095.5000000000002 0.83046387380340081 0.3519785144466972 0.077051155284390757 783.00000000000011 0.43701743867711257 0.040779167766283909 0.282329988851728 1508.5000000000002 0.28724007158121173 1745.5000000000002 0.47045312638461473 2206.5000000000005 0.59933902257604954 0.34126802294669806 0.67695557147037089 0.70241361807984715 0.53943662930964653 0.61532253330261744 0.59267472189360215 0.86326932005486168 0.68567415565544332 0.50146330051030108 0.44028629231834632
decision_type=2 2 2 2 2 2 2 2 2 2 2 2 2 2 2 2 2 2 2 2 2 2 2 2 2 2 2 2 2 2
left_child=-1 2 3 4 5 6 7 9 -4 10 12 -9 13 18 -5 -16 -17 -18 19 21 -21 22 23 26 -25 27 -2 28 -26 -29
right_child=1 -3 8 14 -6 -7 -8 11 -10 -11 -12 -13 -14 -15 15 16 17 -19 -20 20 -22 -23 -24 24 25 -27 -28 29 -30 -31
leaf_value=0.10506563232602079 0.049977149258217266 -0.10964226911804414 -0.092137231641891734 0.081353555634603836 -0.091199280795827606 0.05177078950907163 -0.085249443058473706 -0.10543611247849882 0.0018994217305266529 0.035590968624186925 -0.0743378975909674 0.15847335799265172 0.045606803578292519 -0.096706649655143043 -0.033241379669322391 0.10635960853903202 -0.0014362875868894744 0.07484982267985571 -0.10672240193043106 -0.08483877399483325 0.10148657240537449 -0.071987736991339077 -0.10623769332835716 -0.073834483633618775 -0.005881387898479566 -0.10730222959120464 -0.10498992786478185 0.051367058675217209 0.13433199296277643 -0.087363060652876995
leaf_weight=112.47462553530931 63.788047712296247 30.777985719963908 63.103376010432839 35.588815797120333 42.82132126390934 41.618543354794383 42.720332019031048 2.154504030942916 25.307179739698768 52.134893288835883 53.819082546979189 9.673146288841961 34.016084676608443 24.198211826384068 44.350579503923655 19.734543804079294 57.155363792553544 25.544480927288532 9.4614406395703536 5.0626165792346027 16.668342255055904 24.682599887251854 11.850825553759931 32.685261912643909 20.509330587461591 7.8186301384121171 4.5635543502867213 11.947814652696254 13.316207047551869 15.527601512148975
leaf_count=2451 651 685 2080 332 1190 433 1161 53 256 604 1370 58 378 685 554 216 559 283 190 60 216 551 271 580 275 145 108 143 105 282
internal_value=-0.00146161 -0.0156814 -0.0121191 -0.00562956 -0.0174153 -0.0110737 -0.0168019 -0.00973675 -0.0652196 -0.013271 -0.0205511 0.1104 -0.0107746 -0.0180925 0.0293346 0.0167224 0.038355 0.0221271 -0.0100956 -0.00609325 0.0580787 -0.0128402 -0.00481897 0.0022445 -0.0228565 0.00124998 0.0396306 0.0150953 0.0493169 -0.0270356
internal_weight=955.075 842.601 811.823 723.412 541.038 498.217 456.599 413.878 88.4106 402.051 349.916 11.8277 296.097 262.08 182.374 146.785 102.434 82.6998 237.882 228.421 21.731 206.69 182.007 170.156 101.805 69.1196 68.3516 61.301 33.8255 27.4754
internal_count=16925 14474 13789 11453 9509 8319 7886 6725 2336 6614 6010 111 4640 4262 1944 1612 1058 842 3577 3387 276 3111 2560 2289 1530 950 759 805 380 425
is_linear=0
shrinkage=0.1


Tree=28
num_leaves=31
num_cat=0
split_feature=14 13 8 7 8 11 9 9 9 13 7 7 7 6 6 12 10 11 7 11 6 12 11 12 6 6 6 13 7 7
split_gain=129.321 25.7687 24.2738 24.1551 25.7763 24.7425 37.5796 47.1503 38.8519 31.7111 30.8709 57.8479 35.3816 32.2774 37.339 30.1835 27.704 27.5872 25.726 25.1693 21.9681 25.1634 28.059 20.7381 21.6416 19.7591 23.1384 28.5604 32.0584 27.6444
threshold=2061.0000000000005 0.81690191335708573 0.85568008247624761 0.90834617800149464 0.83046387380340081 0.36792074694442406 0.46763181153130345 0.67615019767979689 0.42011181272436188 0.57704711752489468 0.79798595170398412 0.7601883635990675 0.743623653757152 0.42463639788650204 0.47669605460715475 0.64262978272232119 0.058169430933520609 0.20111534651946364 0.90696337556368756 0.095411007887807611 0.53582755724731901 0.685389317935991 0.26790586390922261 0.26081459927409106 0.56753523245429749 0.55841572543983464 0.56869220593884806 0.52218143205477097 0.55674469929331505 0.69137918605799087
decision_type=2 2 2 2 2 2 2 2 2 2 2 2 2 2 2 2 2 2 2 2 2 2 2 2 2 2 2 2 2 2
left_child=-1 2 3 4 5 10 8 -8 -7 18 11 12 13 -2 -15 23 17 -12 -9 -16 21 22 -21 -13 -25 -22 -27 28 -28 -29
right_child=1 -3 -4 -5 -6 6 7 9 -10 -11 16 15 -14 14 19 -17 -18 -19 -20 20 25 -23 -24 24 -26 26 27 29 -30 -31
leaf_value=0.10456041618780043 0.068225427009953654 0.10530855449154997 -0.10878748838116542 -0.10644202005280619 0.10316350831873816 -0.08648775241409129 -0.11112173901308985 -0.063437671713764007 0.081653169245428078 0.15555905538842951 0.10490118311461077 -0.10307093839355211 -0.11041034676816869 -0.093091180888202132 -0.088391568285934946 -0.10433081268731448 -0.082227055432255558 -0.10866483550163253 0.15441839530526147 0.14562472362957241 -0.10700333156815307 -0.1115532153092974 -0.036922537873978069 0.14048631846201681 -0.0067547366621787501 0.1384928589836161 0.12788031065991906 -0.047589763688556538 -0.11224451965541682 0.12719356664569234
leaf_weight=102.23789600282907 58.838388234376907 17.481439635157585 28.056746486574411 27.307333068922162 19.371115524321795 20.894190642982721 96.58028607442975 38.977200120687485 40.149532649666071 11.086496606469153 18.517257992178205 4.587209550663828 30.912217572331429 48.12016542442143 24.374793155118823 7.71602664515376 74.84882009588182 8.9824434369802457 6.2959861531853667 34.036751214414835 16.216157728806138 6.3886335566639891 11.187909150496123 60.474032994359732 11.955830208957194 12.610546149313448 6.7752545997500411 15.528738737106321 30.995293572545052 21.686778571456671
leaf_count=2451 709 366 685 815 194 495 1951 809 441 63 193 175 684 967 541 251 1890 223 35 243 396 150 225 467 154 162 64 318 608 200
internal_value=-0.00142486 -0.0147865 -0.0174324 -0.0140838 -0.0106668 -0.0137347 -0.0422309 -0.0687065 0.0241015 0.00397799 -0.00165417 0.0108181 -0.00876359 0.00219378 -0.0148525 0.0842314 -0.0506914 0.0351424 -0.0331412 0.00608659 0.0209032 0.0742218 0.100465 0.103123 0.116182 -0.0056056 0.0131655 -0.00791108 -0.0691711 0.0542626
internal_weight=913.191 810.954 793.472 765.415 738.108 718.737 213.984 152.94 61.0437 56.3597 504.753 402.405 317.672 286.759 227.921 84.7331 102.349 27.4997 45.2732 179.801 155.426 51.6133 45.2247 77.0171 72.4299 103.813 87.5966 74.9861 37.7705 37.2155
internal_count=16925 14474 14108 13423 12608 12414 3794 2858 936 907 8620 6314 5267 4583 3874 1047 2306 416 844 2907 2366 618 468 796 621 1748 1352 1190 672 518
is_linear=0
shrinkage=0.1


Tree=29
num_leaves=31
num_cat=0
split_feature=14 8 2 4 15 4 15 8 4 15 15 4 4 14 13 12 12 6 9 9 6 6 8 13 7 11 8 9 6 6
split_gain=116.043 23.239 23.2077 23.9675 24.1196 14.6168 21.5337 13.6069 11.2558 19.2933 10.9312 16.8952 10.8057 8.58257 10.1372 12.8644 8.77641 12.6735 13.0075 11.0854 10.0872 9.74124 9.32326 12.5735 9.68539 9.51455 12.9057 8.2463 12.6197 11.8657
threshold=2061.0000000000005 0.85568008247624761 0.73325836489989571 0.20085286428457097 1369.5000000000002 0.12505564906770231 1037.5000000000002 0.83046387380340081 0.063131172160172208 730.50000000000011 1643.5000000000002 0.29687983362966919 0.31163206922151376 2206.5000000000005 0.59933902257604954 0.34126802294669806 0.67695557147037089 0.70241361807984715 0.53943662930964653 0.61532253330261744 0.33095986072506228 0.59267472189360215 0.65696607087989767 0.45243152464248199 0.84474192243845303 0.34367427059838779 0.69469801258615171 0.68567415565544332 0.50146330051030108 0.44028629231834632
decision_type=2 2 2 2 2 2 2 2 2 2 2 2 2 2 2 2 2 2 2 2 2 2 2 2 2 2 2 2 2 2
left_child=-1 2 3 4 5 6 7 8 9 13 -5 -12 -4 14 16 -16 17 18 22 -20 -18 27 23 -2 25 -24 -27 28 -21 -29
right_child=1 -3 12 10 -6 -7 -8 -9 -10 -11 11 -13 -14 -15 15 -17 20 -19 19 21 -22 -23 24 -25 -26 26 -28 29 -30 -31
leaf_value=0.10410765370964876 0.10338912621075647 -0.10800625000674735 -0.096064394457365837 0.061507614996212115 -0.089833895763463872 0.040265662733598703 -0.081577646920075214 0.10457414576385163 0.029696709208382924 -0.089044511338274845 -0.061190515357724531 0.029857981777832589 -0.015129559028231397 -0.10558517903302096 -0.079328799666633296 0.09681874987414113 0.1733684493097585 -0.10567319553059876 -0.067930024453846868 -0.0042822327071791481 -0.08397096027343845 -0.1058961341251274 0.11723572637994029 -0.0383074417308105 -0.10403340212710924 0.089733019885294196 -0.10852647990928235 0.043033580592370134 0.11362152605611991 -0.084787470157689171
leaf_weight=92.890468422323465 8.1634502653032524 25.561072649434209 43.907126698642969 59.419252716004848 41.100209085270762 51.612110545858741 44.846831750124693 10.412975348532198 55.788576550781727 34.937547227367759 26.590353591367602 87.270798791199923 26.423432050272822 9.0270840432494861 5.3848143722862032 18.022798240184784 1.6257111579179788 11.916574561968444 34.824092850089073 22.333542846143246 24.158037718385458 7.7306139841675749 23.888238374143839 26.890841193497181 3.1306090969592324 8.4879310429096204 5.3545943554490796 13.237945321947338 15.295203175395725 16.089500334113836
leaf_count=2451 82 685 1685 635 1368 616 1383 106 681 1158 482 974 353 220 73 269 8 328 704 333 658 175 193 407 93 69 88 173 128 347
internal_value=-0.00142569 -0.0142664 -0.0110191 -0.00526263 -0.016482 -0.00982924 -0.0162681 -0.00805692 -0.0114438 -0.0193445 0.0267393 0.00859514 -0.0656569 -0.00981594 -0.00630927 0.0562968 -0.0128771 -0.00570833 0.00071599 -0.021336 -0.0677453 0.000389264 0.0325268 -0.00530912 0.0649856 0.0790095 0.0130419 0.0126607 0.0436429 -0.0270911
internal_weight=856.322 763.432 737.871 667.54 494.26 453.16 401.548 356.701 346.288 290.499 173.28 113.861 70.3306 255.562 246.534 23.4076 223.127 197.343 185.427 109.511 25.7837 74.6868 75.9157 35.0543 40.8614 37.7308 13.8425 66.9562 37.6287 29.3274
internal_count=16925 14474 13789 11751 9660 8292 7676 6293 6187 5506 2091 1456 2038 4348 4128 342 3786 3120 2792 1860 666 1156 932 489 443 350 157 981 461 520
is_linear=0
shrinkage=0.1


Tree=30
num_leaves=31
num_cat=0
split_feature=14 13 7 11 7 9 9 7 7 7 6 6 10 11 12 6 6 11 9 11 6 9 8 12 8 9 3 10 12 6
split_gain=103.87 21.6585 20.4486 22.317 42.6873 30.1264 33.7018 29.0383 55.4736 30.4837 29.5701 34.824 23.7811 23.0659 22.4756 22.3165 21.6589 20.6504 22.5239 39.2685 21.8676 23.1404 21.1249 25.278 19.5143 19.153 18.7881 17.7923 16.5358 16.2245
threshold=2061.0000000000005 0.81690191335708573 0.90834617800149464 0.36792074694442406 0.8397874709811135 0.46763181153130345 0.42939568948298706 0.79798595170398412 0.7601883635990675 0.743623653757152 0.42463639788650204 0.47669605460715475 0.058169430933520609 0.20111534651946364 0.64976602159734465 0.62845986103423523 0.3032871196108709 0.12739200437264639 0.64600570201736318 0.22180785711755108 0.48947360730490569 0.53187664203992002 0.59188993418001956 0.52825340439765267 0.60716193794615958 0.40698284742903496 1.0005424719430749 0.11037295520967291 0.26081459927409106 0.56753523245429749
decision_type=2 2 2 2 2 2 2 2 2 2 2 2 2 2 2 2 2 2 2 2 2 2 2 2 2 2 2 2 2 2
left_child=-1 2 3 7 5 6 -5 8 9 10 -2 -12 13 -9 28 -8 -7 -13 20 -20 -19 22 -22 24 -24 26 -14 -6 -10 -30
right_child=1 -3 -4 4 27 16 15 12 14 -11 11 17 25 -15 -16 -17 -18 18 19 -21 21 -23 23 -25 -26 -27 -28 -29 29 -31
leaf_value=0.10370152576293541 0.062534555005278825 0.10457815230196771 -0.10582517916691292 -0.087678835509795799 -0.10611368241303415 0.13846726619916494 0.13417664166464388 0.098004532718955609 -0.10262746961443392 -0.10969638478052668 -0.091678568314891837 -0.067350354701170345 0.18220958437170298 -0.10796112323985618 -0.1037606412874723 -0.051459815438777839 -0.092864854394573593 0.12111904922313575 0.13675151357543106 -0.10691343204186272 -0.076340262487096147 -0.086962699729430992 0.13326755521617192 0.14177234116020035 -0.10842547125737648 -0.10005265571254414 -0.10245847652938096 0.09283899047548072 0.13617383371965505 0.027705464423642353
leaf_weight=84.363154742866755 61.616889107972383 15.226785644888876 24.450737645849586 22.422745540738106 5.3123192805796853 4.1842793971300116 20.208320599049333 17.30943839810789 3.8923197649419299 27.08005546964705 47.431899229064584 31.582771457731724 5.1280805170536023 7.9274390675127497 5.9329633880406609 9.5297387372702342 123.62700123153627 12.185406060889362 31.490431459620595 8.3723513092845661 15.430097460746763 33.222701173275709 4.9178448766469947 18.95716105401516 10.416048038750885 61.439167071133852 4.2317210678011179 29.217494156211615 54.826959002763033 18.42403013817966
leaf_count=2451 789 366 866 565 176 26 192 193 175 684 1022 770 25 223 236 173 2686 104 289 206 397 795 39 154 228 1826 195 338 467 269
internal_value=-0.00139887 -0.013446 -0.0159393 -0.012783 -0.0396142 -0.0591544 0.00489037 -0.000837939 0.0114108 -0.00845485 0.00149214 -0.0160832 -0.0500417 0.0333063 0.083795 0.0746883 -0.0852915 0.00544244 0.0224731 0.0855747 -0.00396895 -0.0223458 0.0208299 0.064554 -0.0309103 -0.0797518 0.0535064 0.0622307 0.0982196 0.108892
internal_weight=820.358 735.995 720.768 696.318 214.502 179.972 52.1608 481.816 385.78 302.704 275.624 214.007 96.0358 25.2369 83.0763 29.7381 127.811 166.575 134.992 39.8628 95.1293 82.9439 49.7212 34.2911 15.3339 70.799 9.3598 34.5298 77.1433 73.251
internal_count=16925 14474 14108 13242 4156 3642 930 9086 6624 5477 4793 4004 2462 416 1147 365 2712 2982 2212 495 1717 1613 818 421 267 2046 220 514 911 736
is_linear=0
shrinkage=0.1


Tree=31
num_leaves=31
num_cat=0
split_feature=14 11 7 13 11 11 7 7 7 7 6 6 10 11 12 11 6 13 13 7 8 9 6 11 7 9 6 13 3 12
split_gain=93.2645 20.007 20.909 19.5588 18.0911 22.0114 53.8899 25.4824 48.2375 27.405 24.4395 30.2673 21.1255 19.9742 19.5619 18.1226 17.95 17.7061 33.7821 32.7041 17.9529 17.0288 16.9148 16.8722 20.3854 16.6737 23.5134 24.1258 16.0843 14.3229
threshold=2061.0000000000005 0.6182870349045777 0.90834617800149464 0.80462309747716187 0.59771651436982054 0.36792074694442406 0.8397874709811135 0.79798595170398412 0.7601883635990675 0.743623653757152 0.42463639788650204 0.47669605460715475 0.058169430933520609 0.20111534651946364 0.64976602159734465 0.095411007887807611 0.5851394826366515 0.43436701577312237 0.47722737394210729 0.72424277610962806 0.74278877361402318 0.40698284742903496 0.3032871196108709 0.22180785711755108 0.70523233514211492 0.46763181153130345 0.4835501073693218 0.75738907488478013 1.0005424719430749 0.26081459927409106
decision_type=2 2 2 2 2 2 2 2 2 2 2 2 2 2 2 2 2 2 2 2 2 2 2 2 2 2 2 2 2 2
left_child=-1 2 3 4 5 7 22 8 9 10 -2 -12 13 -9 29 -13 -6 -17 -19 20 23 28 -7 -20 -25 26 -24 -28 -14 -10
right_child=1 -3 -4 -5 16 6 -8 12 14 -11 11 15 21 -15 -16 17 -18 18 19 -21 -22 -23 25 24 -26 -27 27 -29 -30 -31
leaf_value=0.10333691191715583 0.056750243326233143 -0.10941818286040601 -0.10534775033015893 0.10414682799384688 -0.11274737118178031 0.13446810185514271 0.077890797674641188 0.091927501279766496 -0.10237302156241977 -0.10885556343033718 -0.088229244743522534 -0.081495539905322184 0.17073301906733152 -0.10725690358444642 -0.10340777582349457 0.1304870251192782 0.14755155553445048 -0.10981749293742189 0.10446375341585241 -0.10759030098186084 -0.10380860977723626 -0.098419024689935034 0.13278627387517228 -0.051416337568203775 0.10529372646906709 -0.1004937479268935 -0.10847956783422451 0.105772783882563 -0.10222015291969232 0.10412534699749523
leaf_weight=76.590549252927303 61.134612862020731 20.851289212703705 22.219116322696209 15.538649775087832 3.3274463936686542 3.8928557932376853 29.784712139517069 16.644111678004268 3.5302245169877997 24.682681435719132 44.511205699294806 20.948157111182809 4.9353562667965871 7.2177431797608724 5.3857537861913434 12.773378875106571 12.997682027518747 20.687647355720401 47.682470213621855 14.77753142826259 6.740183074027299 56.469283670186996 7.8244391307234755 20.336894964799285 14.02587630599737 90.728718948550522 23.931498810648922 6.7347420975565901 3.8374921819195151 69.212255401536822
leaf_count=2451 789 471 866 409 63 26 426 193 175 684 1022 541 25 223 236 167 82 484 603 375 246 1826 58 420 146 2247 605 135 195 736
internal_value=-0.00138042 -0.0129477 -0.00995667 -0.00669736 -0.0094108 -0.0121537 -0.0437025 -0.000871995 0.0107911 -0.00809658 0.00133753 -0.0153929 -0.048835 0.0316781 0.0804885 0.00512991 0.0944965 0.0183732 0.00684749 0.0301524 0.0530784 -0.0782821 -0.0709097 0.065967 0.0125481 -0.0770969 -0.0219468 -0.0614267 0.0513356 0.0941039
internal_weight=769.955 693.364 672.513 650.294 634.755 618.43 162.897 455.533 366.429 288.301 263.618 202.483 89.104 23.8619 78.1282 157.972 16.3251 137.024 124.251 103.563 88.7854 65.2421 133.112 82.0452 34.3628 129.219 38.4907 30.6662 8.77285 72.7425
internal_count=16925 14474 14003 13137 12728 12583 3497 9086 6624 5477 4793 4004 2462 416 1147 2982 145 2441 2274 1790 1415 2046 3071 1169 566 3045 798 740 220 911
is_linear=0
shrinkage=0.1


Tree=32
num_leaves=31
num_cat=0
split_feature=14 8 7 11 1 14 13 12 6 7 12 7 7 8 13 13 9 12 10 9 6 10 6 8 7 8 7 13 10 6
split_gain=83.8516 18.6465 18.2521 17.1937 17.3389 15.4479 22.8696 28.6683 21.3887 24.9501 20.814 18.1205 20.2009 16.991 19.157 28.9898 26.7501 17.2 16.9163 28.5964 25.3914 21.7456 20.8688 18.246 16.8306 16.3768 15.5873 15.4663 15.0491 14.7501
threshold=2061.0000000000005 0.85568008247624761 0.90834617800149464 0.6182870349045777 0.72637096760488795 2206.5000000000005 0.59933902257604954 0.64976602159734465 0.65984351116984497 0.77510158245128824 0.34126802294669806 0.64842686251394921 0.63763335055277981 0.78466971898715621 0.45441810817222877 0.47501985097799021 0.68737390704513612 0.069778375024260514 0.24402191517697439 0.49359878873050139 0.32299958207054319 0.013570379329668402 0.62063521466189819 0.67652413745467821 0.78647405022582217 0.56050666849844888 0.69365555442013671 0.48516068337181462 0.412423705778109 0.84804137002213842
decision_type=2 2 2 2 2 2 2 2 2 2 2 2 2 2 2 2 2 2 2 2 2 2 2 2 2 2 2 2 2 2
left_child=-1 2 3 4 5 6 7 8 13 -10 -8 12 -9 14 16 17 28 -16 19 23 -21 -22 -23 25 -20 -17 -15 -11 -2 -13
right_child=1 -3 -4 -5 -6 -7 10 11 9 27 -12 29 -14 26 15 18 -18 -19 24 20 21 22 -24 -25 -26 -27 -28 -29 -30 -31
leaf_value=0.10300930074086075 0.09199722669671212 -0.10620344212101536 -0.1050398261287028 -0.10829401505060561 -0.076718888434844743 -0.10458494670525323 -0.062788234650736408 -0.066480019531531515 -0.10796184549120176 0.1046964588345301 0.091897215243698829 -0.10655265354653981 0.13758733760862651 -0.10511980271198972 0.12134345530284806 0.13182409258540051 -0.10942204067807855 -0.11057269181809821 0.016224701481463068 0.12528542844712304 0.12779809712639076 -0.10822788255733423 0.05234995048625634 0.13438160807881344 0.11314069008151112 -0.10767997267479129 0.10268004535266069 -0.10312686562954239 -0.1028572851198252 0.13501454907373914
leaf_weight=69.511169301345944 55.558500991202891 20.575431933626533 19.372164627537131 16.141500051133335 30.841592986136675 13.709199578501282 10.710206874646245 11.693614250980319 32.16368221770972 11.84681799542159 46.317663012072444 48.772238631732762 8.2898392155766469 4.0689258724451056 3.5429739803075782 4.3394543007016209 8.7156985150650126 32.835134176537395 104.51325146947056 7.3184502962976685 5.1472734138369551 57.25190650857985 9.4257568465545756 16.207073634490371 21.626663371920586 8.3457535300403816 31.989391639828682 5.1323018521070471 4.2680744994431725 2.6658210232853881
leaf_count=2451 726 685 815 412 1341 439 189 288 845 171 876 1743 62 113 32 33 212 769 1578 76 52 1438 151 125 251 192 435 222 181 22
internal_value=-0.00140865 -0.0125173 -0.00947111 -0.00645309 -0.00370092 0.000274664 0.00287539 -0.00402371 0.00584278 -0.0561915 0.0628463 -0.062638 0.0181743 0.0139689 0.00702908 -0.00493433 0.0542517 -0.0879857 0.00796732 -0.0210745 -0.0521599 -0.0702403 -0.0855281 0.0640762 0.0328409 -0.0257486 0.0792313 0.0418774 0.0780962 -0.0940332
internal_weight=722.898 653.386 632.811 613.439 597.297 566.456 552.746 495.719 424.297 49.1428 57.0279 71.4215 19.9835 375.154 339.096 270.554 68.5423 36.3781 234.176 108.036 79.1434 71.8249 66.6777 28.8923 126.14 12.6852 36.0583 16.9791 59.8266 51.4381
internal_count=16925 14474 13789 12974 12562 11221 10782 9717 7602 1238 1065 2115 350 6364 5816 4697 1119 801 3896 2067 1717 1641 1589 350 1829 225 548 393 907 1765
is_linear=0
shrinkage=0.1


Tree=33
num_leaves=31
num_cat=0
split_feature=14 8 14 13 12 12 6 8 7 7 9 12 9 9 13 13 13 13 10 9 12 10 8 13 12 13 8 6 6 12
split_gain=75.3959 16.8935 16.5603 21.8837 26.5235 23.9355 17.6674 21.1195 16.5465 18.8726 13.9037 21.4514 14.824 18.9478 12.7439 13.8221 12.6309 29.3809 31.331 25.854 21.0863 19.6923 17.019 25.6013 18.8748 36.7122 24.8427 23.7965 14.4408 17.7486
threshold=2061.0000000000005 0.85568008247624761 2206.5000000000005 0.59933902257604954 0.64976602159734465 0.34126802294669806 0.65984351116984497 0.84545539344238441 0.64842686251394921 0.63763335055277981 0.76914019571875269 0.64741511484844527 0.74925311506999204 0.71800248856973348 0.45112578092738875 0.44725104942598443 0.45441810817222877 0.48629802546117679 0.19243525973762463 0.50841614664279666 0.55723081026396282 0.013570379329668402 0.72451069867760953 0.51260144885352288 0.43193437842459942 0.49554253952407729 0.66274139640628393 0.64256602454396428 0.62063521466189819 0.50250501795434421
decision_type=2 2 2 2 2 2 2 2 2 2 2 2 2 2 2 2 2 2 2 2 2 2 2 2 2 2 2 2 2 2
left_child=-1 2 3 4 6 -5 10 14 9 -6 11 12 13 16 15 -8 20 -18 19 -19 -2 -21 24 -24 26 -26 -20 -28 -23 -30
right_child=1 -3 -4 5 8 -7 7 -9 -10 -11 -12 -13 -14 -15 -16 -17 17 18 22 21 -22 28 23 -25 25 -27 27 -29 29 -31
leaf_value=0.10271474841009537 0.064498639235147662 -0.1056410421065964 -0.10369790407879825 -0.06769904951161558 -0.065904739467724779 0.087534593247620127 -0.10555722941844461 0.14699580640901161 -0.094725050187608711 0.13403261664754335 -0.10590823976772511 0.29605245843386957 0.13225137762001671 -0.10611084630306288 -0.10608580850212419 0.13145922201534194 -0.064515818503229752 0.079658362915321301 0.092662265732897167 0.12491536672713435 -0.10897305354025977 -0.10642904119538779 -0.11958152820375632 0.11530471499114475 0.094465929121394468 -0.11025246711986357 -0.10643507328574359 0.15567591403831316 -0.11242262618581439 0.13961078499797697
leaf_weight=63.067483300343156 61.946542466059327 18.711489733308554 17.968547008000314 12.814347261562942 12.229569476097824 44.171040378510952 4.5781227666884643 4.5460622869431964 56.47107223328203 7.6896320916712275 11.221903048455713 2.5506538823246947 8.952025303617118 15.52720026206225 36.567901407368481 5.3192237764596939 60.41573129966855 15.213077440857885 43.869954135268927 4.9952976368367663 7.9008996281772843 46.786260575056076 5.2045573499053708 42.801291269250214 13.55875519197434 24.750045822933316 14.541786188259723 4.5467087142169467 5.3195511288940889 5.8855972290039062
leaf_count=2451 1040 685 709 230 337 883 179 31 2276 62 353 12 104 447 1272 51 1382 208 527 54 241 1460 79 478 172 627 390 25 94 66
internal_value=-0.00143048 -0.0120749 -0.00914886 -0.0062216 -0.0126289 0.0526271 -0.00332279 -0.058714 -0.0670838 0.0112793 0.00381272 0.00701279 0.00508393 0.00203406 -0.0788402 0.0218247 0.00672799 -0.0025275 0.0139363 -0.0373393 0.0448761 -0.0655975 0.0407981 0.0898395 0.0175499 -0.0377958 0.0512266 -0.0440026 -0.082008 0.01996
internal_weight=680.122 617.055 598.343 580.375 523.389 56.9854 446.999 51.0113 76.3903 19.9192 395.988 384.766 382.215 373.263 46.4652 9.89735 357.736 287.889 227.473 78.1998 69.8474 62.9867 149.273 48.0058 101.267 38.3088 62.9584 19.0885 57.9914 11.2051
internal_count=16925 14474 13789 13080 11967 1113 9292 1533 2675 399 7759 7406 7394 7290 1502 230 6843 5562 4180 1882 1281 1674 2298 557 1741 799 942 415 1620 160
is_linear=0
shrinkage=0.1


Tree=34
num_leaves=31
num_cat=0
split_feature=14 11 7 13 11 11 7 7 7 7 6 13 11 11 8 9 6 10 11 6 9 8 7 8 13 6 12 6 10 9
split_gain=67.8379 15.3429 15.8149 14.935 14.1748 17.6589 39.9717 20.1959 33.4128 22.3737 19.9555 20.962 19.5294 27.1566 28.5157 16.0509 28.1785 15.7941 15.1523 14.0489 13.3949 20.8963 26.2732 19.5656 16.8133 12.8011 12.5937 12.5988 12.582 12.5577
threshold=2061.0000000000005 0.6182870349045777 0.90834617800149464 0.80462309747716187 0.59771651436982054 0.36792074694442406 0.8397874709811135 0.79798595170398412 0.7601883635990675 0.743623653757152 0.38283385605473003 0.51803421370348068 0.18105640862409098 0.22506654303059193 0.61124497061499716 0.54082881110876968 0.45370698748035598 0.058169430933520609 0.20111534651946364 0.4489763881091513 0.71311780040281503 0.55388079465643625 0.68023665868150129 0.67714496633406263 0.53187182614716833 0.5851394826366515 0.069778375024260514 0.3032871196108709 0.052977656960284954 0.40698284742903496
decision_type=2 2 2 2 2 2 2 2 2 2 2 2 2 2 2 2 2 2 2 2 2 2 2 2 2 2 2 2 2 2
left_child=-1 2 3 4 5 7 26 8 9 10 -2 12 -12 14 -14 -10 -17 18 -9 -16 21 -13 -23 24 -24 -6 -7 -28 -29 -19
right_child=1 -3 -4 -5 25 6 -8 17 15 -11 11 20 13 -15 19 16 -18 29 -20 -21 -22 22 23 -25 -26 -27 27 28 -30 -31
leaf_value=0.10244974114641853 0.080994938536624955 -0.10723416090859349 -0.10411013915256057 0.10325277744359425 -0.10966105032849459 0.12027870254679832 0.069968860075795725 0.084248299386199502 0.11458902217663668 -0.10684744394199389 -0.092633722791998496 0.1395581014921424 -0.11236648943013849 -0.075307684458353119 -0.028425324651803363 0.10088256557388293 -0.10671771094895617 0.044735148869737069 -0.10556207604878354 0.12234711996489352 -0.10739493326270044 -0.086283935019283636 0.088699950731152985 0.1177586248879105 -0.10462268638587656 0.13711812059028863 0.12485863683684456 0.050232558321530021 -0.090350200630025135 -0.096206000818435319
leaf_weight=57.205908654257655 28.559613518416882 16.332423478364944 16.929794821888208 12.238122571259735 2.5820448687300077 3.4100928939878932 25.630650912411511 14.105281533673407 39.279176638461649 20.257598974741995 39.835073604248464 16.941954934969544 9.060781895183025 32.53139475453645 8.0719482321292144 15.679996218532326 11.214486872777341 7.3464521020650855 5.9924471490085116 26.369029029272497 6.5591322574764481 18.255433361046016 7.9923561904579428 23.548042415641248 10.291665148921309 11.305741023272274 3.0629483684897414 6.8214714927598825 95.407724235206842 45.319970160722733
leaf_count=2451 368 471 866 409 63 32 426 193 509 684 1238 158 181 865 96 230 408 220 223 339 161 614 102 299 372 82 26 203 2810 1826
internal_value=-0.00145156 -0.011683 -0.00891894 -0.00597635 -0.00847295 -0.011128 -0.0423686 -0.000289925 0.0106961 -0.00613291 0.00281485 -0.00837952 -0.0359144 -0.00619815 0.0454832 0.0738363 0.0143172 -0.0477658 0.0276534 0.0870105 0.0297886 0.0414699 0.0138134 0.0574957 -0.020117 0.0912364 -0.0688564 -0.074982 -0.0809695 -0.0765461
internal_weight=638.139 580.933 564.6 547.671 535.433 521.545 134.333 387.212 314.448 248.274 228.016 199.457 115.868 76.0332 43.5018 66.1737 26.8945 72.7642 20.0977 34.441 83.5886 77.0295 60.0875 41.8321 18.284 13.8878 108.702 105.292 102.229 52.6664
internal_count=16925 14474 14003 13137 12728 12583 3497 9086 6624 5477 4793 4425 2719 1481 616 1147 638 2462 416 435 1706 1545 1387 773 474 145 3071 3039 3013 2046
is_linear=0
shrinkage=0.1


Tree=35
num_leaves=31
num_cat=0
split_feature=14 8 1 7 11 13 8 11 11 7 11 7 6 9 10 12 7 6 7 9 9 12 12 12 11 9 9 13 6 3
split_gain=61.0369 14.2907 14.0747 13.3153 13.4229 12.0237 11.3745 11.9458 16.9724 24.2365 14.7575 16.5966 18.6017 15.7223 17.7207 14.5189 13.8597 18.7274 18.6158 17.915 19.4505 13.6928 12.4797 24.0301 11.9263 11.6365 14.413 18.7245 12.768 11.5087
threshold=2061.0000000000005 0.85568008247624761 0.75023068907174728 0.90834617800149464 0.6182870349045777 0.80462309747716187 0.83046387380340081 0.59771651436982054 0.36792074694442406 0.8397874709811135 0.12739200437264639 0.79798595170398412 0.38283385605473003 0.52097611028383595 0.022972166370375805 0.11098265339806876 0.7601883635990675 0.55841572543983464 0.73510723781907295 0.64600570201736318 0.72722567328081011 0.77892167620847907 0.4076487208529736 0.34126802294669806 0.24899235114696253 0.46838279998027149 0.46160565655351954 0.75738907488478013 0.3032871196108709 1.0000001136767176
decision_type=2 2 2 2 2 2 2 2 2 2 2 2 2 2 2 2 2 2 2 2 2 2 2 2 2 2 2 2 2 2
left_child=-1 2 3 4 5 6 7 8 10 25 13 12 -12 -2 -15 -16 18 24 19 21 -21 -14 23 -13 -18 26 27 -10 -27 -11
right_child=1 -3 -4 -5 -6 -7 -8 -9 9 29 11 22 16 14 15 -17 17 -19 -20 20 -22 -23 -24 -25 -26 28 -28 -29 -30 -31
leaf_value=0.10221119622209605 0.025524829054331667 -0.10471223908661408 -0.092208051523396589 -0.10415332363993911 -0.10657539876489502 0.1029317372412209 0.089065610365453171 0.090200824955922701 -0.10646392787593457 0.09886893577677619 0.10001359079919613 -0.10458478043468718 -0.021803662492286331 0.12139856393203995 0.153530842706668 -0.1072989625319179 -0.10233439423460806 -0.10640476714655332 -0.10538672103213816 0.085530930585810627 -0.1063081870164021 0.16063226364167005 -0.095202229111398209 0.094323472221505 0.12091336511344802 0.12243624041249782 0.12423871924638925 0.10514259036787255 -0.094969674830465658 -0.10810080589650423
leaf_weight=51.87669887766242 25.487030072137713 15.899374442175029 19.350241932086647 13.277225925587116 12.132227921858428 11.071546526625751 13.191905872896312 12.785142672248183 15.097044763155287 15.306442212313415 29.152780272066593 10.682080592960121 87.85071013495326 4.2602165136486283 2.2587917633354655 38.668905794620514 2.6232384862378266 5.078076781705021 14.760369582101701 42.624234389513731 6.0332288052886716 4.3161987885832778 21.831631038337946 14.078425316140054 27.25562746822834 2.8234847858548155 6.3458505924791089 5.7837223615497342 62.451388978399336 3.2586186798289409
leaf_count=2451 587 685 1161 692 383 408 190 143 502 208 382 403 1965 53 15 1143 147 174 585 643 208 26 1012 177 359 26 58 133 1910 96
internal_value=-0.00144407 -0.0112974 -0.00849416 -0.00532094 -0.00268177 -8.3295e-05 -0.00248946 -0.00511045 -0.0078303 -0.0417317 0.003344 0.0141254 0.0256223 -0.0372778 -0.0726999 -0.0929038 0.0142405 0.0711387 0.00145654 0.0126552 0.061744 -0.0132601 -0.0400857 0.00851125 0.101313 -0.0626592 -0.0077415 -0.0478515 -0.0855657 0.0625407
internal_weight=597.612 545.736 529.836 510.486 497.209 485.077 474.005 460.813 448.028 111.067 336.962 266.287 219.694 70.6749 45.1879 40.9277 190.542 34.9569 155.585 140.824 48.6575 92.1669 46.5921 24.7605 29.8789 92.5015 27.2266 20.8808 65.2749 18.5651
internal_count=16925 14474 13789 12628 11936 11553 11145 10955 10812 2933 7879 6081 4489 1798 1211 1158 4107 680 3427 2842 851 1991 1592 580 506 2629 693 635 1936 304
is_linear=0
shrinkage=0.1


Tree=36
num_leaves=31
num_cat=0
split_feature=14 8 14 13 12 12 6 8 7 7 6 9 12 9 9 7 13 13 10 9 12 10 9 12 6 12 8 9 6 8
split_gain=54.9028 12.9676 12.6216 17.3148 20.2391 16.7899 14.3711 16.1747 13.4884 13.8916 11.5391 10.8871 13.5653 10.8881 14.0697 10.5402 10.4405 22.2609 22.8206 19.1494 16.0535 14.5472 13.2639 12.9207 12.7805 13.6452 11.9633 11.7884 15.1533 11.426
threshold=2061.0000000000005 0.85568008247624761 2206.5000000000005 0.59933902257604954 0.64976602159734465 0.34126802294669806 0.65984351116984497 0.84545539344238441 0.64842686251394921 0.63763335055277981 0.84804137002213842 0.76914019571875269 0.64741511484844527 0.74925311506999204 0.71800248856973348 0.54935418819447857 0.45441810817222877 0.48629802546117679 0.19243525973762463 0.50841614664279666 0.55723081026396282 0.013570379329668402 0.40311551944245116 0.59120238621749577 0.62063521466189819 0.50250501795434421 0.67652413745467821 0.33292789893127167 0.38283385605473003 0.77011014802091393
decision_type=2 2 2 2 2 2 2 2 2 2 2 2 2 2 2 2 2 2 2 2 2 2 2 2 2 2 2 2 2 2
left_child=-1 2 3 4 6 -5 11 -8 9 15 -10 12 13 14 16 -6 20 27 19 26 29 -21 -20 -24 -23 -26 -19 -18 -29 -2
right_child=1 -3 -4 5 8 -7 7 -9 10 -11 -12 -13 -14 -15 -16 -17 17 18 22 21 -22 24 23 -25 25 -27 -28 28 -30 -31
leaf_value=0.10199635384990971 0.073151826609581444 -0.10428039094380069 -0.10277747011798771 -0.059136010675474582 0.15176037232283163 0.083310286662121494 -0.078113934198561497 0.13713926632739784 -0.10433281218026549 0.12780855941016159 0.11678179433795977 -0.10449427895077293 0.230002767323158 0.12733929712469258 -0.10460531501104578 -0.10603663712249561 0.13704303514358648 -0.10403469837644795 -0.10768884989465265 0.11924730204445298 -0.10694882252743887 -0.10512257679139157 0.051399644299696449 -0.11276482362439699 -0.10933936126635571 0.13567524729361799 0.12219744619511577 0.0127898641552793 -0.10877167419374785 -0.10376961380799415
leaf_weight=47.03381821513176 51.322063948959112 14.442894883453844 13.71634381264448 10.641778486780821 1.9435109496116663 37.198174722492695 37.903784666210413 3.8450107723474494 43.489035984501243 6.4304927811026564 2.4955675918608895 9.012986231595276 2.7032191455364218 7.121311640366911 11.848874283023177 8.6209203498437983 2.8408301621675482 3.0222051097080103 6.0007895184680811 4.005175055935978 6.3814578037708989 37.659420956857502 116.12663107272238 5.0007698815315953 4.1040265718474966 5.0945715922862291 10.316454496234654 14.617549174465237 34.356120302341878 3.9298445042222729
leaf_count=2451 890 685 709 230 14 883 1502 31 2250 62 26 353 12 104 447 323 19 101 200 54 241 1460 1950 148 94 66 107 327 1036 150
internal_value=-0.00143599 -0.0108604 -0.00817133 -0.00551239 -0.0117219 0.0516238 -0.00296037 -0.0582894 -0.0641988 0.0119263 -0.092333 0.00392536 0.00691872 0.00505602 0.00230573 -0.0586104 0.00646211 -0.00285635 0.0128897 -0.0357084 0.0432236 -0.0636762 0.0374326 0.0446221 -0.0793115 0.0263601 0.0709389 -0.0610003 -0.0724883 0.0605681
internal_weight=563.226 516.192 501.749 488.033 440.193 47.84 377.213 41.7488 62.9795 16.9949 45.9846 335.464 326.451 323.748 316.627 10.5644 304.778 243.145 191.33 64.2019 61.6334 50.8632 127.128 121.127 46.858 9.1986 13.3387 51.8145 48.9737 55.2519
internal_count=16925 14474 13789 13080 11967 1113 9292 1533 2675 399 2276 7759 7406 7394 7290 337 6843 5562 4180 1882 1281 1674 2298 2098 1620 160 208 1382 1363 1040
is_linear=0
shrinkage=0.1


Tree=37
num_leaves=31
num_cat=0
split_feature=14 1 11 7 13 8 11 11 7 7 7 7 6 6 12 12 11 9 6 10 10 9 13 9 6 11 6 6 9 12
split_gain=49.4319 11.7847 11.8667 11.49 10.5684 10.101 9.39913 10.0932 29.6599 13.1441 24.0856 18.3512 13.13 19.6431 12.5268 12.5123 13.9324 11.5063 17.57 10.1786 11.0362 12.6214 15.2956 11.0612 10.8937 9.71119 11.4206 12.8562 12.2376 13.5449
threshold=2061.0000000000005 0.75023068907174728 0.6182870349045777 0.90834617800149464 0.80462309747716187 0.85568008247624761 0.60696008545841917 0.36792074694442406 0.8397874709811135 0.79798595170398412 0.7601883635990675 0.743623653757152 0.42463639788650204 0.47669605460715475 0.4076487208529736 0.34126802294669806 0.047814392017713807 0.51848035264230796 0.51849523866724612 0.23575896324610832 0.21985892705702828 0.47272663192209258 0.44395878292695573 0.43500722116472118 0.3032871196108709 0.095411007887807611 0.53582755724731901 0.55841572543983464 0.47597577189439538 0.685389317935991
decision_type=2 2 2 2 2 2 2 2 2 2 2 2 2 2 2 2 2 2 2 2 2 2 2 2 2 2 2 2 2 2
left_child=-1 2 3 4 5 6 7 9 19 10 11 12 -2 -14 15 16 -11 -12 -19 20 21 23 -23 -9 -21 -15 28 -28 -27 -30
right_child=1 -3 -4 -5 -6 -7 -8 8 -10 14 17 -13 13 25 -16 -17 -18 18 -20 24 -22 22 -24 -25 -26 26 27 -29 29 -31
leaf_value=0.10180276399729507 0.053666188662195892 -0.090978516130964901 -0.10558448199604696 -0.10337389416479779 0.10250629536784824 -0.10379225956223292 0.12641226013406429 -0.055451088078084798 0.075057758436436736 0.11765193396013961 0.12349574794236183 -0.10550448868972584 -0.081761036326473427 -0.067743610618284836 -0.095247623157106331 0.070924464741502866 -0.1046618117382975 0.077655792956236522 -0.10622169353606739 0.11820411241984044 0.13385498341239704 0.11730193297060008 -0.10666991392234966 0.1155515839571639 -0.10208748644990705 -0.10416524119100533 -0.10483386941937062 0.016794007822434252 0.11302974288557704 -0.10620558703108796
leaf_weight=42.634765261784196 46.875847991555929 17.530515233054757 12.014617881737648 11.553222294896839 9.4067122749984247 10.035219512879847 5.5995916817337266 7.1224191458895794 21.745271291583776 3.593884062021977 25.407885480672121 15.472232292406259 28.398545967414975 13.698638757690786 23.115709548816085 14.237477587535976 13.074170431122182 19.926112786866728 7.029868656769394 2.3750830441713324 4.1061719544231883 3.4929487146437195 23.998823602683842 8.0668778046965581 40.926944958977401 3.6297264695167533 10.291423893533645 55.868666041642427 27.036552502773706 3.1459968527778974
leaf_count=2451 706 1235 442 734 408 510 51 283 361 53 308 624 900 488 1205 222 536 441 252 26 31 41 935 124 1347 120 357 1270 326 138
internal_value=-0.00146425 -0.010472 -0.00747709 -0.00491037 -0.00236932 -0.00462029 -0.00229631 -0.00400159 -0.0297639 0.00526832 0.0147007 -0.000800038 0.00777393 -0.00736822 -0.0395672 0.0020788 -0.0567276 0.0752125 0.0297023 -0.0550652 -0.0227283 -0.0377926 -0.0782133 0.0353667 -0.0900047 0.0112174 0.022037 -0.00212562 0.0693157 0.0901783
internal_weight=531.412 488.777 471.247 459.232 447.679 438.272 428.237 422.637 111.835 310.803 256.781 204.418 188.945 142.07 54.0212 30.9055 16.6681 52.3639 26.956 90.0893 46.7872 42.6811 27.4918 15.1893 43.302 113.671 99.9724 66.1601 33.8123 30.1825
internal_count=16925 14474 13239 12797 12063 11655 11145 11094 3148 7946 5930 4929 4305 3599 2016 811 589 1001 693 2787 1414 1383 976 407 1373 2699 2211 1627 584 464
is_linear=0
shrinkage=0.1


Tree=38
num_leaves=31
num_cat=0
split_feature=14 8 7 1 11 13 9 9 9 8 8 8 13 11 11 13 6 7 6 13 8 8 11 7 7 8 13 12 12 9
split_gain=44.4992 10.6788 10.4975 9.97496 9.96311 9.1283 8.83601 8.9474 18.8908 19.6151 15.3064 16.3152 15.0468 28.5075 23.2735 20.1197 24.8138 12.4345 10.5691 10.971 14.3411 13.2998 18.9711 11.9654 13.0824 9.53019 8.89048 8.65421 8.04016 13.0662
threshold=2061.0000000000005 0.85568008247624761 0.90834617800149464 0.75023068907174728 0.6182870349045777 0.80462309747716187 0.76914019571875269 0.61532253330261744 0.54082881110876968 0.6092253129501829 0.52705848560075275 0.83046387380340081 0.53834034726599922 0.17369360401970549 0.49250989166810227 0.45243152464248199 0.44028629231834632 0.49063869326947185 0.35493126990944657 0.53327701283791318 0.66716164875366635 0.68100870553658754 0.37006729163394053 0.79530162193480392 0.71691867288593969 0.67383668102171501 0.56481366170888281 0.77892167620847907 0.4207597318331236 0.43500722116472118
decision_type=2 2 2 2 2 2 2 2 2 2 2 2 2 2 2 2 2 2 2 2 2 2 2 2 2 2 2 2 2 2
left_child=-1 2 3 4 5 6 7 8 9 28 -10 -12 13 -9 15 -15 25 -18 -11 21 -21 -20 23 24 27 -17 -22 -23 29 -2
right_child=1 -3 -4 -5 -6 -7 -8 12 10 18 11 -13 -14 14 -16 16 17 -19 19 20 26 22 -24 -25 -26 -27 -28 -29 -30 -31
leaf_value=0.10162828588700584 -0.10802892791911425 -0.10352672841502192 -0.10293659690233437 -0.087429161347477885 -0.10497044980746864 0.10226266270191962 -0.10471327975238381 -0.10544844429692833 0.11871925312216576 -0.1106996620171966 -0.081632205087231971 0.11839639650053631 0.066429949509810168 0.12447731013061514 -0.10839130837967903 0.12132992396364357 0.13490364085096626 -0.10504361568747347 0.082600751941314943 -0.10430486790202552 -0.10279813071465904 -0.10551391029505391 -0.10593277182572117 -0.10214792287844005 0.10983180391882502 -0.025239943371054108 0.067651063281752896 0.14658088750161957 -0.07564317632673119 0.068367250092527504
leaf_weight=38.640393536537886 6.469132915139201 11.914451496675609 11.262867641635237 14.260064377449451 9.2634018789976817 8.5307906642556173 8.2471217485144717 21.095447127707303 4.6952709881588808 5.4498763279989353 60.827151269651949 4.3706263937056056 46.749612302985042 22.820767272263765 10.993177836295215 15.859206452034416 2.4736667945981052 17.017172386869788 51.95499796513468 12.249702651984991 3.8125563198700574 5.6210913797840503 10.986165276728569 4.7084437925368539 21.220890682190657 6.1590483533218494 15.504905861802397 1.7971265427768228 33.752294871024787 11.967614787630735
leaf_count=2451 177 685 815 1038 383 408 328 862 74 118 2263 57 1062 254 387 200 17 726 981 471 176 190 442 286 306 215 426 14 897 216
internal_value=-0.00146132 -0.0100828 -0.00760939 -0.0051629 -0.0024 -0.000112314 -0.00225915 -0.000139117 -0.0113574 0.00533721 -0.0556646 -0.068223 0.0198724 -0.00270151 0.0260744 0.049053 0.00758638 -0.0745909 0.0256839 0.0314973 -0.019663 0.0482696 0.00803671 0.0455833 0.0698712 0.0803307 0.0340107 -0.0444418 -0.0466341 0.00647291
internal_weight=500.675 462.035 450.12 438.857 424.597 415.334 406.803 398.556 255.388 185.495 69.893 65.1978 143.168 96.4185 75.323 64.3299 41.5091 19.4908 133.306 127.856 31.5672 96.2887 44.3337 33.3476 28.6391 22.0183 19.3175 7.41822 52.189 18.4367
internal_count=16925 14474 13789 12974 11936 11553 11145 10817 7094 4700 2394 2320 3723 2661 1799 1412 1158 743 3410 3292 1073 2219 1238 796 510 415 602 204 1290 393
is_linear=0
shrinkage=0.1


Tree=39
num_leaves=31
num_cat=0
split_feature=14 8 14 13 12 12 6 13 10 7 7 6 9 12 9 9 6 13 8 12 13 12 10 9 9 11 11 10 8 10
split_gain=40.0919 9.68197 9.80947 13.625 15.7579 14.3275 10.8555 12.9177 12.5015 10.5662 10.6601 9.75402 8.46404 9.67532 8.31676 11.0969 8.99381 9.31667 15.9759 12.154 11.5803 10.6861 10.3489 18.7577 12.8204 18.6511 12.6575 14.8812 12.2095 11.4234
threshold=2061.0000000000005 0.85568008247624761 2206.5000000000005 0.59933902257604954 0.64976602159734465 0.56003203341322993 0.65984351116984497 0.47894922066559942 0.23575896324610832 0.64842686251394921 0.63763335055277981 0.84804137002213842 0.76914019571875269 0.64741511484844527 0.74925311506999204 0.71800248856973348 0.6395807993882513 0.45441810817222877 0.79080476598780425 0.55723081026396282 0.47514130407441063 0.069778375024260514 0.24402191517697439 0.49359878873050139 0.51240939363300619 0.60696008545841917 0.37565077713500861 0.28037368385058081 0.67652413745467821 0.013570379329668402
decision_type=2 2 2 2 2 2 2 2 2 2 2 2 2 2 2 2 2 2 2 2 2 2 2 2 2 2 2 2 2 2
left_child=-1 2 3 4 6 -5 12 8 -8 10 -6 -11 13 14 15 16 17 19 20 -2 21 -19 23 28 25 -24 -26 -28 -22 -25
right_child=1 -3 -4 5 9 -7 7 -9 -10 11 -12 -13 -14 -15 -16 -17 -18 18 -20 -21 22 -23 24 29 26 -27 27 -29 -30 -31
leaf_value=0.10147092903932396 0.055556573705537265 -0.10320109832915843 -0.10211698211334617 -0.0069256235512854397 -0.057140909438730986 0.11127908876431612 0.094367850144967333 -0.10356788236714598 -0.10605541162775563 -0.10349619993264779 0.12215448000827166 0.10960707657883617 -0.10346743025314656 0.19631532350390257 0.12355388975451254 -0.1036307089609102 0.096271714768021641 0.11336100032543078 0.075928846632161331 -0.10558918710289998 -0.037956096045979326 -0.10780223029010275 -0.1086532412032396 0.11507158260792903 0.062963924010942862 0.1119850976185814 0.12387591687026255 -0.10774494974219002 0.11925665407377523 -0.079163600866844097
leaf_weight=35.014733120799065 47.279265930876136 10.812927511055021 10.654098377097396 21.399959413334727 8.6691187079995853 19.687966963276267 8.5538575043901783 21.452215548139066 4.8920894856564692 34.896025313530117 5.3702686280012122 2.2887170556932679 7.1878059236332765 2.6580117344856253 5.7560770586132994 9.5788030442781729 10.579822690226136 2.4479034468531635 20.438482938800007 5.1946291257627299 9.127628384158017 20.319006536155939 15.115493760444226 3.2287862515076986 48.59311506152153 5.1320857442915431 3.8073140978813163 10.218977299984543 10.767292594537137 48.663070537149906
leaf_count=2451 1040 685 709 597 337 516 162 1183 188 2250 62 26 353 12 104 447 185 32 480 241 244 762 446 54 878 75 35 350 126 1895
internal_value=-0.00146888 -0.00975924 -0.00737604 -0.00493381 -0.0109663 0.0497141 -0.00274683 -0.0554007 0.0214471 -0.0624726 0.0114422 -0.0903797 0.00367598 0.00643722 0.00461024 0.00207912 0.00596001 0.00214316 -0.00779177 0.039604 -0.0174362 -0.0840227 -0.00763386 -0.0354269 0.0164429 -0.0527288 0.0388091 -0.0448735 0.0471287 -0.067078
internal_weight=469.786 434.771 423.958 413.304 372.216 41.0879 320.992 34.8982 13.4459 51.2241 14.0394 37.1847 286.094 278.906 276.248 270.492 260.913 250.333 197.859 52.4739 177.421 22.7669 154.654 71.7868 82.867 20.2476 62.6194 14.0263 19.8949 51.8919
internal_count=16925 14474 13789 13080 11967 1113 9292 1533 350 2675 399 2276 7759 7406 7394 7290 6843 6658 5377 1281 4897 794 4103 2319 1784 521 1263 385 370 1949
is_linear=0
shrinkage=0.1


Tree=40
num_leaves=31
num_cat=0
split_feature=14 11 7 13 1 12 14 9 8 8 7 12 8 13 12 13 13 10 12 13 7 10 13 6 7 13 7 7 11 8
split_gain=36.1193 8.94654 9.29573 8.71685 8.22235 7.49882 7.43724 7.5346 7.43041 6.86304 13.9666 10.8705 8.83955 6.98215 23.9906 13.8487 10.0976 11.4484 9.4434 8.56123 7.88734 7.58929 14.2231 10.6663 13.0434 22.6232 14.648 13.4227 11.8828 10.8018
threshold=2061.0000000000005 0.6182870349045777 0.90834617800149464 0.80462309747716187 0.75023068907174728 0.81288380262615456 2206.5000000000005 0.76914019571875269 0.85638226783040861 0.78466971898715621 0.69365555442013671 0.43701743867711257 0.75961438701294848 0.45441810817222877 0.55723081026396282 0.47338491878734418 0.43624887733821344 0.3886719214331405 0.069778375024260514 0.41654727343825354 0.53131674458683931 0.2391735799618688 0.53834034726599922 0.45430188335785915 0.73039839452115807 0.51110005151115923 0.66900791920019342 0.84084755877063988 0.50573171965054275 0.53991575610183207
decision_type=2 2 2 2 2 2 2 2 2 2 2 2 2 2 2 2 2 2 2 2 2 2 2 2 2 2 2 2 2 2
left_child=-1 2 3 4 5 6 7 8 9 12 -11 -12 13 14 16 18 19 -18 -15 -2 -17 22 -22 28 25 29 -27 -26 -23 -25
right_child=1 -3 -4 -5 -6 -7 -8 -9 -10 10 11 -13 -14 15 -16 20 17 -19 -20 -21 21 23 -24 24 27 26 -28 -29 -30 -31
leaf_value=0.10132899545361802 0.047662205359779837 -0.10419723616423321 -0.1024455168222108 0.10200033931953262 -0.086037354017037423 -0.10275496621000924 -0.10207923021063887 -0.10394952685214823 -0.10298882813591435 -0.10430757138307228 -0.10243617659335146 0.1006197891793263 -0.091637218451707192 0.11202128462543406 -0.10507546273736564 0.11371403136289591 0.11833724856709636 -0.10209811757884009 -0.1051263340628899 -0.1035789451071786 -0.053288542073485372 0.076310140114935518 0.022673628656583174 0.14236858313140996 -0.10455292392378211 -0.050708266173739136 0.10153027339332642 0.092425972308821158 -0.11108064289378872 -0.10832289747730912
leaf_weight=31.724759405478835 13.349989676848056 9.7233460261486453 9.9749881788156909 7.5112482253462067 12.656155208125709 7.5435152286663643 7.2798225912265471 6.8357972591184071 6.6059035784564903 5.0155926826410022 2.9711885713040855 23.401203850284219 10.27070263866335 2.2400875426828888 10.276583729311822 6.2094670780934385 27.204944575205449 2.579429422505199 18.899311658926308 5.2009218917228273 57.352766936644912 36.135344358161092 43.227191938087344 1.9629136957228173 18.68212883640081 8.2016280069947225 27.550551145337522 4.2455664756707838 3.7335816919803611 13.818245734553782
leaf_count=2451 248 471 866 409 1073 518 491 328 434 186 174 388 475 32 501 110 362 144 869 223 2081 667 1247 15 764 308 393 102 96 499
internal_value=-0.00147537 -0.00941732 -0.00711876 -0.0046866 -0.00677644 -0.00407107 -0.00202173 2.45063e-05 0.00206024 0.00408618 0.0486525 0.0777429 -0.000409676 0.00270452 0.0336753 -0.00478851 0.0631751 0.0992468 -0.0821158 0.00526033 0.00260411 -0.000606229 -0.0206416 0.0170195 -0.00533059 0.0225863 0.0666064 -0.068078 0.0587617 -0.077141
internal_weight=442.385 410.66 400.937 390.962 383.451 370.794 363.251 355.971 349.135 342.529 31.388 26.3724 311.141 300.871 58.6119 242.259 48.3353 29.7844 21.1394 18.5509 221.119 214.91 100.58 114.33 74.461 51.5333 35.7522 22.9277 39.8689 15.7812
internal_count=16925 14474 14003 13137 12728 11655 11137 10646 10318 9884 748 562 9136 8661 1478 7183 977 506 901 471 6282 6172 3328 2844 2081 1215 701 866 763 514
is_linear=0
shrinkage=0.1


Tree=41
num_leaves=31
num_cat=0
split_feature=14 11 7 13 1 4 2 7 8 6 10 11 11 7 7 7 7 9 6 9 9 8 10 12 8 8 6 13 7 12
split_gain=32.5329 8.11098 8.4273 7.84267 7.22895 7.06446 12.459 7.2827 5.62546 5.7067 6.7073 5.05983 5.72113 14.4788 8.7981 7.24421 9.43489 6.6734 6.73541 6.56036 7.95065 8.51591 7.70115 19.2775 7.16858 7.09751 6.79123 7.56879 6.04582 5.48856
threshold=2061.0000000000005 0.6182870349045777 0.90834617800149464 0.80462309747716187 0.75023068907174728 0.20613415362779122 0.59874763730107783 0.77258616198652497 0.56263531148744872 0.38283385605473003 0.18603312947961956 0.59771651436982054 0.36792074694442406 0.8397874709811135 0.79798595170398412 0.7601883635990675 0.743623653757152 0.51848035264230796 0.51849523866724612 0.72722567328081011 0.46763181153130345 0.55680014795760158 0.28283038999933569 0.50250501795434421 0.57690060879519545 0.78724116867222393 0.45209618376611954 0.48734826786147484 0.73039839452115807 0.53256741656384698
decision_type=2 2 2 2 2 2 2 2 2 2 2 2 2 2 2 2 2 2 2 2 2 2 2 2 2 2 2 2 2 2
left_child=-1 2 3 4 5 6 11 8 -7 10 -10 12 14 -14 15 16 19 -17 -19 20 29 -22 23 -23 -24 -25 -26 -28 -29 -2
right_child=1 -3 -4 -5 -6 7 -8 -9 9 -11 -12 -13 13 -15 -16 17 -18 18 -20 -21 21 22 24 25 26 -27 27 28 -30 -31
leaf_value=0.10120093306982839 -0.092025788872951889 -0.10380852881820653 -0.10222895432673935 0.10180683482911784 -0.083623254884255788 0.062218599346205619 -0.086616165721724689 0.061290587184378513 -0.11309680989547893 -0.024637846108212905 0.099486214011852037 0.080879823768913478 -0.06382080140962984 0.060590600155970342 -0.04900458442359959 0.11058368168242677 -0.10354758593187226 0.053012347945258477 -0.104418877633396 -0.10334744392440257 0.1013019036518565 -0.10458054779643698 -0.10739155100811233 0.070805380955271752 0.11845040390354554 -0.10402315932775684 -0.10238995629295305 0.079938758636873622 -0.10350602009450081 0.020885281479519468
leaf_weight=28.740226875990629 10.707178724929692 8.8293150216341001 9.0438919472508115 6.8087188675999633 11.765836960170416 12.647738259285687 21.027183694764972 28.420662806835026 1.8309281319379787 50.460221890360117 7.8372617466375232 6.4849008936434975 42.984124114271253 11.956276821903883 29.674309832043946 12.645304556936027 8.1694214125163835 9.8828211314976198 3.7482798006385556 5.0316398390568784 12.959231253247706 15.203865047544239 2.7747804913669816 16.482671887613837 12.229776736348869 2.702889804262667 3.8451186064630773 13.064264263026415 2.0830252920277408 7.2001354731619349
leaf_count=2451 380 471 866 409 1073 232 1577 607 32 1251 136 91 1878 247 1498 209 436 292 194 272 206 633 93 325 143 124 226 255 90 228
internal_value=-0.00146328 -0.00905808 -0.00685465 -0.00452737 -0.00651737 -0.00394045 -0.0129376 0.0183626 0.00159834 -0.0111529 0.059228 -0.00619674 -0.00872503 -0.0367461 0.000416554 0.0109877 -5.83155e-05 0.0582608 0.00972191 0.0080488 0.013696 0.0269754 0.0128905 -0.0204752 0.0466415 0.0461753 0.0603307 0.0229057 0.0547118 -0.0466267
internal_weight=417.242 388.502 379.672 370.629 363.82 352.054 250.857 101.197 72.7762 60.1284 9.66819 229.83 223.345 54.9404 168.405 138.73 112.454 26.2764 13.6311 104.285 99.2529 81.3456 68.3864 34.3894 33.997 19.1856 31.2222 18.9924 15.1473 17.9073
internal_count=16925 14474 14003 13137 12728 11655 9397 2258 1651 1419 168 7820 7729 2125 5604 4106 3411 695 486 2975 2703 2095 1889 1082 807 449 714 571 345 608
is_linear=0
shrinkage=0.1


Tree=42
num_leaves=31
num_cat=0
split_feature=14 8 14 13 12 12 7 6 13 10 11 6 9 9 12 12 12 10 11 9 3 9 9 9 10 10 13 9 6 10
split_gain=29.2658 7.58863 7.6439 10.5276 12.5279 11.9016 9.46095 8.82807 10.5852 9.37784 8.79878 7.90594 7.27809 6.5554 7.03909 7.06972 9.38272 10.0198 13.2141 9.2776 13.4291 8.89353 9.64624 8.52079 10.1512 18.9314 16.8678 9.39155 9.37631 10.7004
threshold=2061.0000000000005 0.85568008247624761 2206.5000000000005 0.59933902257604954 0.56003203341322993 0.64976602159734465 0.64842686251394921 0.65984351116984497 0.47894922066559942 0.23575896324610832 0.20412513325196158 0.84804137002213842 0.46838279998027149 0.76914019571875269 0.64741511484844527 0.58547508372896639 0.53112557144707584 0.29752723074778514 0.37006729163394053 0.53085461355332919 1.0000338291605451 0.67986449723848763 0.76531060027443376 0.48616592150580867 0.25435624949317343 0.23885797507413351 0.44832307681246186 0.41109848005338029 0.32299958207054319 0.013570379329668402
decision_type=2 2 2 2 2 2 2 2 2 2 2 2 2 2 2 2 2 2 2 2 2 2 2 2 2 2 2 2 2 2
left_child=-1 2 3 5 12 7 10 13 9 -9 -7 -8 -5 14 15 16 17 23 19 20 -19 -21 -23 27 25 26 -25 -2 -28 -30
right_child=1 -3 -4 4 -6 6 11 8 -10 -11 -12 -13 -14 -15 -16 -17 -18 18 -20 21 -22 22 -24 24 -26 -27 28 -29 29 -31
leaf_value=0.10108534101356577 -0.052048690916828871 -0.10250782766221085 -0.10166400004755581 0.10299024704956608 0.10935068626039801 -0.10413335106977702 -0.10296385282678505 0.08797881167429894 -0.10305655722994662 -0.10479217274532851 0.074469174057205823 0.095913181229066752 -0.041997218916062305 -0.10271825742723986 0.1720717820603137 -0.064993220083995606 0.054775341035897686 0.07309364656378671 -0.10464899538975381 0.10315821061691753 -0.10839558511993089 -0.10327486158059851 0.12661184530544509 0.061275042064360699 -0.10509613788438453 0.10605538486715389 0.055784329238906284 0.069244247664357217 0.1129703290303495 -0.083973371298569133
leaf_weight=26.033457330428064 9.3149654008448142 8.4088678490370494 8.234903098549692 4.5132592106238034 17.017365485429764 4.1463331347331396 28.36187800439075 7.3061326285824197 17.629462956916541 3.855215709656477 8.239915728569029 2.1504261624068013 14.867370038758962 5.6558598428964606 2.5314282774925223 13.817477225791661 36.941303967498243 8.605817732401194 6.1867172825150183 28.969754626043141 7.7474506422877303 4.8742498615756622 2.91800048481673 14.60441158339381 15.257028333377091 10.970585655421017 6.3536017872393122 20.285143876913935 2.9230778049677602 49.080247833859175
leaf_count=2451 343 685 709 202 516 226 2250 162 1183 188 173 26 395 353 12 725 966 171 274 486 251 233 56 407 609 173 98 409 54 2139
internal_value=-0.00141308 -0.00859064 -0.00641721 -0.00420855 0.0467414 -0.0100269 -0.0590264 -0.00240624 -0.0548107 0.0213942 0.0146815 -0.0889475 -0.0082333 0.00370121 0.00619475 0.00443672 0.00869987 -0.000349412 0.033664 0.0497743 -0.0128879 0.077649 -0.0171881 -0.0160112 -0.0300624 -0.0164229 -0.0348389 0.0310741 -0.0588924 -0.0729033
internal_weight=397.802 371.768 363.359 355.124 36.398 318.726 42.8986 275.828 28.7908 11.1613 12.3862 30.5123 19.3806 247.037 241.381 238.85 225.032 188.091 59.302 53.1153 16.3533 36.762 7.79225 128.789 99.189 83.9319 72.9613 29.6001 58.3569 52.0033
internal_count=16925 14474 13789 13080 1113 11967 2675 9292 1533 350 399 2276 597 7759 7406 7394 6669 5703 1471 1197 422 775 289 4232 3480 2871 2698 752 2291 2193
is_linear=0
shrinkage=0.1


Tree=43
num_leaves=31
num_cat=0
split_feature=14 7 11 13 12 14 9 8 8 7 12 8 10 9 9 10 6 7 6 8 10 8 6 13 11 11 11 3 13 9
split_gain=26.3847 6.96095 7.23064 6.65699 6.09865 6.26825 5.94118 5.88959 5.78348 10.4641 8.97381 6.91625 5.84174 10.0909 12.5442 9.011 7.27772 6.75756 6.41736 8.70869 11.2003 14.8135 7.25713 9.21602 6.80629 11.3399 9.04226 19.368 12.9642 9.78613
threshold=2061.0000000000005 0.90834617800149464 0.6182870349045777 0.80462309747716187 0.81288380262615456 2206.5000000000005 0.76914019571875269 0.85638226783040861 0.78466971898715621 0.69365555442013671 0.43701743867711257 0.75961438701294848 0.14089967639610493 0.49695868659821019 0.57258738729416847 0.17744032650076338 0.76840133973610147 0.6445495344240334 0.42615430605368892 0.52317524846301688 0.33778028720603664 0.66274139640628393 0.35493126990944657 0.45169595683359931 0.60696008545841917 0.37006729163394053 0.18105640862409098 1.0000001136767176 0.55942303261756965 0.64600570201736318
decision_type=2 2 2 2 2 2 2 2 2 2 2 2 2 2 2 2 2 2 2 2 2 2 2 2 2 2 2 2 2 2
left_child=-1 2 3 4 5 6 7 8 11 -10 -11 12 13 16 -15 17 -2 -14 19 -17 21 22 -21 -24 25 26 28 -28 -20 -29
right_child=1 -3 -4 -5 -6 -7 -8 -9 9 10 -12 -13 15 14 -16 18 -18 -19 24 20 -22 -23 23 -25 -26 -27 27 29 -30 -31
leaf_value=0.10098099063777913 0.099716536026235231 -0.10189621478586681 -0.10322210125658626 0.10158655852879545 -0.1020878909064743 -0.10155086539383631 -0.10298832384707116 -0.10226323749068499 -0.10337056979385401 -0.10194437777885623 0.092947564711835504 -0.089376920835913809 0.035108629799967726 -0.06559230908662407 0.036492998596663842 -0.1094132768499485 -0.10220806244664556 -0.10499367097639792 -0.08626650337045684 -0.10302386927896617 0.11730072100949172 -0.086984205153307903 -0.10575118582218467 0.10711074538204322 0.11658566465477727 -0.084487464593877779 0.065011033078372651 -0.085053097535190081 0.06725990017178908 0.025507016352961931
leaf_weight=23.579149215482175 19.750865719281141 7.7697591385804108 7.5098007195629171 5.8660863945260635 6.4604771025478831 6.4505081060342482 5.7175083849579087 5.5442384751513591 4.0358597403392222 2.6639244621619609 20.88669737521559 8.8907371447421593 4.4555948041379478 18.602561858482659 34.104892224539071 4.1620675022713831 1.9622440156526852 15.144063808023928 23.018595815636221 2.4616484902799192 13.673035995103417 10.651918658521025 2.3321638666093376 15.908406460657714 3.8908046577125779 21.073251680936664 37.477503092959523 19.614580733701587 7.2271128408610812 13.52735344134271
leaf_count=2451 401 866 471 409 592 592 370 490 193 200 402 517 126 752 1169 94 147 725 1306 132 189 501 75 232 51 1044 891 917 191 429
internal_value=-0.00141609 -0.00829808 -0.00617826 -0.00400639 -0.00588518 -0.00396235 -0.00197516 -0.000118468 0.00173517 0.0454065 0.0709024 -0.00259953 0.000268145 0.0240973 0.000463024 -0.00884396 0.0814683 -0.0731442 -0.00164322 0.0289829 0.0417755 0.00884014 0.0581447 0.0798951 -0.0136156 -0.0177701 -0.00383112 0.0157635 -0.0495819 -0.0399264
internal_weight=374.413 350.834 343.065 335.555 329.689 323.228 316.778 311.06 305.516 27.5865 23.5506 277.929 269.039 74.4206 52.7075 194.618 21.7131 19.5997 175.018 49.1892 45.0272 31.3541 20.7022 18.2406 125.829 121.938 100.865 70.6194 30.2457 33.1419
internal_count=16925 14474 13608 13137 12728 12136 11544 11174 10684 795 602 9889 9372 2469 1921 6903 548 851 6052 1223 1129 940 439 307 4829 4778 3734 2237 1497 1346
is_linear=0
shrinkage=0.1


Tree=44
num_leaves=31
num_cat=0
split_feature=14 7 11 4 2 4 4 0 15 4 15 7 11 4 0 4 15 7 1 4 4 0 4 15 0 4 4 4 15 7
split_gain=23.781 6.3219 6.54449 6.06008 7.24055 5.96554 5.48201 10.6755 4.99564 5.58295 3.84748 3.68457 3.43896 3.53831 6.54905 4.42997 6.07387 3.0985 2.80026 6.73434 4.19664 5.13163 4.89527 4.29945 3.43332 3.66667 2.86884 2.47568 2.53284 2.32571
threshold=2061.0000000000005 0.90834617800149464 0.6182870349045777 0.51817159892918629 0.70459320676104442 0.27767986504660014 0.15344554056781018 0.55662393162393176 1632.5000000000002 0.25324482261369285 1964.5000000000002 0.77510158245128824 0.59771651436982054 0.11474087230355255 0.44543650793650796 0.064152885267845766 756.50000000000011 0.79798595170398412 0.15503797510018544 0.032382208745490755 0.0016417795720781502 0.07207792207792206 0.0029266321857703502 119.50000000000001 0.24417344173441732 0.010459976214370751 0.00028949809642300008 0.26082305513570808 1278.5000000000002 0.77510158245128824
decision_type=2 2 2 2 2 2 2 2 2 2 2 2 2 2 2 2 2 2 2 2 2 2 2 2 2 2 2 2 2 2
left_child=-1 2 3 4 6 -6 7 12 27 -10 -11 -7 13 14 15 16 18 -13 20 24 23 -22 -23 26 25 -20 -2 28 -8 -30
right_child=1 -3 -4 -5 5 11 8 -9 9 10 -12 17 -14 -15 -16 -17 -18 -19 19 -21 21 22 -24 -25 -26 -27 -28 -29 29 -31
leaf_value=0.10088676353761628 -0.053331808572455897 -0.10172528581612397 -0.10292188273827772 0.085820744780357713 -0.09299945179996158 -0.039150351419876633 0.082869669334405205 -0.092703023381995014 -0.091991909272744352 0.034105374856997592 -0.032121618102189657 0.12520581986540066 0.080959832404720364 0.048791934667408596 -0.070606376056622441 0.044420392169581761 -0.079136657583194145 -0.03046397364049503 -0.068557937922807982 0.032808188055993351 0.11937225498135207 -0.084369471752293645 0.032600277360521179 -0.093853105246646695 -0.093497668487634855 0.0070580897725951155 0.03181334469814269 0.096273973447774192 6.4915481893377535e-05 0.063874505699435064
leaf_weight=21.354209136217833 5.87712931912393 7.0415819683112195 6.8139615012332788 7.3581623733043662 16.382485342677683 12.242269951384516 7.9753959896042934 14.492765659000723 6.139173653908073 24.83361333841458 13.563166795764117 3.0923920129425815 4.7033514780923715 11.127401036210356 15.814124566037206 17.451164619997144 11.34494757093489 2.180001116823405 11.026196672115477 16.979781587608159 5.8316820254549375 4.1204484007321325 27.173302426934242 5.9839376215822986 9.9609672869555634 15.326509004924445 12.113291355781255 7.5632055336609474 19.391941061243418 8.09689046256244
leaf_count=2451 226 866 471 215 1742 428 208 1323 343 567 296 47 76 279 1077 425 884 94 566 513 74 186 777 311 779 543 286 211 491 170
internal_value=-0.00140412 -0.00798344 -0.00595214 -0.00387526 -0.00599889 -0.049623 -0.000658397 -0.0102275 0.0200316 -0.00344588 0.0107115 -0.00905043 -0.00339074 -0.00572265 -0.0095377 -0.00279315 -0.0093459 0.0608403 -0.0024244 -0.019177 0.0121878 0.0332483 0.0171989 -0.0204254 -0.0434846 -0.0245803 0.00399804 0.0443322 0.033255 0.0188602
internal_weight=353.355 332.001 324.96 318.146 310.788 33.8971 276.89 189.327 87.5634 44.536 38.3968 17.5147 174.834 170.131 159.003 143.189 125.738 5.27239 114.393 53.2935 61.0998 37.1254 31.2938 23.9744 36.3137 26.3527 17.9904 43.0274 35.4642 27.4888
internal_count=16925 14474 13608 13137 12922 2311 10611 8325 2286 1206 863 569 7002 6926 6647 5570 5145 141 4261 2401 1860 1037 963 823 1888 1109 512 1080 869 661
is_linear=0
shrinkage=0.1


Tree=45
num_leaves=31
num_cat=0
split_feature=14 8 14 13 12 12 9 7 6 7 6 13 9 8 6 9 9 9 13 11 13 10 8 6 13 6 10 9 12 10
split_gain=21.3959 6.02273 5.90242 8.12461 10.7355 9.45157 8.97024 7.43193 7.33816 8.626 6.88846 6.8252 5.97803 5.31902 5.2098 5.14386 5.52223 8.44198 6.80381 10.799 10.6825 7.90801 7.33308 8.53756 7.85193 7.3287 7.60152 15.4103 10.4939 9.76313
threshold=2061.0000000000005 0.85568008247624761 2206.5000000000005 0.59933902257604954 0.56003203341322993 0.64976602159734465 0.52307731876671115 0.70926215883874977 0.65984351116984497 0.77510158245128824 0.32299958207054319 0.48102810169284244 0.46838279998027149 0.6092253129501829 0.54688403191446966 0.76914019571875269 0.74925311506999204 0.71800248856973348 0.45243152464248199 0.17369360401970549 0.47514130407441063 0.10091449174714737 0.79527684815264998 0.62063521466189819 0.56400368374183396 0.5960607388022513 0.24402191517697439 0.49359878873050139 0.21953835498116667 0.13099736242336027
decision_type=2 2 2 2 2 2 2 2 2 2 2 2 2 2 2 2 2 2 2 2 2 2 2 2 2 2 2 2 2 2
left_child=-1 2 3 5 12 8 7 13 15 -10 -8 -11 -5 -7 -14 16 17 18 19 21 -20 -2 23 25 -25 26 27 -22 29 -29
right_child=1 -3 -4 4 -6 6 10 -9 9 11 -12 -13 14 -15 -16 -17 -18 -19 20 -21 22 -23 -24 24 -26 -27 -28 28 -30 -31
leaf_value=0.10080166464832428 0.11340417847856682 -0.10203194452201587 -0.10130286553607462 0.10266458983603471 0.1079977166484633 -0.10136635323394844 0.11233741523845275 -0.10121136657005486 -0.10335148307425897 0.078000362113282901 -0.10309652685070676 -0.10116156503714575 0.061867617608229702 0.11485857767609282 -0.078877607591794657 -0.10221412183736855 0.11829789814169676 -0.10287085039563092 -0.073181187741843193 0.071752446967755137 0.048413066026061054 -0.1039332826541257 0.0842467746147295 0.099211043843621075 -0.1035126438333126 -0.10804811485467687 0.022598399020137945 0.11388646355319443 -0.10326799730797459 -0.10326214241443479
leaf_weight=19.337570501491427 2.2056376151740533 6.6020369252655646 6.3049882596824309 3.7286434555426302 14.443498821929095 1.3973181578330676 1.5836993623524929 3.5296750389970839 14.382538743317129 6.4526224713772518 23.624961198773235 3.1713303187862039 3.6116008637472978 6.1227799486368895 9.6763571952469629 4.469174670521169 4.3048852430656543 7.1541549977846435 18.457219555042684 31.677027057856321 16.419615673832595 6.9478375157341361 11.500226239673792 13.387328315526245 2.2286559436470261 6.9529001419432452 57.614886022172868 5.0715612517669779 24.583536294754595 3.4989785556681454
leaf_count=2451 45 685 709 202 516 123 26 414 915 195 2036 423 102 76 293 353 104 447 910 772 370 389 332 228 118 264 1620 83 1448 276
internal_value=-0.00135491 -0.00750697 -0.00552271 -0.00356328 0.0445916 -0.00903761 -0.0566316 0.0184954 -0.00186162 -0.0543172 -0.0895622 0.0189621 -0.0092267 0.0746816 -0.0406238 0.0039556 0.00619372 0.00387019 0.00767802 0.0441072 -0.00163497 -0.0515633 0.0077135 0.000930464 0.0702791 -0.00855729 -0.00210372 -0.0308127 -0.0700494 0.0252341
internal_weight=340.443 321.106 314.504 308.199 31.4601 276.739 36.2584 11.0498 240.48 24.0065 25.2087 9.62395 17.0166 7.5201 13.288 216.474 212.004 207.7 200.545 40.8305 159.715 9.15348 141.258 129.757 15.616 114.141 107.189 49.5737 33.1541 8.57054
internal_count=16925 14474 13789 13080 1113 11967 2675 613 9292 1533 2062 618 597 199 395 7759 7406 7302 6855 1206 5649 434 4739 4407 346 4061 3797 2177 1807 359
is_linear=0
shrinkage=0.1


Tree=46
num_leaves=31
num_cat=0
split_feature=14 11 7 7 7 9 9 9 11 10 13 6 12 10 8 12 12 11 12 10 11 9 11 11 6 9 6 7 13 7
split_gain=19.3029 5.54634 12.2273 12.2203 10.9033 9.68723 12.1215 10.0219 9.54084 9.82714 8.88652 9.12844 8.08775 16.4324 15.8346 11.8499 11.5796 9.79397 8.11735 7.04648 6.97093 6.94321 6.86654 6.84613 6.6619 6.60321 7.49508 6.62811 6.57505 6.25863
threshold=2061.0000000000005 0.37006729163394053 0.79798595170398412 0.7601883635990675 0.743623653757152 0.46763181153130345 0.67615019767979689 0.37566331402634817 0.41653778475965059 0.11141533634841132 0.59933902257604954 0.38283385605473003 0.29099160089002513 0.24881804604016433 0.6621584156201229 0.4547399161017846 0.53360523013147354 0.18105640862409098 0.80991986765392321 0.058169430933520609 0.22506654303059193 0.41109848005338029 0.26790586390922261 0.20111534651946364 0.6473830657466112 0.54082881110876968 0.45370698748035598 0.78647405022582217 0.40220611367949993 0.8599189279282915
decision_type=2 2 2 2 2 2 2 2 2 2 2 2 2 2 2 2 2 2 2 2 2 2 2 2 2 2 2 2 2 2
left_child=-1 2 3 4 10 7 29 -3 -8 -10 11 -2 13 -13 18 -16 22 -18 28 23 -19 -21 -17 -4 -15 -5 27 -27 -14 -7
right_child=1 5 19 25 -6 6 8 -9 9 -11 -12 12 14 24 15 16 17 20 -20 21 -22 -23 -24 -25 -26 26 -28 -29 -30 -31
leaf_value=0.10072480034306547 0.067668541621571807 -0.10287077054381151 0.072513084867029093 0.10188687863868276 -0.10314903905829975 -0.10423365930102797 -0.10266366656436215 0.0572026628877094 -0.10258354185123034 0.086731360028225762 0.093180856672224976 -0.10513638029064952 0.090032354240807924 0.089968981901209763 -0.10325875260532645 0.12249116688037054 -0.10399632692466448 0.10086958651668992 0.13658539606604966 0.026568700261653574 -0.048505805467184651 -0.093196428793906189 -0.10196798683684685 -0.10271204449459544 -0.10180611843581006 -0.10349150774691754 -0.076595214468892725 0.11592072323194476 -0.10440914444977388 0.0063766269598781351
leaf_weight=17.510030290577561 16.856573786586523 4.9204878599848625 7.7886579539626819 20.604780958499759 9.6224461051169765 30.93847009842284 5.8055555038154152 19.068646503146738 3.4814498620107797 12.908382412046192 10.996724945958702 6.6726222601719227 1.8492962643504167 20.817845636047426 7.5331509208772323 13.840918725356458 7.6555389433633563 7.5246079843491298 1.6230936720967282 5.9555725452955839 5.3421818683855236 25.856034139636904 1.5117591554298986 3.124093518126756 1.9840320069342841 1.7216492942534367 5.6135712522082022 6.8734248513355851 29.181687390897423 6.1288751631509504
leaf_count=2451 368 440 193 509 684 1979 387 649 241 335 554 344 50 379 457 197 468 135 12 412 183 2344 95 223 174 71 467 159 1596 369
internal_value=-0.00136918 -0.0072535 0.00104789 0.0125891 -0.00034477 -0.0292455 -0.0509485 0.0243695 0.00749717 0.046518 0.00707129 -0.000665434 -0.0115799 0.0328908 -0.0288125 0.0107608 0.034703 -0.0144365 -0.0814185 -0.0469887 0.0388502 -0.0707747 0.100389 0.0223498 0.0732823 0.0657212 0.0132753 0.071971 -0.0928214 -0.0859449
internal_weight=321.312 303.802 220.55 177.826 143.012 83.2519 59.2627 23.9891 22.1954 16.3898 133.39 122.393 105.537 29.4745 76.0622 43.4082 35.875 20.5223 32.6541 42.7244 12.8668 31.8116 15.3527 10.9128 22.8019 34.8134 14.2086 8.59507 31.031 37.0673
internal_count=16925 14474 10074 6902 5696 4400 3311 1089 963 576 5012 4458 4090 897 3193 1535 1078 786 1658 3172 318 2756 292 416 553 1206 697 230 1646 2348
is_linear=0
shrinkage=0.1


Tree=47
num_leaves=31
num_cat=0
split_feature=14 7 11 7 9 9 9 7 7 7 13 6 12 10 8 12 12 11 12 12 12 11 7 12 12 3 11 11 13 6
split_gain=17.4347 5.13852 5.23722 9.9871 10.2483 9.00828 7.81217 7.30208 10.7572 9.79998 7.80947 7.7063 7.0819 14.3131 14.2452 10.5808 10.4 8.72281 7.24865 6.25483 6.76749 7.83028 6.50419 6.15737 6.20903 6.14612 6.81434 6.12261 5.91825 5.78962
threshold=2061.0000000000005 0.90834617800149464 0.37006729163394053 0.8397874709811135 0.46763181153130345 0.42939568948298706 0.67615019767979689 0.79798595170398412 0.7601883635990675 0.743623653757152 0.59933902257604954 0.38283385605473003 0.29099160089002513 0.24881804604016433 0.6621584156201229 0.4547399161017846 0.53360523013147354 0.18105640862409098 0.80991986765392321 0.4076487208529736 0.34126802294669806 0.047814392017713807 0.8397874709811135 0.53112557144707584 0.59368669587519241 1.0491599199686514 0.33272200904385529 0.26790586390922261 0.40220611367949993 0.35493126990944657
decision_type=2 2 2 2 2 2 2 2 2 2 2 2 2 2 2 2 2 2 2 2 2 2 2 2 2 2 2 2 2 2
left_child=-1 2 7 4 5 -4 -6 8 9 10 11 29 13 -13 18 -16 27 -18 28 20 21 -9 -22 -8 -25 26 -19 -17 -14 -2
right_child=1 -3 3 -5 6 -7 23 19 -10 -11 -12 12 14 -15 15 16 17 25 -20 -21 22 -23 -24 24 -26 -27 -28 -29 -30 -31
leaf_value=0.10065534956647613 -0.0055399996322438843 -0.10133030923999298 -0.069006768691004514 0.045946491538145985 -0.10387897602675705 0.068693857130305763 -0.10261948329472795 0.10979404903024037 0.063798734708246013 -0.10285361522687396 0.090405811138848061 -0.10467994210641068 0.08417397639063938 0.068998890797827853 -0.10294942636671836 0.12071128096483244 -0.103636142045143 0.10943318688351314 0.13300926966351609 -0.08673251055826442 -0.10301623803499818 -0.10287089098180494 0.097650474676443777 0.11857329567444921 -0.043651937518064537 -0.10708031083424122 -0.10399914876996404 -0.10177834903138523 -0.10400622472343327 0.11444608386658815
leaf_weight=15.854106666985897 7.0702352644875672 5.6712175556458524 7.8594252374023226 14.985001934459431 27.790317599661648 12.011492591351269 5.0359429772943249 2.1922528352588442 32.411010849289596 8.7304851042572391 10.24040442239493 6.062626090366396 1.7837539315223754 21.833371673710644 6.8357147795613846 12.699009638279675 6.949868886498737 8.2216240335255844 1.5060830414295185 15.066394646652041 2.025731264613567 8.235124724917112 7.9715161849744618 4.540563063696025 4.9112545389216393 2.4145242143422356 1.828614484053104 1.3703152448870231 26.50177113735117 9.3261493761092407
leaf_count=2451 217 866 592 542 1934 365 351 54 1206 684 554 344 50 553 457 197 468 136 12 1558 95 666 142 51 356 96 86 95 1596 151
internal_value=-0.00140188 -0.00709752 -0.005178 -0.0273335 -0.0450023 0.01423 -0.0728418 0.00331252 0.0121253 -0.000431748 0.00674222 -0.000746605 -0.0113623 0.0312533 -0.0283183 0.0104279 0.0335738 -0.013869 -0.080757 -0.0378537 -0.00179779 -0.0581602 0.0569896 -0.0133066 0.0342795 0.0361817 0.0705997 0.0990414 -0.0921391 0.0627072
internal_weight=299.936 284.082 278.411 77.134 62.149 19.8709 42.2781 201.277 165.786 133.375 124.644 114.404 98.0073 27.896 70.1113 40.3197 33.484 19.4146 29.7916 35.491 20.4246 10.4274 9.99725 14.4878 9.45182 12.4648 10.0502 14.0693 28.2855 16.3964
internal_count=16925 14474 13608 4191 3649 957 2692 9417 6902 5696 5012 4458 4090 897 3193 1535 1078 786 1658 2515 957 720 237 758 407 318 222 292 1646 368
is_linear=0
shrinkage=0.1


Tree=48
num_leaves=31
num_cat=0
split_feature=14 14 13 12 12 7 6 13 11 7 7 9 9 9 11 13 6 6 9 11 12 10 6 6 11 7 6 13 13 7
split_gain=15.7436 4.99016 6.8221 8.31765 7.56597 6.50335 5.58278 6.95266 6.61584 5.44491 5.28162 5.09408 4.65068 4.20856 4.17077 4.22419 4.36362 9.0113 6.70463 6.50485 7.89197 7.98478 7.48614 12.5476 12.5258 5.57819 5.54285 4.80278 6.54675 10.8268
threshold=2061.0000000000005 2206.5000000000005 0.59933902257604954 0.56003203341322993 0.64976602159734465 0.64842686251394921 0.65984351116984497 0.47894922066559942 0.34102264887532513 0.63763335055277981 0.54935418819447857 0.36222059666209022 0.46838279998027149 0.56135987980397861 0.6182870349045777 0.58032380187506794 0.6199196593005557 0.5960607388022513 0.69498292147570062 0.12739200437264639 0.56003203341322993 0.022972166370375805 0.56667289071127336 0.53239744430312119 0.48693910228755355 0.72243986949528227 0.44318908101480253 0.45601170712783473 0.52979011094760153 0.8064201109672039
decision_type=2 2 2 2 2 2 2 2 2 2 2 2 2 2 2 2 2 2 2 2 2 2 2 2 2 2 2 2 2 2
left_child=-1 2 4 12 6 9 14 8 -8 10 -6 -7 -4 -14 15 16 17 19 -18 20 21 -2 23 24 27 -24 -22 -21 -29 -30
right_child=1 -3 3 -5 5 11 7 -9 -10 -11 -12 -13 13 -15 -16 -17 18 -19 -20 22 26 -23 25 -25 -26 -27 -28 28 29 -31
leaf_value=0.10059259808297048 0.10887409143037788 -0.10116368961257234 0.10210631853173263 0.10632170336047192 0.12911277268533311 0.070336269819482281 -0.10219935973442025 -0.1020776419496628 0.084860083216480087 0.11336658935420521 -0.10268755676677602 -0.1020352468989507 -0.087700315778815041 0.034704547357787732 -0.10221038661631071 -0.10249969280164016 0.081646038327046533 -0.10612357883743817 -0.10298930805895606 0.063720174714803193 0.1108067492653021 -0.10417404122411966 0.10332258519869131 -0.10258274992467858 -0.10551174155356469 -0.10131518065826284 -0.10160840806301066 -0.0080689066147060211 0.083245631653936308 -0.10237025114216831
leaf_weight=14.353882740717379 1.9995384430512846 5.5022272954229257 3.0865563238039639 11.672450087498872 1.2902971208095566 1.8797578639350856 2.9553081586491334 11.950048287864773 5.2486003893427551 3.4419723954051733 4.126892734086141 19.500413487898186 6.6648870501667243 4.8550542208831757 3.7608577792998394 3.6364899771288028 13.997834001667799 7.4361598377581677 2.2882344233803442 25.403901719022542 4.5455950153991571 14.633751060813664 13.155159241985528 9.6324607874266786 7.7832362740300587 1.4821287153754372 1.6834124415181575 48.481421887874603 20.869000826263804 3.6995438560843459
leaf_count=2451 54 752 202 516 14 103 269 1235 138 62 323 2349 192 255 338 257 345 344 136 842 101 903 229 653 424 152 164 2337 517 268
internal_value=-0.00142674 -0.00691822 -0.00493262 0.0433873 -0.0103387 -0.0570283 -0.00343957 -0.0534122 0.0174753 0.0150147 -0.047476 -0.0868802 -0.00690537 -0.0361131 0.00201955 0.00418852 0.00637931 0.00138377 0.0557043 0.0065963 -0.0426084 -0.0785629 0.015216 0.0067035 0.0166124 0.0826016 0.0534008 0.0262669 0.0132421 0.0552955
internal_weight=281.017 266.663 261.161 26.2789 234.882 30.2393 204.643 20.154 8.20391 8.85916 5.41719 21.3802 14.6065 11.5199 184.489 180.728 177.091 160.805 16.2861 153.369 22.8623 16.6333 130.507 115.87 106.237 14.6373 6.22901 98.4539 73.05 24.5685
internal_count=16925 14474 13722 1165 12557 2851 9706 1642 407 399 337 2452 649 447 8064 7726 7469 6988 481 6644 1222 957 5422 5041 4388 381 265 3964 3122 785
is_linear=0
shrinkage=0.1


Tree=49
num_leaves=31
num_cat=0
split_feature=14 13 1 8 14 7 6 6 10 11 8 11 12 9 9 8 10 13 7 8 7 13 11 3 12 8 9 9 7 13
split_gain=14.2094 4.54839 4.3724 4.21589 4.12436 3.8939 3.95804 11.1321 9.71447 8.00375 7.97078 7.85088 6.66767 6.59393 9.46923 7.82582 7.90563 7.42299 6.74543 6.53978 6.49027 9.15136 6.07879 6.71028 7.08679 6.65681 5.74082 8.06762 6.35816 5.70413
threshold=2061.0000000000005 0.81690191335708573 0.75023068907174728 0.85568008247624761 2206.5000000000005 0.49063869326947185 0.45209618376611954 0.47669605460715475 0.32752346565290508 0.21631192568892588 0.79527684815264998 0.48693910228755355 0.59120238621749577 0.68468916789111345 0.64600570201736318 0.74278877361402318 0.30252802182167515 0.60677024379879241 0.73885545106244666 0.84545539344238441 0.73039839452115807 0.50497752568804366 0.14618391078778634 1.0000001136767176 0.42237277372632676 0.6092253129501829 0.64114729607543952 0.49359878873050139 0.86496133237185024 0.76902929127982855
decision_type=2 2 2 2 2 2 2 2 2 2 2 2 2 2 2 2 2 2 2 2 2 2 2 2 2 2 2 2 2 2
left_child=-1 2 3 4 5 -2 8 -8 9 10 -7 12 26 14 15 16 22 -15 -16 -17 21 -18 -9 -24 29 -26 27 -11 -29 -25
right_child=1 -3 -4 -5 -6 6 7 13 -10 11 -12 -13 -14 17 18 19 20 -19 -20 -21 -22 -23 23 24 25 -27 -28 28 -30 -31
leaf_value=0.10053588389336457 0.11212707574953983 0.10126251643680689 -0.082681018555882321 -0.10152178333480905 -0.10114459644214267 -0.083440760396250743 -0.096673180610422266 -0.060722376652116099 0.071603863962101624 0.10144293054641676 0.11188421145177785 -0.1048666343261602 -0.10187948949898817 -0.10255914666999622 0.099150758911531217 -0.097304662106271811 -0.10431821842764853 0.11150820492011122 -0.032151116371451016 0.11528134908505638 -0.10256773759352092 0.057959552595727243 0.076111663360199117 -0.10394948857893338 -0.037747921000422166 0.080700875656181351 0.10533123015428383 -0.069590870905916022 0.11016243866365838 0.10257440632351891
leaf_weight=12.994884543586521 2.9333317736163727 3.8428003974258891 7.673174917465075 4.5330395402852437 4.3047510881442568 17.025889115408066 14.503819782519711 7.6996321063488713 21.501888822298497 7.0478980131447377 2.3814488518983117 4.4993910819757721 3.1927081320900461 11.251498783007261 15.067121146712454 13.870162916136902 5.4712615907192257 1.892291720025242 5.285032912855967 1.615646890364588 10.930052288109435 9.5248771514743549 22.180791418533772 7.7747317033354211 7.5558155346661833 12.752647432265801 11.642770245205609 9.679079838562755 2.4699292965233317 1.6151992576196788
leaf_count=2451 67 366 1234 611 591 950 1140 464 632 121 55 263 296 979 291 1174 415 32 380 29 827 337 853 520 353 506 259 593 57 79
internal_value=-0.00143369 -0.00669783 -0.00837153 -0.00599775 -0.00416037 -0.00235589 -0.00382599 -0.0134378 0.0142008 -0.0071021 -0.0594727 0.0192754 0.0356882 -0.00446122 0.00282639 -0.00971409 0.00213255 -0.0717402 0.0650544 -0.0751254 -0.0439619 -0.00124663 0.0221909 0.0344965 0.00341541 0.0366317 0.04993 0.0163296 -0.0330465 -0.0684245
internal_weight=264.714 251.719 247.876 240.203 235.67 231.365 228.432 148.991 79.441 57.9391 19.4073 38.5318 34.0324 134.487 121.343 100.991 85.505 13.1438 20.3522 15.4858 25.9262 14.9961 59.5788 51.8792 29.6984 20.3085 30.8397 19.1969 12.149 9.38993
internal_count=16925 14474 14108 12874 12263 11672 11605 8379 3226 2594 1005 1589 1326 7239 6228 5557 4354 1011 671 1203 1579 752 2775 2311 1458 859 1030 771 650 599
is_linear=0
shrinkage=0.1


Tree=50
num_leaves=31
num_cat=0
split_feature=14 14 13 12 12 7 9 6 13 11 6 9 13 6 9 9 9 13 13 6 9 10 12 10 8 8 6 6 11 11
split_gain=12.8256 4.11377 5.7838 7.24146 6.41577 5.57273 5.34734 4.55118 5.92457 5.36392 4.44147 3.88113 3.76341 3.83741 3.74919 3.90628 5.49755 4.84529 6.74818 8.08653 7.26703 6.00663 7.36018 7.31522 6.01075 7.44405 5.95162 7.66092 6.39738 5.67755
threshold=2061.0000000000005 2206.5000000000005 0.59933902257604954 0.56003203341322993 0.64976602159734465 0.70616799878796732 0.52384707695583077 0.65984351116984497 0.47894922066559942 0.34102264887532513 0.33095986072506228 0.46838279998027149 0.82774977496011637 0.54688403191446966 0.76914019571875269 0.74925311506999204 0.71800248856973348 0.45243152464248199 0.48629802546117679 0.38283385605473003 0.33292789893127167 0.19243525973762463 0.44518963878220635 0.013570379329668402 0.67652413745467821 0.77794313968010009 0.4284118845271751 0.48835807365009809 0.50573171965054275 0.17369360401970549
decision_type=2 2 2 2 2 2 2 2 2 2 2 2 2 2 2 2 2 2 2 2 2 2 2 2 2 2 2 2 2 2
left_child=-1 2 4 11 7 6 -6 14 9 -9 -8 -4 13 -13 15 16 17 29 19 -19 -21 22 23 -20 -24 -26 28 -28 -23 -2
right_child=1 -3 3 -5 5 -7 10 8 -10 -11 -12 12 -14 -15 -16 -17 -18 18 21 20 -22 26 24 -25 25 -27 27 -29 -30 -31
leaf_value=0.10048463034489433 -0.043856791677700575 -0.1009531200180724 0.10172485892092707 0.10553348531908274 0.06421761940729058 -0.10173120304638501 0.10912531857028969 -0.10182924182400342 -0.10173276258077189 0.080027665574603446 -0.10191824578344821 0.042811375231573107 0.10151452880488879 -0.10460479492482871 -0.1016760167617502 0.11477746162506203 -0.10189219576849261 0.031684575029492144 0.10828802218449503 0.11641261874731075 -0.10423694398951251 0.085701863448134283 -0.10158035882641087 -0.10247004198343056 0.096631665258406219 -0.10119486794295596 -0.075668319803471426 0.026061970306653588 -0.10610218540257897 0.062683610336173132
leaf_weight=11.763950461056082 6.2981253231409964 4.5224713420029721 2.6103610815480378 10.247129857540129 5.581955970963465 13.270323181524871 1.1985983755439518 2.4776137631852206 10.058106385637073 4.6959581028204411 5.9347711263690144 2.489294450497253 1.6902856100350607 6.0758008258417249 3.4301141046453258 3.120329492725431 4.9540208510588846 8.7644382612779754 1.876044138334694 1.636626692488792 16.9641745951958 19.651122826850045 3.0869326549582174 13.481391673907636 9.1492907840292883 2.4013731956947586 9.3626137960236502 35.359342567389831 1.9077678290195752 24.302530585322529
leaf_count=2451 434 752 202 516 199 1979 26 269 1235 138 647 95 126 226 353 104 447 341 54 19 1164 515 301 1096 237 301 550 1293 83 772
internal_value=-0.00142737 -0.00649454 -0.00465383 0.042814 -0.00990411 -0.0564007 -0.00909171 -0.00330088 -0.0522135 0.0172178 -0.0664572 -0.00713994 -0.0348499 -0.0617609 0.00178428 0.00397063 0.00179875 0.00512916 -0.00368829 -0.0475082 -0.0848227 0.00876697 -0.0283631 -0.0767241 0.0223761 0.0555037 0.02557 0.00476457 0.0687289 0.0407558
internal_weight=248.363 236.599 232.076 23.1129 208.964 25.9856 12.7153 182.978 17.2317 7.17357 7.13337 12.8657 10.2554 8.5651 165.746 162.316 159.196 154.242 123.641 27.3652 18.6008 96.2759 29.995 15.3574 14.6376 11.5507 66.2808 44.722 21.5589 30.6007
internal_count=16925 14474 13722 1165 12557 2851 872 9706 1642 407 673 649 447 321 8064 7711 7607 7160 5954 1524 1183 4430 1989 1150 839 538 2441 1843 598 1206
is_linear=0
shrinkage=0.1


Tree=51
num_leaves=31
num_cat=0
split_feature=14 4 1 15 4 7 11 13 11 9 12 11 7 7 7 12 8 10 6 8 11 8 7 13 8 12 12 13 6 11
split_gain=11.5808 3.85935 9.64615 3.83023 5.60599 2.36718 2.33811 2.32327 2.23658 2.16985 2.16595 2.26871 6.46082 4.11731 3.51563 3.45377 6.2468 10.463 5.12802 4.83265 3.67208 3.48404 3.35697 7.34809 3.2874 3.18642 3.79092 3.14424 3.51924 3.02986
threshold=2061.0000000000005 0.20613415362779122 0.59239981582833023 1804.5000000000002 0.35948622876441211 0.90834617800149464 0.6182870349045777 0.80462309747716187 0.60696008545841917 0.76914019571875269 0.81288380262615456 0.36792074694442406 0.8397874709811135 0.79798595170398412 0.78011775334379785 0.49630266378992743 0.55388079465643625 0.28283038999933569 0.54836700777728653 0.6428806358750182 0.3505012391799231 0.61124497061499716 0.68795973808312638 0.5484977166316406 0.59641635262379478 0.4076487208529736 0.34126802294669806 0.60893372614871255 0.84804137002213842 0.047814392017713807
decision_type=2 2 2 2 2 2 2 2 2 2 2 2 2 2 2 2 2 2 2 2 2 2 2 2 2 2 2 2 2 2
left_child=-1 2 5 -3 -5 6 7 8 9 10 11 13 -13 14 15 16 22 -18 21 27 -21 -19 -2 -24 -20 26 29 28 -17 -15
right_child=1 3 -4 4 -6 -7 -8 -9 -10 -11 -12 12 -14 25 -16 19 17 18 24 20 -22 -23 23 -25 -26 -27 -28 -29 -30 -31
leaf_value=0.10043829660139894 0.11547345530101732 0.040057875868441714 -0.0943187607488018 -0.065457725611791653 0.019043658315932861 -0.10074877144716779 -0.10141350427150449 0.10104371687926189 0.10920923259699236 -0.1017205014261756 -0.10098196322363057 -0.048291433095133292 0.061218279006747672 0.10442844749666057 0.07896075298902426 -0.08114721861902302 -0.091169268420876248 -0.10611653100570687 0.061906172777299345 0.069092445097057087 -0.10161811408003736 0.092049034288985587 -0.10437936788608378 0.11521447288374727 -0.10255952667102552 -0.092969109839983216 0.056228706955743182 0.10912351974335444 0.13136091790273613 -0.10183575826860941
leaf_weight=10.64912247750908 4.8538843384012562 30.386686469195411 13.918936809059231 11.579805658431722 24.381186436861753 2.6500491842161855 2.4886983758769921 2.0888937069103113 1.6867399811744679 2.359167471760883 2.30810253904201 26.293548001209274 6.7757719513028851 0.86001913947984743 7.5480719325132659 6.4867740366607922 15.828897245461123 0.99292138917371531 1.7840716659557063 20.167441743426028 1.3440358801744867 8.3334339829161745 3.0870342552661896 3.0092448983341455 3.8125430585350841 6.8401167693082234 5.0868694861419499 1.3745434498414395 0.88568965345621098 4.1420734992716461
leaf_count=2451 72 1125 2453 996 806 550 307 241 31 235 377 1936 205 31 299 627 1029 32 74 734 128 217 175 56 244 884 149 45 7 409
internal_value=-0.00144385 -0.00630138 -0.0148464 0.0139198 -0.00816665 -0.0071157 -0.00534886 -0.0036158 -0.00522496 -0.00666354 -0.00496226 -0.00325097 -0.0258533 0.00449957 0.014034 0.00722367 -0.0114377 -0.0345331 0.0255413 0.0329427 0.0584265 0.0709515 0.0534221 0.00401653 -0.0501317 -0.0402793 -0.00455673 -0.0297294 -0.0556176 -0.0663724
internal_weight=234.004 223.355 157.008 66.3477 35.961 143.089 140.439 137.95 135.861 134.174 131.815 129.507 33.0693 96.4377 79.5086 71.9605 41.702 30.7519 14.923 30.2585 21.5115 9.32636 10.9502 6.09628 5.59661 16.9291 10.089 8.74701 7.37246 5.00209
internal_count=16925 14474 11547 2927 1802 9094 8544 8237 7996 7965 7730 7353 2141 5212 3739 3440 1899 1596 567 1541 862 249 303 231 318 1473 589 679 634 440
is_linear=0
shrinkage=0.1


Tree=52
num_leaves=31
num_cat=0
split_feature=14 8 13 10 11 7 7 7 9 7 9 7 10 9 8 11 10 6 7 6 9 10 6 6 11 6 6 11 3 10
split_gain=10.4419 3.62977 3.73905 5.88149 3.7139 7.00407 7.83342 6.9165 7.46093 6.45971 5.92803 6.36253 5.70948 5.37384 7.42555 6.38667 5.63895 8.75514 6.13965 5.93938 7.08098 5.59648 5.13957 4.83186 4.73276 7.2537 5.98679 4.56132 4.42079 4.26745
threshold=2061.0000000000005 0.85568008247624761 0.75738907488478013 0.38243959515735643 0.36792074694442406 0.79798595170398412 0.7601883635990675 0.743623653757152 0.46763181153130345 0.8397874709811135 0.54082881110876968 0.78647405022582217 0.058169430933520609 0.72722567328081011 0.55680014795760158 0.33272200904385529 0.20218222550445653 0.56667289071127336 0.69969784422501469 0.54688403191446966 0.53685906289421581 0.09192859159907936 0.64256602454396428 0.46901562542266623 0.59771651436982054 0.45430188335785915 0.43371514560628155 0.6182870349045777 1.0000163150411741 0.11037295520967291
decision_type=2 2 2 2 2 2 2 2 2 2 2 2 2 2 2 2 2 2 2 2 2 2 2 2 2 2 2 2 2 2
left_child=-1 2 4 -4 5 6 7 8 -2 24 -8 -12 -7 14 -10 16 17 -16 21 -18 -21 -19 -14 -13 25 26 -6 -26 -24 -11
right_child=1 -3 3 -5 9 12 10 -9 13 29 11 23 22 -15 15 -17 19 18 -20 20 -22 -23 28 -25 27 -27 -28 -29 -30 -31
leaf_value=0.10039641585165784 -0.061130177087375726 -0.10120527142555642 0.1017798924928784 -0.062197750024933052 -0.045323710015036059 0.028286748597033912 0.10108225610698574 -0.10219627400382969 0.096001751950279351 -0.10109684535655675 -0.10269829768137073 0.11236656371670486 -0.10176078771432213 -0.10162673576932711 -0.10432576895276853 -0.10254802145374436 0.062486488980934229 -0.10206958341991879 -0.10346323041837985 0.10827792620782928 -0.085958137713937163 0.12730866828655996 0.11746493713253199 -0.102550713642599 0.073181145877696432 -0.10272289765447339 0.11420771891916831 -0.10154347903058761 -0.10055258118121171 0.062761113780078912
leaf_weight=9.6395400767214579 14.245563051896168 3.9313230635598293 7.469182485714553 3.093190039973706 9.6280131095554662 7.4163508503697839 14.856995186302813 6.4156454943586132 11.865834996337069 1.9040305807720859 3.6937810964882356 4.6569971120916307 14.984992351965049 3.5923736018594346 8.0957689529750514 4.6941817388869813 29.096300724660978 1.3078811783343534 2.3118290947750211 2.6380635062232596 6.5046322077978402 5.6967621510848403 2.2634129934012885 1.349154589930549 5.2451482983306041 20.176125359721482 3.1129027381539336 2.0892433401895687 1.5788455400615928 9.6184360738843662
leaf_count=2451 923 685 598 192 725 416 457 684 334 257 332 159 2075 410 692 311 958 102 146 71 484 92 25 130 145 1956 46 301 377 391
internal_value=-0.0014098 -0.00600565 -0.00422007 0.0537591 -0.00729684 0.000802519 0.0109581 -0.00187839 0.00526886 -0.0303346 0.0613826 0.000576186 -0.0460297 0.017747 0.0236857 0.00946601 0.0189144 -0.028258 0.037843 0.0403945 -0.0299126 0.08448 -0.0753041 0.06409 -0.0492334 -0.0654193 -0.00634646 0.0234098 0.027878 0.0356844
internal_weight=223.173 213.533 209.602 10.5624 199.039 147.265 121.022 96.4648 90.0492 51.7739 24.5569 9.69993 26.2436 75.8036 72.2113 60.3454 55.6512 17.4122 9.31647 38.239 9.1427 7.00464 18.8273 6.00615 40.2514 32.917 12.7409 7.33439 3.84226 11.5225
internal_count=16925 14474 13789 790 12999 9178 6285 5207 4523 3821 1078 621 2893 3600 3190 2856 2545 1032 340 1513 555 194 2477 289 3173 2727 771 446 402 648
is_linear=0
shrinkage=0.1


Tree=53
num_leaves=31
num_cat=0
split_feature=14 8 13 10 11 7 7 7 9 7 10 9 7 9 8 11 11 8 6 12 6 11 6 6 6 9 6 6 11 9
split_gain=9.43071 3.28887 3.31632 5.28483 3.22999 6.13586 6.99005 6.22883 6.32349 5.63242 5.22336 5.15689 5.73184 4.77914 6.42564 5.69437 4.87965 5.28534 4.65173 4.36606 4.34152 4.17361 6.86408 5.22411 4.32 4.2214 4.41341 4.15368 4.01026 3.95817
threshold=2061.0000000000005 0.85568008247624761 0.75738907488478013 0.38243959515735643 0.36792074694442406 0.79798595170398412 0.7601883635990675 0.743623653757152 0.46763181153130345 0.8397874709811135 0.058169430933520609 0.54082881110876968 0.78647405022582217 0.72722567328081011 0.55680014795760158 0.33272200904385529 0.095411007887807611 0.57690060879519545 0.64256602454396428 0.53256741656384698 0.46901562542266623 0.59771651436982054 0.45430188335785915 0.43371514560628155 0.5851394826366515 0.47597577189439538 0.3032871196108709 0.56667289071127336 0.20111534651946364 0.53943662930964653
decision_type=2 2 2 2 2 2 2 2 2 2 2 2 2 2 2 2 2 2 2 2 2 2 2 2 2 2 2 2 2 2
left_child=-1 2 4 -4 5 6 7 8 19 21 28 -8 -13 14 -10 16 -16 -18 -12 -2 -14 22 23 25 -23 -6 -27 -21 -7 -19
right_child=1 -3 3 -5 9 10 11 -9 13 -11 18 12 20 -15 15 -17 17 29 -20 27 -22 24 -24 -25 -26 26 -28 -29 -30 -31
leaf_value=0.10035854730290794 -0.10337470809038306 -0.10109191613806177 0.10160931792802086 -0.058053225110973522 0.10812465895821421 0.068280769219825996 0.098487574712034079 -0.10198948311258622 0.09178260719804153 0.033357215023089061 -0.10159805786229602 -0.10244494255871968 0.11149360532000308 -0.1014734365747072 -0.065206330283368696 -0.10230500110519679 -0.062393571313733923 0.088322828592405658 0.027573536358022323 -0.10147521369223829 -0.10230741867754603 -0.10257394791117835 -0.10247200075760528 0.11283812131129489 0.071979199658102427 0.1090288294962438 -0.10260379504689816 0.078195542846823743 -0.10167795546893439 0.020856599006885492
leaf_weight=8.7253402047790569 8.2177740742918086 3.5609941573347887 6.7691639894619566 2.9883273509331048 1.5686015449464337 5.526762769091877 13.779601448215546 5.8162877042777827 11.205145125975831 11.090210214257239 13.579595489311034 3.3501165793277305 4.2451472613029182 3.2551749760750672 6.2281078274827442 4.2570474471431217 5.5661323096137485 12.518123095855115 3.5081493068719274 2.0439148221630594 1.2235208800993858 1.9838692995253939 18.298539581941441 2.8491098792292169 4.9694109108531848 1.1549430005252359 6.7122999131679535 3.4731499997433275 1.8540331490803508 28.481452310457826
leaf_count=2451 582 685 598 192 32 193 457 684 334 648 2075 332 159 410 481 311 318 366 402 219 130 216 1956 46 230 26 667 122 223 1380
internal_value=-0.00140961 -0.00584776 -0.00412186 0.0527111 -0.00709122 0.000711733 0.0104907 -0.00186319 0.00496837 -0.0292562 -0.0447134 0.0602719 0.000558922 0.0169046 0.0225501 0.0089524 0.0179237 0.0290422 -0.0750789 -0.0571781 0.0636593 -0.0477553 -0.0636546 -0.00583581 0.0221767 -0.0416689 -0.0715353 0.0116327 0.0255877 0.0414556
internal_weight=208.8 200.075 196.514 9.75749 186.756 138.129 113.661 91.0623 85.246 48.627 24.4685 22.5984 8.81878 71.5112 68.256 57.0509 52.7938 46.5657 17.0877 13.7348 5.46867 37.5368 30.5835 12.285 6.95328 9.43584 7.86724 5.51706 7.3808 40.9996
internal_count=16925 14474 13789 790 12999 9178 6285 5207 4523 3821 2893 1078 621 3600 3190 2856 2545 2064 2477 923 289 3173 2727 771 446 725 693 341 416 1746
is_linear=0
shrinkage=0.1


Tree=54
num_leaves=31
num_cat=0
split_feature=14 11 13 7 1 4 1 7 6 6 13 13 7 7 10 6 9 6 9 11 11 13 1 4 0 4 0 15 4 15
split_gain=8.5174 3.08355 3.21415 2.96321 2.75813 2.72528 6.75257 2.58712 3.05271 2.69733 3.4279 4.9149 2.94177 2.63466 3.11784 2.50341 2.66503 2.46859 3.08818 2.28421 1.82219 1.76873 1.63828 3.68616 2.54319 2.03818 2.55334 2.10413 2.2546 1.87402
threshold=2061.0000000000005 0.6182870349045777 0.80462309747716187 0.90834617800149464 0.75023068907174728 0.15344554056781018 0.51279912234679481 0.77510158245128824 0.36969615208033696 0.38283385605473003 0.51110005151115923 0.4399864587242967 0.49063869326947185 0.72914783083486812 0.27919584279128667 0.35493126990944657 0.62222206458476859 0.52311631791469859 0.42939568948298706 0.19654208789483854 0.59771651436982054 0.60677024379879241 0.15503797510018544 0.032382208745490755 0.24417344173441732 0.0011655330713767503 0.042109929078014162 136.50000000000003 0.0026785250284840508 687.50000000000011
decision_type=2 2 2 2 2 2 2 2 2 2 2 2 2 2 2 2 2 2 2 2 2 2 2 2 2 2 2 2 2 2
left_child=-1 2 3 4 5 6 20 9 -9 15 11 19 -13 14 -12 16 -7 -10 -19 -11 22 -20 25 24 -24 26 -2 -27 -29 -25
right_child=1 -3 -4 -5 -6 7 -8 8 17 10 13 12 -14 -15 -16 -17 -18 18 21 -21 -22 -23 23 29 -26 27 -28 28 -30 -31
leaf_value=0.10032430884194016 0.0091282329173885055 -0.10135958790100685 0.10082856945593317 -0.10078852419085477 -0.076938071938434049 -0.10618218308083571 -0.092642883088712213 -0.064732827291146253 0.093495000719264518 -0.10307289158294108 0.0012271112171394955 0.10803431210894601 -0.07223324596211704 -0.058641167767856286 0.091406609444268594 0.11059016948893133 0.07090332865208783 0.085148637424943496 -0.10507045051838214 0.08504581204258195 0.076955883603241279 0.048909378066885785 -0.023867455512546612 0.052706485448399433 -0.094447952545379701 0.096718520445360279 -0.091023869960129011 -0.059855817229965483 0.029420295945781647 -0.0070582034886184503
leaf_weight=7.8975717693101606 7.7285932826343906 3.309188383864238 2.8809927557595065 3.2144750938750795 5.0274461982771745 1.4917211036663496 9.3844014934729767 2.1818320360034731 9.5982536484953034 0.77220296650193887 9.000011201133022 0.96135440375656145 15.51450303592719 3.3018815016839644 6.6790664250729597 4.0323259430006146 1.975002775667235 3.1152322576381257 2.2168963761068885 3.9327153577469289 2.71243937825784 1.1243305609095839 14.871991844731385 6.3103023942094287 7.7736574151786035 3.6926599128637489 3.7958274979609996 3.385327722644436 17.206453170161694 31.12812490388751
leaf_count=2451 360 471 409 866 1073 69 1761 131 381 58 532 34 861 209 251 93 89 128 130 126 75 54 1083 302 1229 88 307 269 773 2262
internal_value=-0.00141437 -0.005681 -0.00396964 -0.00562738 -0.00391766 -0.00180649 -0.0115859 0.0142197 0.0462517 0.00196322 -0.00831655 -0.035973 -0.0617148 0.0225452 0.0396423 0.0570173 -0.00529605 0.0613344 0.0135241 0.0541705 -0.00387165 -0.0532559 -0.00615795 -0.0162485 -0.0480959 0.0107731 -0.0238591 0.0272082 0.0147431 0.00301522
internal_weight=196.217 188.319 185.01 182.129 178.915 173.887 107.99 65.8973 18.2365 47.6608 40.1617 21.1808 16.4759 18.981 15.6791 7.49905 3.46672 16.0547 6.45646 4.70492 98.6054 3.34123 95.8929 60.0841 22.6456 35.8089 11.5244 24.2844 20.5918 37.4384
internal_count=16925 14474 14003 13594 12728 11655 8509 3146 824 2322 2071 1079 895 992 783 251 158 693 312 184 6748 184 6673 4876 2312 1797 667 1130 1042 2564
is_linear=0
shrinkage=0.1


Tree=55
num_leaves=31
num_cat=0
split_feature=14 8 4 2 14 13 12 12 9 6 13 8 8 12 6 9 13 13 12 12 13 13 8 12 8 11 11 9 13 7
split_gain=7.67339 2.85752 2.89044 3.54641 2.42273 2.76308 4.76425 4.14261 4.23908 3.62352 2.93818 3.02594 4.57033 3.87584 2.98355 2.87137 2.85118 5.57147 4.77259 4.27813 4.60758 3.99104 5.46016 8.72306 6.64303 5.56541 5.36279 4.46801 7.99555 4.70726
threshold=2061.0000000000005 0.85568008247624761 0.47045312638461473 0.75895785759416901 2206.5000000000005 0.59933902257604954 0.56003203341322993 0.64976602159734465 0.52307731876671115 0.32299958207054319 0.58032380187506794 0.78466971898715621 0.75170230299409457 0.43701743867711257 0.70241361807984715 0.49695868659821019 0.45243152464248199 0.47501985097799021 0.069778375024260514 0.55723081026396282 0.43624887733821344 0.47586222863864336 0.67652413745467821 0.30052013418611395 0.66274139640628393 0.37628669232550421 0.60696008545841917 0.54516713500060165 0.53834034726599922 0.52297461102668474
decision_type=2 2 2 2 2 2 2 2 2 2 2 2 2 2 2 2 2 2 2 2 2 2 2 2 2 2 2 2 2 2
left_child=-1 2 3 4 5 7 -7 10 15 -10 11 12 14 -13 16 -9 19 18 -18 20 -2 -19 23 24 -23 27 -25 -24 29 -29
right_child=1 -3 -4 -5 -6 6 -8 8 9 -11 -12 13 -14 -15 -16 -17 17 21 -20 -21 -22 22 25 26 -26 -27 -28 28 -30 -31
leaf_value=0.10029335336591892 -0.0033964638812464041 -0.10094335307313972 0.057171628852603712 -0.064574311537734727 -0.10074699917317878 -0.011016851304662191 0.10426348316785912 -0.036676581904142705 0.10886773993399493 -0.10137501846224964 -0.10160991061719649 -0.10093980370454117 -0.081716054649963191 0.071420397747542483 -0.10120719589160583 0.11401569829367815 0.1072883864418603 0.10602613746352663 -0.10319522249440199 -0.10246122672481457 0.093044699680105494 0.069901675380038386 0.098072103567242414 -0.069160307293882367 -0.10234201137069841 -0.10188371367904787 0.10095543446361349 0.11434442552938173 0.099845360248816364 -0.10260611182191487
leaf_weight=7.1481120921671382 8.7404378419742041 3.0731322425417593 7.4768548468127838 9.8579446730436739 2.4858909157337612 8.0476336362771672 6.4648258802480987 3.229646833031441 0.88703124411404033 10.809734843787735 2.7436158937634891 1.4861128976335738 6.7787821003003037 10.684079571161417 2.6783843127777791 2.0780690377578139 1.2411746671423305 3.8147343723103395 8.1567266390193236 1.9887959101470176 11.435093887848778 12.435838993173091 11.157612155191606 24.4243516974384 2.7308306181803337 2.6002138645853838 2.005253499839454 1.2240120768547038 5.4977016414050013 5.4672847094479948
leaf_count=2451 541 685 339 1644 548 521 429 448 21 1795 298 242 641 476 444 41 29 120 828 212 395 490 342 1724 226 279 69 15 170 462
internal_value=-0.00133599 -0.00533406 -0.0036892 -0.00634794 -0.00278926 -0.00125589 0.0403368 -0.00543905 -0.0517974 -0.0854311 0.000753843 0.00300878 -0.00212069 0.0503733 0.00298885 0.0223222 0.00570044 -0.00301928 -0.0753968 0.0374707 0.0512645 0.00651292 0.000892557 -0.0215632 0.0388884 0.0368921 -0.0562534 0.0523482 0.0104932 -0.0629202
internal_weight=188.85 181.702 178.629 171.152 161.294 158.808 14.5125 144.296 17.0045 11.6968 127.291 124.547 112.377 12.1702 105.598 5.30772 102.92 80.7557 9.3979 22.1643 20.1755 71.3578 67.5431 41.5963 15.1667 25.9468 26.4296 23.3466 12.189 6.6913
internal_count=16925 14474 13789 13450 11806 11258 950 10308 2305 1816 8003 7705 6987 718 6346 489 5902 4754 857 1148 936 3897 3777 2509 716 1268 1793 989 647 477
is_linear=0
shrinkage=0.1


Tree=56
num_leaves=31
num_cat=0
split_feature=14 11 13 14 9 12 7 9 9 8 8 6 6 13 13 12 12 13 11 11 13 8 6 8 13 7 12 12 8 6
split_gain=6.92625 2.67331 2.82134 2.55024 2.48327 2.47528 2.42624 2.3206 5.3275 6.14747 4.87252 4.76491 4.39313 4.30809 3.83643 4.79116 8.06545 3.76484 10.5889 7.76071 3.86528 4.261 3.60263 6.74919 6.34933 3.72661 3.56007 3.26621 3.39364 3.22503
threshold=2061.0000000000005 0.6182870349045777 0.80462309747716187 2206.5000000000005 0.76914019571875269 0.81288380262615456 0.90834617800149464 0.61532253330261744 0.54082881110876968 0.6092253129501829 0.52705848560075275 0.35493126990944657 0.59267472189360215 0.62174543261607418 0.48794791493790707 0.43701743867711257 0.5626760294562706 0.53834034726599922 0.17369360401970549 0.49726681300338188 0.45601170712783473 0.69469801258615171 0.4984012219567216 0.72078488721914058 0.53327701283791318 0.86326932005486168 0.62924666767095261 0.43938785049266982 0.68616705611168272 0.3032871196108709
decision_type=2 2 2 2 2 2 2 2 2 2 2 2 2 2 2 2 2 2 2 2 2 2 2 2 2 2 2 2 2 2
left_child=-1 2 3 4 5 6 7 8 9 -2 -10 -11 17 -14 -12 -16 -17 18 -9 20 -20 27 -13 24 25 -24 -26 -22 -29 -23
right_child=1 -3 -4 -5 -6 -7 -8 12 10 11 14 22 13 -15 15 16 -18 -19 19 -21 21 29 23 -25 26 -27 -28 28 -30 -31
leaf_value=0.10026535791613789 -0.040344087186555716 -0.10116285401438441 0.10075089719656019 -0.10063525943863408 -0.10136008238530084 -0.10084717415119965 -0.10069345335967482 -0.10188688995504247 0.097685369139835249 -0.10460376023142115 -0.10261955774591845 0.070675253246858957 -0.10174119317920426 0.10241386714532504 -0.1016456338529169 0.088733665713442475 -0.10419456663852843 0.067657837827653125 0.10529424469109963 -0.10295116465466901 0.10224520215985339 0.10731665197723537 0.079893222409677805 -0.067508300279435565 -0.10200665542884571 -0.10093926461747929 0.056010161995514868 -0.10134670633540177 0.11236475285117296 -0.10171067467111883
leaf_weight=6.4695932206232092 20.284823972964659 2.851031422847881 2.555880941450595 2.7490337765775612 2.553075663978233 2.4918478938052422 2.375747319078072 6.9123135019326574 2.1903201278764781 2.7026191065087906 10.889948799507694 16.018341334653087 5.1232938691973677 1.2948688613250849 5.1404353531543157 5.9537470842478779 3.4068132472457364 15.823017028509637 9.7867637502495253 3.4726202834863207 6.3770630888175202 0.93536556512117286 17.309010692639283 7.9307909726630887 4.1697102205362162 1.2199426903389383 2.1666288040578365 1.9967739551793784 1.1834024880081415 3.5002919398248196
leaf_count=2451 1345 471 409 733 370 592 725 891 82 130 1120 758 645 102 604 261 400 765 235 337 221 26 781 988 372 192 156 357 17 389
internal_value=-0.00130418 -0.00513875 -0.00351416 -0.00511992 -0.0035111 -0.00195613 -0.000398121 0.00113136 -0.00806333 0.00628642 -0.0454198 0.0246472 0.0173318 -0.0605528 -0.0577646 -0.0240795 0.0185167 0.0273318 0.00865513 0.0366932 0.0570859 0.0233685 0.0318032 0.0128172 0.038437 0.0679872 -0.0479749 0.0609622 -0.0218207 -0.0576322
internal_weight=177.835 171.366 168.514 165.959 163.21 160.657 158.165 155.789 99.3831 71.8019 27.5813 51.517 56.4058 6.41816 25.3909 14.501 9.36056 49.9876 34.1646 27.2523 23.7797 13.9929 48.8144 32.7961 24.8653 18.529 6.33634 9.55724 3.18018 4.43566
internal_count=16925 14474 14003 13594 12861 12491 11899 11174 7189 4722 2467 3377 3985 747 2385 1265 661 3238 2473 1582 1245 1010 3247 2489 1501 973 528 595 374 415
is_linear=0
shrinkage=0.1


Tree=57
num_leaves=31
num_cat=0
split_feature=14 11 7 7 7 9 9 9 11 10 13 6 12 8 10 12 12 12 11 10 6 9 11 3 8 9 11 13 6 11
split_gain=6.25853 2.49559 4.68326 5.45913 4.74487 4.241 5.81006 4.76094 4.68257 4.13262 3.8764 4.83353 3.8952 7.34134 7.23964 5.75508 5.41507 4.57751 4.50757 3.52008 3.48661 4.77189 3.43477 3.39309 3.26566 3.21814 3.15135 3.12809 3.10434 2.91475
threshold=2061.0000000000005 0.37006729163394053 0.79798595170398412 0.7601883635990675 0.743623653757152 0.46763181153130345 0.67615019767979689 0.37566331402634817 0.41653778475965059 0.11141533634841132 0.59933902257604954 0.38283385605473003 0.29099160089002513 0.6621584156201229 0.24881804604016433 0.4547399161017846 0.53360523013147354 0.80991986765392321 0.18105640862409098 0.18765117105994222 0.35493126990944657 0.62222206458476859 0.044468953578239302 1.0491599199686514 0.83046387380340081 0.51848035264230796 0.26790586390922261 0.40220611367949993 0.51849523866724612 0.33272200904385529
decision_type=2 2 2 2 2 2 2 2 2 2 2 2 2 2 2 2 2 2 2 2 2 2 2 2 2 2 2 2 2 2
left_child=-1 2 3 4 10 7 24 -3 -8 -10 11 20 14 17 -13 -15 26 27 -18 -9 21 -2 -4 29 -7 -5 -17 -14 -27 -20
right_child=1 5 22 25 -6 6 8 19 9 -11 -12 12 13 15 -16 16 18 -19 23 -21 -22 -23 -24 -25 -26 28 -28 -29 -30 -31
leaf_value=0.1002400429671606 -0.10409620634520095 -0.10166368105409591 0.096524237869623025 0.10246140886508148 -0.10145852328355157 -0.098015945639554014 -0.10124390195929267 0.1024045019368633 -0.10121709961812975 0.077729873595558246 0.087983283800661227 -0.10271504937298204 0.073393141801916431 -0.10176455353820163 0.062317964165002931 0.11198493351061767 -0.10198511137043001 0.12109802144346482 0.095652918424704303 -0.013086091774671085 0.10914439286754984 0.10610187420905853 -0.051685364408787716 -0.10329450932120783 0.0234447719366867 0.054847531579960342 -0.1009970681113293 -0.10253741549128451 -0.074144966234052048 -0.10187140740046485
leaf_weight=5.855333430459722 2.343985650688408 2.529016687301918 1.6991526318015555 9.2440344581846166 4.3273691916838279 15.904237488866789 2.8912300289375699 5.9202660031151009 1.5735493249958361 7.1759225425776094 5.3832845420110962 3.3253705517854568 1.0826724371872902 3.9492158064385903 13.247327923076226 7.4723517303355056 3.8669716044096258 1.087250780314206 4.9537912207888439 4.7618417318444699 6.3101388006471097 2.0028745010495186 19.610739765455946 1.4883045363239942 2.5715094485785803 6.7540040394524095 0.76593104377388943 15.190605346229857 2.577757682534866 0.87973848613910366
leaf_count=2451 150 440 149 364 684 2033 387 313 241 335 554 344 50 457 553 197 468 12 136 336 151 67 3023 96 315 470 95 1596 372 86
internal_value=-0.00131422 -0.00501012 0.0025507 0.0119419 0.000295797 -0.0255253 -0.0462467 0.0217119 0.00908829 0.0455471 0.00629893 -0.000170876 -0.0116706 -0.0282992 0.0292035 0.0082845 0.0306557 -0.0775599 -0.014647 0.0509214 0.0616707 -0.0072446 -0.0398678 0.0314799 -0.0811107 0.0606418 0.0921835 -0.0908326 0.0192153 0.0658648
internal_weight=166.746 160.89 117.563 96.253 77.6772 43.3276 30.1164 13.2111 11.6407 8.74947 73.3498 67.9665 57.3095 40.7368 16.5727 23.3763 19.4271 17.3605 11.1888 10.6821 10.657 4.34686 21.3099 7.32183 18.4757 18.5758 8.23828 16.2733 9.33176 5.83353
internal_count=16925 14474 10074 6902 5696 4400 3311 1089 963 576 5012 4458 4090 3193 897 1535 1078 1658 786 649 368 217 3172 318 2348 1206 292 1646 842 222
is_linear=0
shrinkage=0.1


Tree=58
num_leaves=31
num_cat=0
split_feature=14 8 8 9 9 11 9 7 10 11 9 6 11 7 10 8 13 8 12 8 7 13 11 10 12 9 9 8 13 11
split_gain=5.65366 2.37979 2.48806 2.9142 2.67379 3.86339 4.86949 4.53145 4.67536 4.5304 4.49983 4.35186 3.73924 3.59695 3.59095 3.45844 3.24234 4.53683 4.39136 5.31304 4.60373 3.64149 3.57338 3.18779 2.99084 2.96139 2.91945 6.05024 2.85337 2.83457
threshold=2061.0000000000005 0.85568008247624761 0.83046387380340081 0.31995449794228076 0.44267588221540954 0.37006729163394053 0.67615019767979689 0.79798595170398412 0.058169430933520609 0.095411007887807611 0.46763181153130345 0.38283385605473003 0.41653778475965059 0.62968931209535384 0.11141533634841132 0.499881135304234 0.59933902257604954 0.70707033421145393 0.36692568180853752 0.66770926108060979 0.52297461102668474 0.54606765726126538 0.13997753188780682 0.30787347719923602 0.64976602159734465 0.46160565655351954 0.52384707695583077 0.63840786353021683 0.7955644725726273 0.20111534651946364
decision_type=2 2 2 2 2 2 2 2 2 2 2 2 2 2 2 2 2 2 2 2 2 2 2 2 2 2 2 2 2 2
left_child=-1 2 3 -2 13 7 10 9 29 15 25 24 -8 -5 -14 -6 17 18 19 21 -20 -13 -23 -15 -11 -7 27 -22 -10 -9
right_child=1 -3 -4 4 5 6 12 8 28 11 -12 16 14 23 -16 -17 -18 -19 20 -21 26 22 -24 -25 -26 -27 -28 -29 -30 -31
leaf_value=0.10021715353053957 -0.10129597232839245 -0.10075611689696461 0.074550094345345055 -0.10319931551374917 0.11458481795089089 -0.10142428186512886 -0.10113839004126648 0.065520262971987445 -0.10132410623129225 0.095105761800995475 -0.096972702793263893 0.081852177563702777 -0.10110250522675346 0.058036307860359716 0.073328403207368803 -0.091393878093827624 0.089529494927612183 0.041076283055563927 0.10699889991968903 -0.10297354173316974 -0.10385129794054243 0.077270699465886383 -0.10193942764531523 -0.053656546392319676 -0.10099690210270354 0.10644327499888109 -0.10225083910447737 0.10529044037834645 0.10255354134253057 -0.10115766832329109
leaf_weight=5.299273424781858 3.0999376899562767 2.5448585398262358 4.0018875115783876 1.8859018754446903 0.93800030462443729 1.0341668352484767 2.2856191881000987 4.307778567075732 9.7085702215554157 9.4720247029326821 14.537943333270958 8.7713935164501908 1.4253380628069843 17.01541112805717 6.8628290179185569 6.2236890685744584 4.5414067821111521 18.674807417439297 1.5985704539343739 3.0103048807941368 3.1805639693047878 1.8929802938364435 2.6990816039033234 3.006828795769251 0.84729459276422936 2.0320510026067495 10.437156136729753 2.4477296678815037 0.73869640193879682 1.336969163152389
leaf_count=2451 609 685 234 145 15 124 331 193 1945 304 2033 479 241 1109 335 749 523 1190 67 266 204 52 221 439 107 58 1426 135 32 223
internal_value=-0.00130133 -0.00487449 -0.00322597 -0.00538724 -0.00327735 -0.00918763 -0.0415362 0.000848096 -0.0472877 0.0112127 -0.0737539 0.0192282 0.0121027 0.0288273 0.0433311 -0.0644159 0.00845427 0.0014693 -0.020261 0.0170459 -0.0548429 0.0440819 -0.0280638 0.0412629 0.0790042 0.0363342 -0.0709467 -0.0128961 -0.0869085 0.0260423
internal_weight=155.859 150.56 148.015 144.013 140.913 119.005 28.1779 90.827 16.092 74.735 17.6042 67.5733 10.5738 21.9081 8.28817 7.16169 57.254 52.7126 34.0378 16.3738 17.664 13.3635 4.59206 20.0222 10.3193 3.06622 16.0654 5.62829 10.4473 5.64475
internal_count=16925 14474 13789 13555 12946 11253 3122 8131 2393 5738 2215 4974 907 1693 576 764 4563 4040 2850 1018 1832 752 273 1548 411 182 1765 339 1977 416
is_linear=0
shrinkage=0.1


Tree=59
num_leaves=31
num_cat=0
split_feature=14 11 9 13 14 13 12 7 9 6 7 8 8 7 8 11 11 11 7 11 11 6 12 6 10 9 6 13 9 12
split_gain=5.11219 3.18121 4.2384 2.13747 2.06721 2.09166 3.35394 3.21707 2.6733 2.61093 2.56327 4.95859 4.59502 3.80039 5.29067 4.7971 6.43597 4.83039 3.30387 4.18093 4.39633 6.39701 3.49813 5.92787 3.222 3.13833 6.75928 3.72231 3.003 2.82529
threshold=2160.0000000000005 0.33365825774699864 0.46838279998027149 0.82774977496011637 2206.5000000000005 0.59933902257604954 0.64976602159734465 0.70616799878796732 0.52384707695583077 0.33095986072506228 0.69365555442013671 0.72753381373037807 0.54668232891642954 0.68795973808312638 0.55388079465643625 0.25442095278257798 0.18105640862409098 0.60696008545841917 0.7044415352586052 0.48693910228755355 0.23262027818048267 0.51524795206634211 0.47675607711042817 0.49046650898768279 0.060730336899853611 0.53943662930964653 0.46109079315764884 0.43794647583651286 0.46480794120061764 0.16832884600349377
decision_type=2 2 2 2 2 2 2 2 2 2 2 2 2 2 2 2 2 2 2 2 2 2 2 2 2 2 2 2 2 2
left_child=1 -1 -3 -4 5 6 10 8 -8 -10 11 13 -12 14 -2 16 -16 24 28 20 21 22 23 -20 -17 -22 27 -27 -14 -18
right_child=4 2 3 -5 -6 -7 7 -9 9 -11 12 -13 18 -15 15 17 29 -19 19 -21 25 -23 -24 -25 -26 26 -28 -29 -30 -31
leaf_value=0.10068655640130582 0.10930397189634514 0.10107428976197597 -0.085748986604529356 0.100996728635666 -0.10052455557178518 0.068183430522383598 0.053298560716075916 -0.10102567503173694 0.10576299680019297 -0.10112313205866955 -0.10146066237223075 -0.10134906195458793 -0.1015337833088133 -0.1046653559503673 -0.063528531575788805 0.091692870696355733 -0.10528921857115113 0.098519292189909374 -0.071880278621413426 -0.10142004599488633 0.070434600404263317 -0.079257725839865928 0.077493353781189434 0.099098717816419463 -0.10203625326449439 -0.10111316351544564 -0.10151298658146526 0.076748390640069761 0.089352985951752506 0.10259909609865425
leaf_weight=7.4155360569711757 4.1921995123848346 2.9200906080659479 3.6515674954280257 0.73654123139567662 2.3508838590933001 3.7016440560109904 3.7132543928455544 7.1440756061347201 0.74466643854975689 3.3732694132486358 3.5667865824652827 6.6490912280860348 0.91446520737372239 3.5160999833606175 4.6394773247884613 0.94658098416402836 0.71726650930940916 1.6908827396109689 6.3458426090655902 3.399218712351284 15.451507066725755 10.104566531954331 6.6956424757372579 2.979955073678866 9.2251302635995653 1.3747329995967437 4.1691088974475852 8.1663503244053555 8.3443082113517431 7.3808969119563699
leaf_count=2349 96 613 343 115 752 196 199 1979 26 647 567 1048 126 222 431 38 26 77 723 482 1040 1229 469 155 1025 173 771 502 227 279
internal_value=-0.001337 0.0545419 0.00771957 -0.0544038 -0.00759373 -0.00590209 -0.00808821 -0.0524987 -0.00822944 -0.0637109 -0.00206795 -0.022706 0.00917499 -0.00652133 0.00546391 -0.0122318 0.0303835 -0.0579906 0.0149828 0.00622414 0.0128424 -0.0169497 0.0223473 -0.0172458 -0.0840078 0.0395331 0.00470686 0.0511211 0.0704996 0.0841861
internal_weight=146.222 14.7237 7.3082 4.38811 131.498 129.147 125.445 14.9753 7.83119 4.11794 110.47 38.9576 71.5125 32.3085 28.7924 24.6002 12.7376 11.8626 67.9457 58.6869 55.2877 26.126 16.0214 9.3258 10.1717 29.1617 13.7102 9.54108 9.25877 8.09816
internal_count=16925 3420 1071 458 13505 12753 12557 2851 872 673 9706 3242 6464 2194 1972 1876 736 1140 5897 5544 5062 2576 1347 878 1063 2486 1446 675 353 305
is_linear=0
shrinkage=0.1


Tree=60
num_leaves=31
num_cat=0
split_feature=14 4 15 0 4 0 4 4 0 1 4 0 4 4 15 4 15 15 4 15 4 4 15 4 0 15 4 4 4 1
split_gain=4.68031 2.12447 4.70231 2.41156 2.08467 4.28689 1.60256 1.28791 3.454 1.16143 2.28345 1.77672 1.47347 1.38604 1.9687 3.39726 1.79811 1.151 2.18122 1.10143 1.59829 1.092 1.06704 2.03006 0.998238 0.997046 0.96332 0.950933 0.944577 0.864056
threshold=2061.0000000000005 0.28724007158121173 1671.5000000000002 0.81725417439703174 0.15344554056781018 0.55662393162393176 0.55634721549401445 0.077051155284390757 0.41742424242424242 0.15503797510018544 0.030828079736453202 0.24417344173441732 0.010459976214370751 0.0016417795720781502 183.00000000000003 0.004511941652621301 119.50000000000001 284.50000000000006 0.0091181059696824017 1964.5000000000002 0.40517945213048873 0.00045421448330245007 636.50000000000011 0.050805238159819258 0.64760348583878014 922.50000000000011 0.10519563293237992 0.31163206922151376 0.20085286428457097 0.61644360284162947
decision_type=2 2 2 2 2 2 2 2 2 2 2 2 2 2 2 2 2 2 2 2 2 2 2 2 2 2 2 2 2 2
left_child=-1 2 4 -3 5 7 19 8 9 13 11 12 -11 16 -15 -16 21 -17 -19 27 -21 -2 -12 -24 -6 -9 -27 -5 -26 -30
right_child=1 3 -4 6 24 -7 -8 25 -10 10 22 -13 -14 14 15 17 -18 18 -20 20 -22 -23 23 -25 28 26 -28 -29 29 -31
leaf_value=0.10018035018136018 -0.033251222135692975 0.082781282775648765 -0.080569031993251661 -0.079183452504011806 0.053154775333000441 -0.091410838101475447 0.10201505739691441 0.075911716600033721 -0.098710385003751566 -0.065304719555061869 0.060049907878023362 -0.097526082329905964 0.0077487489887571141 0.083281854126167301 -0.088178063769864645 0.075206270254041946 -0.093067645163205981 -0.098172263507599541 0.04457832669431884 -0.078723174071328075 0.0031343865731166404 0.039495457582249677 -0.066229565147689559 0.02932888361574898 -0.052795629497417701 -0.029197143314300286 0.034766743705494506 0.040423451394948587 0.0020023259875731059 0.075491237106722453
leaf_weight=4.3941152383340514 3.9898223953787255 5.1106467853533131 8.8756715037743543 0.74159567814786598 7.7547494297614348 6.1960169425001359 1.5916085499338795 2.8816062242258331 4.1667707801680072 4.7676687585189956 3.4586258835624895 4.4577197702601543 6.559685894404538 4.6670557310571921 2.8754857984604305 4.1735594642814231 2.4569253325462332 1.4788111477391792 3.8756881636800244 3.4574486163910461 7.6917397025972605 4.2737812604755163 3.4493270572274906 6.2539859709213488 2.1776186489732927 3.9441069648601097 5.8420238586841151 6.4121716258814558 6.119558339007197 2.1662789448164403
leaf_count=2451 356 341 2125 90 493 1702 137 177 1020 644 238 1109 591 178 344 185 357 180 254 442 315 214 591 454 329 450 394 348 329 87
internal_value=-0.00134711 -0.00473022 -0.0108701 0.0215092 -0.00455674 -0.0115274 0.00576919 -0.00479987 -0.0108339 -0.00438038 -0.0183992 -0.0440458 -0.0229994 0.0102215 0.0279192 0.00708802 -0.0179592 0.0358385 0.00515332 -0.00260026 -0.0222503 0.004372 0.0123588 -0.00464017 0.0259642 0.024211 0.00898736 0.0280244 0.00581258 0.0212155
internal_weight=136.262 131.868 106.863 25.0052 97.9869 79.7687 19.8946 73.5727 60.9049 56.7381 28.947 15.7851 11.3274 27.7911 17.0706 12.4035 10.7205 9.52806 5.3545 18.303 11.1492 8.2636 13.1619 9.70331 18.2182 12.6677 9.78613 7.15377 10.4635 8.28584
internal_count=16925 14474 12801 1673 10676 9438 1332 7736 6715 5695 3627 2344 1235 2068 1141 963 927 619 434 1195 757 570 1283 1045 1238 1021 844 438 745 416
is_linear=0
shrinkage=0.1


Tree=61
num_leaves=31
num_cat=0
split_feature=14 8 13 10 11 7 7 7 9 7 6 6 9 6 9 8 11 10 6 7 6 9 10 11 6 6 11 12 6 6
split_gain=4.22197 2.00631 1.94319 3.23967 2.25376 3.63487 3.54145 4.45055 3.5764 3.95548 3.23057 4.19504 2.90826 3.01316 2.86255 3.53729 3.38905 3.31113 4.64599 3.63921 3.52512 4.13697 3.0957 2.84114 3.60254 3.05955 2.74393 2.62361 2.70631 2.40362
threshold=2061.0000000000005 0.85568008247624761 0.75738907488478013 0.38243959515735643 0.36792074694442406 0.8397874709811135 0.79798595170398412 0.7601883635990675 0.46763181153130345 0.74468455959758295 0.49046650898768279 0.50813152070483036 0.51848035264230796 0.51849523866724612 0.72722567328081011 0.55680014795760158 0.33272200904385529 0.20218222550445653 0.56667289071127336 0.69969784422501469 0.54688403191446966 0.53685906289421581 0.09192859159907936 0.59771651436982054 0.45430188335785915 0.43371514560628155 0.31189741083728723 0.53256741656384698 0.56667289071127336 0.5851394826366515
decision_type=2 2 2 2 2 2 2 2 2 2 2 2 2 2 2 2 2 2 2 2 2 2 2 2 2 2 2 2 2 2
left_child=-1 2 4 -4 6 23 7 8 27 14 -8 -12 -9 -14 15 -10 17 18 -17 22 -19 -22 -20 24 25 -6 -13 -2 -29 -25
right_child=1 -3 3 -5 5 -7 10 12 9 -11 11 26 13 -15 -16 16 -18 20 19 -21 21 -23 -24 29 -26 -27 -28 28 -30 -31
leaf_value=0.10016316127726646 -0.10208091283420034 -0.10064885212521971 0.10109109987883157 -0.054856015346279631 -0.046624077945910725 0.032812907434656355 -0.10124435126806382 0.10613086967251908 0.086563276018843976 -0.10116988846789715 0.10156493743184106 -0.087508588557586642 0.051600703780021288 -0.10141201900992394 -0.10096964128727007 -0.10230437311632719 -0.10148387139995252 0.05930739638659889 -0.10129820528340804 -0.102210399254137 0.10544659295814314 -0.085130839265180724 0.11652875857617553 -0.10147464520264407 -0.10165798343979138 0.10708756934433579 0.044106900001246035 -0.10095226377151684 0.072375511742661422 0.069425679253687297
leaf_weight=3.9766075254883608 5.4693102899473143 2.1326949413632965 4.2224202546058214 1.9461005139164624 5.6636477262945943 7.1440183222293845 5.6633632638840927 7.2144159174058569 7.1874468580353996 3.0101601995993397 2.6344520283164439 4.9791626707883552 5.6228203731589019 1.6689653137000275 1.9667695867246937 4.7295837537385506 2.5427551867905995 18.702421236550439 0.79732770647387941 1.5289604950230566 1.589849346783011 4.0170065287966281 3.5901978388428688 1.1147120093228284 11.168513568758497 1.6787491934373973 2.3230435003642924 1.4600151925114917 2.3520059720613062 3.1443575191660784
leaf_count=2451 621 685 598 192 725 648 1232 312 334 596 142 1192 470 296 410 692 311 958 102 146 71 484 92 216 1956 46 327 268 122 230
internal_value=-0.00130272 -0.00447319 -0.00283402 0.0518915 -0.00567165 -0.0294196 0.00230585 0.0114964 -0.000715122 0.00993354 -0.0409662 -0.0066108 0.061116 0.0165787 0.0171023 0.0222991 0.00998123 0.0180895 -0.0284179 0.0306462 0.0384571 -0.0310917 0.0769439 -0.0489449 -0.0658886 -0.0114798 -0.0456379 -0.0576939 0.00599047 0.0246965
internal_weight=131.242 127.265 125.133 6.16852 118.964 29.914 89.05 73.45 58.9438 49.6625 15.6 9.93666 14.5062 7.29179 46.6523 44.6855 37.4981 34.9553 10.6461 5.91649 24.3093 5.60686 4.38753 22.77 18.5109 7.3424 7.30221 9.28133 3.81202 4.25907
internal_count=16925 14474 13789 790 12999 3821 9178 6285 5207 4196 2893 1661 1078 766 3600 3190 2856 2545 1032 340 1513 555 194 3173 2727 771 1519 1011 390 446
is_linear=0
shrinkage=0.1


Tree=62
num_leaves=31
num_cat=0
split_feature=14 8 4 15 15 4 4 15 0 4 8 4 0 4 0 4 4 0 4 15 0 4 15 4 4 7 15 8 7 7
split_gain=3.81651 1.81675 1.7833 4.81456 1.68171 1.63647 1.31414 4.05459 1.24522 1.23106 1.18032 1.10019 3.1759 1.06224 1.03205 3.31584 1.33811 2.13477 1.61039 1.44062 1.23591 1.90392 1.0196 1.68983 1.00361 0.84204 0.892903 0.794947 1.23378 0.9806
threshold=2061.0000000000005 0.85568008247624761 0.25324482261369285 1657.0000000000002 1845.5000000000002 0.3519785144466972 0.12505564906770231 1068.5000000000002 0.5727513227513229 0.15138563381925213 0.83046387380340081 0.052938736798449057 0.31311274509803927 0.00021516091327995 0.11814556331006977 0.007104573111091801 0.004511941652621301 0.084039548022598873 0.0016417795720781502 119.50000000000001 0.14415584415584412 0.012777661752663002 413.50000000000006 0.022625446110189403 0.55634721549401445 0.77084835798940676 2120.5000000000005 0.61124497061499716 0.68023665868150129 0.64842686251394921
decision_type=2 2 2 2 2 2 2 2 2 2 2 2 2 2 2 2 2 2 2 2 2 2 2 2 2 2 2 2 2 2
left_child=-1 2 3 6 -4 -6 7 10 -8 -10 11 12 13 -2 16 -16 17 18 19 -15 -17 -22 -23 -24 25 26 -7 29 -29 -11
right_child=1 -3 4 -5 5 24 8 -9 9 27 -12 -13 -14 14 15 20 -18 -19 -20 -21 21 22 23 -25 -26 -27 -28 28 -30 -31
leaf_value=0.10014761293000336 -0.079800791967740259 -0.10058745040204842 0.050494775203788124 -0.10064741952285723 -0.05936820501123069 0.012750079759271452 0.063018582498383935 -0.083598958722263306 -0.08954710644315747 0.08618355807258965 0.076990185793884641 0.02129629939569402 -0.088307709405907459 0.019935545655301978 -0.10128300582951764 0.073458244421854488 0.082713010507441564 -0.077849247067786898 0.075358257264322992 -0.088263081598513371 -0.072974198642045324 0.06846825017961615 -0.063155945129919774 0.025871104023437199 0.10172710800235574 0.049008756029616039 -0.057246526454364899 -0.035658457833867861 0.048691302927514168 -0.063646503479624264
leaf_weight=3.5987135584000489 1.7049642795464013 1.9308602734236036 10.702258488163354 5.4546212496352373 3.6605500967125435 5.6368183176964504 4.9243629345437538 6.7679362762137307 1.2682682097656641 0.54665952851064448 1.8371532931923855 12.905814053432549 4.844194726611021 5.8325400347821432 3.5932528178091188 2.2393592975568053 2.7909478483488774 2.4518557880073777 4.0824235625332221 1.5596197927370665 3.3377770766383028 2.5503609920851877 3.1291916893096623 6.6908414782956243 1.2442989335395385 3.4270049828337497 2.6931410715915263 2.3016204828163591 7.0324300993233919 2.1737939494196326
leaf_count=2451 263 685 725 1777 563 304 384 1909 319 30 110 1086 1244 354 624 107 125 325 170 225 495 153 538 634 122 195 152 226 405 225
internal_value=-0.0013152 -0.00437546 -0.00279286 -0.00958848 0.0195628 -0.000305561 -0.00371501 -0.0102539 0.0200503 0.00416842 -0.00191821 -0.00443006 -0.01184 -0.00257085 0.000870884 -0.0135982 0.0195147 0.00684936 0.0249475 -0.00289252 0.00395703 -0.00595107 0.0121331 -0.00249771 0.0163237 0.00728506 -0.00988037 0.0140283 0.0278921 -0.033539
internal_weight=122.914 119.315 117.384 90.02 27.3641 16.6618 84.5654 66.3182 18.2471 13.3228 59.5503 57.7131 44.8073 39.9631 38.2582 21.5408 16.7174 13.9264 11.4746 7.39216 17.9475 15.7082 12.3704 9.82003 13.0013 11.757 8.32996 12.0545 9.33405 2.72045
internal_count=16925 14474 13789 11728 2061 1336 9951 8362 1589 1205 6453 6343 5257 4013 3750 2551 1199 1074 749 579 1927 1820 1325 1172 773 651 456 886 631 255
is_linear=0
shrinkage=0.1


Tree=63
num_leaves=31
num_cat=0
split_feature=14 11 13 7 9 9 9 10 8 10 6 11 6 13 13 8 6 11 12 6 6 3 7 7 6 11 6 8 12 11
split_gain=3.4445 1.7553 1.83208 1.62684 1.59451 1.56269 3.14229 3.42807 2.96673 2.84151 2.75456 2.61832 2.57608 2.53321 2.47788 2.4714 2.30192 4.39468 3.56744 2.92319 2.18702 2.02039 4.10131 3.52751 2.82785 2.59518 2.21278 2.10097 1.89725 2.06219
threshold=2061.0000000000005 0.6182870349045777 0.80462309747716187 0.90834617800149464 0.76914019571875269 0.61532253330261744 0.54082881110876968 0.38335479505205833 0.52705848560075275 0.68542707998099572 0.59267472189360215 0.12739200437264639 0.35493126990944657 0.62174543261607418 0.55519783241183907 0.83046387380340081 0.56667289071127336 0.48693910228755355 0.57449022050411302 0.53955927412069449 0.28722103864083481 1.0000001136767176 0.79075790286136383 0.77510158245128824 0.47991274281759483 0.49081747849687873 0.6395807993882513 0.66911299530007551 0.80991986765392321 0.21631192568892588
decision_type=2 2 2 2 2 2 2 2 2 2 2 2 2 2 2 2 2 2 2 2 2 2 2 2 2 2 2 2 2 2
left_child=-1 2 3 4 5 6 7 12 -8 -9 11 14 -2 -12 -7 -10 17 18 19 -13 -20 26 23 24 -23 28 -14 -27 29 -26
right_child=1 -3 -4 -5 -6 10 8 9 15 -11 13 16 21 -15 -16 -17 -18 -19 20 -21 -22 22 -24 -25 25 27 -28 -29 -30 -31
leaf_value=0.100133541216974 -0.10304307058381042 -0.10078581895772012 0.10056091982715164 -0.10045660855488273 -0.10092956720559348 -0.10153830657930846 0.092358928928425954 -0.10207304857362756 -0.068464955437518626 0.06998821717922904 -0.10123189902275348 0.063200572884777637 0.022744863688292687 0.078842216283133315 0.04668940165862278 0.071997073535790365 0.10155923851790594 -0.10219638381961521 0.10496517675735545 -0.10152385060302267 -0.1008893239280156 0.055545781837280275 -0.10057517547777504 0.10898270756862045 -0.011398194881365425 0.10338293683856503 0.10842349645427235 -0.057136890083947726 0.088849840950448233 -0.10207184877765529
leaf_weight=3.2566848520655176 1.8588216835632909 1.8496103590005066 1.696522282087243 1.726680100779048 1.6257372546824616 2.9292556925793169 1.4384446498006607 4.8489821355906306 15.631048903684134 1.1966761237708849 3.3831982099800362 18.426474114414319 10.621506537310777 1.0157594215124843 1.833784697926603 1.3617679449380364 4.4676658182288511 2.4988826732151201 0.64467957708984558 1.1442085064481933 2.587579472688958 6.4553821822628477 3.456294775416608 3.4840626155491909 4.6219846812309662 2.417802344076335 4.2087939311750224 1.2302904994576236 0.92732798238284964 5.4845294818514958
leaf_count=2451 130 471 409 866 370 559 82 688 2553 94 700 1290 860 129 155 176 171 393 26 140 698 426 1066 149 592 158 129 194 59 741
internal_value=-0.00128444 -0.00415465 -0.0025761 -0.00414499 -0.00263043 -0.00115312 -0.0101654 0.00266459 -0.0455358 -0.0680153 0.0148761 0.0243698 0.0122098 -0.0596511 -0.0444702 -0.0572086 0.035384 0.0236992 0.0374956 0.0535699 -0.0598313 0.0172026 0.00143222 0.0157518 0.000384551 -0.0238688 0.0470602 0.0492489 -0.0480436 -0.0606043
internal_weight=118.33 115.074 113.224 111.528 109.801 108.175 69.2437 50.8125 18.4313 6.04566 38.9315 34.5325 44.7668 4.39896 4.76304 16.9928 29.7695 25.3018 22.8029 19.5707 3.23226 42.908 28.0777 24.6214 21.1373 14.6819 14.8303 3.64809 11.0338 10.1065
internal_count=16925 14474 14003 13594 12728 12358 8097 5286 2811 782 4261 3432 4504 829 714 2729 2718 2547 2154 1430 724 4374 3385 2319 2170 1744 989 352 1392 1333
is_linear=0
shrinkage=0.1


Tree=64
num_leaves=31
num_cat=0
split_feature=14 8 14 13 12 12 9 6 13 13 13 6 9 12 8 12 8 12 7 11 11 6 10 13 9 8 9 10 6 9
split_gain=3.11237 1.60693 1.53664 2.13011 2.88328 2.49547 2.4076 2.27257 1.90197 3.9167 3.75682 4.16925 3.15857 3.12734 3.11487 4.97272 3.80359 3.23803 3.02428 4.63848 2.998 3.13336 3.86396 2.65891 2.58502 2.48775 1.90782 1.86436 2.95742 1.793
threshold=2061.0000000000005 0.85568008247624761 2206.5000000000005 0.59933902257604954 0.56003203341322993 0.64976602159734465 0.52307731876671115 0.32299958207054319 0.45441810817222877 0.47501985097799021 0.47586222863864336 0.66053406403734771 0.68737390704513612 0.069778375024260514 0.67652413745467821 0.30052013418611395 0.66274139640628393 0.22875154907585413 0.69775434808285175 0.22506654303059193 0.60696008545841917 0.38733072012986175 0.29232867100509347 0.56152979800652669 0.46763181153130345 0.73435799964448623 0.41109848005338029 0.11307448016210751 0.52032678888598516 0.49695868659821019
decision_type=2 2 2 2 2 2 2 2 2 2 2 2 2 2 2 2 2 2 2 2 2 2 2 2 2 2 2 2 2 2
left_child=-1 2 3 5 -5 8 29 -8 12 13 -11 14 26 -10 15 16 23 -16 19 25 21 22 -17 -12 -21 -19 -2 -28 -29 -7
right_child=1 -3 -4 4 -6 6 7 -9 9 10 11 -13 -14 -15 17 20 -18 18 -20 24 -22 -23 -24 -25 -26 -27 27 28 -30 -31
leaf_value=0.10012081614144833 -0.10129156621696654 -0.10052000853259223 -0.10038437709341715 -0.0052290398567796754 0.10256130127033643 -0.036149097506658116 0.10449795818346533 -0.10096843415800215 0.10412658083447722 0.10317222139366503 0.08701871389560259 -0.10087191565478011 -0.10107535250495561 -0.10206944208558066 -0.10133202082832238 -0.10243600496809942 -0.10127698440504609 0.097156765026564562 0.071435341468350885 0.10557205932031813 0.096632794827130275 -0.086385186834531599 0.10625135294280713 -0.10110759846245276 -0.10249964908489549 -0.10102786693327229 0.098426236433789629 0.047868437955621464 -0.10123232004955002 0.10687392336289069
leaf_weight=2.9471258310368276 0.87978129589465126 1.6989358628052276 1.579967482946812 5.5730982103850675 4.4735511309700087 2.5288157404866056 0.58580550272017706 6.6401777265709825 0.8334007179364552 3.3772513928124672 6.986774878692815 4.2306112703518002 1.7004934221040446 6.2650254009058699 1.7732483239378805 1.5289993935730373 1.6263145942939443 4.0719075722154248 12.557939673482904 0.69817059044726182 1.2628799346275617 12.878494296921415 2.1138448482379317 0.8418032721383496 4.1239679643185809 0.75005558819975693 5.2858367796288794 8.887665943708269 1.5644819925073523 1.3415373465977607
leaf_count=2451 163 685 709 597 516 563 26 2036 32 164 403 1183 378 1025 309 140 252 192 1015 26 77 1782 80 124 563 119 267 707 291 50
internal_value=-0.00127847 -0.00402864 -0.00249602 -0.0010284 0.0427676 -0.00564372 -0.0502213 -0.0843114 0.000228233 -0.00769271 0.000774867 -0.00546233 0.0287328 -0.0778607 0.00241906 -0.0207181 0.0378808 0.0287059 0.0390919 -0.00302372 -0.0518719 -0.0632235 0.0186597 0.0667896 -0.0723741 0.0663292 0.0420161 0.0500272 0.025551 0.0134254
internal_weight=111.608 108.661 106.962 105.382 10.0466 95.3353 11.0963 7.22598 84.2389 65.9207 58.8223 55.445 18.3183 7.09843 51.2144 27.2391 9.45489 23.9753 22.202 9.6441 17.7842 16.5213 3.64284 7.82858 4.82214 4.82196 16.6178 15.738 10.4521 3.87035
internal_count=16925 14474 13789 13080 1113 11967 2675 2062 9292 7486 6429 6265 1806 1057 5082 2858 779 2224 1915 900 2079 2002 220 527 589 311 1428 1265 998 613
is_linear=0
shrinkage=0.1


Tree=65
num_leaves=31
num_cat=0
split_feature=14 11 7 7 7 9 9 8 11 12 6 13 7 9 9 7 7 8 10 6 9 8 8 8 11 11 6 8 9 13
split_gain=2.81402 1.53077 2.67627 3.26028 2.90863 2.53036 3.16134 2.65422 2.57523 2.39183 2.2914 3.17958 3.05092 5.89151 3.46704 2.35524 2.89709 3.10292 2.2798 2.17554 2.71462 2.14695 2.10699 2.53787 2.79966 2.03736 2.48131 2.01476 1.96838 1.96533
threshold=2061.0000000000005 0.36792074694442406 0.79798595170398412 0.7601883635990675 0.743623653757152 0.46763181153130345 0.67615019767979689 0.70707033421145393 0.41653778475965059 0.26081459927409106 0.38283385605473003 0.51803421370348068 0.64620202436674679 0.66452181285428324 0.70762517021871951 0.72424277610962806 0.67033016465370998 0.56340496174230303 0.11141533634841132 0.35493126990944657 0.62222206458476859 0.7879236166182767 0.68616705611168272 0.65109646683643574 0.069276162264539323 0.18105640862409098 0.4835501073693218 0.52317524846301688 0.70726861023991328 0.72430173454965907
decision_type=2 2 2 2 2 2 2 2 2 2 2 2 2 2 2 2 2 2 2 2 2 2 2 2 2 2 2 2 2 2
left_child=-1 2 3 4 10 7 21 -3 -8 -5 19 12 25 -14 -15 16 17 -13 -10 20 -2 -7 23 24 -4 27 -27 -12 -18 -19
right_child=1 5 22 9 -6 6 8 -9 18 -11 11 15 13 14 -16 -17 28 29 -20 -21 -22 -23 -24 -25 -26 26 -28 -29 -30 -31
leaf_value=0.10010930808672491 -0.10247459501817019 0.053105236933230861 0.10249222296629408 -0.10126738493720733 -0.10094964983335906 -0.095837701391522062 -0.10081132493308037 -0.085405459425407532 -0.10075283145775654 0.071489497693964607 0.10837397185663211 0.091679010388440563 -0.1019438764533509 0.099465678905564667 -0.10066722452344666 -0.07081264567509013 0.086197427062292525 -0.10122903550555784 0.070290006563524798 0.10587774089187077 0.10337279723015379 0.019089373623908824 -0.10076846224993935 0.060078082110610498 -0.074423753927490163 -0.03629447862591674 0.10030215634349093 -0.10108581663165205 -0.10083542888116839 0.10045915834216089
leaf_weight=2.6669607816729686 1.4414052541833364 6.2669389970833453 1.057500928407533 0.86340012343134631 2.6489741588011375 9.7087181659881043 1.6719601610675443 1.7754031888907773 0.94057817058637727 11.163523458817506 0.59301610384136649 1.7914705012226502 9.2508161837467906 2.9642808716744176 1.2226365098613312 2.0650898065650827 9.3552427045069599 3.0455122250132267 4.5438199618365616 4.1268193505238742 1.1531939085107294 1.9523245269665483 3.7084123913082285 3.2542642749031074 5.8024706472060643 2.0522661143913865 3.7778582193423063 2.0353905317024328 0.59870434709591869 0.57423829461913545
leaf_count=2451 150 585 107 175 684 1996 387 504 241 1031 15 70 1425 101 354 357 581 560 335 151 67 410 1329 537 1199 210 203 411 136 163
internal_value=-0.00128605 -0.00395272 0.00342225 0.0124622 0.000946949 -0.0244212 -0.0444868 0.022528 0.00783453 0.0590875 0.0068087 -0.00241347 -0.0277828 -0.057398 0.0410242 0.029456 0.0429322 -0.0159606 0.040956 0.0607669 -0.0109838 -0.0765963 -0.036291 -0.0126501 -0.0471512 0.0192657 0.0522187 -0.0538279 0.0749479 -0.0692332
internal_weight=104.073 101.406 74.5465 60.7238 48.6969 26.8597 18.8174 8.04234 7.15636 12.0269 46.0479 39.3265 21.8963 13.4377 4.18692 17.4303 15.3652 5.41122 5.4844 6.72142 2.5946 11.661 13.8226 10.1142 6.85997 8.45853 5.83012 2.62841 9.95395 3.61975
internal_count=16925 14474 10016 6844 5638 4458 3369 1089 963 1206 4954 4586 2719 1880 455 1867 1510 793 576 368 217 2406 3172 1843 1306 839 413 426 717 723
is_linear=0
shrinkage=0.1


Tree=66
num_leaves=31
num_cat=0
split_feature=14 11 9 13 1 7 11 7 11 11 13 11 7 11 7 7 11 10 6 9 9 7 11 13 13 11 7 12 8 13
split_gain=2.65173 2.17852 2.64963 1.50263 1.28624 1.20954 1.2299 2.64272 2.03151 2.0322 2.3004 2.14834 2.69421 3.25666 1.88704 2.54052 1.88069 1.90882 1.94374 1.85218 3.17354 2.77067 2.63819 2.63436 4.64569 3.04779 2.20707 2.07419 1.96391 1.85162
threshold=2160.0000000000005 0.33365825774699864 0.46838279998027149 0.82774977496011637 0.78205625209656315 0.90834617800149464 0.36792074694442406 0.8397874709811135 0.23262027818048267 0.25190489485237016 0.47501985097799021 0.30441260770971545 0.57732103117597899 0.25442095278257798 0.71845381525801566 0.6971033338813285 0.60696008545841917 0.052977656960284954 0.3032871196108709 0.58865752326066134 0.68737390704513612 0.64620202436674679 0.16600871927834043 0.53881558987000788 0.45955216264961452 0.17369360401970549 0.52297461102668474 0.11098265339806876 0.67313742076591432 0.56275688796675138
decision_type=2 2 2 2 2 2 2 2 2 2 2 2 2 2 2 2 2 2 2 2 2 2 2 2 2 2 2 2 2 2
left_child=1 -1 -3 -4 5 6 8 14 19 -10 -11 12 -12 -14 15 16 17 -8 -19 21 23 -2 28 24 25 -21 -22 -26 -23 -25
right_child=4 2 3 -5 -6 -7 7 -9 9 10 11 -13 13 -15 -16 -17 -18 18 -20 20 26 22 -24 29 27 -27 -28 -29 -30 -31
leaf_value=0.10053658929180653 0.030063708121174284 0.10070230647970996 -0.086870261668444901 0.10077188449413824 -0.10028112318472837 -0.10037723385788422 0.095481241425201951 0.037429597776882623 0.080237249617181872 -0.057907280013568721 0.096124348497021034 0.053624587564025196 0.10525434527683263 -0.10144687751714064 -0.10080587665852281 0.059423812577691248 0.057215425033935674 0.10381092806476713 -0.10144509661676591 -0.10118682207204473 0.10574406257479341 -0.10155397403559592 -0.10189194841813509 0.098041256402960852 0.10755994050715278 0.10390865829568452 -0.10134168771390356 -0.10106538979376829 0.02046427059533212 -0.062816647099451089
leaf_weight=4.4093431136570853 4.8795286089880419 1.7451347087044267 2.4677826536353682 0.51600060996133823 1.4422852055868123 1.3112198112648901 0.63365073699969965 5.1777242729440323 5.2693546998198171 3.956491356308109 1.4946831210982079 10.79330649966141 0.96307547204196442 3.6549910590401851 4.367458149790763 2.7911330326460293 1.3714830226963384 0.49857441522181023 6.1820068496163003 0.893955233681483 0.60666536353528444 1.8191564214066582 6.7621505096904002 5.7714719979558131 0.54043679777532805 3.8237006400013342 3.3932793160201982 4.0317365670634899 4.7985412597190589 0.81687648897059251
leaf_count=2349 467 613 343 115 842 771 63 475 471 777 78 1065 33 692 1266 346 174 26 1274 159 17 340 1042 315 15 149 735 1015 718 180
internal_value=-0.0013007 0.0499724 0.00282528 -0.0544204 -0.00662238 -0.00506258 -0.00359727 -0.0245938 0.00327052 0.0247487 0.0107337 0.0267976 -0.0205708 -0.0583403 -0.0448622 -0.0235731 -0.050244 -0.0703936 -0.0861268 -0.0114464 0.00967491 -0.0344402 -0.0579642 0.0297294 -0.0045728 0.0650448 -0.0699333 -0.0764056 -0.0130776 0.0780968
internal_weight=97.1832 9.13826 4.72892 2.98378 88.0449 86.6027 85.2914 21.022 64.2694 26.1319 20.8625 16.9061 6.11275 4.61807 15.8443 11.4768 8.68572 7.31423 6.68058 38.1375 19.8781 18.2594 13.3798 15.8782 9.28983 4.71766 3.99994 4.57217 6.6177 6.58835
internal_count=16925 3420 1071 458 13505 12663 11892 3624 8268 3116 2645 1868 803 725 3149 1883 1537 1363 1300 5152 2585 2567 2100 1833 1338 308 752 1030 1058 495
is_linear=0
shrinkage=0.1


Tree=67
num_leaves=31
num_cat=0
split_feature=14 11 9 13 14 8 8 9 12 13 9 10 12 8 8 9 13 13 13 10 7 12 8 11 6 10 13 8 11 12
split_gain=2.37802 1.98385 2.3736 1.32765 1.2564 1.16127 1.27363 1.59661 1.49139 2.34088 2.15002 2.46455 2.04807 3.18295 2.00562 2.64 1.98461 2.19059 2.10507 2.03729 2.01398 1.95461 3.09482 2.08906 2.05161 1.97573 1.939 1.73932 2.93919 2.74956
threshold=2160.0000000000005 0.33365825774699864 0.46838279998027149 0.82774977496011637 2206.5000000000005 0.85568008247624761 0.83046387380340081 0.31995449794228076 0.58547508372896639 0.60677024379879241 0.52307731876671115 0.25774251939824783 0.53112557144707584 0.74183887149470606 0.75561110261267783 0.66452181285428324 0.45243152464248199 0.43624887733821344 0.46122121713600123 0.27919584279128667 0.6313740504113512 0.28225224554341094 0.71226701944469928 0.27890239389492594 0.42720785855329863 0.035933213372824312 0.41654727343825354 0.64117801080573122 0.18964214466545273 0.29099160089002513
decision_type=2 2 2 2 2 2 2 2 2 2 2 2 2 2 2 2 2 2 2 2 2 2 2 2 2 2 2 2 2 2
left_child=1 -1 -3 -4 5 6 7 -2 12 10 11 -10 13 16 -12 -16 17 26 -18 21 -21 23 -23 25 -25 -20 -9 29 -29 -22
right_child=4 2 3 -5 -6 -7 -8 8 9 -11 14 -13 -14 -15 15 -17 18 -19 19 20 27 22 -24 24 -26 -27 -28 28 -30 -31
leaf_value=0.10048581229330321 -0.10078546716753951 0.10063547104875448 -0.084201426036029967 0.1006982138848611 -0.10035622744821765 -0.10042994901036065 0.068618351412655834 0.036075308892016426 0.063468277635011242 0.10330368089254215 -0.10102666854986586 -0.10075072744997038 0.045708437173526961 -0.07840348159678584 -0.10089271734317802 0.10361937543308893 -0.10163598368192527 0.087829863751927376 0.10267380342123317 -0.10128971511896752 0.064142405766877353 -0.067240177565078316 0.066385321716264198 0.091650957812398182 -0.1008062042643601 -0.10179926059009581 -0.10076582752194428 -0.10111756353404629 0.087739075002770089 -0.079891396385796551
leaf_weight=3.9916521941195224 1.7211061636335205 1.5800585683900861 2.3001869688741867 0.4672208682168274 1.400367112335515 1.2509992946579576 2.3868696643621652 3.4508327128714864 3.0264889111276707 1.1728765377774824 6.5293318259646167 1.3092159123043527 9.6567694328259659 5.2325535383424713 1.2317898867186161 1.2945657244417814 2.2103470445726989 5.2511002509854734 0.62762279785238506 1.1265586960944336 2.6890950090019023 10.600505725888068 2.072012602351605 3.7003204172942787 0.65140114468522359 1.9126866825390605 1.4794104627217164 0.92831735790241321 7.3381498797098175 2.6134239652892575
leaf_count=2349 609 613 343 115 752 611 234 324 324 76 2338 422 1038 1006 347 57 424 370 54 128 215 1822 138 225 159 329 339 152 602 410
internal_value=-0.00131739 0.0495836 0.00284746 -0.0529849 -0.00643983 -0.00482541 -0.00333437 -0.0055411 -0.00338717 -0.0321629 -0.0440277 0.0138805 0.00342288 -0.00444736 -0.071753 0.00390423 0.0038477 0.0428842 -0.00705001 -0.000947641 0.0271892 -0.0220821 -0.0453918 0.020778 0.0628424 -0.051281 -0.0049864 0.0378561 0.0665306 -0.00684676
internal_weight=91.2038 8.33912 4.34747 2.76741 82.8647 81.4644 80.2134 77.8265 76.1054 14.5643 13.3914 4.3357 61.5411 51.8843 9.05569 2.52636 46.6518 10.1813 36.4704 34.2601 14.6955 19.5645 12.6725 6.89203 4.35172 2.54031 4.93024 13.569 8.26647 5.30252
internal_count=16925 3420 1071 458 13505 12753 12142 11908 11299 3564 3488 746 7735 6697 2742 404 5691 1033 4658 4234 1507 2727 1960 767 384 383 663 1379 754 625
is_linear=0
shrinkage=0.1


Tree=68
num_leaves=31
num_cat=0
split_feature=14 11 13 14 12 9 7 9 8 8 7 8 12 13 12 13 13 10 13 7 13 7 8 8 8 7 12 9 10 6
split_gain=2.15008 1.28525 1.29467 1.18167 1.11208 1.13639 1.12291 1.07885 1.02871 1.32625 2.07169 1.3702 1.20787 1.12671 4.36085 2.09514 1.80047 1.94758 1.66298 1.22213 1.1702 1.32709 1.10552 4.05938 1.80971 3.36457 2.45687 2.16156 2.77724 3.84555
threshold=2061.0000000000005 0.6182870349045777 0.80462309747716187 2206.5000000000005 0.81288380262615456 0.76914019571875269 0.90834617800149464 0.74925311506999204 0.85638226783040861 0.78466971898715621 0.69365555442013671 0.75961438701294848 0.43701743867711257 0.45441810817222877 0.55723081026396282 0.46122121713600123 0.43624887733821344 0.3886719214331405 0.41654727343825354 0.53131674458683931 0.40425636956908856 0.72243986949528227 0.55388079465643625 0.520262031062668 0.64117801080573122 0.63436302329820815 0.70063902502221354 0.49359878873050139 0.29232867100509347 0.53239744430312119
decision_type=2 2 2 2 2 2 2 2 2 2 2 2 2 2 2 2 2 2 2 2 2 2 2 2 2 2 2 2 2 2
left_child=-1 2 3 4 5 6 7 8 9 11 -11 13 -12 14 16 -15 18 -18 20 -17 21 -2 23 -21 26 -26 -24 -27 -29 -30
right_child=1 -3 -4 -5 -6 -7 -8 -9 -10 10 12 -13 -14 15 -16 19 17 -19 -20 22 -22 -23 24 -25 25 27 -28 28 29 -31
leaf_value=0.10008593953291059 0.10599195494135689 -0.10057255455214838 0.10042925680601322 -0.10032571558902473 -0.10036215717147812 -0.10063042425147427 -0.10032866438059783 0.1003961546005393 -0.10039361193493904 -0.10074372081724488 -0.10034391063925288 -0.08356916752238025 0.078394067841816517 -0.10161661489268173 -0.1010750803315774 0.092425369127659363 0.10069246109170041 -0.10042253519140616 -0.10075991496373909 -0.0589982565706949 0.089840773234393656 -0.10192915427584137 -0.059582962035059341 0.080447151144611179 -0.10127452828438055 0.058059320075913468 0.062869188387110156 -0.044386594989042932 0.075512234433787351 -0.10183150196942098
leaf_weight=2.0415412423899388 0.46438646456226529 1.349777076859026 1.2112073120078992 1.2468989126500662 1.138122391887008 1.1240011692862015 1.0859532241593104 1.1000271184020665 0.99440693962969717 0.8557285710121495 0.40648818179033686 2.007936028239782 5.4102515785489231 2.2091290839598505 2.236743268207646 1.3311942766886193 6.127659899648279 0.52257441810797889 1.1521631607320157 3.3733293222030607 1.8965314405504614 0.90562779060564935 11.367119428410659 5.4773164545767941 2.7634235491277677 7.9079766049399067 1.9144756170571771 8.6381785372504982 5.92234693217324 1.5408388365758581
leaf_count=2451 17 471 409 733 592 370 725 128 490 193 200 517 402 456 565 111 372 167 247 702 132 118 1962 410 526 905 283 1393 560 318
internal_value=-0.00130855 -0.00378222 -0.00219541 -0.00372769 -0.00221971 -0.000801067 0.000644696 0.00207758 0.000643676 0.00199354 0.0445313 -0.00219531 0.0659034 0.000289725 0.0262788 -0.00630385 0.0520137 0.0848889 0.00253589 -0.00211249 0.03897 -0.0314512 -0.00468581 0.027299 -0.0117534 0.00321789 -0.0419321 0.0152447 -0.00578309 0.0388981
internal_weight=85.7234 83.6818 82.332 81.1208 79.8739 78.7358 77.6118 76.5259 75.4258 74.4314 6.67247 67.759 5.81674 65.751 13.3057 52.4453 11.0689 6.65023 4.41871 50.2362 3.26655 1.37001 48.905 8.85065 40.0544 26.7728 13.2816 24.0093 16.1014 7.46319
internal_count=16925 14474 14003 13594 12861 12269 11899 11174 11046 10556 795 9761 602 9244 1618 7626 1053 539 514 7170 267 135 7059 1112 5947 3702 2245 3176 2271 878
is_linear=0
shrinkage=0.1


Tree=69
num_leaves=31
num_cat=0
split_feature=14 11 9 13 1 14 11 11 11 6 4 2 0 4 13 7 8 12 8 6 10 3 11 6 3 11 6 11 13 10
split_gain=1.98957 1.67554 2.06117 1.0709 1.04259 0.985819 0.985703 1.01298 1.91315 1.06541 1.02659 2.42842 0.840224 1.49627 0.717319 0.702103 1.27715 0.822246 0.810401 0.694656 0.973093 0.63555 1.35686 1.05244 1.36231 1.07697 1.10828 1.00192 1.46265 1.17193
threshold=2160.0000000000005 0.33365825774699864 0.46838279998027149 0.82774977496011637 0.78205625209656315 2206.5000000000005 0.6182870349045777 0.59771651436982054 0.50874617206488992 0.5851394826366515 0.17163128551578141 0.56357349587841388 0.72804314329738073 0.25324482261369285 0.74907271340972936 0.77258616198652497 0.61924694920846446 0.21075805324646227 0.56263531148744872 0.41280474366950481 0.18603312947961956 1.0005424719430749 0.17369360401970549 0.48835807365009809 1.0000001136767176 0.23562946179947161 0.45370698748035598 0.34367427059838779 0.55085187646575984 0.19170711055905199
decision_type=2 2 2 2 2 2 2 2 2 2 2 2 2 2 2 2 2 2 2 2 2 2 2 2 2 2 2 2 2 2
left_child=1 -1 -3 14 5 6 7 8 10 -9 11 21 -12 -14 -4 18 -17 -18 -15 20 -20 22 -2 25 27 -24 -27 28 -25 -29
right_child=4 2 3 -5 -6 -7 -8 9 -10 -11 12 -13 13 15 -16 16 17 -19 19 -21 -22 -23 23 24 -26 26 -28 29 -30 -31
leaf_value=0.10042692509709379 -0.036885028394451465 0.10059461468922121 0.10012569317206053 0.10057146006996709 -0.10022912340176238 -0.10030714653359832 -0.1005156534427466 -0.1010176617796146 -0.10153600903745497 0.103647299805462 0.04636187290828081 -0.088618612687429335 -0.072320996875963314 0.059558215918437997 -0.10141700854431851 -0.10172669437660758 -0.10342175927269089 0.076686732853865319 -0.10238681077430832 -0.0317366773621287 0.077477048461293288 -0.017810916909171571 -0.076394971103726991 0.083197106396252579 -0.066130699422990824 0.03305763105157461 -0.07124380123984253 0.065004975481386063 -0.10076613225744194 -0.10122382295189754
leaf_weight=3.3654789163265368 5.2795955517212887 1.3837740309536459 0.19559318106621582 0.38306271983310569 1.1596507946960617 1.0617050017754071 1.0265855983889185 0.30329857853939657 1.9460013906063967 1.5759927793405948 6.5840336608816896 3.5990616230992591 2.2173232804634635 1.8387627012561987 1.8180952123366294 0.51344362489180539 0.27069034677697335 3.9853429722425062 0.38134486670605827 5.6728258702496532 1.4239790594438089 16.647307882463792 1.7103659254498795 6.757492824632207 1.033216276904567 5.2403377584414557 1.264599504356738 0.89368660177569814 0.46172385721001763 0.80718826520023867
leaf_count=2349 1128 613 156 115 842 653 409 63 520 82 570 1706 638 131 187 87 21 315 33 689 113 3224 243 538 156 589 354 125 122 154
internal_value=-0.00127246 0.0491055 0.00341845 -0.0526866 -0.00616009 -0.00465536 -0.00323371 -0.00181528 -0.00380162 0.0706164 -0.000945136 -0.00993196 0.0162115 0.00403561 -0.0818408 0.0160548 0.0472582 0.0652316 8.1335e-05 -0.0145431 0.0394838 -0.00286888 0.00773938 0.0207067 0.0425726 -0.00578495 0.0127808 0.0551637 0.0714313 -0.0138826
internal_weight=80.8016 7.146 3.78053 2.39675 73.6556 72.4959 71.4342 70.4076 68.5283 1.87929 66.5823 43.6946 22.8877 16.3037 2.01369 14.0864 4.76948 4.25603 9.31691 7.47815 1.80532 40.0955 23.4482 18.1686 9.95331 8.2153 6.50494 8.92009 7.21922 1.70087
internal_count=16925 3420 1071 458 13505 12663 12010 11601 11456 145 10936 8339 2597 2027 343 1389 423 336 966 835 146 6633 3409 2281 1095 1186 943 939 660 279
is_linear=0
shrinkage=0.1


Tree=70
num_leaves=31
num_cat=0
split_feature=14 11 9 12 6 9 9 12 13 7 8 12 13 11 11 6 6 9 11 6 8 8 12 12 11 6 13 10 9 11
split_gain=1.78435 1.51578 1.86353 0.991199 2.35199 2.02071 2.27591 1.7642 2.08702 1.75549 1.6091 2.28985 1.82878 1.57632 1.62366 1.50402 1.42289 3.79712 3.23428 2.81723 2.19298 2.73631 1.96356 1.80617 2.55802 1.2198 1.21811 1.21293 1.18307 1.08809
threshold=2160.0000000000005 0.33365825774699864 0.46838279998027149 0.58547508372896639 0.70241361807984715 0.5227503486905335 0.66452181285428324 0.53112557144707584 0.56842972048944385 0.83275943470151093 0.74183887149470606 0.43701743867711257 0.51260144885352288 0.3787456866805044 0.20412513325196158 0.56667289071127336 0.4835501073693218 0.69498292147570062 0.21631192568892588 0.45430188335785915 0.67313742076591432 0.66337165403204457 0.46936176771704813 0.4613885541567973 0.25385312613161004 0.3032871196108709 0.41819804349184569 0.53027390136190233 0.42011181272436188 0.48693910228755355
decision_type=2 2 2 2 2 2 2 2 2 2 2 2 2 2 2 2 2 2 2 2 2 2 2 2 2 2 2 2 2 2
left_child=1 -1 -3 4 7 13 -7 8 10 27 16 -12 -13 14 -5 25 18 20 26 23 21 22 28 29 -25 -8 -2 -9 -18 -20
right_child=3 2 -4 5 -6 6 15 9 -10 -11 11 12 -14 -15 -16 -17 17 -19 19 -21 -22 -23 -24 24 -26 -27 -28 -29 -30 -31
leaf_value=0.10038646742219433 0.024078869792319199 0.1005380524219973 -0.052626331004225105 -0.052630590060646291 -0.10070818945855045 -0.10092969469863072 0.10282544181994212 0.067437817104993844 -0.082989836392962035 -0.10078162333878316 -0.10133337999838479 -0.1005118423015718 0.095662743494502267 -0.10071743885474149 0.084966727463536396 0.075429602322890879 -0.10204916066064856 -0.10086711531715481 0.066110869942812858 -0.10060599822585799 0.088815389240646456 -0.10145260715917784 -0.10070024265952926 0.10482064863131457 -0.10143979329289605 -0.10047869188894279 -0.10155947944367016 -0.10048357109981819 0.060926296725004381 -0.10058579704840383
leaf_weight=3.0463761871797024 0.94674560613930481 1.2527591442922132 2.1709588858648203 1.2011068029096339 2.2296158969111266 5.2182476310990733 0.37242568470537696 7.7497178334451711 3.1059455033973782 0.75964310142444524 3.2945379180018781 0.70751855632988769 1.4471988310106096 0.89264607414952468 2.9984467828762718 1.5840902568015733 0.4715658456552817 2.0547985653975038 7.8842672532191482 1.7934983924496908 6.52092904964229 1.6887395358644415 0.93616568128345612 0.88384031783789341 1.8807171972002832 1.4217137838422784 4.1735282843001187 0.45543223246932019 8.0323951889295113 0.41203454282367591
leaf_count=2349 44 613 458 370 900 2178 26 735 965 281 851 259 131 372 294 249 46 470 833 576 490 212 277 31 293 712 700 145 957 108
internal_value=-0.00120362 0.0490743 0.00341744 -0.00577778 -1.39947e-05 -0.0299589 -0.0595297 0.00405326 -0.00381892 0.0446527 0.00188266 -0.048909 0.0312473 0.0199616 0.0456128 0.00441953 0.00922827 0.0277884 -0.0111182 0.0156538 0.0427666 0.0157844 0.0367568 0.0345051 -0.0354975 -0.058277 -0.0783288 0.0581172 0.0518889 0.0578319
internal_weight=77.5876 6.47009 3.42372 71.1175 57.4288 13.6887 8.59648 55.1992 46.2344 8.96479 43.1285 5.44926 2.15472 5.0922 4.19955 3.37823 37.6792 19.7046 17.9746 12.8544 17.6498 11.1289 9.44013 11.0609 2.76456 1.79414 5.12027 8.20515 8.50396 8.2963
internal_count=16925 3420 1071 13505 9304 4201 3165 8404 7243 1161 6278 1241 390 1036 664 987 5037 2452 2585 1841 1982 1492 1280 1265 324 738 744 880 1003 941
is_linear=0
shrinkage=0.1


Tree=71
num_leaves=31
num_cat=0
split_feature=14 8 4 1 11 7 7 7 9 11 9 3 13 6 11 9 9 8 11 10 6 7 10 12 8 3 11 6 11 11
split_gain=1.61285 0.981423 0.973271 1.15411 0.871291 1.7253 2.05672 1.8559 1.80447 1.6676 1.78288 2.07652 1.7376 2.12492 2.94132 1.52408 1.51124 1.7209 1.4744 1.74249 2.36695 1.78193 1.49548 1.4674 1.64921 1.45793 1.38908 1.33282 1.26492 1.21554
threshold=2061.0000000000005 0.85568008247624761 0.47045312638461473 0.75023068907174728 0.37006729163394053 0.79798595170398412 0.7601883635990675 0.743623653757152 0.46763181153130345 0.41359461851907947 0.46838279998027149 1.0000515830402554 0.57704711752489468 0.44514083528542969 0.48693910228755355 0.51848035264230796 0.72722567328081011 0.55680014795760158 0.33272200904385529 0.20218222550445653 0.56667289071127336 0.69969784422501469 0.09192859159907936 0.53256741656384698 0.60716193794615958 1.0009807908646831 0.044468953578239302 0.51849523866724612 0.095411007887807611 0.60696008545841917
decision_type=2 2 2 2 2 2 2 2 2 2 2 2 2 2 2 2 2 2 2 2 2 2 2 2 2 2 2 2 2 2
left_child=-1 2 3 4 5 6 7 8 23 10 11 -6 13 14 -11 -8 17 -10 19 20 -19 22 -22 -2 -25 28 -7 -17 -21 -15
right_child=1 -3 -4 -5 9 26 15 -9 16 12 -12 -13 -14 29 -16 27 -18 18 -20 25 21 -23 -24 24 -26 -27 -28 -29 -30 -31
leaf_value=0.10006634432824782 -0.090751680417881397 -0.10030736480190068 0.054799279269769276 -0.089512260533443744 0.10416201700332922 0.1018839731121777 0.10343088023192828 -0.10062052936413242 0.083600825899109887 0.091877465774009404 -0.10100195446982499 -0.093220824918990031 0.081317139878500394 -0.10076390981989297 -0.10109953549777001 0.049438009398375386 -0.10050931465253338 -0.10120354731126112 -0.082323217851165476 -0.075386325935407769 -0.10065641641241017 -0.10111206926570765 0.11038279065538047 -0.10066536110753238 0.076508224311443412 -0.0030132778967551146 -0.0481710750839962 -0.078654403400386694 0.077149455218487109 0.014756196362469696
leaf_weight=1.5381098257494148 3.0612313678720993 1.0306948409997847 2.8910595640772945 1.5583340743905854 1.1336727282032399 0.66919397981837203 3.8609053943073359 1.6830441968049843 3.9861817952478367 2.7103979061357664 4.1527633636142127 1.0059045985399278 2.2010790222266214 3.0675942519446835 1.1146397140691986 3.1831990865757689 1.0230710216565047 2.4373911085422213 1.5408873863052566 0.58665392012335171 0.40618453896604556 0.77504461642820377 1.9372113279532639 0.80638181604445014 1.5077064365032127 4.964599246333818 7.896988904394675 1.0906370361044535 7.4162900354131125 1.2955575595551634
leaf_count=2451 587 685 339 1155 70 98 279 620 341 216 1032 284 349 1141 259 428 374 612 398 114 94 137 78 184 181 738 2509 307 519 346
internal_value=-0.00124291 -0.00343779 -0.00201072 -0.00445942 -0.00243635 0.00430391 0.0129735 0.00160195 0.00725225 -0.0221674 -0.0627943 0.0113641 0.00243858 -0.0187649 0.0356428 0.0578905 0.0185238 0.0235873 0.0116644 0.0194828 -0.0273747 0.0303303 0.073803 -0.0453247 0.0147692 0.0395586 -0.0364487 0.0167502 0.0659679 -0.0664623
internal_weight=72.5326 70.9945 69.9638 67.0727 65.5144 48.8328 40.2666 32.1319 30.4488 16.6816 6.29234 2.13958 10.3893 8.18819 3.82504 8.13474 25.0735 24.0504 20.0643 18.5234 5.55583 3.11844 2.3434 5.37532 2.31409 12.9675 8.56618 4.27384 8.00294 4.36315
internal_count=16925 14474 13789 13450 12295 8598 5991 4977 4357 3697 1386 354 2311 1962 475 1014 3405 3031 2690 2292 921 309 172 952 365 1371 2607 735 633 1487
is_linear=0
shrinkage=0.1


Tree=72
num_leaves=31
num_cat=0
split_feature=14 11 9 13 12 6 9 9 12 13 7 8 12 13 11 10 6 6 9 11 6 8 8 12 12 11 6 6 13 8
split_gain=1.55931 1.31612 1.50573 0.964739 0.924177 1.96131 1.74932 1.92779 1.44309 1.7106 1.43853 1.33504 1.93337 1.49001 1.29914 1.37828 1.21852 1.21221 3.24171 2.71918 2.31341 1.7746 2.22973 1.58879 1.48417 2.15447 1.11258 1.32252 1.08565 1.02456
threshold=2160.0000000000005 0.33365825774699864 0.46838279998027149 0.82774977496011637 0.58547508372896639 0.70241361807984715 0.5227503486905335 0.66452181285428324 0.53112557144707584 0.56842972048944385 0.83275943470151093 0.74183887149470606 0.43701743867711257 0.51260144885352288 0.3787456866805044 0.33778028720603664 0.56667289071127336 0.4835501073693218 0.69498292147570062 0.21631192568892588 0.45430188335785915 0.67313742076591432 0.66337165403204457 0.46936176771704813 0.4613885541567973 0.25385312613161004 0.47991274281759483 0.56667289071127336 0.41819804349184569 0.6092253129501829
decision_type=2 2 2 2 2 2 2 2 2 2 2 2 2 2 2 2 2 2 2 2 2 2 2 2 2 2 2 2 2 2
left_child=1 -1 -3 -4 5 8 14 -8 9 11 26 17 -13 -14 15 29 -9 19 21 28 24 22 23 -19 -21 -26 -10 -28 -2 -6
right_child=4 2 3 -5 6 -7 7 16 10 -11 -12 12 13 -15 -16 -17 -18 18 -20 20 -22 -23 -24 -25 25 -27 27 -29 -30 -31
leaf_value=0.10036891254977956 0.019403121118851254 0.10045953267934066 -0.080195316601236077 0.10049762739292134 -0.10043680051141771 -0.10060934940835256 -0.10084987490310869 -0.058784105310087077 0.093276730586386469 -0.080323811133607856 -0.10064102307345341 -0.10113283922308683 -0.10042080207897408 0.093681473970257223 -0.10059169719167427 -0.10038196512504692 0.070868476292614793 0.048749631093918555 -0.10076093711977151 0.054819364894117123 -0.10050673956252232 0.085412222190153542 -0.10120029837290662 -0.10058042135286985 0.1040475465558505 -0.10125326734302426 -0.02599372948172218 0.10299438967095437 -0.10134969005560888 0.087695144126147817
leaf_weight=2.6519080756697795 0.93762033991515537 1.0560816305223855 1.6244079429889096 0.36117755656596262 0.32227671821601589 1.8613373247208063 4.5748428719234653 1.5133915199839978 3.7637341354857181 2.7169185494713011 0.64413477180642065 2.779822487558703 0.58180204825475801 1.2349338532658292 0.76070878363680083 0.56991341928369355 1.391282671538647 7.7276462826994265 1.7852092732791778 7.4130702588008699 1.5011585956090119 5.7938043710310003 1.4000425857957441 0.7848399260547011 0.7482023055199537 1.6134483538917264 2.4590697293460839 1.1745529901236293 3.6158119927858934 2.8440562473260798
leaf_count=2349 44 613 343 115 104 900 2178 738 345 965 281 851 259 131 372 243 249 1003 470 941 576 490 212 277 31 293 462 73 700 317
internal_value=-0.00122296 0.0488779 0.003985 -0.0473273 -0.00578601 0.000133002 -0.0307625 -0.0603966 0.00398534 -0.00367435 0.0426904 0.00181785 -0.0487029 0.031521 0.0185262 0.0427789 0.00331697 0.00878712 0.0269318 -0.0112629 0.0150751 0.0414455 0.0157473 0.0349816 0.0328256 -0.0362112 0.0551712 0.0157011 -0.0764849 0.0685466
internal_weight=68.2072 5.69358 3.04167 1.98559 62.5136 50.5372 11.9765 7.47952 48.6758 40.6343 8.04149 37.9174 4.59656 1.81674 4.49696 3.73625 2.90467 33.3209 17.4915 15.8293 11.2759 15.7063 9.91253 8.51249 9.77472 2.36165 7.39736 3.63362 4.55343 3.16633
internal_count=16925 3420 1071 458 13505 9304 4201 3165 8404 7243 1161 6278 1241 390 1036 664 987 5037 2452 2585 1841 1982 1492 1280 1265 324 880 535 744 421
is_linear=0
shrinkage=0.1


Tree=73
num_leaves=31
num_cat=0
split_feature=14 11 9 13 12 6 9 9 12 13 7 8 12 13 11 10 8 13 6 9 11 6 8 8 12 12 11 13 6 6
split_gain=1.39615 1.20202 1.34695 0.84771 0.816245 1.76808 1.53845 1.80277 1.25973 1.48098 1.26686 1.18737 1.74883 1.32817 1.16025 1.22012 1.13463 1.60346 1.04141 2.84966 2.39847 2.04549 1.56686 1.9578 1.37167 1.24444 1.94523 1.02525 1.01922 1.18295
threshold=2160.0000000000005 0.33365825774699864 0.46838279998027149 0.82774977496011637 0.58547508372896639 0.70241361807984715 0.5227503486905335 0.66452181285428324 0.53112557144707584 0.56842972048944385 0.83275943470151093 0.74183887149470606 0.43701743867711257 0.51260144885352288 0.3787456866805044 0.33778028720603664 0.75561110261267783 0.60677024379879241 0.4835501073693218 0.69498292147570062 0.21631192568892588 0.45430188335785915 0.67313742076591432 0.66337165403204457 0.46936176771704813 0.4613885541567973 0.25385312613161004 0.41819804349184569 0.47991274281759483 0.56667289071127336
decision_type=2 2 2 2 2 2 2 2 2 2 2 2 2 2 2 2 2 2 2 2 2 2 2 2 2 2 2 2 2 2
left_child=1 -1 -3 -4 5 8 14 -8 9 11 28 18 -13 -14 15 -6 17 -9 20 22 27 25 23 24 -20 -22 -27 -2 -10 -30
right_child=4 2 3 -5 6 -7 7 16 10 -11 -12 12 13 -15 -16 -17 -18 -19 19 -21 21 -23 -24 -25 -26 26 -28 -29 29 -31
leaf_value=0.10033393482098185 0.017523865609850708 0.10041582417359343 -0.076957159391654761 0.10045017218974894 0.066333434412155584 -0.10055196735402086 -0.10077102936994919 -0.10039261363928348 0.091178932672177415 -0.077211617731705651 -0.10058028188463293 -0.10102721341334245 -0.10038084934225588 0.091592689687617912 -0.10053582744038717 -0.10034561223729269 0.094577939052579871 0.1024812789454191 0.04478428286556288 -0.10068899953091225 0.050651351043249672 -0.10045865780179729 0.081757188808823669 -0.10108713263963176 -0.10052528206248712 0.10366109160138115 -0.10113456696937187 -0.10122239223903773 -0.023567258293107522 0.1027091542854653
leaf_weight=2.4003396840998894 0.93452749308198946 0.95597697445191476 1.5285600383067501 0.32695350586436678 2.954591489396988 1.6851199352240644 4.1425632725586183 1.3353524457779715 3.4800333103630683 2.5524811223149291 0.58317132986849163 2.5177835249342015 0.5266351381142157 1.1416325199534183 0.68868083748384368 0.51585630813497108 0.91362585546448816 0.55006890697404731 7.5789244014304149 1.6164195479941543 7.2308034560410288 1.3589215289684933 5.4649781470070584 1.2681569859269064 0.71052225746097963 0.67939680418930981 1.461534791451413 3.275627306138631 2.4419846726814289 1.0655807161238042
leaf_count=2349 44 613 343 115 421 900 2178 869 345 965 281 851 259 131 372 243 74 44 1003 470 941 576 490 212 277 31 293 700 462 73
internal_value=-0.00124193 0.0483591 0.00398512 -0.0456968 -0.00564777 4.95934e-05 -0.0300649 -0.058881 0.00374384 -0.00362079 0.0410188 0.00163112 -0.048414 0.0309909 0.0180295 0.0415578 0.00311574 -0.0412045 0.00826484 0.0254728 -0.010899 0.0141976 0.0390478 0.0146268 0.0323292 0.030823 -0.0361453 -0.0748643 0.0528364 0.0147949
internal_weight=63.8868 5.21183 2.81149 1.85551 58.675 47.5742 11.1007 6.94161 45.8891 38.3183 7.57077 35.7659 4.18605 1.66827 4.15913 3.47045 2.79905 1.88542 31.5798 16.639 14.9408 10.7307 15.0226 9.5576 8.28945 9.37174 2.14093 4.21015 6.9876 3.50757
internal_count=16925 3420 1071 458 13505 9304 4201 3165 8404 7243 1161 6278 1241 390 1036 664 987 913 5037 2452 2585 1841 1982 1492 1280 1265 324 744 880 535
is_linear=0
shrinkage=0.1


Tree=74
num_leaves=31
num_cat=0
split_feature=7 4 0 15 4 15 4 15 4 4 15 4 15 4 15 4 15 4 0 4 0 13 4 15 15 13 4 4 4 0
split_gain=1.27859 0.962465 2.09402 0.821104 0.72534 2.29085 0.705676 0.642656 0.689868 0.544565 1.65262 0.551366 0.767592 0.659223 1.06514 0.777046 1.05124 0.660388 1.02231 0.893935 0.597235 0.467874 0.457002 0.446077 0.444096 0.423341 0.421702 0.407517 0.388638 0.371757
threshold=0.49063869326947185 0.27288452781462674 0.78221343873517801 1948.0000000000002 0.11656948082312672 1068.5000000000002 0.51817159892918629 1221.5000000000002 0.15344554056781018 0.052938736798449057 636.50000000000011 0.030828079736453202 475.00000000000006 0.016491182551466154 356.50000000000006 0.0091181059696824017 284.50000000000006 0.0042029827190564516 0.084039548022598873 0.0016417795720781502 0.056079664570230552 0.45441810817222877 0.00045421448330245007 792.50000000000011 67.500000000000014 0.46122121713600123 0.022076596145757851 0.00014751373249445005 0.069289937878310656 0.036038961038961002
decision_type=2 2 2 2 2 2 2 2 2 2 2 2 2 2 2 2 2 2 2 2 2 2 2 2 2 2 2 2 2 2
left_child=-1 2 4 -3 5 9 -5 -6 -9 10 11 12 13 14 15 16 17 18 19 20 22 -10 24 -11 27 -23 -14 -2 -25 -24
right_child=1 3 -4 6 7 -7 -8 8 21 23 -12 -13 26 -15 -16 -17 -18 -19 -20 -21 -22 25 29 28 -26 -27 -28 -29 -30 -31
leaf_value=0.098483230340489558 -0.08145839692140279 0.047233463223111616 -0.09760910670657845 -0.021144308735491769 0.059672293978009786 -0.09693402394802679 0.069045901231290216 -0.073493899072095858 0.061624290191365921 0.0685788145837542 -0.076744509967126506 0.056769921041820305 -0.10042818757122976 0.068368215631707988 -0.073757329216504144 0.075661065770044347 -0.094517432375696098 0.056036271289531092 -0.083227573253952122 0.065614249767078539 -0.092578877260771519 -0.10137591063689029 0.097501471190658773 -0.04423443416345358 -0.10081146340519938 0.0080817071335804094 -0.013452454935469059 0.039313193756928787 0.022301872185907737 0.0068918026334987966
leaf_weight=1.258100566396023 0.40937627252425712 6.1790678334073146 2.5727804585185359 4.8316094270267058 2.7035924178780979 2.9129321819345924 1.0573923326446673 1.019137863026115 1.6276277775759806 1.5409685821214214 3.2993648255796861 1.5564941834891204 1.2014086401904926 1.3836395249527402 1.8992954744317092 1.4406099170737423 1.1152046383649565 2.220279562403447 1.4016886170720679 2.0613289280154277 0.78917071802425187 0.37791050516534586 0.64720078630489331 1.1407798943546366 0.64228584617376316 5.4357028140220791 1.0400268100784158 0.87993715092306957 3.8090262867044657 1.5075017382914664
leaf_count=1333 109 1465 1784 794 625 1931 199 576 180 336 1620 287 592 238 579 178 337 283 396 208 237 65 47 339 140 914 250 117 557 209
internal_value=-0.00126448 -0.00340222 -0.00991584 0.0217687 -0.00479549 -0.0122696 -0.00495032 0.0172295 0.00366647 -0.00404489 -0.0111281 -0.000408242 -0.00518305 0.00231983 -0.00376701 0.00636921 -0.00218165 0.00757074 -0.00533412 0.0104055 -0.0129366 0.0142342 0.00244443 0.0215944 -0.0328763 0.000966479 -0.0600714 0.00096641 0.00696728 0.0341079
internal_weight=59.9614 58.7033 46.6353 12.0681 44.0625 32.8985 5.889 11.164 8.46038 29.9856 23.4948 20.1954 18.639 16.3975 15.0139 13.1146 11.674 10.5588 8.33849 6.9368 4.87547 7.44124 4.0863 6.49077 1.9316 5.81361 2.24144 1.28931 4.94981 2.1547
internal_count=16925 15592 13134 2458 11350 8990 993 2360 1735 7059 5827 4207 3920 3078 2840 2261 2083 1746 1463 1067 859 1159 622 1232 366 979 842 226 896 256
is_linear=0
shrinkage=0.1


Tree=75
num_leaves=31
num_cat=0
split_feature=14 11 4 2 0 4 4 7 7 6 8 11 11 3 11 6 7 8 13 8 8 12 11 7 9 8 10 6 9 9
split_gain=1.16411 0.836701 0.774033 2.14433 0.69804 0.949837 0.496457 0.537821 0.691568 0.505398 0.611942 0.480349 0.505512 0.494253 0.95703 0.832045 0.673796 0.628452 0.793789 1.00849 1.02786 0.791242 0.942465 0.835354 0.79006 0.743815 0.617341 0.601719 0.628006 0.528573
threshold=2061.0000000000005 0.6182870349045777 0.20613415362779122 0.63088949109847603 0.75642715886618339 0.25324482261369285 0.55634721549401445 0.77510158245128824 0.79798595170398412 0.41706630917891002 0.6816311361158881 0.59771651436982054 0.50874617206488992 1.0005424719430749 0.12739200437264639 0.6395807993882513 0.64620202436674679 0.56263531148744872 0.78485526379814596 0.6092253129501829 0.61843551870067626 0.49630266378992743 0.3505012391799231 0.78784251281411255 0.74925311506999204 0.520262031062668 0.52075861344215968 0.56869220593884806 0.42283817000268686 0.76914019571875269
decision_type=2 2 2 2 2 2 2 2 2 2 2 2 2 2 2 2 2 2 2 2 2 2 2 2 2 2 2 2 2 2
left_child=-1 2 3 11 -4 -6 7 -7 -9 -10 -11 12 13 14 16 27 -2 25 19 -19 -21 24 23 -23 -22 26 -15 28 -16 -30
right_child=1 -3 4 -5 5 6 -8 8 9 10 -12 -13 -14 17 15 -17 -18 18 -20 20 21 22 -24 -25 -26 -27 -28 -29 29 -31
leaf_value=0.10005377029518477 0.051649681188956013 -0.10039861331466673 0.048213782014363382 -0.099131674781365781 -0.10040721048741075 -0.0093105955548519782 0.10074542503146083 0.091318210016733709 -0.10150198140587199 0.06482542523374013 -0.079328828471677174 0.069927497505022931 -0.079550146564237201 -0.079994412363873585 -0.087810662622323038 0.082137025947385436 -0.079323534958404107 -0.095227499411771388 0.10030090501477784 0.082650703833293732 -0.064368128077849987 0.046699638121375592 -0.081154402176478138 -0.10019827329047437 0.1024402580691952 0.063109093197332031 0.1046805939048438 -0.05903621250593364 0.022852737535597606 -0.09973381025386456
leaf_weight=1.1127817984961428 0.4979064934887022 0.87245848288875905 4.8501449315226663 2.4955991739261654 0.82321025045530305 7.2617460007313603 0.58287576906150285 1.4436646522954109 0.39321446148096573 1.0909796995401846 0.4033539292286149 0.87397477211197738 0.8895306961494488 0.85259858670179089 0.57094131008489313 1.7257867256121233 1.8605928478937128 2.014173504256175 0.48260494391433972 0.92548025085125019 4.8228364313836192 3.0217505220934986 1.0278513563389422 0.44399425134179171 0.30170057353097934 1.8963198885321615 0.22980099078267813 1.2030165383475822 12.427476853510594 0.36198332291678603
leaf_count=2451 55 471 610 2214 437 1161 141 144 76 158 90 92 434 343 133 246 664 544 229 78 1507 563 528 419 53 290 8 359 2223 204
internal_value=-0.0012366 -0.00322634 -0.00170633 -0.00945683 0.0161993 0.00325868 0.0108947 0.00595068 0.0392189 -0.00062855 0.025915 -0.0033138 -0.00511407 -0.00320408 0.00786276 0.016483 -0.0516736 -0.0160869 -0.0255533 -0.03039 -0.0180039 -0.0276892 0.0029403 0.0278806 -0.0545475 0.0253557 -0.0407866 0.00870288 0.0148023 0.0193831
internal_weight=57.7604 56.6476 55.7751 38.9259 16.8492 11.999 11.1758 10.593 3.33121 1.88755 1.49433 36.4303 35.5563 34.6668 18.6477 16.2892 2.3585 16.0191 13.0404 12.5578 10.5436 9.61813 4.4936 3.46574 5.12454 2.97872 1.0824 14.5634 13.3604 12.7895
internal_count=16925 14474 14003 11186 2817 2207 1770 1629 468 324 248 8972 8880 8446 3884 3165 719 4562 3921 3692 3148 3070 1510 982 1560 641 351 2919 2560 2427
is_linear=0
shrinkage=0.1


Tree=76
num_leaves=31
num_cat=0
split_feature=7 4 8 1 8 9 9 6 11 7 11 12 13 8 11 8 10 9 10 7 11 10 7 11 11 13 8 7 6 7
split_gain=1.07559 0.757262 0.706863 0.694062 0.675707 0.714883 0.708847 1.27478 2.01252 1.89628 1.8564 1.68039 1.48929 1.47927 1.21242 1.83014 1.88543 1.16928 1.14617 1.13982 1.17933 1.10173 0.998099 0.959037 1.16136 2.22368 1.11625 1.01474 0.8672 0.843272
threshold=0.49063869326947185 0.53705869862524935 0.85568008247624761 0.76938668386600162 0.84545539344238441 0.31634232826025221 0.44267588221540954 0.51849523866724612 0.48693910228755355 0.73039839452115807 0.20842471848081787 0.63719770829023537 0.50251382888189833 0.78466971898715621 0.20794101513952454 0.7495649301081696 0.062880331039825474 0.73440612727537535 0.30252802182167515 0.72047248604086034 0.59771651436982054 0.11785656430559922 0.62968931209535384 0.25190489485237016 0.32721317996447913 0.53404741351937368 0.75170230299409457 0.6313740504113512 0.32299958207054319 0.53131674458683931
decision_type=2 2 2 2 2 2 2 2 2 2 2 2 2 2 2 2 2 2 2 2 2 2 2 2 2 2 2 2 2 2
left_child=-1 2 3 4 5 -2 18 8 11 10 12 14 13 -9 15 16 -8 -11 22 20 29 -14 -7 26 25 -25 -16 -26 -13 -12
right_child=1 -3 -4 -5 -6 6 7 9 -10 17 19 28 21 -15 23 -17 -18 -19 -20 -21 -22 -23 -24 24 27 -27 -28 -29 -30 -31
leaf_value=0.097703101292381467 -0.086571544029107508 0.084567405129529441 -0.10023837184780848 -0.097045411129853765 0.10232570718908583 -0.09638204246840848 0.072876616935084446 -0.10083972417529562 -0.10079374432595359 -0.087460804299352213 0.10329488288246141 0.10224822559880009 -0.083255292883595067 0.10608257764087572 0.099293073287869571 0.086717528372044064 -0.061894881543538442 0.080469516359351553 -0.062946265820512298 0.086061800215236725 0.071934923379646742 0.080256039902828993 0.052381112495101884 -0.10075818436446493 -0.10053479550390723 0.070646225579971217 -0.10043498296923817 0.057801239619701662 -0.086534848252639074 -0.098690195834288869
leaf_weight=1.0783691931574129 1.0081870082649391 0.9667488485283674 0.76389709112117898 0.77897215160191891 0.61410880659241129 0.48565157473785614 1.3219940433628021 1.2883704637934004 1.6111695728905022 5.3387081104883682 0.21944094425998661 0.27492023236118202 0.45964349250425574 0.47208021581172932 3.5578759958443693 1.6130218869657253 4.8327609281695914 0.44954370564664703 1.2348842374340163 0.54590797206037667 0.53302590991370369 3.9819266767590307 6.3221702940063551 1.7389547266939174 0.43204386765137304 1.3402155073126776 0.30371026776265342 6.4087220135843381 2.117512875556713 3.5584309496334754
leaf_count=1333 739 585 684 908 66 115 172 377 597 2255 50 23 194 12 317 272 1156 92 570 73 202 560 1109 567 155 170 99 1074 1231 1168
internal_value=-0.00119565 -0.00314985 -0.00473172 -0.0033511 -0.00194929 -0.0031939 -0.00152745 -0.00669037 0.0073888 -0.028045 -0.00377288 0.014669 0.032484 -0.0453517 0.0234963 -0.008098 -0.032947 -0.0744185 0.0256907 -0.050072 -0.0673113 0.0633348 0.0417688 0.0413041 0.0248453 -0.026154 0.0835846 0.0478012 -0.0648413 -0.0869577
internal_weight=55.653 54.5746 53.6079 52.844 52.065 51.4509 50.4427 42.4 25.5529 16.8471 11.0588 23.9417 6.20202 1.76045 21.5493 7.76778 6.15475 5.78825 8.04271 4.85681 4.3109 4.44157 6.80782 13.7815 9.91994 3.07917 3.86159 6.84077 2.39243 3.77787
internal_count=16925 15592 15007 14323 13415 13349 12610 10816 5833 4983 2636 5236 1143 389 3982 1600 1328 2347 1794 1493 1420 754 1224 2382 1966 737 416 1229 1254 1218
is_linear=0
shrinkage=0.1


Tree=77
num_leaves=31
num_cat=0
split_feature=14 11 9 12 6 9 9 3 8 13 11 11 9 12 10 10 9 10 13 6 13 13 11 6 10 12 3 8 7 11
split_gain=1.08104 0.934636 1.03061 0.675161 1.47601 1.24197 1.44735 1.12892 0.874564 1.26225 0.874143 0.940608 0.96609 0.868526 1.23011 1.60392 1.2809 1.19134 1.18176 1.7257 1.17539 1.7766 1.38324 2.2561 1.20748 1.11454 1.26568 1.22006 1.1041 0.983762
threshold=2160.0000000000005 0.33365825774699864 0.46838279998027149 0.58547508372896639 0.65984351116984497 0.5227503486905335 0.66452181285428324 1.0000163150411741 0.75561110261267783 0.60677024379879241 0.3787456866805044 0.29555738365730627 0.46763181153130345 0.53112557144707584 0.27919584279128667 0.24934590793181913 0.67290590750518697 0.24718926526003301 0.45441810817222877 0.4835501073693218 0.53834034726599922 0.55605263421561835 0.30441260770971545 0.45139246338164019 0.081731485322276018 0.4613885541567973 1.0010582918509754 0.73648814895142423 0.79530162193480392 0.37314676007548425
decision_type=2 2 2 2 2 2 2 2 2 2 2 2 2 2 2 2 2 2 2 2 2 2 2 2 2 2 2 2 2 2
left_child=1 -1 -3 4 13 10 -7 -6 9 -8 11 12 -5 14 15 17 25 18 19 -2 22 29 -20 24 -24 27 -27 -16 -18 -22
right_child=3 2 -4 5 7 6 8 -9 -10 -11 -12 -13 -14 -15 16 -17 28 -19 20 -21 21 -23 23 -25 -26 26 -28 -29 -30 -31
leaf_value=0.1002771307363082 -0.10038413413300468 0.10034394901792783 -0.042845016488069494 -0.1002881413246709 0.049670365472870751 -0.10071354787615563 -0.10032435185051197 -0.10049305031707088 0.092807444025790178 0.10200552137958196 -0.10044007688114774 0.10062289250285859 0.062370053291037633 0.039951513722729405 0.065895250625462101 -0.10127937513669466 -0.10045226883937393 0.09103512591866661 -0.091949768928261844 0.078878666141807316 0.10246987961676082 -0.057330689729246133 -0.1008195515880333 -0.10100432055941605 0.091198211022046893 0.046799552606514208 -0.09998349026424487 -0.10110731089758447 0.066993216071171022 -0.10033481413129214
leaf_weight=1.8670793182391197 0.68677157774801445 0.75270863121841136 1.5131340327206997 0.69869806358474196 0.63959270516352207 3.3462659851211356 1.0461659245338526 2.3046800905140117 0.73331396729918186 0.43718772556167085 0.5248492941900621 1.342370946658775 0.76487568629090674 6.1634148353332412 7.3191807189723459 2.03742609580513 1.3513150367652986 1.1486006054328743 4.0795574469084368 2.4626649069832638 1.879081736784429 1.8313408524263648 0.39935544284526336 1.5361410161276579 1.8198687752010299 1.2429061407165138 1.1139492235088253 0.4652666991460136 0.55573571636341501 0.27407097356626753
leaf_count=2349 312 613 458 375 216 2178 869 1360 74 44 372 117 172 1161 1020 546 588 116 1278 328 182 659 70 452 190 168 282 148 113 115
internal_value=-0.00119313 0.0478898 0.00472209 -0.00540135 0.000227824 -0.0302827 -0.0591986 -0.0678726 0.00347217 -0.0406918 0.0180112 0.0401674 -0.0152816 0.00574129 -0.00123981 -0.0176802 0.0235332 -0.00711236 -0.0146435 0.0397883 -0.0291475 0.015073 -0.0516362 -0.00784236 0.0566441 0.0376725 -0.0225763 0.0559137 -0.0516568 0.0766552
internal_weight=52.3376 4.13292 2.26584 48.2046 39.3109 8.89373 5.56293 2.94427 2.21667 1.48335 3.33079 2.80594 1.46357 36.3666 30.2032 18.1549 12.0484 16.1175 14.9689 3.14944 11.8194 3.98449 7.83492 3.75537 2.21922 10.1413 2.35686 7.78445 1.90705 2.15315
internal_count=16925 3420 1071 13505 9304 4201 3165 1576 987 913 1036 664 547 7728 6567 4248 2319 3702 3586 640 2946 956 1990 712 260 1618 450 1168 701 297
is_linear=0
shrinkage=0.1


Tree=78
num_leaves=31
num_cat=0
split_feature=14 11 9 13 12 6 9 9 12 10 10 13 6 10 9 9 10 10 10 6 10 9 6 7 12 6 12 8 8 6
split_gain=0.952614 0.86933 0.910257 0.671949 0.606304 1.33648 1.12063 1.31342 0.785845 1.0713 1.60476 1.09457 1.52284 1.49395 1.28951 1.28837 1.17904 1.12171 1.22112 1.23504 1.21863 1.05895 1.00151 0.990632 0.928634 0.94755 0.899031 1.31908 1.19684 1.01343
threshold=2160.0000000000005 0.33365825774699864 0.46838279998027149 0.82774977496011637 0.58547508372896639 0.70241361807984715 0.5227503486905335 0.66452181285428324 0.53112557144707584 0.27919584279128667 0.24934590793181913 0.45441810817222877 0.4835501073693218 0.23885797507413351 0.46763181153130345 0.43953152912494825 0.15307108238872538 0.13740208866827333 0.13350106254748803 0.32299958207054319 0.013570379329668402 0.67290590750518697 0.45209618376611954 0.79530162193480392 0.53360523013147354 0.51879202258451673 0.4613885541567973 0.73648814895142423 0.6481492353402335 0.4201736281444291
decision_type=2 2 2 2 2 2 2 2 2 2 2 2 2 2 2 2 2 2 2 2 2 2 2 2 2 2 2 2 2 2
left_child=1 -1 -3 -4 5 8 -6 -8 9 10 11 12 -2 14 15 16 -13 18 19 -16 -21 26 -10 -23 -24 -26 27 -11 -28 -30
right_child=4 2 3 -5 6 -7 7 -9 22 21 -12 13 -14 -15 17 -17 -18 -19 -20 20 -22 23 24 -25 25 -27 28 -29 29 -31
leaf_value=0.10025082070461314 -0.10034760971854202 0.1003112359889401 -0.071610080313903923 0.10035202869846241 0.017600100138917867 -0.10045257830154233 -0.10064751726634436 0.003401439165035608 0.085812974495892633 0.061439359116110571 -0.10111195438901509 0.10308070613122873 0.072104500885993225 0.062385844836037242 0.09355851604724591 0.092009704133676595 -0.10075931626034107 -0.10076986304736733 0.10939882807635191 0.10150099082061013 -0.087610437692559759 -0.10040931747306457 0.096761624580961866 0.062545225697450843 0.019825823098902774 -0.10084209265974849 -0.10103923697635785 -0.10081379895389993 0.10285284869372469 -0.10056779291939547
leaf_weight=1.6898240684822661 0.62163130365662356 0.68128975632134858 1.2077951013343406 0.27989086013985787 3.0724739552242664 1.275391406714333 3.0297121855401201 2.0234328133519739 2.453954017662908 7.0613553596631373 2.0672902672959017 0.39304585196077679 2.9049128164770082 1.8194700035382982 0.55985790817067016 1.3696693921228869 1.020527019689325 3.2984475041012047 0.59435808937996615 0.38339574716519598 3.0635096163168782 1.2232168515911315 0.81922723952448029 0.53676480037393037 1.7815722718369218 1.0252511239959856 1.0350346903142056 0.53932453006564163 0.86800248781219103 0.34117023955332115
leaf_count=2349 312 613 343 115 1036 900 2178 987 329 1040 622 19 435 272 98 138 353 1245 16 54 1194 588 119 113 425 288 262 255 49 178
internal_value=-0.0012142 0.0464768 0.00458204 -0.0392574 -0.00528728 0.000137213 -0.0300254 -0.0589832 0.00372267 -0.00298248 -0.0181913 -0.0074968 0.041706 -0.0213755 -0.0356416 0.0228908 -0.0440813 -0.0562642 -0.024359 -0.0442005 -0.0665758 0.0207336 0.0364775 -0.0507109 0.00308943 -0.0242507 0.0335058 0.0499263 -0.0221073 0.0454574
internal_weight=49.0408 3.8588 2.16898 1.48769 45.182 37.0564 8.12562 5.05314 35.781 29.701 18.0961 16.0288 3.52654 12.5023 10.6828 2.78324 1.41357 7.89957 4.60112 4.00676 3.44691 11.6049 6.08 1.75998 3.62605 2.80682 9.84489 7.60068 2.24421 1.20917
internal_count=16925 3420 1071 458 13505 9304 4201 3165 8404 7243 4758 4136 747 3389 3117 510 372 2607 1362 1346 1248 2485 1161 701 832 713 1784 1295 489 227
is_linear=0
shrinkage=0.1


Tree=79
num_leaves=31
num_cat=0
split_feature=7 4 15 15 4 15 4 4 4 15 15 15 4 6 15 15 4 0 4 4 0 4 15 15 4 4 4 15 13 7
split_gain=0.914644 0.660169 1.14985 0.724182 0.610006 1.37226 0.452496 0.441327 0.41636 1.07727 0.407493 0.376043 0.345526 0.334855 0.333145 0.328543 1.39086 0.584044 0.707906 0.518985 0.813689 0.571613 0.641198 0.38994 0.716694 0.304057 0.299779 0.292652 0.284183 0.270425
threshold=0.49063869326947185 0.28724007158121173 1657.0000000000002 1804.5000000000002 0.12505564906770231 1095.5000000000002 0.42363912256324709 0.25324482261369285 0.063131172160172208 763.50000000000011 1161.5000000000002 2069.5000000000005 0.00014751373249445005 0.5960607388022513 922.50000000000011 244.00000000000003 0.007104573111091801 0.14946808510638296 0.012777661752663002 0.0029266321857703502 0.067989214175654802 0.0011655330713767503 91.500000000000014 451.50000000000006 0.022625446110189403 0.31763487981979355 0.077051155284390757 2120.5000000000005 0.47586222863864336 0.56165204039797678
decision_type=2 2 2 2 2 2 2 2 2 2 2 2 2 2 2 2 2 2 2 2 2 2 2 2 2 2 2 2 2 2
left_child=-1 2 4 -3 5 8 11 -4 9 12 -6 25 -2 29 -10 19 -17 -18 -19 20 21 22 -14 -20 -25 -5 -16 -8 -9 -12
right_child=1 3 7 6 10 -7 27 28 14 -11 13 -13 15 -15 26 16 17 18 23 -21 -22 -23 -24 24 -26 -27 -28 -29 -30 -31
leaf_value=0.097323835527833427 -0.086580367682410772 0.071548081515543108 -0.10021748579435633 -0.081479005495718265 0.08108997076597757 -0.089939315031985309 0.061618268840124869 0.034336869577760755 0.050954772831017493 -0.083950111220655502 -0.091756976503683654 -0.084259101063556954 0.026184734409391421 -0.032993085242837915 -0.09939004293353966 -0.096499441627361043 0.072691505531028974 -0.072306153184676383 0.054890988942285814 0.060158584923410155 -0.077638347020859366 0.077446787566015418 -0.080357032891490793 -0.080289871316987491 0.015070247443253266 0.011234026618660631 0.010099482736788089 -0.0013178267776546024 -0.066564239145887646 0.027227227382505562
leaf_weight=0.92274826799984921 0.4836889107246084 2.1746562852058542 1.7901244872628006 0.41756979572528585 0.97546867531491344 2.0432091287511858 1.6422454222338276 0.51574420192628145 2.1830712611554182 1.8259278162149701 0.19819005782483134 0.7181889263447373 1.9132399396621655 1.3316416085290255 0.28713013343804084 1.6450691453792377 1.0795545145228951 1.3237136983225353 1.3909468993369953 1.9169948710477909 1.0857544090540612 1.2067769394197965 0.80151936266338442 1.0039292440342249 3.6665974704665132 2.3137508472427726 1.9372706261638084 1.3431038917042313 0.60841402091318741 5.2764567832200555
leaf_count=1333 213 906 1882 157 393 1792 399 98 467 1264 46 286 299 429 160 744 173 547 330 362 368 158 219 556 1060 364 424 165 223 1108
internal_value=-0.00123292 -0.0032494 -0.00912618 0.0216586 -0.00389642 -0.0112998 0.00479854 -0.0693795 -0.00453475 -0.0108547 0.0206436 -0.0198708 -0.00323581 0.0119805 0.0232027 -0.000869218 -0.0123627 0.00398871 -0.00605415 0.0159119 -0.00102755 0.0201837 -0.0052712 0.00841406 -0.0054274 -0.00294013 -0.00403365 0.0333034 -0.0202726 0.0229198
internal_weight=46.0227 45.0999 36.4904 8.60952 33.5762 25.7944 6.43486 2.91428 23.7512 19.3437 7.78176 3.44951 17.5178 6.80629 4.40747 17.0341 10.1098 8.46474 7.38519 6.92429 5.00729 3.92154 2.71476 6.06147 4.67053 2.73132 2.2244 2.98535 1.12416 5.47465
internal_count=16925 15592 13315 2277 11112 9136 1371 2203 7344 6293 1976 807 5029 1583 1051 4816 3410 2666 2493 1406 1044 676 518 1946 1616 521 584 564 321 1154
is_linear=0
shrinkage=0.1


Tree=80
num_leaves=31
num_cat=0
split_feature=7 13 12 12 9 8 6 9 9 6 9 6 11 12 10 3 9 8 8 7 12 8 10 8 6 12 8 7 13 11
split_gain=0.81767 0.595292 1.07825 0.863159 1.20948 1.20232 1.02575 0.966675 1.15398 0.926996 1.12205 1.00151 0.886781 1.14631 1.1229 0.857255 0.769861 0.711638 1.73132 1.4656 1.30141 1.13114 0.877847 1.17524 1.06444 0.906825 0.890872 0.96731 0.673542 0.65042
threshold=0.49063869326947185 0.59933902257604954 0.56003203341322993 0.5626760294562706 0.52307731876671115 0.75561110261267783 0.64433494122081492 0.48910496584612079 0.36222059666209022 0.6199196593005557 0.66884279691169735 0.60226096634056059 0.095411007887807611 0.53112557144707584 0.039727736158101302 1.0000001136767176 0.66452181285428324 0.55388079465643625 0.61124497061499716 0.65326994756330292 0.4613885541567973 0.62816990092727221 0.32752346565290508 0.6428806358750182 0.49941234848884231 0.51225093105533237 0.73905072173650976 0.86496133237185024 0.58171428314754181 0.17369360401970549
decision_type=2 2 2 2 2 2 2 2 2 2 2 2 2 2 2 2 2 2 2 2 2 2 2 2 2 2 2 2 2 2
left_child=-1 3 -3 6 7 -6 9 8 -5 11 -11 12 14 17 -2 -8 -7 20 -19 21 -14 -20 23 -21 -24 26 29 -28 -15 -25
right_child=1 2 -4 4 5 16 15 -9 -10 10 -12 -13 13 28 -16 -17 -18 18 19 22 -22 -23 24 25 -26 -27 27 -29 -30 -31
leaf_value=0.096337141157369521 0.10133200332791246 -0.0072877480747092277 0.092073235480324533 0.049884342161964086 -0.097936708345523399 -0.056002500703708449 0.050448142138820366 0.07833990044862843 -0.098045488888053742 0.086503320554006169 -0.10056306753083227 -0.093899197358298325 0.080963953497408564 0.078950116497493131 -0.1007497220884816 -0.091140414911277459 0.090796142586180947 -0.10061148943369402 0.10269410013967034 -0.1008041953065761 -0.10085771909409705 -0.099163865476694771 0.081740869523888732 -0.10044863857204477 -0.10037295216240079 -0.10055236024565839 -0.10060680963635259 0.068992732278532559 -0.10057842456079982 0.048502378622399978
leaf_weight=0.843068907270207 0.3382506633643193 2.8450978797482085 1.7726324253017081 0.96277490358624973 3.5645405894028954 0.79140370315872111 0.54605272316257414 1.2984444811881983 1.1659601534047395 2.381647657603025 0.37052596017019812 1.082550590741447 2.2044405984925173 2.9015649412758644 1.4697873771365264 1.9715180827915899 0.65120785339968279 1.7655430764716609 0.32430111942812745 0.99756406788946961 0.47924094679183316 1.927829651525826 2.9352918423246588 0.3088959382439479 0.36034983384888608 0.63611434548511159 1.0196100565372033 0.50179641318391066 0.22519568630377751 5.7553733758977614
leaf_count=1333 54 1241 778 313 2862 544 175 239 738 211 181 373 283 468 541 1638 74 689 22 364 152 678 534 134 234 284 473 147 96 1072
internal_value=-0.00120551 -0.00309357 0.0308545 -0.00711955 -0.035434 -0.0667631 0.000709529 0.010338 -0.0311404 0.00620959 0.0613185 0.000199 0.00441686 0.00986779 -0.0629439 -0.0604303 0.0102637 0.000731051 -0.00702227 0.00416716 0.048495 -0.0700968 0.0175313 0.00169646 0.0618283 0.014133 0.0237503 -0.0446688 0.0660201 0.0409153
internal_weight=44.3986 43.5555 4.61773 38.9378 8.43433 5.00715 30.5034 3.42718 2.12874 27.9859 2.75217 25.2337 24.1511 22.3431 1.80804 2.51757 1.44261 19.2164 16.5327 14.7671 2.68368 2.25213 12.515 9.21935 3.29564 8.22179 7.58568 1.52141 3.12676 6.06427
internal_count=16925 15592 2019 13573 4770 3480 8803 1290 1051 6990 392 6598 6225 5630 595 1813 618 5066 4631 3942 435 700 3242 2474 768 2110 1826 620 564 1206
is_linear=0
shrinkage=0.1


Tree=81
num_leaves=31
num_cat=0
split_feature=14 11 13 14 11 11 10 6 7 7 7 13 6 12 12 11 12 8 10 12 12 12 11 12 12 11 13 12 7 13
split_gain=0.802113 0.5907 0.602097 0.573126 0.533232 0.605527 1.42163 1.0402 0.958504 1.27302 1.2237 1.04751 1.21071 0.961033 1.1376 1.00461 0.954057 1.6809 1.67645 1.24481 1.16838 1.52608 1.09619 0.829756 0.869129 0.807438 1.27032 0.916057 0.775646 0.755683
threshold=2061.0000000000005 0.6182870349045777 0.80462309747716187 2206.5000000000005 0.60696008545841917 0.36792074694442406 0.24881804604016433 0.45430188335785915 0.79798595170398412 0.7601883635990675 0.743623653757152 0.59933902257604954 0.38283385605473003 0.4076487208529736 0.34126802294669806 0.047814392017713807 0.29099160089002513 0.6621584156201229 0.24881804604016433 0.80991986765392321 0.4547399161017846 0.53360523013147354 0.18105640862409098 0.26081459927409106 0.64976602159734465 0.49081747849687873 0.57704711752489468 0.3057868842983924 0.8397874709811135 0.40220611367949993
decision_type=2 2 2 2 2 2 2 2 2 2 2 2 2 2 2 2 2 2 2 2 2 2 2 2 2 2 2 2 2 2
left_child=-1 2 3 4 5 8 7 -7 9 10 11 12 -2 14 15 -10 18 19 -14 29 -19 -22 -23 -11 -25 27 -27 -9 -16 -18
right_child=1 -3 -4 -5 -6 6 -8 25 13 23 -12 -13 16 -15 28 -17 17 20 -20 -21 21 22 -24 24 -26 26 -28 -29 -30 -31
leaf_value=0.10004777225183314 0.064897306091088222 -0.1002993154873445 0.10021399248961474 -0.10017829810308553 0.10186479417906347 0.056267925320071605 -0.081467825500863067 0.050216099241833824 0.10120507623591349 -0.10037475201554547 -0.10044660446654566 0.10122402757229432 -0.10065539083671443 -0.089357176483048695 -0.10040822658130644 -0.10046690944353305 0.070018903853866096 -0.10043002576266023 0.056885669046358001 0.10560747090464234 0.090749304997392102 -0.10060782593382822 0.026805206064506371 0.080193808878302866 -0.10034469828667143 -0.10068025164779307 0.10123570748761744 -0.1006184537680454 0.08825242403743655 -0.10070354021031994
leaf_weight=0.76755995217536011 2.5340793972136622 0.61623179470188816 0.57205895136576046 0.5991423331288378 0.49159723764751007 2.2516158546204661 3.0287390655576019 0.52092128913500424 0.30642618163255919 0.30935696419328351 1.1236588616884535 1.1098563310224552 0.82539577657007512 2.0033783836261136 0.25961256943992328 1.2737516859924651 0.27832397277233933 0.84515721701609425 3.7185951625287998 0.35752148600295175 2.1353146827605087 1.0774786727415633 1.8087786739342844 4.2570822330308147 0.28447026124922548 0.47906775775481925 0.89122457406483591 1.7733342540304873 1.3570302601729052 3.7879836812935537
leaf_count=2451 368 471 409 733 51 481 1465 169 54 175 684 255 344 1674 95 805 50 437 553 12 292 468 318 704 236 319 170 953 160 1569
internal_value=-0.00123185 -0.0031336 -0.00164638 -0.00311456 -0.00162683 -0.00294492 -0.02575 0.00277432 0.00393423 0.0122252 0.00087481 0.00703607 0.00101745 -0.0350526 -0.00102103 -0.0613589 -0.00989468 -0.0267466 0.028269 -0.0732891 0.00834896 0.026657 -0.0207598 0.0580912 0.0688854 -0.0300939 0.0306439 -0.0663708 0.0579559 -0.0890182
internal_weight=41.6447 40.8772 40.261 39.6889 39.0898 38.5982 8.9449 5.91616 29.6533 24.4531 19.6021 18.4785 17.3686 5.2002 3.19682 1.58018 14.8345 10.2906 4.54399 4.42383 5.86673 5.02157 2.88626 4.85091 4.54155 3.66455 1.37029 2.29426 1.61664 4.06631
internal_count=16925 14474 14003 13594 12861 12810 3557 2092 9253 6465 5350 4666 4411 2788 1114 859 4043 3146 897 1631 1515 1078 786 1115 940 1611 489 1122 255 1619
is_linear=0
shrinkage=0.1


Tree=82
num_leaves=31
num_cat=0
split_feature=14 11 13 14 7 6 10 6 10 7 13 10 13 12 11 11 12 12 10 12 14 11 8 11 8 9 7 11 8 9
split_gain=0.725727 0.534408 0.544606 0.51857 0.497195 0.52317 1.68421 1.45817 1.10379 1.20902 2.21627 0.930865 0.890136 1.02777 1.03262 0.876076 1.24825 0.990105 0.848889 0.796247 0.794036 0.730171 0.723213 0.699181 0.674763 0.616593 0.606084 0.600944 0.857324 0.955865
threshold=2061.0000000000005 0.6182870349045777 0.80462309747716187 2206.5000000000005 0.49063869326947185 0.45209618376611954 0.32752346565290508 0.47669605460715475 0.30252802182167515 0.73039839452115807 0.50497752568804366 0.29752723074778514 0.45441810817222877 0.39152001157011135 0.14618391078778634 0.21631192568892588 0.54704942233643439 0.44666311799658337 0.022972166370375805 0.62715863291699059 2160.0000000000005 0.34367427059838779 0.78724116867222393 0.48693910228755355 0.65523746053932219 0.79460066279039931 0.71845381525801566 0.37598125578327329 0.56050666849844888 0.49359878873050139
decision_type=2 2 2 2 2 2 2 2 2 2 2 2 2 2 2 2 2 2 2 2 2 2 2 2 2 2 2 2 2 2
left_child=-1 2 3 4 -2 6 15 -7 11 10 -10 12 22 18 -15 16 -6 23 -14 -18 -20 -12 -9 27 26 -8 -19 28 -17 -30
right_child=1 -3 -4 -5 5 7 25 8 9 -11 21 -13 13 14 -16 17 19 24 20 -21 -22 -23 -24 -25 -26 -27 -28 -29 29 -31
leaf_value=0.10004322792046777 0.10187211923746697 -0.10027088193706142 0.10019362161038765 -0.10016134412848904 -0.10078832206575923 -0.092851813435266023 0.082136079795053496 0.057878487606143773 -0.10082960312579246 -0.10038216130503802 0.086159663495846375 0.0900667768822494 0.10109025929299714 -0.10035598710330761 0.019239712478184207 0.10191588639683398 0.10225513659845215 0.086544326112145908 0.10032217863858453 -0.071081498858243816 -0.10058472653732381 -0.060853773814607992 -0.10050545518974011 -0.10079243388202011 -0.10054588684068047 -0.100363788890695 -0.10039931418436265 0.10188126191643698 0.078235742977777079 -0.072680696176788073
leaf_weight=0.69454690902784832 0.45818299648817529 0.55773966212291171 0.51772023466764849 0.54221349986619216 1.9592294858884982 2.0320198093249955 3.3375152970693303 3.3867770191718622 1.4737977676559233 2.1685952340922086 1.7605670420161916 1.3237598307896394 0.27756477193906759 0.80883043140784128 6.7214983399753692 0.88933182315668124 0.65654083772096761 0.50382534918026056 0.21528831578325558 0.44439180687186308 2.2809624352958049 0.41806260391604144 0.3151247030327794 0.33656304876785714 1.0740141325659349 0.196000643481966 0.26445435799541883 1.4163087635533882 0.65864172612782557 1.1567866048426365
leaf_count=2451 67 471 409 733 702 1271 541 702 654 1454 329 184 54 583 2361 87 72 120 79 361 1230 162 166 99 596 123 129 150 68 517
internal_value=-0.00125882 -0.00310298 -0.00166143 -0.00308368 -0.00164294 -0.00295762 0.0131899 -0.0119384 -0.0041648 -0.041237 -0.00612011 0.00991223 0.00233655 -0.0127739 0.00639397 -0.00901634 -0.0529125 0.012306 -0.0648106 0.0322877 -0.0832576 0.0579489 0.044396 0.037792 -0.0493599 0.072013 0.0221953 0.04911 0.0214771 -0.0179279
internal_weight=38.8469 38.1523 37.5946 37.0768 36.5346 36.0765 12.8936 23.1828 21.1508 5.82102 3.65243 15.3298 14.006 10.3041 7.53033 9.36009 3.06016 6.29993 2.77382 1.10093 2.49625 2.17863 3.7019 4.45763 1.84229 3.53352 0.76828 4.12107 2.70476 1.81543
internal_count=16925 14474 14003 13594 12861 12794 3565 9229 7958 2599 1145 5359 5175 4307 2944 2901 1135 1766 1363 433 1309 491 868 921 845 664 249 822 672 585
is_linear=0
shrinkage=0.1


Tree=83
num_leaves=31
num_cat=0
split_feature=14 11 13 11 11 7 7 7 7 9 12 10 12 12 11 9 8 11 10 6 7 6 9 9 7 10 11 3 7 10
split_gain=0.656333 0.483722 0.492391 0.48536 0.566913 1.10166 0.890026 1.10103 1.03441 0.84425 0.824477 0.946137 0.799964 0.997887 0.832299 0.755832 0.979669 0.961486 0.806581 1.27658 0.92716 0.854722 1.16534 0.740023 0.982613 0.669833 0.825806 0.73402 0.834171 0.640123
threshold=2061.0000000000005 0.6182870349045777 0.80462309747716187 0.60696008545841917 0.36792074694442406 0.8397874709811135 0.79798595170398412 0.7601883635990675 0.743623653757152 0.46763181153130345 0.72575068183327041 0.16303270701022246 0.4076487208529736 0.34126802294669806 0.047814392017713807 0.72722567328081011 0.55680014795760158 0.33272200904385529 0.20218222550445653 0.56667289071127336 0.69969784422501469 0.54688403191446966 0.53685906289421581 0.54082881110876968 0.78647405022582217 0.052977656960284954 0.41653778475965059 1.0000338291605451 0.72914783083486812 0.09192859159907936
decision_type=2 2 2 2 2 2 2 2 2 2 2 2 2 2 2 2 2 2 2 2 2 2 2 2 2 2 2 2 2 2
left_child=-1 2 3 4 6 25 7 8 9 10 11 -2 13 14 -8 16 -11 18 19 -18 29 -20 -23 -9 -25 -6 -27 -28 -29 -21
right_child=1 -3 -4 -5 5 -7 12 23 -10 15 -12 -13 -14 -15 -16 -17 17 -19 21 20 -22 22 -24 24 -26 26 27 28 -30 -31
leaf_value=0.10003911304742377 0.048618270971000091 -0.10024514565327863 0.10017519011472882 0.10165548391562365 0.070614630248213725 0.039236174936221613 0.10098639311123281 0.087732787066350737 -0.1003766824304414 0.083183534285198285 0.083571501808581472 -0.10056930419151462 -0.087636835680426878 0.056865557778324541 -0.10038660295540941 -0.10027475922815486 -0.10056128284969459 -0.10045934208451822 0.053524417592612838 -0.10026874673042414 -0.1005790260409138 0.10145728308050339 -0.087348059205679396 -0.10051358620721769 0.063484218557242192 -0.10048972736645814 -0.10047090860081268 0.038452104447756014 -0.10024786535095227 0.10436432983783391
leaf_weight=0.62847656328813073 0.55139801057522664 0.50478669394215003 0.46853445004671712 0.43733717047143628 0.44331070370389891 1.8966018755745606 0.251396164298057 2.7502230121172024 0.96830039725318684 2.1323697339103065 0.43244041886646289 1.8558780954626852 1.864494944551552 1.3894240892841478 1.118075787919224 0.53303200856316912 1.30779255533707 0.74675522439065467 5.5886826463975012 0.17870720868813794 0.39883111357630685 0.46819926169700909 1.083279719299753 0.58801573535311014 0.9648004607151961 2.4814249026749167 0.90945928367000339 1.806693396472838 0.57054666169278778 1.0571781123289836
leaf_count=2451 185 471 409 51 203 635 54 509 684 334 92 744 1958 255 852 410 765 311 1000 102 146 71 541 332 306 1302 599 586 475 92
internal_value=-0.00126645 -0.00304748 -0.00165532 -0.00302733 -0.00436062 -0.0274712 0.00278335 0.0113046 4.7093e-05 0.00600014 -0.0435595 -0.0663972 -0.0370378 -0.00284239 -0.0634202 0.016429 0.0212282 0.00902891 0.017138 -0.0269207 0.0319926 0.0352948 -0.0303711 0.0565718 0.00138203 -0.0478396 -0.0569434 -0.0240664 0.00516358 0.0747747
internal_weight=36.3764 35.748 35.2432 34.7746 34.3373 8.10804 26.2293 21.6059 17.3028 16.3345 2.83972 2.40728 4.62339 2.7589 1.36947 13.4948 12.9618 10.8294 10.0827 2.94251 1.63472 7.14016 1.55148 4.30304 1.55282 6.21143 5.76812 3.2867 2.37724 1.23589
internal_count=16925 14474 14003 13594 13543 3800 9743 6624 5477 4793 1021 929 3119 1161 906 3772 3362 3028 2717 1105 340 1612 612 1147 638 3165 2962 1660 1061 194
is_linear=0
shrinkage=0.1


Tree=84
num_leaves=31
num_cat=0
split_feature=14 4 2 0 4 0 8 14 13 12 13 8 12 9 8 9 9 6 12 10 6 6 9 9 11 11 9 8 7 8
split_gain=0.593929 0.459495 1.24582 0.364412 0.427115 0.302453 0.28838 0.287129 0.383379 0.459272 0.38935 0.370926 0.383376 0.569551 0.617361 0.577714 0.51304 0.480198 0.505935 0.665385 0.617684 0.546795 0.515987 0.47234 0.559473 1.05235 0.757244 0.635054 0.608574 0.565441
threshold=2061.0000000000005 0.20085286428457097 0.60667950325255271 0.71563342318059309 0.27288452781462674 0.78221343873517801 0.85568008247624761 2206.5000000000005 0.59933902257604954 0.56003203341322993 0.58032380187506794 0.83046387380340081 0.57449022050411302 0.52307731876671115 0.75561110261267783 0.66452181285428324 0.48910496584612079 0.70314792776478752 0.53112557144707584 0.30753410655989039 0.50403530528813867 0.6199196593005557 0.69498292147570062 0.64114729607543952 0.21631192568892588 0.25442095278257798 0.47597577189439538 0.65696607087989767 0.8793430560866714 0.79080476598780425
decision_type=2 2 2 2 2 2 2 2 2 2 2 2 2 2 2 2 2 2 2 2 2 2 2 2 2 2 2 2 2 2
left_child=-1 2 6 -3 5 -5 7 8 10 -10 11 12 17 16 -15 -16 -14 18 21 -20 -21 23 -23 24 28 -26 27 -27 29 -2
right_child=1 3 -4 4 -6 -7 -8 -9 9 -11 -12 -13 13 14 15 -17 -18 -19 19 20 -22 22 -24 -25 25 26 -28 -29 -30 -31
leaf_value=0.10003539441329655 -0.10058183215118924 0.050692907388729724 -0.094155189334041559 -0.0053584219599256888 0.016042282689139552 -0.093287865355876645 -0.10014711120268352 -0.10014004032875533 -0.00016774110784979686 0.10087983134405794 -0.10035659722812945 0.080837445092820301 -0.043413245898916063 -0.1002722655636059 -0.10025542610202168 0.094205088973679255 0.074906012463570412 -0.10026513447722417 0.096645529891950924 0.1020338671197917 -0.10034493431016137 0.061559948424543133 -0.10023357686624257 0.018759527152668605 0.067141964362058618 -0.10054675458253118 -0.081851663061278848 0.062913623948237088 0.064337110341692511 0.10192508220670247
leaf_weight=0.56868918769759957 1.9276033787901017 2.186931910517159 1.6672155721680599 0.95801022931118296 6.6108903766144067 0.66117130411294056 0.31007075492379854 0.29997180503414611 1.0823807023116376 0.76962773074046698 0.42608842144545533 0.50520796910859544 0.76176353944174413 1.5809445958584549 0.2547339072334579 0.38168803323060274 0.70622320455731824 0.45038040583313055 1.219608575920575 0.23441087943501759 0.42287787803797983 1.8294715578085736 0.22091570231714275 3.2418427450174931 1.3449505728785878 0.32106921757804252 1.7443081557867115 0.915071107854601 0.30893772741546843 0.14850466605275858
leaf_count=2451 736 452 2502 239 1734 617 430 414 353 283 282 108 438 1554 224 31 124 439 183 18 212 341 157 1101 282 120 799 135 155 11
internal_value=-0.00130289 -0.00302356 -0.0108932 0.0144094 0.00476801 -0.0412632 -0.00440914 -0.00300214 -0.00160115 0.041824 -0.00584591 -0.00367157 -0.00604148 -0.0348072 -0.0667938 0.0163704 0.0135081 0.00135643 0.00465397 0.0529352 -0.02817 -0.00289593 0.0441278 -0.0125838 -0.0277259 -0.00628472 -0.0394191 0.0204572 -0.0666106 -0.0860964
internal_weight=34.0616 33.4929 23.0759 10.417 8.23007 1.61918 21.4087 21.0986 20.7986 1.85201 18.9466 18.5205 18.0153 3.68535 2.21737 0.636422 1.46799 14.33 13.8796 1.8769 0.657289 12.0027 2.05039 9.95229 6.71044 4.3254 2.98045 1.23614 2.38505 2.07611
internal_count=16925 14474 11432 3042 2590 856 8930 8500 8086 636 7450 7168 7060 2371 1809 255 562 4689 4250 413 230 3837 498 3339 2238 1336 1054 255 902 747
is_linear=0
shrinkage=0.1


Tree=85
num_leaves=31
num_cat=0
split_feature=14 11 7 9 9 7 7 7 13 6 12 8 10 12 12 12 11 9 8 8 11 6 9 6 6 9 14 3 13 12
split_gain=0.536755 0.445002 0.782589 0.991331 0.793048 0.72927 0.928908 0.906569 0.718551 0.818526 0.744601 1.24855 1.1765 1.03407 0.911328 1.11691 0.819187 0.717361 0.643591 0.724895 0.732882 0.636599 0.633781 0.673236 0.584957 0.781724 0.576814 0.573511 0.561734 0.554572
threshold=2061.0000000000005 0.37006729163394053 0.8397874709811135 0.46763181153130345 0.42939568948298706 0.79798595170398412 0.7601883635990675 0.743623653757152 0.59933902257604954 0.38283385605473003 0.29099160089002513 0.6621584156201229 0.24881804604016433 0.80991986765392321 0.4547399161017846 0.53360523013147354 0.18105640862409098 0.67615019767979689 0.68616705611168272 0.65109646683643574 0.069276162264539323 0.62845986103423523 0.51848035264230796 0.51849523866724612 0.35493126990944657 0.62222206458476859 2160.0000000000005 1.0491599199686514 0.40220611367949993 0.53112557144707584
decision_type=2 2 2 2 2 2 2 2 2 2 2 2 2 2 2 2 2 2 2 2 2 2 2 2 2 2 2 2 2 2
left_child=-1 5 3 4 -3 6 7 8 9 24 12 13 -11 28 -13 -16 -17 -5 19 20 -7 -6 -8 -24 25 -2 -22 -18 -12 -19
right_child=1 2 -4 17 21 18 22 -9 -10 10 11 14 -14 -15 15 16 27 29 -20 -21 26 -23 23 -25 -26 -27 -28 -29 -30 -31
leaf_value=0.10003202547539114 -0.10079798413294394 -0.072020551372263458 0.032203731170183575 -0.10041154032018917 0.10141569236207104 0.10070431613699377 0.096692014948634969 -0.10032467783570016 0.085360906945099568 -0.10050134113754057 0.062396077722509151 -0.10033594354055538 0.054047076361243188 0.10481407174363627 0.087580901588283022 -0.10046287277556239 0.056029517281236479 -0.10025890603476813 -0.10023324153087779 0.055059946681980491 0.039153068834021233 -0.03483652997087517 0.051655234956327123 -0.078443385063647508 0.10172051676665533 0.1009749450295736 -0.10037214838446962 -0.098030988307117206 -0.1005565480723259 0.0323085485044525
leaf_weight=0.51458770675526366 0.42148347024340482 0.73676067133055623 1.9659074471419442 2.6394514461135259 0.99433846608735599 0.29238263808656473 1.9208469278528348 0.83214874968689478 1.083046334184474 0.58979264492518213 0.22807071037823234 0.66951590531243699 2.9879396021424327 0.30251274351030577 1.6854072457063014 0.81076954906166099 1.1813133174000539 0.47491033915139247 1.0806386678232227 1.0914146929499109 0.37766451039351556 0.52341379760764539 1.467634333719616 0.54564122448209662 1.2509702087263574 0.35267829895019531 1.3752936851524276 0.30377026158384968 2.9200448301126016 0.94047559147293214
leaf_count=2451 150 592 751 1934 192 107 364 684 554 344 50 457 553 12 292 468 222 351 1329 537 106 173 470 372 151 67 1093 96 1596 407
internal_value=-0.00128892 -0.0029159 -0.0228881 -0.0400539 0.0131051 0.0040369 0.0121714 0.00123272 0.00694781 0.00075084 -0.00942592 -0.0262055 0.0285696 -0.0717815 0.00760954 0.0257624 -0.0196192 -0.0696107 -0.0336779 -0.010749 -0.0458653 0.0544276 0.0556006 0.0163957 0.0594412 -0.00887801 -0.0703123 0.0245168 -0.0887512 -0.0121724
internal_weight=32.5608 32.0462 8.27526 6.30935 2.25451 23.771 19.5536 15.6195 14.7873 13.7043 11.6791 8.1014 3.57773 3.45063 4.65078 3.98126 2.29585 4.05484 4.21739 3.13676 2.04534 1.51775 3.93412 2.01328 2.02513 0.774162 1.75296 1.48508 3.14812 1.41539
internal_count=16925 14474 4400 3649 957 10074 6902 5696 5012 4458 4090 3193 897 1658 1535 1078 786 2692 3172 1843 1306 365 1206 842 368 217 1199 318 1646 758
is_linear=0
shrinkage=0.1


Tree=86
num_leaves=31
num_cat=0
split_feature=14 11 9 13 13 14 13 12 9 6 8 9 13 12 10 6 7 13 13 9 10 7 13 13 11 7 13 8 7 9
split_gain=0.502073 0.565345 0.626758 0.41652 0.382011 0.379531 0.466448 0.539014 1.10883 0.811841 0.651778 0.767796 0.558001 0.615077 0.587314 1.07127 0.539315 0.523837 0.890383 0.612522 0.583303 0.862118 0.770663 0.715856 0.744919 0.698628 0.594355 0.533005 0.841313 0.925742
threshold=2160.0000000000005 0.33365825774699864 0.46838279998027149 0.82774977496011637 0.74907271340972936 2206.5000000000005 0.59933902257604954 0.57449022050411302 0.52307731876671115 0.70314792776478752 0.75561110261267783 0.66452181285428324 0.58032380187506794 0.53112557144707584 0.30753410655989039 0.50403530528813867 0.79530162193480392 0.45243152464248199 0.46122121713600123 0.70626561355399942 0.23885797507413351 0.78647405022582217 0.53834034726599922 0.49110923167517645 0.20189887560442463 0.83798378347311775 0.48794791493790707 0.56117838094774342 0.66900791920019342 0.65200779707407674
decision_type=2 2 2 2 2 2 2 2 2 2 2 2 2 2 2 2 2 2 2 2 2 2 2 2 2 2 2 2 2 2
left_child=1 -1 -3 4 -4 6 7 9 16 12 -10 -12 13 17 -15 -16 -9 19 -19 -2 22 26 23 24 -20 -24 -22 -28 -29 -30
right_child=5 2 3 -5 -6 -7 -8 8 10 -11 11 -13 -14 14 15 -17 -18 18 20 -21 21 -23 25 -25 -26 -27 27 28 29 -31
leaf_value=0.10018487987124183 0.045590003764176157 0.10023048099882677 0.10007096421060241 0.10022454378351592 -0.10056661204252081 -0.10012422724344922 0.068183641808000836 0.041876933244478505 -0.10040004309294624 -0.10032966262380108 -0.10027878643728227 0.086116785917549912 -0.1002910347281884 0.088160424246654129 0.10142978718903783 -0.10043149503834717 -0.1001583201000365 -0.10057174827567653 -0.10040473106826851 -0.10024533614092208 -0.10038523694227944 0.079564208760649902 0.049482788435332742 -0.10044592673414943 0.04026392924101363 -0.1002538587759253 0.074154441824242467 -0.10061481046949389 0.040345970335960907 -0.10046728534824284
leaf_weight=0.99618934356840627 3.4570780543727113 0.44421927315124754 0.10994869889691472 0.1675796476774849 0.69318560179090127 0.413930073256778 0.87519457205780682 1.8267480649519705 2.2801452850908395 0.76161273385514405 0.40869200640008774 0.48117656438262202 0.49317815284302824 1.6809556485386559 0.48961042833980151 0.56777804193552583 0.31316029459412664 0.97849806773592618 0.57679920934606199 0.31417603469162703 0.55289360803726584 1.6916295891860498 1.6894684895378307 1.7350741133705012 1.0838388162665067 0.38205889133678272 1.0001540385419501 0.78008334239712018 2.6194587439822503 0.56813969956419885
leaf_count=2349 894 613 156 115 187 752 196 633 2518 825 506 74 373 354 69 337 373 533 452 306 360 497 526 1053 273 267 161 337 568 268
internal_value=-0.00131166 0.0424758 0.00184549 -0.0431776 -0.0730994 -0.00507936 -0.00365432 -0.00600623 -0.0345277 0.00106329 -0.072073 0.000510458 0.0048009 0.0073708 0.0514296 -0.00696217 0.0210911 0.000448668 -0.00866105 0.0334407 -0.00156821 0.0171059 -0.026203 -0.0555273 -0.00859535 0.0218663 -0.00203221 0.00891396 -0.00753155 0.0152482
internal_weight=30.4327 2.41112 1.41493 0.970714 0.803134 28.0215 27.6076 26.7324 5.30992 21.4225 3.17001 0.889869 20.6609 20.1677 2.73834 1.05739 2.13991 17.4294 13.6581 3.77125 12.6796 7.21236 5.46724 3.39571 1.66064 2.07153 5.52073 4.96784 3.96768 3.1876
internal_count=16925 3420 1071 458 343 13505 12753 12557 4104 8453 3098 580 7628 7255 760 406 1006 6495 5295 1200 4762 2191 2571 1778 725 793 1694 1334 1173 836
is_linear=0
shrinkage=0.1


Tree=87
num_leaves=31
num_cat=0
split_feature=4 1 7 8 6 10 6 10 13 7 3 11 8 11 8 13 9 6 12 6 12 11 7 11 9 13 13 14 9 11
split_gain=0.460597 0.394941 0.352266 0.340829 0.329768 1.08342 0.900729 0.687648 0.774416 1.21651 0.745469 1.56869 0.613268 0.744983 0.720894 0.609799 1.07781 0.60446 0.561438 0.61797 0.550056 0.544768 0.504954 0.48613 0.563933 0.524878 0.522966 0.460516 0.423072 0.404773
threshold=0.47045312638461473 0.75023068907174728 0.49063869326947185 0.85568008247624761 0.45209618376611954 0.31582072029850017 0.47326978149872218 0.30252802182167515 0.50497752568804366 0.73039839452115807 1.0000001136767176 0.17369360401970549 0.79527684815264998 0.21631192568892588 0.7186555938850796 0.55519783241183907 0.43409696380853996 0.48835807365009809 0.35969549053399347 0.56667289071127336 0.47527415292319741 0.34367427059838779 0.79312154489413489 0.41151855358251804 0.69885092023475603 0.60677024379879241 0.5544401927682906 2160.0000000000005 0.79460066279039931 0.48693910228755355
decision_type=2 2 2 2 2 2 2 2 2 2 2 2 2 2 2 2 2 2 2 2 2 2 2 2 2 2 2 2 2 2
left_child=1 2 -1 4 5 12 27 10 -9 21 11 -8 13 -4 20 16 18 -18 -12 -20 29 -10 -21 24 26 -25 -13 -6 -7 -15
right_child=-2 -3 3 -5 6 28 7 8 9 -11 15 23 -14 14 -16 -17 17 -19 19 22 -22 -23 -24 25 -26 -27 -28 -29 -30 -31
leaf_value=0.094257120383845067 0.055302320277978004 -0.086512712803110112 -0.072806924182259244 -0.10013865416093473 0.1003113460407401 0.078653841488425275 -0.10023550504580148 -0.099101812191566441 0.074374686798108131 -0.089826870785245649 -0.10068997759012357 0.091047680352225241 0.10119161518997451 0.057706770357766238 -0.10035250180038102 0.02859675240648395 0.08144200289886272 -0.099902088283927243 -0.10098181207202206 0.092390009986645108 -0.039733282153426558 -0.064371177804226451 -0.10011919370537617 -0.10025917116794261 -0.10028675544623787 0.10125576048499481 -0.10013636431450529 -0.10036402967590029 -0.10029150430235319 -0.10029500944455672
leaf_weight=0.37150557033602183 1.3661901934319747 0.5706934797053681 1.7277508124243519 0.36220282525755365 0.12453605626069464 2.3770524897990986 0.70068220689426919 1.3879858078144014 1.3443451244529572 1.0979891440438221 0.32568057490425406 3.3861757023187247 0.46881431742804114 2.3677622844406878 0.55759663894423273 2.2591180301824352 0.2022084150812592 2.0197339759179158 0.24984973145183165 1.187761783992755 1.0302450620656598 0.35844393457227841 0.15390954923350353 0.35091830351302622 0.17629609110736044 0.20462277968181297 0.14938919844280452 1.3988612302928256 0.13989739242242638 0.17405795564991411
leaf_count=686 1430 1229 949 605 64 612 630 1255 447 764 243 621 100 550 299 1481 72 1401 82 272 646 238 201 322 194 30 157 1131 113 101
internal_value=-0.00135725 -0.00420039 -0.00243808 -0.00380481 -0.00245874 0.0132157 -0.0105749 -0.00338801 -0.0380229 -0.00775397 0.00937577 0.0384388 -0.00886225 -0.0176707 0.00539694 -0.0131909 -0.0359984 -0.0833988 0.0189364 0.0434162 0.0219043 0.0451681 0.0703064 0.0612083 0.0742657 -0.0260351 0.0829695 -0.083959 0.0687077 0.0468872
internal_weight=28.5923 27.2261 26.6554 26.2839 25.9217 8.84318 17.0785 15.5551 4.18876 2.80078 11.3663 4.96808 6.32623 5.85741 4.12966 6.39826 4.13914 2.22194 1.9172 1.59152 3.57207 1.70279 1.34167 4.2674 3.71186 0.555541 3.53556 1.5234 2.51695 2.54182
internal_count=16925 15495 14266 13580 12975 3370 9605 8410 2704 1449 5706 1954 2645 2545 1596 3752 2271 1473 798 555 1297 685 473 1324 972 352 778 1195 725 651
is_linear=0
shrinkage=0.1


Tree=88
num_leaves=31
num_cat=0
split_feature=14 11 9 13 14 13 12 7 13 7 8 8 11 11 7 11 10 7 7 12 13 7 6 9 6 6 8 11 9 6
split_gain=0.438463 0.49007 0.557305 0.357694 0.350788 0.376002 0.465701 0.631608 0.500446 0.454534 0.808663 0.775268 0.708665 0.797086 1.0324 0.698372 0.736861 0.591985 0.559192 0.889055 0.666548 0.721966 0.709303 1.36332 0.757472 0.618938 0.55781 0.492332 0.474022 0.446901
threshold=2160.0000000000005 0.33365825774699864 0.46838279998027149 0.82774977496011637 2206.5000000000005 0.59933902257604954 0.64976602159734465 0.70616799878796732 0.47338491878734418 0.69365555442013671 0.54668232891642954 0.55388079465643625 0.24201914831811422 0.18105640862409098 0.68795973808312638 0.60696008545841917 0.060730336899853611 0.68795973808312638 0.72243986949528227 0.21075805324646227 0.55605263421561835 0.73255655829649924 0.52731974082613253 0.43104089582199462 0.36969615208033696 0.66053406403734771 0.57582142697967775 0.49726681300338188 0.46480794120061764 0.6199196593005557
decision_type=2 2 2 2 2 2 2 2 2 2 2 2 2 2 2 2 2 2 2 2 2 2 2 2 2 2 2 2 2 2
left_child=1 -1 -3 -4 5 6 9 8 -8 11 -11 17 13 26 -15 16 -14 -2 25 -20 21 -21 24 29 -23 28 -13 -26 -12 -24
right_child=4 2 3 -5 -6 -7 7 -9 -10 10 18 12 15 14 -16 -17 -18 -19 19 20 -22 22 23 -25 27 -27 -28 -29 -30 -31
leaf_value=0.10015783906189067 0.10161928137792738 0.10021145561425751 -0.072865278662822802 0.10018380902718865 -0.10011888670330674 0.064553789702508954 -0.10028981513761975 -0.10020736090075187 0.030946270838150203 -0.10029377246053324 -0.10034314626025616 0.054276830012165461 0.080982423014972174 0.07419010090191451 -0.10122274181287938 0.06080768866369296 -0.10041254617279752 -0.10051478276339809 -0.10028489543425251 -0.1006005153398864 -0.073597283243378539 -0.05521594584543546 -0.10023617281240141 -0.10038022484198568 0.071519733914057748 -0.10022507533468744 -0.10039028900444702 -0.10027202038822206 0.072703011777756274 0.072379106234637142
leaf_weight=0.86593955587887039 0.771775408764383 0.39551961448159978 0.70448139915242791 0.14383381989318877 0.38251633985782874 0.78327652509324153 0.39032934933493324 1.1712427470847613 1.1369162776754818 0.63141282951983058 0.16742685297504056 0.30761404751683608 0.24569310015067536 1.6208966608246558 0.42310992634156708 0.37637215162249038 2.5295453018188709 0.17837460903683677 0.76264553479995711 0.45799950887157859 0.81796329592179962 0.59829132625600312 0.17158379941247437 1.064271937968442 4.2172875882679364 0.2504393203271319 0.96365645477635553 0.17369263625732845 2.9031379228981677 1.1916109671292359
leaf_count=2349 96 613 343 115 752 196 320 1979 552 567 74 91 38 324 73 189 1719 82 758 221 713 333 152 840 1408 268 630 161 616 353
internal_value=-0.00136157 0.042395 0.0021813 -0.0435244 -0.00510073 -0.00360541 -0.00587497 -0.0449622 -0.0025947 -0.000810032 0.0101782 -0.0206735 -0.033066 -0.000790068 0.0378796 -0.0670181 -0.0843536 0.063672 0.0156378 0.00323921 0.0123218 0.0212464 0.0287707 -0.0155648 0.0503415 0.0509383 -0.0629649 0.0647242 0.0632674 0.0506522
internal_weight=26.7989 2.10977 1.24383 0.848315 24.6891 24.3066 23.5233 2.69849 1.52725 20.8248 13.4078 7.41704 6.46689 3.31528 2.04401 3.15161 2.77524 0.95015 12.7764 9.45535 8.6927 7.87474 7.41674 2.42747 4.98927 3.321 1.27127 4.39098 3.07056 1.36319
internal_count=16925 3420 1071 458 13505 12753 12557 2851 872 9706 6464 3242 3064 1118 397 1946 1757 178 5897 4939 4181 3468 3247 1345 1902 958 721 1569 690 505
is_linear=0
shrinkage=0.1


Tree=89
num_leaves=31
num_cat=0
split_feature=14 14 13 12 13 12 9 6 12 8 9 10 6 11 11 9 8 12 6 13 13 8 11 11 7 10 12 13 7 9
split_gain=0.39777 0.331343 0.406128 0.620287 0.418009 0.424963 0.85316 0.679117 0.55172 0.509404 0.607394 0.431557 0.838264 0.408542 0.455535 0.737474 0.406106 0.586535 0.487924 0.436897 0.57501 0.538796 0.600558 0.710627 0.59766 0.898114 0.549122 0.529864 0.530337 0.524245
threshold=2061.0000000000005 2206.5000000000005 0.59933902257604954 0.56003203341322993 0.58032380187506794 0.57449022050411302 0.52307731876671115 0.70314792776478752 0.53112557144707584 0.75561110261267783 0.66452181285428324 0.30753410655989039 0.50403530528813867 0.3787456866805044 0.29555738365730627 0.51551802368374544 0.74183887149470606 0.43701743867711257 0.46623317231140077 0.45243152464248199 0.46122121713600123 0.7059690789478007 0.24555080628406159 0.069276162264539323 0.6971033338813285 0.18603312947961956 0.22875154907585413 0.43624887733821344 0.74029240282409003 0.57258738729416847
decision_type=2 2 2 2 2 2 2 2 2 2 2 2 2 2 2 2 2 2 2 2 2 2 2 2 2 2 2 2 2 2
left_child=-1 2 4 -4 5 7 13 8 16 -8 -11 -10 -13 14 15 -7 19 -18 -19 27 -21 22 23 -22 -24 -26 -23 28 29 -2
right_child=1 -3 3 -5 -6 6 9 -9 11 10 -12 12 -14 -15 -16 -17 17 18 -20 20 21 26 24 -25 25 -27 -28 -29 -30 -31
leaf_value=0.10002762651525471 -0.10094989082217559 -0.10010757952029688 -0.004749316026604505 0.10058417555047644 -0.10024275380033712 -0.10016258305221622 -0.10032949700045442 -0.10028330079948292 0.087045801183176119 -0.10022758188199149 0.084021655801356454 0.10109531370967458 -0.10031786123425215 -0.10028969431408211 0.099245375019781853 0.081927156218626077 -0.10040453136812144 0.08667525776669216 -0.10017003416197828 -0.10041281617878269 0.083896636451830445 -0.10028884373276203 -0.025036343840172989 -0.067591732777297006 -0.10025737233721053 0.06770713973974106 0.076022238953317278 0.081443749722848763 -0.077076011508441011 0.085620892182367347
leaf_weight=0.38082398800907213 0.19193155755058133 0.34615220380510336 1.3686835204134689 0.94510714233911119 0.45857152771350129 0.44422405752993543 1.7180091868394813 0.6114284363866308 1.4044109234528144 0.32949764631848655 0.39151678522466682 0.39611691265599791 0.43197803793009371 0.24572323931351991 0.69073381565976888 0.44546173082198948 0.90413766654819372 0.42427039117319509 0.20841804843075806 0.58693655207753082 0.35701681283535291 0.20178302816930216 2.3998127829108853 2.3344115606305422 0.37065696658100966 2.2555695861228742 1.4181465524015946 1.4885045022529082 0.58512467374384869 0.69950548652559519
leaf_count=2451 43 752 649 516 463 456 2428 825 354 506 74 69 337 327 117 106 837 121 317 424 86 143 896 1381 284 674 345 370 451 123
internal_value=-0.00139275 -0.00295938 -0.00157594 0.0382759 -0.00576842 -0.00375669 -0.0320237 0.00322434 0.0070234 -0.0707233 -0.000178726 0.0532848 -0.00397243 0.0196641 0.0383145 -0.00899106 -0.0001357 -0.0487258 0.0251253 0.00565778 -0.00440551 0.00162938 -0.00937612 -0.0474969 0.0110374 0.0440012 0.0540604 0.0393405 -0.00310333 0.0454511
internal_weight=25.0347 24.6538 24.3077 2.31379 21.9939 21.5353 4.26517 17.2702 16.6587 2.43902 0.721014 2.23251 0.828095 1.82614 1.58042 0.889686 14.4262 1.53683 0.632688 12.8894 9.92433 9.3374 7.71747 2.69143 5.02604 2.62623 1.61993 2.96507 1.47656 0.891437
internal_count=16925 14474 13722 1165 12557 12094 4014 8080 7255 3008 580 760 406 1006 679 562 6495 1275 438 5220 4233 3809 3321 1467 1854 958 488 987 617 166
is_linear=0
shrinkage=0.1


Tree=90
num_leaves=31
num_cat=0
split_feature=4 15 15 4 0 4 0 4 0 4 4 4 15 4 15 4 15 4 15 4 15 0 4 13 0 4 4 15 4 0
split_gain=0.360316 0.853231 0.307702 0.286724 0.803138 0.306438 0.603031 0.236243 0.255568 0.359605 0.212891 0.204766 0.261157 0.200938 0.51571 0.289245 0.51965 0.322666 0.269869 0.186515 0.183537 0.181309 0.184301 0.178507 0.155293 0.359591 0.142152 0.13783 0.197272 0.136913
threshold=0.20085286428457097 1444.5000000000002 1419.5000000000002 0.10204124496177601 0.44543650793650796 0.050805238159819258 0.30839160839160845 0.55634721549401445 0.91091269841269851 0.37356519585105402 0.28724007158121173 0.034664915508300205 547.50000000000011 0.016491182551466154 356.50000000000006 0.007104573111091801 236.50000000000003 0.0016417795720781502 119.50000000000001 0.00045421448330245007 67.500000000000014 0.51042118975249684 0.13876063626218502 0.45441810817222877 0.07207792207792206 0.0029266321857703502 0.00014751373249445005 84.500000000000014 0.00090450457180900009 0.79830508474576278
decision_type=2 2 2 2 2 2 2 2 2 2 2 2 2 2 2 2 2 2 2 2 2 2 2 2 2 2 2 2 2 2
left_child=1 3 -2 4 5 6 11 8 10 -10 23 12 13 14 15 16 17 18 19 20 26 -5 -23 -4 -19 -26 -1 -21 -29 -12
right_child=2 -3 7 21 -6 -7 -8 -9 9 -11 29 -13 -14 -15 -16 -17 -18 24 -20 27 -22 22 -24 -25 25 -27 -28 28 -30 -31
leaf_value=-0.076975513592532643 0.083616561311900373 -0.095182385759708069 0.051699975090668197 0.065479695305407981 -0.089688359936501344 0.033663858792401476 -0.089818260279904402 0.10022705493355144 -0.10020251159189082 -1.6915355111441297e-05 0.079568712932510791 0.060605836015641228 -0.072647361199493804 0.040681792356382751 -0.074797755006247718 0.055033945923631866 -0.087341943614108242 0.085762637120413696 -0.08916556145135679 0.082317423583065777 -0.10037786782871372 -0.046630799892713078 0.028421491319303872 -0.016916069326956065 -0.078185412618472699 0.055199947346946256 0.034297759206454996 -0.068437341702201879 0.054571373119143833 0.025822865013501308
leaf_weight=0.16553725461562929 0.62806656870816269 1.0928473324420327 0.48246165646560291 0.82975955778965671 1.1439496106613649 2.0083211367091272 0.84762075563048789 0.2816990767023525 0.46298200798992217 1.5841597677572279 0.6560117967455884 0.50236024563491799 0.53566718568254135 1.027577221047977 0.9521728518011513 0.95277995154901862 0.66254345999186615 0.55026644708414085 0.41469800513732469 0.3433686178541393 0.27321619872236624 0.44733635944794503 1.2182023836430742 1.7704737582025698 0.2743018868495708 0.76797287447698181 0.37463301146635786 0.23097174825670663 0.29934360107290559 1.7080616929306414
leaf_count=110 1244 2319 135 549 1667 990 1153 584 600 398 276 288 594 573 820 375 508 153 320 90 137 470 513 773 172 223 119 98 69 605
internal_value=-0.00136647 -0.00991039 0.0165873 -0.00362341 -0.00988086 -0.00171731 -0.00946189 0.0105263 0.00673456 -0.0226749 0.0197745 -0.00128267 -0.00525585 -0.000303525 -0.00702931 0.00512356 -0.00579112 0.00883434 -0.0168911 0.000874662 -0.0335856 0.0272897 0.00826368 -0.00222208 0.0427857 0.0200961 0.000197637 0.0329567 0.000996575 0.0407369
internal_weight=23.4894 15.9154 7.57392 14.8226 12.3273 11.1834 9.17503 6.94585 6.66415 2.04714 4.61701 8.32741 7.82505 7.28938 6.26181 5.30963 4.35685 3.69431 2.10177 1.68707 0.813386 2.4953 1.66554 2.25294 1.59254 1.04227 0.54017 0.873684 0.530315 2.36407
internal_count=16925 12310 4615 9991 8459 6792 5802 3371 2787 998 1789 4649 4361 3767 3194 2374 1999 1491 943 623 366 1532 983 908 548 395 229 257 167 881
is_linear=0
shrinkage=0.1


Tree=91
num_leaves=31
num_cat=0
split_feature=7 13 6 10 6 10 7 13 3 11 9 8 7 8 12 11 14 11 9 12 12 8 8 12 8 9 7 9 12 9
split_gain=0.338613 0.299301 0.292577 0.88884 0.870314 0.594812 0.697595 1.04167 0.582653 1.25369 0.488092 0.804018 0.93573 0.522358 0.444498 0.608567 0.537885 0.40705 0.389018 0.439608 0.453262 0.386382 0.384013 0.371722 0.492662 0.488483 0.446005 0.358638 0.345241 0.321579
threshold=0.49063869326947185 0.81690191335708573 0.45209618376611954 0.32752346565290508 0.47326978149872218 0.30252802182167515 0.73039839452115807 0.50497752568804366 1.0000001136767176 0.17369360401970549 0.48616592150580867 0.57934476261118739 0.86496133237185024 0.520262031062668 0.42237277372632676 0.17094190260617328 2160.0000000000005 0.34367427059838779 0.74925311506999204 0.53673167415916267 0.59368669587519241 0.70707033421145393 0.79425738274611724 0.5486306383188585 0.6595738156351868 0.48213297374537728 0.63436302329820815 0.79460066279039931 0.46936176771704813 0.68468916789111345
decision_type=2 2 2 2 2 2 2 2 2 2 2 2 2 2 2 2 2 2 2 2 2 2 2 2 2 2 2 2 2 2
left_child=-1 2 3 10 -4 8 7 -7 9 -6 28 13 18 -12 15 21 -17 -9 19 -13 -21 -10 29 24 -16 -25 -26 -5 -2 -11
right_child=1 -3 4 27 5 6 -8 17 14 22 11 12 -14 -15 23 16 -18 -19 -20 20 -22 -23 -24 25 26 -27 -28 -29 -30 -31
leaf_value=0.094053219388306325 0.085446450421887338 0.10011897675801645 -0.092593824884738385 0.076764746029079373 -0.1001981785795147 -0.096258060022909417 -0.099444413490005379 0.073260200239236128 0.08806772691145881 0.077628343254112595 -0.094591454471450342 -0.1004218389052354 0.077278192234148238 0.076580557044564485 -0.081033117984062569 0.10016448141526631 -0.10045085878955978 -0.056021057142671853 0.10085341427042434 0.066088394119340241 -0.1001968437672606 -0.095986000235805072 -0.10022964568825934 0.025809354691152989 -0.10019974127039954 -0.078279518143738291 0.093071988658090188 -0.10025457288775289 -0.061005756892685239 -0.018785153460868162
leaf_weight=0.3661796886590335 0.7715616156347157 0.27850671176565711 1.24413361421466 1.9986262081438328 0.57400352747208483 0.82366797092981858 1.2694491544534683 1.1140291240153599 0.42385596351232413 2.9358196742177833 0.21645275952323562 2.0947838557331138 0.50677975628059346 1.0109105921583248 0.25199293147306923 0.14762795838760245 1.4112652934418286 0.31168170953606011 0.12731848403927859 0.37238753316341888 0.2928235417639371 0.1560512721480336 0.14454331398155762 1.0074185690100419 0.13378140295390029 0.81609170646697737 1.110671566420933 0.1214018155587836 0.20339757889450993 0.39216000018495822
leaf_count=1333 169 366 1382 638 770 742 1638 509 281 976 212 1290 335 279 565 206 1146 305 48 191 415 156 189 724 152 897 342 123 168 378
internal_value=-0.00132781 -0.00289661 -0.00420163 0.0114852 -0.0126853 -0.005052 -0.0401756 -0.00672693 0.00795066 0.0367066 -0.00940383 -0.0229682 -0.0480505 0.0463934 -0.0133659 -0.0489183 -0.0814525 0.0449974 -0.0700482 -0.0779319 -0.00710977 0.0385394 0.0593368 0.00953788 0.0464753 -0.0207745 0.0722949 0.0666279 0.0548934 0.0662672
internal_weight=22.6294 22.2632 21.9847 7.71644 14.2682 13.0241 3.51883 2.24938 9.50528 4.04653 5.59642 4.62146 3.39409 1.22736 5.45876 2.1388 1.55889 1.42571 2.88731 2.75999 0.665211 0.579907 3.47252 3.31996 1.49645 1.82351 1.24445 2.12003 0.974959 3.32798
internal_count=16925 15592 15226 3868 11358 9976 3194 1556 6782 2313 3107 2770 2279 491 4469 1789 1352 814 1944 1896 606 437 1543 2680 1059 1621 494 761 337 1354
is_linear=0
shrinkage=0.1


Tree=92
num_leaves=31
num_cat=0
split_feature=14 11 9 9 9 7 7 7 9 12 10 10 9 8 10 11 10 6 3 7 13 10 10 10 9 11 12 11 11 7
split_gain=0.32119 0.286108 0.504565 0.653103 0.505559 0.478594 0.602959 0.587273 0.472338 0.491882 0.466177 0.462094 0.457202 0.618808 0.448301 0.430565 0.428514 0.719434 0.501579 0.458353 0.426867 0.434496 0.424512 0.422236 0.508809 0.432988 0.419502 0.405748 0.395446 0.392672
threshold=2061.0000000000005 0.37006729163394053 0.46763181153130345 0.67615019767979689 0.37566331402634817 0.79798595170398412 0.7601883635990675 0.743623653757152 0.46763181153130345 0.72575068183327041 0.16303270701022246 0.11141533634841132 0.72722567328081011 0.55680014795760158 0.18765117105994222 0.33272200904385529 0.20218222550445653 0.56667289071127336 1.0000163150411741 0.69969784422501469 0.49554253952407729 0.28283038999933569 0.49124536219786075 0.058169430933520609 0.41109848005338029 0.20111534651946364 0.68411627850879186 0.41653778475965059 0.60696008545841917 0.8599189279282915
decision_type=2 2 2 2 2 2 2 2 2 2 2 2 2 2 2 2 2 2 2 2 2 2 2 2 2 2 2 2 2 2
left_child=-1 5 4 29 -3 6 7 8 9 10 -2 -5 13 -10 -6 16 17 -15 -18 -19 21 -20 -23 25 -25 -7 -22 -13 -16 -4
right_child=1 2 3 11 14 23 -8 -9 12 -11 -12 27 -14 15 28 -17 18 19 20 -21 26 22 -24 24 -26 -27 -28 -29 -30 -31
leaf_value=0.10002239401627944 0.042136396911319943 -0.10031553982352553 -0.10028818959795863 -0.10017505606347124 0.097569899730073434 0.074201828588830121 0.056467761475162075 -0.10023497395082587 0.08476819692058972 0.079664227539132659 -0.098771091733787189 -0.10015768031334511 -0.10018056818616597 -0.10035059815988728 -0.072115484950184897 -0.078448241904133603 0.072291099686650748 0.07196857832868496 -0.10058713062873292 -0.10030053005988576 -0.074697257130910591 0.087991313574595331 -0.10014131636269773 0.028541198516339163 -0.087639982038724931 -0.10019986074966894 0.10028442673297883 0.061706288788594146 0.077950041712173068 0.0027666330016832587
leaf_weight=0.30800730071496474 0.30326958594378073 0.28774890899876382 1.7282180299625913 0.31410344515461464 0.7709042689821215 0.56191375452908632 2.490976902183319 0.53690690443909339 1.3090235711133571 0.27580045181093726 1.0398261877708135 0.18358398780401308 0.31801055696269021 0.72866846984834388 0.43661773312487639 0.51457973322249007 1.8771526396812985 0.693213877704693 0.18615495500853319 0.1987253631814383 0.84216239576926433 0.96447241552232277 0.13697302591754124 0.50626481563813275 1.4757405919226583 0.19065676566970069 0.16362952245981432 0.99000948455795879 0.29373608893365599 0.47036899425438594
leaf_count=2451 185 440 1979 383 313 193 1206 684 386 92 781 245 410 765 247 418 624 194 86 146 405 243 173 412 2344 223 104 335 89 369
internal_value=-0.00134697 -0.00284882 -0.0224682 -0.0436161 0.0211074 0.00416575 0.0124081 0.00152928 0.00724953 -0.0419759 -0.0669543 0.00755338 0.0172953 0.0222014 0.0443807 0.00921298 0.0170022 -0.026635 0.033959 0.0335868 0.00258395 0.0407143 0.0645956 -0.0337505 -0.0579638 0.0300188 -0.04623 0.0363861 -0.0117616 -0.0782405
internal_weight=21.0974 20.7894 5.47529 3.68628 1.78901 15.3141 12.5795 10.0886 9.55166 1.6189 1.3431 1.4877 7.93277 7.61476 1.50126 6.30573 5.79115 1.62061 4.17054 0.891939 2.29339 1.2876 1.10145 2.73458 1.98201 0.752571 1.00579 1.17359 0.730354 2.19859
internal_count=16925 14474 4400 3311 1089 10074 6902 5696 5012 1058 966 963 3954 3544 649 3158 2740 1105 1635 340 1011 502 416 3172 2756 416 509 580 336 2348
is_linear=0
shrinkage=0.1


Tree=93
num_leaves=31
num_cat=0
split_feature=14 11 9 13 13 14 13 12 12 7 12 6 13 11 6 6 9 13 13 9 12 13 6 8 8 8 11 6 13 9
split_gain=0.315751 0.368372 0.40463 0.285206 0.261015 0.251215 0.265559 0.350678 0.341103 0.44202 0.361331 0.311625 0.525991 0.323638 0.291188 0.754006 0.51018 0.334324 0.549057 0.541392 0.503498 0.486291 0.432777 0.475752 0.612989 0.66905 0.536663 0.598124 0.440175 0.416483
threshold=2160.0000000000005 0.33365825774699864 0.46838279998027149 0.82774977496011637 0.74907271340972936 2206.5000000000005 0.59933902257604954 0.38050561839975733 0.64976602159734465 0.70616799878796732 0.76269131638873644 0.65984351116984497 0.47894922066559942 0.34102264887532513 0.6199196593005557 0.5960607388022513 0.66884279691169735 0.45441810817222877 0.47501985097799021 0.68737390704513612 0.069778375024260514 0.47586222863864336 0.57393142387061691 0.62550952721709729 0.5483027526554628 0.53679118789874203 0.48693910228755355 0.53239744430312119 0.48008547944898233 0.45718559772917927
decision_type=2 2 2 2 2 2 2 2 2 2 2 2 2 2 2 2 2 2 2 2 2 2 2 2 2 2 2 2 2 2
left_child=1 -1 -3 4 -4 6 8 -8 11 10 -10 14 13 -13 15 17 -16 19 20 -2 -19 -20 23 24 25 -23 27 28 -25 -29
right_child=5 2 3 -5 -6 -7 7 -9 9 -11 -12 12 -14 -15 16 -17 -18 18 21 -21 -22 22 -24 26 -26 -27 -28 29 -30 -31
leaf_value=0.10013528328225865 0.052010993644273223 0.10016318843350716 0.10004926734761783 0.10014652877925967 -0.10041483442256083 -0.10008847797794318 -0.10062847641413078 0.09650699945082615 -0.050427067691733322 -0.10014819229761868 0.063473631195404029 -0.10013305976167852 -0.10021287339784293 0.077653544877611225 0.071812389141178046 -0.10053987521469157 -0.10027303416946808 0.10065125359134704 0.1016703356893035 -0.10032707756044149 -0.10028940552908275 -0.10033242513113605 0.070576235185361644 -0.1001717832223431 -0.10028381961479448 0.10113273521725773 -0.10044915287732058 0.074626408447419079 0.03958211254888145 -0.10023945268777208
leaf_weight=0.63857245329563983 2.3117161078407746 0.29014369782817084 0.075532552524236962 0.11660065257456154 0.46367320313584059 0.27418170408054621 0.10999995982274313 0.50222260915325023 0.69560910222207784 0.83764481115940714 0.46450013486173702 0.14006244587289873 0.77216428490282851 0.38068656837276649 1.1898060070961936 0.72195356572046954 0.2014493785027297 0.14477270597126224 0.48509844741783847 0.2594745295064057 0.89932019513798878 0.27539792394964013 0.75238990003708739 0.23964306151901826 1.095871553305187 0.41060359115363099 0.43534843113229715 0.17320091351575673 3.7841872884964687 0.63761724829964805
leaf_count=2349 959 613 156 115 187 752 58 138 664 1979 208 269 1235 138 345 410 240 32 102 294 933 256 253 262 877 68 423 82 1945 583
internal_value=-0.00136368 0.0414509 0.00183538 -0.0416671 -0.0723336 -0.00509223 -0.00363882 0.061087 -0.00592825 -0.0447916 -0.00482197 -0.00085734 -0.0478331 0.0298354 0.00347539 -0.00130878 0.046895 0.00470907 -0.00408666 0.0366376 -0.0724272 0.00452124 -0.00151737 -0.00920931 -0.0538782 0.0202538 0.00589398 0.0154699 0.0312589 -0.0628859
internal_weight=19.7794 1.58452 0.94595 0.655806 0.539206 18.1949 17.9207 0.612223 17.3085 1.99775 1.16011 15.3108 1.29291 0.520749 14.0179 12.6266 1.39126 11.9046 9.33345 2.57119 1.04409 8.28936 7.80426 7.05187 1.78187 0.686002 5.27 4.83465 4.02383 0.810818
internal_count=16925 3420 1071 458 343 13505 12753 196 12557 2851 872 9706 1642 407 8064 7479 585 7069 5816 1253 965 4851 4749 4496 1201 324 3295 2872 2207 665
is_linear=0
shrinkage=0.1


Tree=94
num_leaves=31
num_cat=0
split_feature=4 2 15 4 0 15 4 4 0 0 15 7 4 15 4 0 4 15 4 15 4 0 15 7 4 15 4 4 9 15
split_gain=0.290618 0.511062 0.266629 0.185648 0.517861 0.202634 0.197224 0.179265 0.209907 0.167919 0.161613 0.143812 0.142153 0.468312 0.177218 0.275515 0.220997 0.48489 0.247969 0.316482 0.267442 0.174253 0.139639 0.133932 0.133432 0.142657 0.132039 0.13047 0.114718 0.109657
threshold=0.23270222572161683 0.63088949109847603 1642.0000000000002 0.080895854675898118 0.42163742690058481 1003.0000000000001 0.10035237690594802 0.3519785144466972 0.91091269841269851 0.70087719298245621 1979.0000000000002 0.77510158245128824 0.043926592227309054 613.50000000000011 0.025382954044942903 0.21103238866396759 0.010459976214370751 284.50000000000006 0.005159164457345101 199.50000000000003 0.0016417795720781502 0.056079664570230552 704.50000000000011 0.79798595170398412 0.00045421448330245007 67.500000000000014 0.21560497119847641 0.55634721549401445 0.61532253330261744 91.500000000000014
decision_type=2 2 2 2 2 2 2 2 2 2 2 2 2 2 2 2 2 2 2 2 2 2 2 2 2 2 2 2 2 2
left_child=1 3 -2 4 12 -5 -7 8 11 -8 -9 -4 13 14 15 16 17 18 19 20 21 24 -14 -13 25 -1 -3 -12 -28 -26
right_child=2 26 7 5 -6 6 9 10 -10 -11 27 23 22 -15 -16 -17 -18 -19 -20 -21 -22 -23 -24 -25 29 -27 28 -29 -30 -31
leaf_value=-0.0007037507195763029 0.067033378847760255 -0.093587701239474075 -0.026559089039457386 0.062731987703012346 -0.093058625310936782 -0.082459844836855423 0.020514495947043479 0.059259324182771668 -0.1001690750348001 -0.061604328566304517 -0.0036103871747710267 0.087651231782262487 0.082706465051609807 -0.086018097230345425 0.051926519667449794 -0.075752570884170436 0.044427715777778279 -0.085388421122648689 0.070030046711162391 -0.081714343690078128 0.05393956608619415 -0.090469821075662024 0.0074674545181808664 -0.016398572007267149 0.066523413442260898 -0.10028944484831206 -0.0925960957854714 0.10021163467439227 0.059323871097557157 -0.012571935621492914
leaf_weight=0.44014452174451546 0.94711812453169741 0.8422751417820098 0.8674654251844911 0.73320939906989169 0.70935401817769239 0.24251891750100218 2.3451664988897396 0.88913307330221902 0.25872319208065153 0.27858984229897021 1.3768379936955168 0.27466382380225696 0.32631131391826773 0.72177429806470161 0.5759695104570709 0.51867290417430911 0.94377533178703732 0.69507381531002455 0.51683628783939628 0.45536636580072798 0.86278032584232267 0.25733972895250179 1.0106980945856774 0.22509053099929588 0.37435510649083881 0.21368109480681596 0.085236033897672314 0.13270717672276067 0.1192383524539764 0.32961489451554371
leaf_count=229 1594 2376 520 677 1309 404 1421 639 410 282 485 48 311 1215 375 701 568 697 240 375 342 252 602 148 131 141 110 121 61 141
internal_value=-0.00139322 -0.00895764 0.0192959 -0.00335906 -0.0110711 0.0158204 0.00382011 0.00806178 -0.0175724 0.0117951 0.0254379 -0.00194236 -0.0040151 -0.00979373 -0.00089653 -0.00632207 0.000754362 -0.00918917 0.00616222 -0.00509111 0.00898993 -0.0150215 0.0258303 0.040787 -0.000721926 -0.03325 -0.0760883 0.00551682 -0.00400463 0.0294892
internal_weight=18.5697 13.598 4.97174 12.5512 8.95175 3.59948 2.86628 4.02462 1.62594 2.62376 2.39868 1.36722 8.24239 6.90538 6.18361 5.60764 5.08897 4.14519 3.45012 2.93328 2.47792 1.61514 1.33701 0.499754 1.3578 0.653826 1.04675 1.50955 0.204474 0.70397
internal_count=16925 12960 3965 10413 7629 2784 2107 2371 1126 1703 1245 716 6320 5407 4192 3817 3116 2548 1851 1611 1236 894 913 196 642 370 2547 606 171 272
is_linear=0
shrinkage=0.1


Tree=95
num_leaves=31
num_cat=0
split_feature=4 15 15 4 0 4 0 15 4 9 15 4 11 11 4 8 8 8 6 6 8 6 3 4 0 4 15 4 0 4
split_gain=0.254234 0.61548 0.249293 0.192924 0.248803 0.187991 0.442851 0.157438 0.209358 0.161393 0.142652 0.125095 0.128746 0.145281 0.124117 0.113686 0.109517 0.128605 0.114858 0.184841 0.16565 0.121372 0.111413 0.132915 0.370304 0.114174 0.336251 0.193824 0.328669 0.181406
threshold=0.17163128551578141 1314.5000000000002 1454.5000000000002 0.25324482261369285 0.75642715886618339 0.080895854675898118 0.42163742690058481 1845.5000000000002 0.32308826765304338 0.76531060027443376 922.50000000000011 0.55634721549401445 0.36792074694442406 0.23262027818048267 0.00014751373249445005 0.61924694920846446 0.85568008247624761 0.83046387380340081 0.28722103864083481 0.35493126990944657 0.5483027526554628 0.36224895457699463 1.099695565524911 0.042895114047364562 0.29217479674796754 0.020895843972680451 405.50000000000006 0.010459976214370751 0.12220009955201593 0.003945187833653151
decision_type=2 2 2 2 2 2 2 2 2 2 2 2 2 2 2 2 2 2 2 2 2 2 2 2 2 2 2 2 2 2
left_child=1 5 -2 4 15 6 14 -5 9 -9 -7 12 13 -10 -1 -4 17 18 -16 20 -20 -21 23 24 25 26 27 28 29 -23
right_child=2 -3 3 7 -6 10 -8 8 11 -11 -12 -13 -14 -15 16 -17 -18 -19 19 21 -22 22 -24 -25 -26 -27 -28 -29 -30 -31
leaf_value=-0.082675932767013322 0.059130425606733483 -0.092088578682981814 -0.07149620372593736 0.040757688247525417 -0.10003594092216135 0.085002253460651309 -0.091313225625699199 -0.10022477583635309 -0.004845741085597096 0.087686462496474826 0.012190192725047906 0.10018184818702279 -0.035554321487445903 0.05692608239414837 0.10086188181531741 0.017224242527323363 -0.10010711652454654 0.074527594200309688 0.10062529756634429 0.099169593964767544 -0.099594509709110171 -0.0031510417910514763 -0.086719140168927594 0.031239237004188809 -0.10004284100734893 0.034372318888218727 -0.077176661886830408 0.060586360761334758 -0.0693790656049669 0.059746310992162155
leaf_weight=0.19468724672333149 1.0459693304073869 0.85247179802900142 0.18107408618379828 1.6013943436555562 0.35135955997975543 0.32059840000874906 0.6239681415609083 0.29510515712172525 0.93126297801063695 0.054083316310425289 1.6742299905599791 0.15035503597027844 0.55622129089169892 0.6440591625723755 0.10567987576359872 0.71371454706604709 0.11175994064615213 0.22243449845700514 0.047508378513157257 0.12008123119448999 0.31730964727103128 1.9856892124080343 0.15264425177883811 1.1122037899294808 0.39427455784971233 0.83441836377460266 0.57579274632371369 0.53575450256903412 0.62626863305558789 0.59623938508229901
leaf_count=237 1602 2449 118 1016 799 397 1237 406 346 10 1192 246 297 204 28 286 271 86 10 39 296 1114 189 763 767 595 786 286 585 268
internal_value=-0.00134858 -0.0103558 0.0143947 0.00585384 -0.0287297 -0.00375252 -0.0101973 0.0160361 0.00098948 -0.0711205 0.0238922 0.0120241 0.00580567 0.0204092 -0.00381697 -0.000729689 -0.00183291 -0.000392742 -0.00264358 -0.00414237 -0.0735209 -0.000491823 -0.00224831 -0.000312465 -0.00663712 0.00050808 -0.00603327 0.00490808 -0.00438995 0.0113737
internal_weight=17.9286 11.404 6.5246 5.47863 1.24615 10.5515 8.55671 4.23248 2.63109 0.349188 1.99483 2.2819 2.13154 1.57532 7.93275 0.894789 7.73806 7.6263 7.40386 7.29818 0.364818 6.93337 6.81329 6.66064 5.54844 5.15416 4.31974 3.74395 3.2082 2.58193
internal_count=16925 11595 5330 3728 1203 9146 7557 2525 1509 416 1589 1093 847 550 6320 404 6083 5812 5726 5698 306 5392 5353 5164 4401 3634 3039 2253 1967 1382
is_linear=0
shrinkage=0.1


Tree=96
num_leaves=31
num_cat=0
split_feature=7 13 8 8 12 11 9 9 10 8 10 7 7 9 11 12 12 11 9 7 12 12 9 11 11 7 13 9 8 13
split_gain=0.239602 0.227967 0.218842 0.231537 0.239221 0.223269 0.484438 0.74362 0.379314 0.373219 0.369093 0.3273 0.4499 0.467858 0.433941 0.370814 0.458375 0.399457 0.325669 0.603658 0.408723 0.461428 0.583967 0.454801 0.681259 0.571721 0.35915 0.355681 0.305906 0.301617
threshold=0.49063869326947185 0.81690191335708573 0.85568008247624761 0.83046387380340081 0.43701743867711257 0.36792074694442406 0.46763181153130345 0.67615019767979689 0.11141533634841132 0.70707033421145393 0.25240310398894111 0.79798595170398412 0.78011775334379785 0.71311780040281503 0.095411007887807611 0.4076487208529736 0.34126802294669806 0.047814392017713807 0.64114729607543952 0.73803933104017372 0.49630266378992743 0.58730017944213997 0.52307731876671115 0.21631192568892588 0.25442095278257798 0.72047248604086034 0.56481366170888281 0.5813360914415614 0.53899854602412078 0.50251382888189833
decision_type=2 2 2 2 2 2 2 2 2 2 2 2 2 2 2 2 2 2 2 2 2 2 2 2 2 2 2 2 2 2
left_child=-1 2 3 5 -5 11 9 -8 -9 -7 -10 12 13 14 28 16 17 -13 20 -20 23 -22 29 26 -25 -26 -16 -27 -2 -23
right_child=1 -3 -4 4 -6 6 7 8 10 -11 -12 15 -14 -15 18 -17 -18 -19 19 -21 21 22 -24 24 25 27 -28 -29 -30 -31
leaf_value=0.093489424626615414 0.10123756389107352 0.10009192661764175 -0.10009462135470322 -0.10009743390287473 0.10068988039032617 0.046396905415294315 -0.094472324754614756 -0.10014498000687083 0.085537130519532364 -0.087965037275593586 -0.04453275925816013 0.100505175714456 0.073010615060971146 -0.10017325776050541 -0.099670882065546099 -0.085149889460468031 0.056201403706481481 -0.10023494391648834 0.070679092434719565 -0.10030103028655579 0.070861576305521784 -0.043229269505014149 -0.095337846817949656 0.084287966788893637 -0.098453954753163028 0.10077452152895981 0.032317847898886233 -0.10028822667494691 -0.081129600929548171 0.10143227255418055
leaf_weight=0.26259597751777874 0.10460400559533045 0.21280481696885445 0.2339959105302104 0.070600688268313117 0.37192564096767455 1.1753260612604197 1.5615905944941917 0.24680212671228197 0.60987905848014634 0.25085854079225089 0.33966787438839674 0.12288887001341142 1.0162053118474421 0.42062124783478871 0.91695826670184055 0.83551563289074682 0.69199334418226499 0.51271555823404924 1.7443345188366945 0.23421647515533539 1.4135641747488992 0.22488883237383539 0.50135296179360012 0.73334107388654945 0.6679216811826334 0.33083238243125379 0.26595290349359857 0.11985819233814254 0.76217440838809125 0.40134477354149567
leaf_count=1333 58 366 685 108 126 743 2096 383 210 422 314 54 561 595 826 1847 255 807 602 303 739 265 704 308 555 109 323 72 903 253
internal_value=-0.00130677 -0.00276296 -0.0040595 -0.00270967 0.0686563 -0.00465848 -0.0245541 -0.0490229 0.0103021 0.0227633 0.0390091 0.00226638 0.00999566 0.00275337 0.00789425 -0.032959 -0.000113024 -0.0614235 0.0155833 0.0504388 0.00321545 0.0328029 -0.0149083 -0.0215587 0.00938005 -0.0397282 -0.069996 0.0473032 -0.0591213 0.0494824
internal_weight=17.3573 17.0947 16.8819 16.6479 0.442526 16.2054 4.18412 2.75794 1.19635 1.42618 0.949547 12.0213 9.85817 8.84197 8.42134 2.16311 1.3276 0.635604 7.55457 1.97855 5.57602 2.54115 1.12759 3.03486 1.85195 1.11861 1.18291 0.450691 0.866778 0.626234
internal_count=16925 15592 15226 14541 234 14307 4168 3003 907 1165 524 10139 7176 6615 6020 2963 1116 861 5059 905 4154 1961 1222 2193 1044 736 1149 181 961 518
is_linear=0
shrinkage=0.1


Tree=97
num_leaves=31
num_cat=0
split_feature=14 11 9 13 13 14 13 12 13 12 6 9 10 8 9 8 12 6 12 13 13 10 13 7 13 11 7 13 12 8
split_gain=0.245889 0.297973 0.324221 0.21759 0.220267 0.19595 0.2126 0.281348 0.264884 0.274154 0.464329 0.412057 0.455215 0.314538 0.397628 0.255611 0.254515 0.285676 0.301032 0.271504 0.471497 0.329374 0.410591 0.402427 0.37479 0.330933 0.32784 0.31068 0.309989 0.290883
threshold=2160.0000000000005 0.33365825774699864 0.46838279998027149 0.82774977496011637 0.74907271340972936 2206.5000000000005 0.59933902257604954 0.38050561839975733 0.58032380187506794 0.58547508372896639 0.70241361807984715 0.52307731876671115 0.25774251939824783 0.75561110261267783 0.66452181285428324 0.6092253129501829 0.53112557144707584 0.45209618376611954 0.53360523013147354 0.45243152464248199 0.46122121713600123 0.23885797507413351 0.53834034726599922 0.78647405022582217 0.49110923167517645 0.20189887560442463 0.83798378347311775 0.48794791493790707 0.51393969954105612 0.56117838094774342
decision_type=2 2 2 2 2 2 2 2 2 2 2 2 2 2 2 2 2 2 2 2 2 2 2 2 2 2 2 2 2 2
left_child=1 -1 -3 4 -4 6 8 -8 9 10 16 12 15 -13 -15 -11 19 -18 -19 28 -21 22 24 27 25 -22 -24 -23 -2 -29
right_child=5 2 3 -5 -6 -7 7 -9 -10 11 -12 13 -14 14 -16 -17 17 18 -20 20 21 23 26 -25 -26 -27 -28 29 -30 -31
leaf_value=0.10011440279786393 0.044846580085382108 0.10013000212166936 0.1000422473761091 0.10011277358960249 -0.10034000584601595 -0.10007696954447685 -0.1005376133094758 0.096265637729375186 -0.10015878632322227 -0.10009973155288195 -0.10020129686947672 -0.10023298270682397 -0.10018880406152071 -0.10016408857788835 0.082543174952415366 0.074998959643632054 0.087408585558349836 0.10060159837824761 -0.030295267064457204 -0.10033015884012852 -0.10020981837551401 -0.10021800711137806 0.04379406026160633 0.07633028599723865 -0.10026258744481727 0.032727957030226289 -0.10014180933421934 0.074615506771722781 -0.10017705824197452 -0.0062138638035091577
leaf_weight=0.50946251675486631 1.8230538227653506 0.23073484982887749 0.064278475474566221 0.08951633409014903 0.37425948568852618 0.2132314570026218 0.088505762148998524 0.40523424409911968 0.29117110777951971 0.095153780959662315 0.4220684697065743 0.98525449513363106 0.25806422714595101 0.22054010418105463 0.25900444536819123 0.67325362670817412 0.76897279563127152 0.23914485541172326 0.6621741128328722 0.52027997984259844 0.27331393803979176 0.28072600386076452 0.95701270104473202 0.89438982388674038 0.93982706322276499 0.59474362115724944 0.18959178650402464 0.55888669982960015 0.16035455885139516 2.1892185258257086
leaf_count=2349 991 613 156 115 187 752 58 138 463 161 900 2248 443 506 74 322 281 73 591 533 452 360 526 497 1053 273 267 161 209 1173
internal_value=-0.00131699 0.0409596 0.00124221 -0.0419671 -0.0709691 -0.00490028 -0.00352437 0.0609875 -0.00575863 -0.00379039 0.00273842 -0.0338594 0.0147236 -0.0679043 -0.00148297 0.0533161 0.00666973 0.0426347 0.00443529 0.000266417 -0.00854212 -0.00159861 -0.0268162 0.0173922 -0.0565044 -0.00912842 0.0199942 -1.17841e-05 0.0331217 0.0102245
internal_weight=16.2314 1.26825 0.758789 0.528054 0.438538 14.9632 14.7499 0.49374 14.2562 13.965 11.4738 2.49127 1.02647 1.4648 0.479545 0.768407 11.0517 1.67029 0.901319 9.3814 7.39799 6.87771 2.95449 3.92322 1.80788 0.868058 1.1466 3.02883 1.98341 2.74811
internal_count=16925 3420 1071 458 343 13505 12753 196 12557 12094 8340 3754 926 2828 580 483 7440 945 664 6495 5295 4762 2571 2191 1778 725 793 1694 1200 1334
is_linear=0
shrinkage=0.1


Tree=98
num_leaves=31
num_cat=0
split_feature=14 11 9 13 13 8 8 9 12 6 6 8 6 7 6 12 8 3 11 7 11 9 9 6 6 13 9 7 12 6
split_gain=0.221685 0.269594 0.293316 0.196838 0.199249 0.183503 0.199755 0.252603 0.196333 0.19143 0.30023 0.326724 0.289271 0.695493 0.214537 0.216013 0.289129 0.260178 0.639554 0.413778 0.402554 0.550634 0.528621 0.380732 0.380635 0.488311 0.543922 0.562234 0.463331 0.382428
threshold=2160.0000000000005 0.33365825774699864 0.46838279998027149 0.82774977496011637 0.74907271340972936 0.85568008247624761 0.83046387380340081 0.31995449794228076 0.43701743867711257 0.28722103864083481 0.35493126990944657 0.5483027526554628 0.38283385605473003 0.80016077944859021 0.39163683536717581 0.16832884600349377 0.56340496174230303 1.0000001136767176 0.17369360401970549 0.8297660523225463 0.40301902950248031 0.69498292147570062 0.69885092023475603 0.39551002851839628 0.45139246338164019 0.55519783241183907 0.43104089582199462 0.53131674458683931 0.36692568180853752 0.56667289071127336
decision_type=2 2 2 2 2 2 2 2 2 2 2 2 2 2 2 2 2 2 2 2 2 2 2 2 2 2 2 2 2 2
left_child=1 -1 -3 4 -4 6 7 -2 -8 -9 11 -11 13 -12 -14 16 -16 18 23 24 22 -22 -20 -17 28 26 29 -28 -19 -26
right_child=5 2 3 -5 -6 -7 8 9 -10 10 12 -13 14 -15 15 17 -18 19 20 -21 21 -23 -24 -25 25 -27 27 -29 -30 -31
leaf_value=0.10010352369223796 -0.10018761111675363 0.10011763201948812 0.10003822606159252 0.100102035119152 -0.10030763737869219 -0.10009120954004946 -0.10007976195914954 0.10059813279258537 0.10057896295673004 0.10052693315313033 0.089955843182214792 -0.10020438377255939 -0.10035560404119832 -0.10030510222614092 0.10107198698002838 0.10087800759552996 -0.10023975718395167 0.095735796946339879 0.058148283838465833 -0.1001468177746411 -0.10023151582217138 0.066755755856353474 -0.10013676710582589 -0.10020040281002006 -0.10052680993136059 0.03448554005385638 0.10065757226809971 -0.089616897478202645 -0.026931506601427204 0.051483360370608071
leaf_weight=0.46102830076051649 0.27517610283029803 0.20880201140244026 0.058163788868114352 0.081005975676816888 0.33874770847614855 0.1989943918360958 0.057808161429421356 0.17469660416827437 0.31158891582163051 0.094915444497018053 0.86023278982611262 0.55656042512055137 0.23630688485718465 0.24738068591977935 0.085406901082022979 0.11093553621321728 0.4332670521835098 0.6956050985609179 3.0524401314105494 0.52229648230058945 0.47858812040612964 0.33617565154418116 0.22665829716061114 0.62288457035538158 0.21179563484474817 1.1201144528167786 0.16992928722174827 1.8031700858427937 0.55247676702856552 0.75719046901213005
leaf_count=2349 609 613 156 115 187 654 108 74 126 29 357 697 209 273 15 18 518 206 1567 1428 730 191 446 1040 190 841 67 2234 468 410
internal_value=-0.00131949 0.0409531 0.0012425 -0.041956 -0.0709488 -0.00473805 -0.00338209 -0.00534941 0.0691772 -0.00339442 -0.0047734 -0.0709592 -0.00133022 0.0474619 -0.00606449 -0.00407131 -0.067091 -0.00100509 0.0161666 -0.0152182 0.0315764 -0.0313317 0.0472073 -0.0698023 -0.00686503 -0.0217051 -0.0430981 -0.0732299 0.0414358 0.0182578
internal_weight=15.3403 1.14775 0.686719 0.477917 0.396911 14.1926 13.9936 13.6242 0.369397 13.349 13.1743 0.651476 12.5229 1.10761 11.4152 11.1789 0.518674 10.6603 4.82768 5.83258 4.09386 0.814764 3.2791 0.73382 5.31028 4.0622 2.94209 1.9731 1.24808 0.968986
internal_count=16925 3420 1071 458 343 13505 12851 12617 234 12008 11934 726 11208 630 10578 10369 533 9836 3992 5844 2934 921 2013 1058 4416 3742 2901 2301 674 600
is_linear=0
shrinkage=0.1


Tree=99
num_leaves=31
num_cat=0
split_feature=4 2 14 13 12 12 9 10 9 9 6 6 10 8 11 13 12 13 12 6 6 10 11 9 10 10 8 9 7 6
split_gain=0.208333 0.192362 0.171496 0.194891 0.300411 0.217805 0.285736 0.312522 0.224248 0.243124 0.513767 0.400393 0.438243 0.457564 0.407501 0.381764 0.412088 0.251805 0.28269 0.322946 0.540605 0.406719 0.556932 0.25135 0.247234 0.244189 0.219006 0.298024 0.207741 0.204278
threshold=0.44469732939043199 0.81492666272111325 2206.5000000000005 0.59933902257604954 0.55723081026396282 0.58547508372896639 0.52307731876671115 0.25774251939824783 0.40311551944245116 0.43048375043922432 0.56667289071127336 0.53239744430312119 0.38243959515735643 0.59641635262379478 0.48693910228755355 0.55519783241183907 0.50250501795434421 0.56842972048944385 0.54704942233643439 0.4835501073693218 0.45209618376611954 0.23885797507413351 0.3505012391799231 0.69885092023475603 0.32608830946336875 0.68542707998099572 0.75561110261267783 0.66452181285428324 0.52297461102668474 0.45139246338164019
decision_type=2 2 2 2 2 2 2 2 2 2 2 2 2 2 2 2 2 2 2 2 2 2 2 2 2 2 2 2 2 2
left_child=1 2 3 5 -5 8 7 -7 29 10 -10 14 15 -14 17 28 -17 18 19 20 21 22 -11 24 -21 -26 -8 -28 -13 -1
right_child=-2 -3 -4 4 -6 6 26 -9 9 11 -12 12 13 -15 -16 16 -18 -19 -20 23 -22 -23 -24 -25 25 -27 27 -29 -30 -31
leaf_value=0.045191375469784877 0.045561542616473209 -0.072491615245527621 -0.10007707106005237 -0.0023664311036204803 0.10039069512078047 0.049582563062449556 -0.098150728509060842 -0.096022986566155766 -0.10054642152503657 -0.10023060829705968 0.092318126381512391 0.10014541548706385 0.10120156612307746 -0.10018323943140504 -0.10017568228485801 -0.10011270380273501 0.096644621624997429 -0.097339046970009724 0.077005179018407116 0.085044627588669389 -0.10023024988670744 0.042805258118599539 0.041976897118705052 -0.10017690646905664 -0.10025129220151768 0.090523480698778164 -0.10012277949732061 0.079942824684818586 -0.10004183947763112 -0.092915202252054505
leaf_weight=0.14169090671930007 0.88864182843099193 0.40282907557593794 0.17706139890106065 0.73510405293200054 0.46414177611586638 0.56267244169430242 0.76718403973973159 0.19973616288916674 0.17146042604508593 0.59669211385334964 0.71035458740152535 0.054246241543296825 0.37949331915297069 0.16055652235081652 0.30362983012309985 0.17842810815272958 0.26385556199966231 0.18130337466573099 0.81131197368085839 1.0888448063342364 0.49637435510157946 1.7525385908811584 0.5114487768150866 0.10059966681728827 0.16129116060619697 0.11488318354531657 0.17291909999221389 0.19621399600873701 1.1677920214042385 0.4387149561989645
leaf_count=101 1560 1195 622 833 634 459 2251 451 130 707 274 119 132 184 412 336 82 257 433 394 752 858 289 131 215 81 474 60 1525 974
internal_value=-0.00133447 -0.00442981 -0.00233057 -0.000987212 0.0374035 -0.00492755 -0.0359227 0.0114368 0.00108658 0.00488781 0.0548175 -0.000402008 -0.0369439 0.04133 0.0127624 -0.0623427 0.0172679 0.0186591 0.022392 0.0132045 -0.00389378 0.0128222 -0.0345965 0.0523687 0.0636111 -0.0208927 -0.0676985 -0.00440827 -0.0911555 -0.0592001
internal_weight=14.352 13.4634 13.0605 12.8835 1.19925 11.6842 1.89873 0.762409 9.78551 9.2051 0.881815 8.32329 2.20437 0.54005 6.11892 1.66432 0.442284 5.81529 5.63398 4.82267 3.35705 2.86068 1.10814 1.46562 1.36502 0.276174 1.13632 0.369133 1.22204 0.580406
internal_count=16925 15365 14170 13548 1467 12081 3695 910 8386 7311 404 6907 2378 316 4529 2062 418 4117 3860 3427 2606 1854 996 821 690 296 2785 534 1644 1075
is_linear=0
shrinkage=0.1


end of trees

feature_importances:
sector_risk_factor=314
land_acquisition_ease=311
complexity_index=309
funding_stability=300
contractor_concentration=291
schedule_variance_ratio=285
state_project_load=273
agency_track_record=255
monsoon_exposure=195
days_elapsed=145
original_duration_days=128
timeline_elapsed_fraction=103
physical_progress_pct=47
cost_revision_ratio=33
financial_progress_pct=11

parameters:
[boosting: gbdt]
[objective: binary]
[metric: binary_logloss]
[tree_learner: serial]
[device_type: cpu]
[data_sample_strategy: bagging]
[data: ]
[valid: ]
[num_iterations: 100]
[learning_rate: 0.1]
[num_leaves: 31]
[num_threads: 8]
[seed: 42]
[deterministic: 0]
[force_col_wise: 0]
[force_row_wise: 0]
[histogram_pool_size: -1]
[max_depth: -1]
[min_data_in_leaf: 20]
[min_sum_hessian_in_leaf: 0.001]
[bagging_fraction: 1]
[pos_bagging_fraction: 1]
[neg_bagging_fraction: 1]
[bagging_freq: 0]
[bagging_seed: 400]
[bagging_by_query: 0]
[feature_fraction: 1]
[feature_fraction_bynode: 1]
[feature_fraction_seed: 30056]
[extra_trees: 0]
[extra_seed: 12879]
[early_stopping_round: 0]
[early_stopping_min_delta: 0]
[first_metric_only: 0]
[max_delta_step: 0]
[lambda_l1: 0]
[lambda_l2: 0]
[linear_lambda: 0]
[min_gain_to_split: 0]
[drop_rate: 0.1]
[max_drop: 50]
[skip_drop: 0.5]
[xgboost_dart_mode: 0]
[uniform_drop: 0]
[drop_seed: 17869]
[top_rate: 0.2]
[other_rate: 0.1]
[min_data_per_group: 100]
[max_cat_threshold: 32]
[cat_l2: 10]
[cat_smooth: 10]
[max_cat_to_onehot: 4]
[top_k: 20]
[monotone_constraints: ]
[monotone_constraints_method: basic]
[monotone_penalty: 0]
[feature_contri: ]
[forcedsplits_filename: ]
[refit_decay_rate: 0.9]
[cegb_tradeoff: 1]
[cegb_penalty_split: 0]
[cegb_penalty_feature_lazy: ]
[cegb_penalty_feature_coupled: ]
[path_smooth: 0]
[interaction_constraints: ]
[verbosity: 1]
[saved_feature_importance_type: 0]
[use_quantized_grad: 0]
[num_grad_quant_bins: 4]
[quant_train_renew_leaf: 0]
[stochastic_rounding: 1]
[linear_tree: 0]
[max_bin: 255]
[max_bin_by_feature: ]
[min_data_in_bin: 3]
[bin_construct_sample_cnt: 200000]
[data_random_seed: 175]
[is_enable_sparse: 1]
[enable_bundle: 1]
[use_missing: 1]
[zero_as_missing: 0]
[feature_pre_filter: 1]
[pre_partition: 0]
[two_round: 0]
[header: 0]
[label_column: ]
[weight_column: ]
[group_column: ]
[ignore_column: ]
[categorical_feature: ]
[forcedbins_filename: ]
[precise_float_parser: 0]
[parser_config_file: ]
[objective_seed: 16083]
[num_class: 1]
[is_unbalance: 0]
[scale_pos_weight: 1]
[sigmoid: 1]
[boost_from_average: 1]
[reg_sqrt: 0]
[alpha: 0.9]
[fair_c: 1]
[poisson_max_delta_step: 0.7]
[tweedie_variance_power: 1.5]
[lambdarank_truncation_level: 30]
[lambdarank_norm: 1]
[label_gain: ]
[lambdarank_position_bias_regularization: 0]
[eval_at: ]
[multi_error_top_k: 1]
[auc_mu_weights: ]
[num_machines: 1]
[local_listen_port: 12400]
[time_out: 120]
[machine_list_filename: ]
[machines: ]
[gpu_platform_id: -1]
[gpu_device_id: -1]
[gpu_device_id_list: ]
[gpu_use_dp: 0]
[num_gpu: 1]

end of parameters

pandas_categorical:[]
