tree
version=v4
num_class=1
num_tree_per_iteration=1
label_index=0
max_feature_idx=5
objective=binary sigmoid:1
feature_names=timeline_elapsed_fraction physical_progress_pct financial_progress_pct cost_revision_ratio schedule_variance_ratio milestone_completion_ratio
feature_infos=[0.016949152542372801:1] [0:1] [0:1.5] [1:2.8736208179800604] [0:2.391783324816469] [0:1]
tree_sizes=3398 3399 3405 3421 3414 3414 3418 3423 3427 3439 3436 3438 3449 3452 3455 3452 3449 3446 3442 3466 3455 3441 3468 3486 3454 3416 3473 3427 3451 3455 3468 3439 3463 3434 3453 3449 3465 3472 3425 3516 3445 3449 3403 3419 3429 3509 3411 3439 3498 3415 3429 3510 3498 3446 3409 3426 3503 3405 3400 3436 3489 3414 3405 3502 3423 3378 3484 3404 3424 3413 3477 3417 3403 3494 3465 3399 3410 3404 3402 3464 3411 3498 3401 3395 3395 3413 3436 3425 3405 3462 3398 3419 3427 3401 3423 3435 3433 3403 3430 3416

Tree=0
num_leaves=31
num_cat=0
split_feature=4 1 4 0 1 4 0 1 0 4 4 4 0 4 4 0 0 4 0 0 4 4 0 4 4 4 0 0 4 0
split_gain=3727.29 862.878 1284.34 394.028 337.471 820.102 307.026 297.349 215.641 535.673 201.273 171.303 135.603 386.265 100.625 237.119 100.179 316.666 89.6415 78.7192 180.769 78.5867 64.429 79.2128 58.9315 58.1855 172.065 56.4819 60.7642 50.2052
threshold=0.37965464628872075 0.58476808711380157 0.16029893529129377 0.61620294599018022 0.39970952773157636 0.057706055989306553 0.37394067796610175 0.64252005905241416 0.2869249394673124 0.030828079736453202 0.22287395450575073 0.095313157418602121 0.20722186076772933 0.014907607164159902 0.10035237690594802 0.51042118975249684 0.14415584415584412 0.007104573111091801 0.72281323877068571 0.10582306830907051 0.004511941652621301 0.29687983362966919 0.18697033898305088 0.019508720656014753 0.47045312638461473 0.23571264416038978 0.76043478260869579 0.26138716356107666 0.037108704165590763 0.084039548022598873
decision_type=2 2 2 2 2 2 2 2 2 2 2 2 2 2 2 2 2 2 2 2 2 2 2 2 2 2 2 2 2 2
left_child=1 2 4 -4 5 8 -7 -2 9 12 -5 -8 13 16 -6 -16 17 19 -12 20 29 -20 -15 -24 -9 -3 -27 -11 -29 -1
right_child=7 25 3 10 14 6 11 24 -10 27 18 -13 -14 22 15 -17 -18 -19 21 -21 -22 -23 23 -25 -26 26 -28 28 -30 -31
leaf_value=-0.86592182843195575 -0.53035075812263899 -0.98369250886949655 -0.53783646196708257 -0.91195963973586824 -0.97549775426239549 -0.5362282795783565 -0.87928894658005752 -0.82753440190909322 -0.9618663248103172 -0.5335375497029311 -0.58763651735133537 -0.62112845572420561 -0.95509816256142732 -0.53879033653601038 -0.66350677239444833 -0.94397052182509533 -0.95723549684201648 -0.61400274717620895 -0.90038973896852426 -0.97407169666504023 -0.55252266467762279 -0.65424584086638526 -0.9230988801840927 -0.54997022144213648 -0.62494910302029283 -0.65125698175279401 -0.95140497465011531 -0.88566622982876009 -0.57678142270083987 -0.97279097562137851
leaf_weight=235.87156498432159 358.01183170080185 614.48536938428879 142.7422394156456 59.493451774120331 371.88662964105606 94.600895047187805 68.322868645191193 44.357308566570282 279.80842512845993 46.249326467514038 51.504931747913361 41.203945398330688 203.07658803462982 37.209685385227203 38.260806441307068 142.11156678199768 148.20806890726089 46.039102256298065 25.226905345916748 88.714617133140564 17.238385319709778 26.698474824428558 12.403228461742403 10.511210560798643 21.232645332813263 20.812196910381317 232.08752918243408 11.772555828094484 13.87479794025421 54.027622282505035
leaf_count=1122 1703 2923 679 283 1769 450 325 211 1331 220 245 196 966 177 182 676 705 219 120 422 82 127 59 50 101 99 1104 56 66 257
internal_value=-0.844626 -0.882253 -0.849798 -0.659135 -0.879512 -0.853544 -0.66819 -0.566212 -0.884943 -0.861679 -0.765408 -0.782169 -0.883766 -0.861488 -0.94577 -0.884478 -0.88609 -0.862228 -0.681112 -0.891098 -0.867131 -0.77383 -0.620025 -0.751939 -0.761954 -0.967077 -0.926705 -0.599541 -0.718565 -0.885839
internal_weight=3558.04 3134.44 2267.06 305.666 1961.39 1409.13 204.128 423.602 1205.01 925.197 162.924 109.527 853.3 650.223 552.259 180.372 590.099 441.891 103.43 395.852 307.138 51.9254 60.1241 22.9144 65.59 867.385 252.9 71.8967 25.6474 289.899
internal_count=16925 14910 10784 1454 9330 6703 971 2015 5732 4401 775 521 4059 3093 2627 858 2807 2102 492 1883 1461 247 286 109 312 4126 1203 342 122 1379
is_linear=0
shrinkage=1


Tree=1
num_leaves=31
num_cat=0
split_feature=4 1 4 0 1 4 4 0 1 0 4 4 0 4 0 4 0 4 0 4 0 0 4 0 4 0 0 4 0 4
split_gain=2770.35 746.666 1001.35 460.07 329.922 502.407 328.116 216.449 196.635 178.907 449.406 133.278 115.067 115.485 112.111 302.997 76.2758 185.061 70.3743 62.6472 63.1922 58.1874 55.6669 130.222 55.6335 164.062 55.417 187.21 41.7336 186.095
threshold=0.37965464628872075 0.58476808711380157 0.11836602138727077 0.53923076923076929 0.36683758109596493 0.045711569899443603 0.18131128566606905 0.33615819209039549 0.61644360284162947 0.23582887700534758 0.020158926624543754 0.06673700144682522 0.65261756876663723 0.25641124185351455 0.16515151515151513 0.0091181059696824017 0.11814556331006977 0.005159164457345101 0.41341829085457271 0.51817159892918629 0.93813775510204089 0.77871939736346529 0.030828079736453202 0.282329988851728 0.25324482261369285 0.78647416413373872 0.084039548022598873 0.0024307306665599503 0.45534290271132377 0.086599282433888314
decision_type=2 2 2 2 2 2 2 2 2 2 2 2 2 2 2 2 2 2 2 2 2 2 2 2 2 2 2 2 2 2
left_child=1 2 4 -4 5 9 -5 -7 -2 10 14 -9 -8 -14 15 16 17 26 -13 20 -10 -15 -11 -24 -3 -26 27 -1 29 -6
right_child=8 24 3 6 28 7 12 11 19 22 -12 18 13 21 -16 -17 -18 -19 -20 -21 -22 -23 23 -25 25 -27 -28 -29 -30 -31
leaf_value=-0.048112244028610515 0.25994317038929587 -0.13135286284932302 0.2537330329481664 -0.077133874304520608 -0.10521965721622301 0.24819581132092061 0.23579381698037905 -0.091286465951269269 0.16739259342771923 -0.13255512929441593 0.22306432245563446 0.23386500140268104 -0.038998503921469994 0.22112581217341298 -0.1073824720822795 0.20832779282198605 -0.11559809567131352 0.22157252950295528 -0.014634142778352698 0.25046115462265239 -0.020921762856068993 0.021271021708842566 0.13484116826973971 -0.11255597307530703 0.17499781826201546 -0.1039197340184117 -0.11339530888567453 0.23399497957895271 -0.1300150125120979 0.19906659140933503
leaf_weight=209.67680951952934 369.642498716712 620.61425168812275 171.76745343208313 123.04569090902805 185.20590630173683 92.06012536585331 68.842697024345398 45.203674376010895 29.940018996596336 206.7880302220583 73.196289196610451 32.176564231514931 51.768876880407333 46.984108507633209 172.43787907063961 54.664777487516403 105.05933333933353 29.425032198429108 17.64627493917942 21.155820995569229 44.017903476953506 21.114967435598373 29.547163724899292 76.008375450968742 23.911313205957413 178.67395570874214 78.61223965883255 26.495948642492294 312.85493995249271 22.545415416359901
leaf_count=1006 1585 3126 752 596 923 407 303 219 136 1032 329 145 244 211 851 249 517 132 83 92 202 96 132 378 111 889 392 126 1556 105
internal_value=-0.000615334 -0.0349945 -0.00521574 0.12232 -0.0400633 -0.0121866 0.049915 0.138915 0.226948 -0.0388076 -0.0123116 0.033046 0.132755 0.0735779 -0.0377837 -0.0139682 -0.041016 -0.0182522 0.145851 0.0987188 0.0553126 0.159158 -0.102393 -0.0433044 -0.1165 -0.0709989 -0.0406702 -0.016463 -0.106943 -0.0721982
internal_weight=3541.08 3076.33 2253.13 483.524 1769.6 1249 311.756 187.087 464.756 1061.91 749.568 95.0265 188.711 119.868 676.372 503.934 449.269 344.21 49.8228 95.1137 73.9579 68.0991 312.344 105.556 823.2 202.585 314.785 236.173 520.606 207.751
internal_count=16925 14910 10784 2202 8582 5998 1450 854 2015 5144 3602 447 854 551 3273 2422 2173 1656 228 430 338 307 1542 510 4126 1000 1524 1132 2584 1028
is_linear=0
shrinkage=0.1


Tree=2
num_leaves=31
num_cat=0
split_feature=4 1 4 1 4 1 0 0 4 1 0 4 4 0 4 4 0 0 4 0 0 4 4 0 4 4 0 0 4 0
split_gain=2160.16 649.023 807.114 274.656 444.715 272.978 194.132 185.5 329.072 144.541 137.157 269.958 118.283 97.3841 157.671 89.1807 81.7831 79.2133 80.9401 78.1115 66.5956 73.7411 64.472 70.0915 58.9498 52.7388 130.564 50.4622 120.666 49.5967
threshold=0.37965464628872075 0.58476808711380157 0.13876063626218502 0.39970952773157636 0.054276286282822155 0.49076188656586012 0.36188554658840799 0.2869249394673124 0.025382954044942903 0.59239981582833023 0.18942218080149117 0.0113795917467339 0.074327325521809304 0.13536417773705908 0.007104573111091801 0.20085286428457097 0.42526595744680856 0.24780701754385961 0.033823491830934409 0.5929064657878218 0.68927203065134113 0.27767986504660014 0.44469732939043199 0.932768361581921 0.10382426550668152 0.23270222572161683 0.78647416413373872 0.10582306830907051 0.0034078826905999007 0.07207792207792206
decision_type=2 2 2 2 2 2 2 2 2 2 2 2 2 2 2 2 2 2 2 2 2 2 2 2 2 2 2 2 2 2
left_child=1 2 3 4 7 -4 -6 8 10 -2 11 13 -8 14 27 19 -14 -10 -19 -7 -17 -22 23 -11 -18 -3 -27 28 29 -1
right_child=9 25 5 -5 6 15 12 -9 17 22 -12 -13 16 -15 -16 20 24 18 -20 -21 21 -23 -24 -25 -26 26 -28 -29 -30 -31
leaf_value=-0.017633099081838979 0.22635806784463572 -0.12869778363041914 0.20541178753412362 -0.10078964800351829 0.21806370395135272 0.12187548515149015 -0.096108641763161251 -0.11504430492140093 0.2207601896093665 0.12818698094829792 -0.10980423616101263 0.16279995038465528 0.21865616740113347 -0.1239679727870296 0.19876419654645339 0.19161599407292626 -0.10794074662363634 -0.07742844205742927 0.16706614495671354 -0.097632193063622474 -0.065723931703338775 0.13226017233633872 0.17041810389272083 -0.089278263598180932 0.13157777592747685 0.098571966672805086 -0.10410299354103472 -0.11633488110984387 0.13954816933612599 -0.11667820488772498
leaf_weight=189.37579523026943 362.33602541685104 537.59970436990261 200.65816727280617 455.73555071651936 103.34820656478405 22.12937730550766 45.398062631487846 238.04538097977638 60.616909712553024 31.618982240557671 202.61058190464973 74.999817788600922 35.543528690934181 109.52705435454845 31.087063357234001 45.341042071580887 20.602939426898956 25.068494856357574 29.443451091647148 60.61756806075573 35.815509676933289 39.627589583396912 64.784523487091064 27.898706719279289 20.499410405755043 37.682747438549995 203.08475874364376 64.186334788799286 41.54201965034008 68.970769971609116
leaf_count=923 1476 2891 844 2372 430 101 225 1248 257 135 1049 335 156 564 133 194 100 125 126 300 168 172 274 130 88 172 1063 336 190 348
internal_value=-0.000991713 -0.0327017 -0.00516135 -0.0335979 -0.0110962 0.122645 0.117211 -0.0365654 -0.0157486 0.194437 -0.0389787 -0.0142241 0.0318085 -0.0405309 -0.0174047 0.0410458 0.107575 0.1421 0.05463 -0.0389283 0.0958345 0.0382701 0.101389 0.0262509 0.0115169 -0.111278 -0.0723821 -0.0358626 -0.0186388 -0.0440752
internal_weight=3485.8 2999.16 2220.79 1816.6 1360.87 404.189 225.392 1135.47 897.428 486.638 782.299 579.689 122.044 504.689 395.162 203.531 76.6459 115.129 54.5119 82.7469 120.784 75.4431 124.302 59.5177 41.1023 778.367 240.768 364.075 299.889 258.347
internal_count=16925 14910 10784 9005 6633 1779 999 5634 4386 2015 3878 2829 569 2494 1930 935 344 508 251 401 534 340 539 265 188 4126 1235 1797 1461 1271
is_linear=0
shrinkage=0.1


Tree=3
num_leaves=31
num_cat=0
split_feature=4 1 4 0 1 4 4 0 4 0 0 4 4 1 0 4 0 4 0 4 4 0 4 0 4 0 4 0 4 0
split_gain=1734.32 560.22 677.756 273.601 252.674 360.448 205.618 147.163 247.865 146.963 119.543 177.505 102.058 95.5914 80.871 73.0941 69.4639 79.1862 67.4044 127.281 60.0367 123.823 56.0634 54.7248 140.423 75.8668 45.4152 159.723 44.5496 44.4538
threshold=0.38808925848620079 0.58476808711380157 0.12341627656443106 0.53923076923076929 0.36683758109596493 0.043926592227309054 0.18131128566606905 0.25760368663594474 0.018824946619645556 0.31643132220795894 0.16807909604519775 0.0091181059696824017 0.064152885267845766 0.61644360284162947 0.21103238866396759 0.026967429963537504 0.65261756876663723 0.25641124185351455 0.11814556331006977 0.004511941652621301 0.25324482261369285 0.82404540763673906 0.32997151528534602 0.084039548022598873 0.0016417795720781502 0.063164893617021267 0.071704149371965467 0.45534290271132377 0.0029266321857703502 0.41341829085457271
decision_type=2 2 2 2 2 2 2 2 2 2 2 2 2 2 2 2 2 2 2 2 2 2 2 2 2 2 2 2 2 2
left_child=1 2 4 -4 5 7 -5 8 10 -7 11 18 -11 -2 -10 -16 -8 -18 19 23 -3 22 -22 24 -1 -26 -6 -28 -27 -14
right_child=13 20 3 6 26 9 16 -9 14 12 -12 -13 29 -15 15 -17 17 -19 -20 -21 21 -23 -24 -25 25 28 27 -29 -30 -31
leaf_value=-0.057527861281663595 0.19658943695544912 -0.12215233526698499 0.20196625371185561 -0.067054426457395275 -0.12141621186345762 0.20750716727042856 0.1800210840211478 -0.10807725662148504 0.2084660157773095 -0.061037025631374288 -0.11330876039028333 0.14359396009923428 0.17199574543670271 0.082608795077847158 -0.056995621433235423 0.15383590592460022 -0.037612980574021598 0.12383800662974619 -0.10801381990410928 0.14891894842363609 0.031199558294536484 -0.10125316149899553 0.30834869273804355 -0.11950937372270087 0.29266490074409324 -0.049135236851171854 0.09940082937505508 -0.10689620751870038 0.19210239409309404 -0.0041480261223737743
leaf_weight=177.76097452640533 388.96135652065277 546.15721437335014 170.76499783992767 107.98691400885582 276.99149511754513 87.887431293725967 75.239282637834549 215.30830465257168 53.911983907222748 56.329585775732994 162.04627387225628 62.203598350286484 48.827785223722458 90.74576461315155 34.553695321083069 31.376051992177963 50.965825721621513 75.205511152744293 102.25421571731567 41.388438999652863 36.573697134852409 151.83471497893333 9.1185592263936979 64.817776769399643 18.42629337310791 20.878949210047722 48.548699513077736 165.3622395247221 12.086654201149939 20.277797788381577
leaf_count=880 1557 3126 693 544 1544 361 307 1182 222 286 881 268 203 393 178 134 244 317 558 178 175 826 43 356 86 103 234 897 53 96
internal_value=-0.00121052 -0.0301132 -0.00456052 0.100359 -0.0341734 -0.00962956 0.0442795 -0.0348723 -0.0147091 0.108348 -0.0386702 -0.0144715 0.0388716 0.175028 0.117623 0.0433394 0.103972 0.0586213 -0.0369394 -0.0152681 -0.105065 -0.0578198 0.0865087 -0.0383842 -0.0154373 0.130151 -0.094687 -0.0600755 0.0393132 0.12031
internal_weight=3404.79 2925.08 2181.4 480.163 1701.24 1210.34 309.398 997.013 781.705 213.323 661.863 499.817 125.435 479.707 119.842 65.9297 201.411 126.171 437.613 335.359 743.684 197.527 45.6923 293.971 229.153 51.3919 490.902 213.911 32.9656 69.1056
internal_count=16925 14975 10805 2105 8700 6025 1412 5079 3897 946 3363 2482 585 1950 534 312 868 561 2214 1656 4170 1044 218 1478 1122 242 2675 1131 156 299
is_linear=0
shrinkage=0.1


Tree=4
num_leaves=31
num_cat=0
split_feature=4 1 4 0 4 1 0 4 0 4 0 4 0 4 4 0 0 4 0 4 0 4 0 4 4 0 0 4 0 4
split_gain=1420.86 517.129 615.692 198.734 316.106 196.006 161.574 167.393 144.565 253.1 108.802 206.125 86.6847 150.584 73.0004 172.804 71.1446 85.9483 103.931 68.6408 51.9612 63.6964 49.2426 117.102 46.7653 52.4343 40.6747 57.05 33.7331 50.7987
threshold=0.34688589376087337 0.54349904135502569 0.11108679762504561 0.42163742690058481 0.063131172160172208 0.64252005905241416 0.51042118975249684 0.16679002115450606 0.32529069767441865 0.036338581673756011 0.23145604395604394 0.018125189704214503 0.16515151515151513 0.007104573111091801 0.20613415362779122 0.75642715886618339 0.10582306830907051 0.0016417795720781502 0.07207792207792206 0.004511941652621301 0.13100686498855832 0.010838067980441251 0.047065337763012159 0.00077896218238600009 0.43560706353394768 0.88303693570451447 0.38935969868173265 0.082309948910442757 0.61257406188281782 0.21206823955895851
decision_type=2 2 2 2 2 2 2 2 2 2 2 2 2 2 2 2 2 2 2 2 2 2 2 2 2 2 2 2 2 2
left_child=1 2 3 4 8 -2 -4 -8 9 10 11 12 13 16 -3 -16 17 22 -19 -20 -15 -22 23 -1 25 -7 -6 -28 -9 -30
right_child=5 14 6 -5 26 24 7 28 -10 -11 -12 -13 -14 20 15 -17 -18 18 19 -21 21 -23 -24 -25 -26 -27 27 -29 29 -31
leaf_value=-0.051890767154447674 0.17100129047353876 -0.12006298700988936 0.18696336205221228 -0.10788262062587793 0.18202763027497049 0.16671469411889348 -0.051364461489171613 0.17929087227135143 -0.11112748318920525 0.14259275448985034 -0.099664791237047815 0.1427875873533779 -0.10369033457702735 0.18587986640449911 0.081840775013055242 -0.10029571336325611 -0.11583319629615366 0.19681867136571696 -0.063879817943562248 0.17142737890371784 -0.074494120128877322 0.15164010206610656 -0.11465590882245075 0.26922163370008401 0.1040066809938955 -0.080291479399017471 -0.059744480425247409 0.19508575520087934 -0.046218661084436639 0.13066583836981255
leaf_weight=87.928243353962898 462.25839406251907 524.50714601576328 159.16928252577782 277.18924628198147 80.678006753325462 10.348246604204176 89.136972397565842 61.461755409836769 185.51330314576626 92.450772538781166 184.22386327385902 75.479817301034927 133.2656916975975 41.37925910949707 68.070575535297394 221.89214864373207 93.321566164493561 35.041668012738228 57.050304383039474 15.838546574115751 25.88670115172863 24.008466094732285 82.223343685269356 13.041042834520338 37.041612893342972 50.698822990059853 19.740068554878235 15.830603480339049 22.602505251765251 57.63876673579216
leaf_count=445 1875 3180 647 1601 334 49 455 249 1073 406 1053 325 759 169 321 1258 547 153 304 64 130 99 429 66 155 261 101 67 109 241
internal_value=-0.00135501 -0.0309819 -0.00278447 -0.0312066 -0.0143772 0.143757 0.10945 0.0560034 -0.030307 -0.0147075 -0.0314483 -0.0130879 -0.0324076 -0.0124388 -0.0978032 -0.057538 -0.0398528 -0.0154968 0.0552916 -0.0127482 0.103028 0.0343167 -0.0572028 -0.0104164 0.0153646 -0.0384208 0.142751 0.0536668 0.123542 0.0808407
internal_weight=3304.92 2744.57 1930.1 1540.09 1262.9 560.347 390.009 230.84 1146.65 961.139 868.689 684.465 608.985 475.719 814.47 289.963 384.445 291.123 107.931 72.8889 91.2744 49.8952 183.193 100.969 98.0887 61.0471 116.249 35.5707 141.703 80.2413
internal_count=16925 14585 9826 8125 6524 2340 1701 1054 6022 4949 4543 3490 3165 2406 4759 1579 2008 1461 521 368 398 229 940 511 465 310 502 168 599 350
is_linear=0
shrinkage=0.1


Tree=5
num_leaves=31
num_cat=0
split_feature=4 1 4 1 0 4 0 4 0 4 0 4 0 4 0 4 4 0 4 0 0 4 0 4 0 0 4 0 4 0
split_gain=1184.69 454.859 472.761 220.811 174.811 253.18 163.428 191.951 138.745 121.315 96.5175 167.237 93.1713 104.69 75.7068 104.091 56.5524 144.261 50.9122 60.6254 48.1402 84.5999 40.9472 71.1647 34.0774 33.9511 39.2139 33.8229 45.0215 33.7324
threshold=0.32997151528534602 0.54349904135502569 0.11108679762504561 0.63696425895787934 0.42980295566502463 0.052938736798449057 0.29217479674796754 0.028443874653210653 0.50423728813559332 0.16679002115450606 0.20169491525423733 0.012246552219649752 0.36188554658840799 0.074327325521809304 0.13976744186046514 0.0060558449135106008 0.20367706052040693 0.75642715886618339 0.45892511203429337 0.87066905615292722 0.095695970695970675 0.0024307306665599503 0.067989214175654802 0.0013345552180012502 0.056079664570230552 0.61620294599018022 0.1981205098838513 0.55662393162393176 0.13485410516262439 0.077677224736048267
decision_type=2 2 2 2 2 2 2 2 2 2 2 2 2 2 2 2 2 2 2 2 2 2 2 2 2 2 2 2 2 2
left_child=1 2 4 -2 5 6 7 10 -4 27 11 14 -7 -14 15 20 -3 -18 19 -5 21 22 23 -1 -25 -11 -27 28 -10 -23
right_child=3 16 8 18 -6 12 -8 -9 9 25 -12 -13 13 -15 -16 -17 17 -19 -20 -21 -22 29 -24 24 -26 26 -28 -29 -30 -31
leaf_value=-0.047635614545971483 0.15741006058746124 -0.11700323819188159 0.17124622454791391 0.1699943821258858 -0.10739550576935337 0.16142813537999279 -0.11109010460746122 0.11883799585257913 -0.066021192587694788 0.16044987094623606 -0.097368736550476176 0.11825284926746543 -0.080672494096954483 0.13430426622646471 -0.10746044307153942 0.11508335031128242 0.064011017863354377 -0.1039836901227659 0.11476275064131553 -0.065949227979139435 -0.1048727717859038 0.19241378057003633 -0.12804249420005412 0.2659799303518578 0.036487363685716701 -0.09904589236006997 0.09420239261824967 -0.096740684107358574 0.15070533020142229 0.026221208646763305
leaf_weight=137.16858918964863 469.7151156514883 480.9807690680027 149.04745091497898 12.688233166933058 240.61320741474628 96.320588052272797 214.96490843594074 97.10727496445179 22.360144525766373 62.98896224796772 167.90947975218296 85.056690007448196 48.230260416865349 42.715327486395836 108.25215657055378 54.615959316492081 69.67942963540554 191.86771765351295 31.810687959194183 76.85179041326046 74.199851721525192 23.156783998012543 43.139938488602638 10.976635754108431 15.760956287384031 12.766803801059721 59.151726678013802 50.934309870004654 16.776716187596321 25.842693015933037
leaf_count=710 1938 3135 611 59 1484 406 1329 429 116 257 1002 380 270 185 645 241 325 1155 129 409 447 96 245 50 75 66 249 276 75 131
internal_value=-0.00146021 -0.0304853 -0.00407159 0.126343 -0.0293642 -0.0142887 -0.0332563 -0.0134131 0.0964179 0.0468444 -0.0306265 -0.0112436 0.0928884 0.0202978 -0.0335803 -0.0127996 -0.0966525 -0.0592278 0.00609221 -0.0325149 -0.0339488 -0.0133957 -0.041359 -0.018544 0.130701 0.106846 0.0598974 -0.0430251 0.0268825 0.104763
internal_weight=3193.65 2602.59 1860.06 591.066 1486.03 1245.42 1058.15 843.187 374.026 224.979 746.08 578.17 187.266 90.9456 493.114 384.861 742.528 261.547 121.351 89.54 330.245 256.046 207.046 163.906 26.7376 134.907 71.9185 90.0712 39.1369 48.9995
internal_count=16925 14390 9775 2535 8125 6641 5780 4451 1650 1039 4022 3020 861 455 2640 1995 4615 1480 597 468 1754 1307 1080 835 125 572 315 467 191 227
is_linear=0
shrinkage=0.1


Tree=6
num_leaves=31
num_cat=0
split_feature=4 1 4 1 4 0 0 4 0 4 4 0 0 4 0 4 0 0 4 3 0 4 4 0 4 0 4 4 0 0
split_gain=1003.21 383.757 392.387 216.462 233.221 163.053 125.769 194.829 113.174 149.075 109.712 87.2797 81.485 116.745 64.9244 81.1226 61.0525 50.9925 53.9502 50.2342 49.9229 86.2507 45.4384 39.4212 87.1386 39.0532 42.858 38.55 51.5977 32.1363
threshold=0.40517945213048873 0.61853490175195003 0.15546191449760796 0.445345287453214 0.074327325521809304 0.61257406188281782 0.35781671159029654 0.038814213137215108 0.25211864406779666 0.020895843972680451 0.23878783265234324 0.45534290271132377 0.18697033898305088 0.0113795917467339 0.13536417773705908 0.005159164457345101 0.74527629233511605 0.31311274509803927 0.054276286282822155 1.1109163928113424 0.084039548022598873 0.0016417795720781502 0.10204124496177601 0.047065337763012159 0.00066302715838925013 0.11215932914046121 0.0079424945097579022 0.29167119744734787 0.84680573663624525 0.063164893617021267
decision_type=2 2 2 2 2 2 2 2 2 2 2 2 2 2 2 2 2 2 2 2 2 2 2 2 2 2 2 2 2 2
left_child=1 2 3 4 6 -4 7 8 9 12 -7 -6 13 14 15 20 -12 -9 -19 -2 21 23 -13 24 -1 -17 -27 -18 -29 -23
right_child=19 -3 5 -5 11 10 -8 17 -10 -11 16 22 -14 -15 -16 25 27 18 -20 -21 -22 29 -24 -25 -26 26 -28 28 -30 -31
leaf_value=-0.054897189431753493 0.075777822829513314 -0.10114849962669702 0.15564322070634801 -0.099988156762478367 0.13841527759703093 -0.048025824964662865 -0.10790725267545453 0.15530761348584074 -0.10470725826963573 0.11295910842824793 0.15163276861501485 -0.115489465345404 -0.10760148969290438 0.11443978294588911 -0.1097111278104827 0.17134542583133261 -0.072040696868110515 -0.079990131945759158 0.12329198611484825 0.15825471971575078 -0.10171669650266574 0.19088942248132262 0.056074269951730565 -0.10563877717674253 0.17499045873846564 -0.073577348578047569 0.16601893604267087 0.13685544338875208 -0.081976056829410116 0.036520358482224125
leaf_weight=77.443130046129227 94.68945524096489 524.48057328164577 170.72159726917744 329.60385406017303 130.18967989087105 106.64041188359261 164.37565559148788 74.613951191306114 165.8289153277874 83.035767614841461 71.375561729073524 22.913856640458107 110.41857650876045 63.133263289928436 84.598592430353165 30.759816884994507 27.29614369571209 24.908057034015656 27.436201065778732 335.50151136517525 80.044391348958015 22.15118932723999 47.312014862895012 66.467077702283859 20.948590487241745 20.468732088804245 11.752202063798903 37.711039274930954 15.084897562861441 34.473206862807274
leaf_count=411 401 3524 724 2148 563 580 1066 320 1064 372 293 148 699 272 541 127 138 151 117 1419 512 90 222 369 100 111 48 163 70 162
internal_value=-0.00152951 -0.0245544 -0.00562047 -0.0272648 -0.0096822 0.0798242 -0.0268532 -0.0135096 -0.0303692 -0.0129007 0.0296748 0.0899477 -0.029685 -0.0128893 -0.0307886 -0.0124715 0.0843797 0.102226 0.02656 0.140101 -0.0340319 -0.0095705 9.5088e-05 -0.0461432 -0.00595179 0.0907516 0.0138125 0.024446 0.0743307 0.0969088
internal_weight=3076.38 2646.19 2121.71 1692.88 1363.27 428.83 1162.86 998.482 871.523 705.695 258.108 200.416 622.659 512.24 449.107 364.508 151.468 126.958 52.3443 430.191 301.528 221.483 70.2259 164.859 98.3917 62.9808 32.2209 80.0921 52.7959 56.6244
internal_count=16925 15105 11581 9613 7465 1968 6532 5466 4878 3814 1244 933 3442 2743 2471 1930 664 588 268 1820 1644 1132 370 880 511 286 159 371 233 252
is_linear=0
shrinkage=0.1


Tree=7
num_leaves=31
num_cat=0
split_feature=4 1 4 1 0 4 0 0 4 4 1 4 0 4 4 0 0 0 4 4 0 4 0 4 0 4 0 4 0 4
split_gain=851.511 358.559 337.661 173.407 154.647 180.173 127.634 106.546 156.699 105.077 79.2004 114.549 61.4234 69.7305 50.0396 116.72 48.8123 48.5478 73.9268 47.8113 43.0075 72.0301 36.1869 65.732 33.3585 40.5094 32.2767 33.8861 31.8519 33.2083
threshold=0.32308826765304338 0.54349904135502569 0.10382426550668152 0.61644360284162947 0.42163742690058481 0.063131172160172208 0.51042118975249684 0.32529069767441865 0.037108704165590763 0.16968799885097666 0.19948543469592719 0.0113795917467339 0.13536417773705908 0.005159164457345101 0.20367706052040693 0.71563342318059309 0.16807909604519775 0.87066905615292722 0.45892511203429337 0.017077861859118703 0.084039548022598873 0.0020208865019779006 0.056079664570230552 0.00077896218238600009 0.80178571428571443 0.28724007158121173 0.11215932914046121 0.0079424945097579022 0.042109929078014162 0.0011655330713767503
decision_type=2 2 2 2 2 2 2 2 2 2 2 2 2 2 2 2 2 2 2 2 2 2 2 2 2 2 2 2 2 2
left_child=1 2 4 -2 5 7 -4 8 10 -8 11 12 13 20 -3 -16 -13 -5 -19 -18 21 22 23 -1 25 -17 -15 -28 -25 -30
right_child=3 14 6 17 -6 -7 9 -9 -10 -11 -12 16 -14 26 15 24 19 18 -20 -21 -22 -23 -24 28 -26 -27 27 -29 29 -31
leaf_value=-0.051261930157264601 0.14122500188327247 -0.11168670092026592 0.14753940332513396 0.15220547949604479 -0.10558601282552688 0.11176417040589946 -0.048389818725722497 -0.10185013768966754 0.11765176493654619 0.09099635626201287 -0.073621878591053194 0.1511654685883228 -0.10803116098788704 0.16135540182372093 0.10775174121044187 -0.0659243017844304 -0.089809269183254423 -0.0603045539325925 0.099762718462883093 0.084316015075740339 -0.098156032581251759 0.11018216815499544 -0.10845774164668363 0.24342677844905403 -0.11442682301865376 0.13032961809097435 -0.068838838109737788 0.14955148233982404 -0.075806659659132025 0.17790838111920959
leaf_weight=92.783355176448822 419.45744250714779 419.07865712046623 159.28458452224731 22.509948298335075 213.17513205111027 105.39963838458061 96.198737174272537 155.26197366416454 84.291346088051796 123.5393250733614 240.80557571351528 54.011234775185585 80.615936011075974 29.597940742969513 37.487051397562027 53.438626423478127 23.993120744824409 86.451093688607216 43.307399809360504 46.005476668477058 72.521787211298943 40.990391448140144 50.533016800880432 11.970132321119307 129.4156146645546 13.094982758164404 18.656833395361904 11.474561959505079 11.427307188510897 9.4045802354812604
leaf_count=506 1839 3135 694 105 1485 477 540 1073 375 539 1528 224 556 124 169 295 143 480 176 223 493 179 290 51 910 59 105 47 61 44
internal_value=-0.00156181 -0.027842 -0.00403997 0.108043 -0.0274106 -0.0127889 0.0793814 -0.0254808 -0.0119926 0.0299747 -0.025742 -0.00492964 -0.02935 -0.011194 -0.0910187 -0.0539143 0.0797423 0.0166365 -0.00688148 0.0246318 -0.0314824 -0.00921106 -0.036999 -0.00824551 -0.0848427 -0.0272981 0.0871851 0.014328 0.11343 0.0387333
internal_weight=2956.18 2384.46 1731.94 571.726 1352.92 1139.74 379.023 1034.34 879.083 219.738 794.791 553.986 429.976 349.36 652.515 233.436 124.01 152.268 129.758 69.9986 289.631 217.109 176.118 125.585 195.949 66.5336 59.7293 30.1314 32.802 20.8319
internal_count=16925 14325 9757 2600 7984 6499 1773 6022 4949 1079 4574 3046 2456 1900 4568 1433 590 761 656 366 1624 1131 952 662 1264 354 276 152 156 105
is_linear=0
shrinkage=0.1


Tree=8
num_leaves=31
num_cat=0
split_feature=4 1 4 1 4 0 0 4 0 4 4 0 4 0 0 0 4 4 0 0 0 4 0 4 4 4 0 0 4 0
split_gain=730.119 294.398 277.589 186.527 170.678 152.413 99.3435 157.371 97.153 119.715 95.2999 76.8251 94.4279 70.4718 66.6917 45.6472 78.3618 41.2227 58.1585 35.8282 34.776 65.6271 34.5658 67.3407 33.9759 33.7729 40.5094 29.2444 35.6513 27.6298
threshold=0.42363912256324709 0.63696425895787934 0.15546191449760796 0.445345287453214 0.078272812330739863 0.61620294599018022 0.35781671159029654 0.040779167766283909 0.26876172607879928 0.022625446110189403 0.22921351689625488 0.18942218080149117 0.013311623591495353 0.47413024085637828 0.84680573663624525 0.14415584415584412 0.0079424945097579022 0.29167119744734787 0.72281323877068571 0.22767145135566183 0.11215932914046121 0.003945187833653151 0.07207792207792206 0.0016417795720781502 0.030828079736453202 0.3519785144466972 0.88989898989898997 0.31643132220795894 0.054276286282822155 0.036038961038961002
decision_type=2 2 2 2 2 2 2 2 2 2 2 2 2 2 2 2 2 2 2 2 2 2 2 2 2 2 2 2 2 2
left_child=1 2 3 4 6 -4 7 8 9 11 -7 12 15 -6 17 16 20 18 -12 -11 21 22 23 29 -21 -3 -27 -9 -29 -1
right_child=-2 25 5 -5 13 10 -8 27 -10 19 14 -13 -14 -15 -16 -17 -18 -19 -20 24 -22 -23 -24 -25 -26 26 -28 28 -30 -31
leaf_value=0.0159086273133257 0.12910311970582386 -0.10826494190437107 0.13811423884101121 -0.094833898806664207 0.12261784017122357 -0.062645507125814889 -0.096373347599611831 0.13933435229988139 -0.10739558005722777 0.15891767752339028 0.11679674471057522 -0.10023546835716977 0.12479789309426391 -0.019739023576571348 -0.073331058288235648 -0.095251098189860897 0.13772363709846366 0.13548597242502375 -0.048440782090390939 -0.044935483509887082 -0.098530727511532301 0.10904084430319726 -0.090045801568636064 0.12966198964056644 0.13244059686383286 0.13807745739282104 -0.071836472767908874 -0.067840566899595819 0.11114538924453975 -0.072153364219400426
leaf_weight=62.30509240925312 371.49262849986553 367.82590074837208 168.98068793118 312.29388342797756 126.16920417547226 96.291550360620022 158.61662046611309 69.667297020554543 124.83356772363186 45.323054060339928 43.409552156925201 117.17034961283207 46.918496310710907 48.005389869213104 32.077754274010658 75.432533174753189 32.773520022630692 80.550434738397598 41.823198482394218 24.834158048033714 53.096583977341652 39.610699459910393 68.387709937989712 30.191155880689621 19.107849553227425 12.171762019395826 37.570061683654785 19.10167783498764 26.661170795559883 83.214031860232353
leaf_count=339 1690 2915 767 2315 582 584 1133 309 898 195 181 819 204 260 164 516 143 352 218 141 372 186 449 127 81 55 219 126 116 469
internal_value=-0.00158398 -0.0212841 -0.0056731 -0.0255878 -0.0085791 0.0624263 -0.0231768 -0.0108075 -0.0261403 -0.0116159 0.0189462 -0.0274659 -0.0101332 0.0833819 0.0586538 -0.0243593 -0.00989001 0.0841919 0.0357157 0.0965367 -0.0242539 -0.0103528 -0.0297273 -0.00625085 0.0321952 -0.0978067 -0.0204708 0.0985396 0.0364356 -0.034449
internal_weight=2835.91 2464.41 2046.85 1583.71 1271.42 463.133 1097.25 938.629 823.199 698.365 294.152 609.1 491.93 174.175 197.861 445.011 369.579 165.783 85.2328 89.2651 336.805 283.709 244.098 175.71 43.942 417.568 49.7418 115.43 45.7628 145.519
internal_count=16925 15235 12046 9780 7465 2266 6623 5490 4939 4041 1499 3624 2805 842 915 2601 2085 751 399 417 1942 1570 1384 935 222 3189 274 551 242 808
is_linear=0
shrinkage=0.1


Tree=9
num_leaves=31
num_cat=0
split_feature=4 1 4 0 4 0 4 0 4 0 4 0 4 0 4 0 0 4 0 4 4 0 4 0 0 0 4 0 4 0
split_gain=623.464 256.615 243.267 172.962 176.538 168.206 107.975 85.4423 139.306 96.302 106.193 77.3012 71.1184 69.9014 89.8016 55.2916 46.8833 69.5607 37.321 45.2369 37.2996 37.2984 50.0672 35.2737 35.1367 32.6731 70.9446 31.6816 47.3803 31.3976
threshold=0.43560706353394768 0.63696425895787934 0.13485410516262439 0.47413024085637828 0.086599282433888314 0.5727513227513229 0.19494236360961539 0.38138528138528138 0.045711569899443603 0.282329988851728 0.025382954044942903 0.68927203065134113 0.25324482261369285 0.20722186076772933 0.016491182551466154 0.84680573663624525 0.16515151515151513 0.0091181059696824017 0.12613636363636363 0.003945187833653151 0.3519785144466972 0.077677224736048267 0.0013345552180012502 0.10084745762711866 0.9417420814479639 0.042109929078014162 0.00055375499051170016 0.33615819209039549 0.063131172160172208 0.059411764705882351
decision_type=2 2 2 2 2 2 2 2 2 2 2 2 2 2 2 2 2 2 2 2 2 2 2 2 2 2 2 2 2 2
left_child=1 2 3 4 7 -4 -7 8 9 10 13 -8 -13 14 16 -14 17 18 19 21 -3 22 25 -21 -22 26 -1 -10 -29 -24
right_child=-2 20 5 -5 -6 6 11 -9 27 -11 -12 12 15 -15 -16 -17 -18 -19 -20 23 24 -23 29 -25 -26 -27 -28 28 -30 -31
leaf_value=-0.052006157207097281 0.12469980767585737 -0.10563680277864194 0.1379224062779606 -0.10101441522359532 0.12387115779394126 -0.075339657044240532 0.12574351710582035 -0.093650044133484656 0.12859266061672411 -0.10486665076491596 0.09289793303533446 -0.096075130319826757 0.082406049721059693 -0.099574226766693807 0.13521747783599167 -0.065548054080480839 -0.099477820805187522 0.10284282033802999 -0.10387351982475651 0.15223056270091395 0.063149908957649284 -0.099670240437224 0.16173114706173167 0.00059973152289273654 -0.098363556243043049 -0.10348953247524953 0.17100651606284692 -0.068122306829352414 0.13255326383891938 0.0065615254727455254
leaf_weight=63.856334313750267 341.7210106998682 340.67963102459908 161.6463730931282 255.24082720279694 90.598093785345554 96.454962618649006 86.690920546650887 142.32486939430237 75.994210936129093 128.57786528766155 86.676943466067314 46.254014208912849 105.78669068217278 105.14618296921253 39.279157668352127 33.180859059095383 67.244555659592152 48.666385114192963 50.905656643211842 26.407145649194717 27.448272809386253 59.623508438467979 22.858828589320183 36.612782865762711 26.44735324382782 51.95870016515255 18.367724552750587 25.523529164493084 21.826919823884964 30.358790323138237
leaf_count=358 1625 2915 774 2010 428 642 387 1053 354 1003 406 276 485 783 177 166 485 217 391 120 136 441 100 202 162 323 88 171 97 150
internal_value=-0.00158522 -0.0197735 -0.00508528 -0.0263018 -0.0103145 0.0528802 0.0155622 -0.0213442 -0.0106232 -0.0252514 -0.0107919 0.0478076 0.0113305 -0.0252579 -0.0101185 0.0470795 -0.0220899 -0.00938547 -0.0245171 -0.0114877 -0.0934078 -0.0307809 -0.00886294 0.0641374 -0.0161071 -0.0414144 -0.00218819 0.0885876 0.0243822 0.0732123
internal_weight=2714.36 2372.64 1978.06 1448.05 1192.81 530.014 368.367 1102.21 959.885 836.541 707.963 271.912 185.222 621.286 516.14 138.968 476.86 409.616 360.949 310.044 394.575 247.024 187.4 63.0199 53.8956 134.183 82.2241 123.345 47.3504 53.2176
internal_count=16925 15300 12087 9357 7347 2730 1956 6919 5866 5244 4241 1314 927 3835 3052 651 2875 2390 2173 1782 3213 1460 1019 322 298 769 446 622 268 250
is_linear=0
shrinkage=0.1


Tree=10
num_leaves=31
num_cat=0
split_feature=4 1 4 0 0 4 4 0 4 0 1 0 4 0 4 4 0 4 0 4 0 4 0 0 4 0 4 0 4 0
split_gain=535.879 246.29 180.145 162.797 159.114 127.155 102.579 96.7113 103.545 70.7642 68.9566 68.2594 110.642 59.3909 61.9487 53.7828 47.3815 39.4291 83.9357 39.7455 37.0356 49.5594 34.7248 32.6388 47.296 31.9845 34.8796 30.7322 31.7747 27.0853
threshold=0.37965464628872075 0.63696425895787934 0.11836602138727077 0.55662393162393176 0.45534290271132377 0.06673700144682522 0.19494236360961539 0.33615819209039549 0.038814213137215108 0.68927203065134113 0.572189453626886 0.23582887700534758 0.017566784025184756 0.16807909604519775 0.007104573111091801 0.25324482261369285 0.11215932914046121 0.00021516091327995 0.025978407557354904 0.0024307306665599503 0.40175438596491231 0.091017313429865562 0.77871939736346529 0.94494949494949509 0.53705869862524935 0.067989214175654802 0.0013345552180012502 0.084039548022598873 0.004511941652621301 0.14946808510638296
decision_type=2 2 2 2 2 2 2 2 2 2 2 2 2 2 2 2 2 2 2 2 2 2 2 2 2 2 2 2 2 2
left_child=1 2 4 -4 5 7 -5 8 11 -8 -2 12 13 14 16 -11 17 -1 -19 25 -7 -22 -17 -12 -25 26 -20 -21 -29 -16
right_child=10 -3 3 6 -6 20 9 -9 -10 15 23 -13 -14 -15 29 22 -18 18 19 27 21 -23 -24 24 -26 -27 -28 28 -30 -31
leaf_value=-0.10646910805008561 0.13301785197718161 -0.10021730538751808 0.12193701188354594 -0.068122829078779604 -0.10327861625141946 0.12957955396753301 0.11585400070735359 -0.099408503401028803 0.09344304159909711 -0.091166814809744756 0.0949717924385029 -0.081546429911970988 0.099792489102380144 -0.099513978553084262 0.10658934719901479 0.095335809463281462 -0.11254098179648507 0.24964525176612329 -0.047471295590229362 0.12118405575797549 -0.053381265649508874 0.1422839409998411 -0.018825768894930879 -0.055305122258228714 0.13110989561933201 -0.11805685752469781 0.08539288632248615 -0.086522763859019358 0.089227313495612803 -0.0086632688398059036
leaf_weight=37.488161243498325 271.0029429346323 334.00759021937847 172.50330956280231 127.91324546188116 225.58088707923889 72.708668485283852 85.313838824629784 142.77837150543928 86.20928743481636 43.989045962691307 67.039799019694328 154.1967114135623 83.532987594604492 87.230203434824944 56.957087218761444 55.204039290547371 56.119706317782402 13.130092814564703 74.328343868255615 32.577849149703979 34.135599784553051 20.852673262357712 51.500544279813766 48.916074469685555 18.856733486056328 39.700039960443974 26.912783294916153 23.16173804551363 18.50655896961689 31.761199623346329
leaf_count=223 1395 3043 857 897 1954 347 386 1193 420 276 303 1178 399 690 265 239 484 68 437 143 197 90 268 229 88 303 123 170 83 177
internal_value=-0.00159852 -0.0211712 -0.00693285 0.0419215 -0.0268185 -0.0110278 0.00399312 -0.023442 -0.0102439 0.0430791 0.103944 -0.0223955 -0.00670788 -0.0245765 -0.00865798 0.00187827 -0.0290478 -0.0114198 0.00418667 -0.0107905 0.0827456 0.020819 0.0402362 0.0454993 -0.00343803 -0.0419832 -0.0121522 0.0484226 -0.00846512 0.0653288
internal_weight=2594.12 2188.3 1854.29 536.424 1317.87 1092.29 363.921 964.591 821.813 236.007 405.816 735.603 581.407 497.874 410.644 150.694 321.925 265.806 228.317 215.187 127.697 54.9883 106.705 134.813 67.7728 140.941 101.241 74.2461 41.6683 88.7183
internal_count=16925 14910 11867 2923 8944 6990 2066 6356 5163 1169 2015 4743 3565 3166 2476 783 2034 1550 1327 1259 634 287 507 620 317 863 560 396 253 442
is_linear=0
shrinkage=0.1


Tree=11
num_leaves=31
num_cat=0
split_feature=4 1 4 1 0 4 0 4 0 0 4 4 0 4 0 4 0 0 4 0 4 4 0 4 0 4 0 0 4 0
split_gain=466.858 225.89 189.119 114.683 112.557 98.8834 102.041 92.7353 91.1113 59.9153 76.7973 59.0141 58.3655 74.7428 52.416 42.6866 79.8112 42.3911 42.0222 40.8444 38.4788 34.1664 61.7844 34.6816 31.2766 38.5638 27.1062 26.827 46.9084 25.7867
threshold=0.32308826765304338 0.54349904135502569 0.10035237690594802 0.55934869615577043 0.42980295566502463 0.051777901247666458 0.29679679679679688 0.030828079736453202 0.49038105808361082 0.88989898989898997 0.47045312638461473 0.13876063626218502 0.22767145135566183 0.014907607164159902 0.16515151515151513 0.20085286428457097 0.78647416413373872 0.36188554658840799 0.007104573111091801 0.11215932914046121 0.077051155284390757 0.00021516091327995 0.025978407557354904 0.0034078826905999007 0.58411949685534603 0.19494236360961539 0.091750841750841708 0.063164893617021267 0.0010484628207390503 0.18942218080149117
decision_type=2 2 2 2 2 2 2 2 2 2 2 2 2 2 2 2 2 2 2 2 2 2 2 2 2 2 2 2 2 2
left_child=1 2 4 -2 5 6 7 12 -4 -5 -11 -10 13 14 18 -3 -17 -7 19 21 -19 -1 -23 27 -13 -26 -25 28 -24 -15
right_child=3 15 8 9 -6 17 -8 -9 11 10 -12 24 -14 29 -16 16 -18 20 -20 -21 -22 22 23 26 25 -27 -28 -29 -30 -31
leaf_value=-0.10230530249159825 0.12871744575052141 -0.10377151446076292 0.12941634906338922 0.10550430401537103 -0.10557778732416023 0.11374751289000112 -0.10239100896785668 0.09666904498052685 -0.063767690491331894 -0.065851009317062115 0.087827735864878964 0.10903585785894745 -0.094995497172325305 0.13381601195450202 -0.10575823470548538 0.025526238376398322 -0.10144381271565253 -0.050738999990182589 0.058304960387831228 -0.11039492277095227 0.096407612155350986 0.2042677507888192 -0.052750901781846597 0.15329525916916162 -0.068823188029436988 0.062424321565352818 -0.0021737731140675769 -0.079594585406088311 0.09143567600211211 0.023608565267190712
leaf_weight=35.230075098574162 275.99714651703835 309.07307441532612 125.41258990764618 70.530318789184093 144.20155692845583 79.147242024540901 140.13490803539753 74.36392966657877 58.136998802423477 86.014983288943768 52.282969802618027 62.64647801220417 92.03774144500494 41.339913874864578 68.249783791601658 89.772284924983978 110.37383411079645 44.192382909357548 71.822320401668549 48.965973325073719 29.724838122725487 14.364720925688742 58.778122022747993 20.250546649098396 33.40119856595993 67.890559569001198 25.132813729345798 68.027212806046009 36.620926097035408 43.647522687911987
leaf_count=223 1501 3094 648 345 1316 401 1250 361 391 509 245 306 754 193 591 473 1001 303 355 458 134 68 350 96 197 308 138 495 180 241
internal_value=-0.00159511 -0.0230047 -0.00328146 0.0864118 -0.0230251 -0.0110253 -0.0245107 -0.00889354 0.0612774 0.0304986 -0.00775339 0.0227972 -0.0214643 -0.00875347 -0.0250826 -0.0804726 -0.0444935 0.06289 -0.010562 -0.0266539 0.00843407 -0.0107855 0.00366167 -0.0101387 0.0534955 0.0191451 0.0671982 -0.0316151 0.00259814 0.0772161
internal_weight=2477.76 1992.94 1483.72 484.825 1136.23 992.031 838.967 698.832 347.488 208.828 138.298 222.075 624.468 532.43 447.442 509.219 200.146 153.064 379.193 307.37 73.9172 258.404 223.174 208.81 163.938 101.292 45.3834 163.426 95.399 84.9874
internal_count=16925 14325 9757 2600 7907 6591 5753 4503 1850 1099 754 1202 4142 3388 2954 4568 1474 838 2363 2008 437 1550 1327 1259 811 505 234 1025 530 434
is_linear=0
shrinkage=0.1


Tree=12
num_leaves=31
num_cat=0
split_feature=4 1 4 0 0 4 0 4 0 4 4 0 4 0 0 4 0 4 0 0 4 4 4 0 4 0 4 0 4 4
split_gain=406.218 178.042 152.986 130.521 121.35 104.232 88.5993 79.734 74.005 63.5819 59.8676 50.2873 60.8843 45.1054 44.2968 42.976 39.4902 48.173 42.6404 37.62 51.0569 35.4129 34.1214 31.6184 38.874 31.4414 24.5927 49.1326 28.135 24.9153
threshold=0.43560706353394768 0.63696425895787934 0.12899828569670063 0.47413024085637828 0.55662393162393176 0.06673700144682522 0.33615819209039549 0.029317645315857253 0.22767145135566183 0.16968799885097666 0.019508720656014753 0.66954022988505757 0.25324482261369285 0.26876172607879928 0.84680573663624525 0.040779167766283909 0.18942218080149117 0.0113795917467339 0.13976744186046514 0.39339826839826841 0.093868833520041717 0.005789126399271251 0.32308826765304338 0.095695970695970675 0.0034078826905999007 0.88989898989898997 0.00014751373249445005 0.031754032258064509 0.00028949809642300008 0.00066302715838925013
decision_type=2 2 2 2 2 2 2 2 2 2 2 2 2 2 2 2 2 2 2 2 2 2 2 2 2 2 2 2 2 2
left_child=1 2 3 5 -4 6 7 8 10 -6 16 -11 -13 -9 -14 -15 17 18 21 -7 -21 23 -3 24 26 -24 -1 28 -28 -29
right_child=-2 22 4 -5 9 19 -8 13 -10 11 -12 12 14 15 -16 -17 -18 -19 -20 20 -22 -23 25 -25 -26 -27 27 29 -30 -31
leaf_value=-0.11841939135714008 0.10918343198335644 -0.10254244419482911 0.12172832388031725 -0.098811728269118354 -0.078892890370975688 0.12416297437671586 -0.096286793626970041 0.11998074180835903 -0.10131146083450987 0.090896615266729652 0.10790616072477964 -0.07619880898457429 0.070555744258030004 -0.075553564396322895 -0.063290765013901906 0.069632639146942774 -0.10760051039290411 0.074801891136021967 -0.10352250844809084 -0.040948288851668659 0.1169800422544643 0.069473469463254889 0.079683991014592837 -0.097229110350003325 0.12405800070662348 -0.067016996808802951 -0.0035494019780749815 -0.10586597352368728 0.18476359585791544 -0.0089983942038582045
leaf_weight=22.757410682737827 290.40282188355923 252.24995930492878 138.32205145061016 193.51570261269808 63.835921488702297 65.951055005192757 137.28718305379152 64.185637250542641 105.01850955188274 95.647602237761021 40.248188450932503 65.829113207757473 109.21965716779232 35.200323678553104 31.962149403989315 48.450643382966518 45.598455786705017 58.264441318809986 55.865789353847504 50.198921464383602 34.566903941333294 48.916383355855942 20.723287433385849 47.305156238377094 20.494763225317001 49.520530857145786 13.976427912712095 35.453039564192295 18.351183041930199 105.76862297207117
leaf_count=152 1625 2753 763 1897 501 348 1320 318 976 481 189 443 521 256 166 239 412 279 513 319 165 252 107 425 101 353 80 241 89 641
internal_value=-0.00158892 -0.0170942 -0.00452655 -0.0233242 0.0419214 -0.00946272 -0.02231 -0.00904896 -0.0248301 0.0118007 -0.00917327 0.0309296 0.00322237 0.0569228 0.0402542 0.00853829 -0.0191409 -0.00969792 -0.0230443 0.0675223 0.0234538 -0.00868122 -0.0853776 -0.0231566 -0.0069943 -0.0237374 -0.0206764 -0.00785941 0.103349 -0.0333165
internal_weight=2365.09 2074.69 1752.19 1247.37 504.816 1053.86 903.142 765.855 618.018 366.494 513 302.659 207.011 147.837 141.182 83.651 472.752 427.153 368.889 150.717 84.7658 313.023 322.494 264.107 216.801 70.2438 196.307 173.549 32.3276 141.222
internal_count=16925 15300 12087 9212 2875 7315 6483 5163 4350 2112 3374 1611 1130 813 687 495 3185 2773 2494 832 484 1981 3213 1729 1304 460 1203 1051 169 882
is_linear=0
shrinkage=0.1


Tree=13
num_leaves=31
num_cat=0
split_feature=4 2 4 0 4 0 0 4 0 4 0 3 4 4 0 4 0 0 4 0 4 4 0 0 4 0 4 0 4 0
split_gain=353.607 156.526 143.098 114.219 114.343 99.8643 76.2642 89.0218 71.078 73.4326 57.6895 52.3706 48.1991 34.3749 42.4673 31.7615 33.4175 30.6505 43.078 30.2421 25.3134 23.1183 29.4225 23.022 31.5913 23.8583 35.7713 25.3744 37.9609 31.2854
threshold=0.47045312638461473 0.67886709521238264 0.15546191449760796 0.51887464387464399 0.091017313429865562 0.61257406188281782 0.38935969868173265 0.047642386516152456 0.282329988851728 0.022076596145757851 0.18942218080149117 1.0880730321935899 0.013311623591495353 0.32308826765304338 0.90098039215686299 0.22921351689625488 0.7386128364389235 0.14415584415584412 0.0079424945097579022 0.23582887700534758 0.032382208745490755 0.28724007158121173 0.86240703177822864 0.11215932914046121 0.003945187833653151 0.077677224736048267 0.0020208865019779006 0.056079664570230552 0.00055375499051170016 0.036038961038961002
decision_type=2 2 2 2 2 2 2 2 2 2 2 2 2 2 2 2 2 2 2 2 2 2 2 2 2 2 2 2 2 2
left_child=1 2 3 4 6 -4 7 8 9 10 12 15 17 -3 -15 -7 -17 18 23 -11 -21 -18 -23 24 25 26 27 28 -1 -30
right_child=-2 13 5 -5 -6 11 -8 -9 -10 19 -12 -13 -14 14 -16 16 21 -19 -20 20 -22 22 -24 -25 -26 -27 -28 -29 29 -31
leaf_value=-0.049958175836886179 0.11400882477203983 -0.10124779576470433 0.1173782409384706 -0.094283737495522824 0.085496336035048137 -0.061455831641090766 -0.08708708271966481 0.076090104557325206 -0.093823072699477483 0.11966007257085641 -0.09477561017753422 0.093656946997487722 0.094841931886088998 0.07859764497763308 -0.079196851052686798 0.090882109283300386 -0.085687281592464429 -0.08507016010131585 0.10826547847950851 -0.055119327360616803 0.083224376128056707 0.067657783496602328 -0.04677531772522215 -0.088166358615578588 0.079014577140780223 -0.089339199572353811 0.10747259682550499 -0.097128930895644255 0.20795995605365719 0.020706693463248625
leaf_weight=64.824572563171387 236.87491293251514 225.52665822207928 134.73449476063251 179.96165110915899 116.13102501630783 75.029514357447624 142.45867209881544 109.58309103548527 112.11914325505495 54.942045837640762 92.084933049976826 65.036273948848248 41.560576841235161 26.539825856685638 47.728244006633759 44.673151314258575 30.457116201519966 58.639097169041634 29.707827165722847 26.575121745467186 26.3304682970047 48.865414932370186 41.59367161989212 40.436294123530388 36.59007303416729 41.765380866825581 24.25544273853302 35.588230267167091 11.918923571705816 35.49020354449749
leaf_count=414 1430 2576 784 1839 645 563 1372 634 1104 277 875 358 199 137 318 204 207 516 143 190 119 248 245 372 186 365 112 245 53 195
internal_value=-0.00158528 -0.0151327 -0.00351898 -0.0204246 -0.00835214 0.0456545 -0.0194183 -0.00797494 -0.0205456 -0.00730939 -0.0230821 0.0140383 -0.00739229 -0.0818161 -0.0228087 -0.00748167 0.0169743 -0.0185968 -0.00643761 0.0676965 0.0137327 -0.0103313 0.0150407 -0.0181528 -0.00684799 -0.0215397 -0.00508391 -0.0235528 -0.000222516 0.0677832
internal_weight=2258.02 2021.15 1721.35 1280.96 1101 440.39 984.87 842.411 732.828 620.709 512.862 305.655 420.777 299.795 74.2681 240.619 165.589 379.216 320.577 107.848 52.9056 120.916 90.4591 290.869 250.433 213.843 172.077 147.822 112.234 47.4091
internal_count=16925 15495 12464 9855 8016 2609 7371 5999 5365 4261 3675 1825 2800 3031 455 1467 904 2601 2085 586 309 700 493 1942 1570 1384 1019 907 662 248
is_linear=0
shrinkage=0.1


Tree=14
num_leaves=31
num_cat=0
split_feature=4 2 4 0 1 4 0 4 0 4 3 0 4 0 4 4 0 0 0 4 4 0 4 0 4 0 4 0 4 0
split_gain=307.737 137.054 122.261 111.052 102.466 82.862 79.5424 66.8123 56.2858 51.3451 37.7497 36.0041 38.7494 32.8558 35.9536 32.72 35.2827 30.4207 27.6824 31.3306 25.5255 33.636 25.4321 25.152 34.8347 20.1107 26.9521 24.6943 18.8881 16.8845
threshold=0.47045312638461473 0.67886709521238264 0.12899828569670063 0.47413024085637828 0.49351727505112936 0.063131172160172208 0.31643132220795894 0.026967429963537504 0.21103238866396759 0.016491182551466154 1.0814325633474631 0.38935969868173265 0.093868833520041717 0.16807909604519775 0.0091181059696824017 0.32308826765304338 0.90098039215686299 0.13100686498855832 0.24780701754385961 0.040779167766283909 0.00014751373249445005 0.025978407557354904 0.005159164457345101 0.091750841750841708 0.0024307306665599503 0.067989214175654802 0.00090450457180900009 0.047065337763012159 0.0018292314266789003 0.14946808510638296
decision_type=2 2 2 2 2 2 2 2 2 2 2 2 2 2 2 2 2 2 2 2 2 2 2 2 2 2 2 2 2 2
left_child=1 2 3 5 -4 6 7 8 9 13 -6 -7 -13 14 17 -3 -17 20 -9 -20 -1 -22 23 24 25 26 -23 -28 -29 -16
right_child=-2 15 4 -5 10 11 -8 18 -10 -11 -12 12 -14 -15 29 16 -18 -19 19 -21 21 22 -24 -25 -26 -27 27 28 -30 -31
leaf_value=-0.11415729194841505 0.11005912853189291 -0.099065668155073172 0.097062794437833888 -0.095163274257935804 -0.013363602929258945 0.11379825614197144 -0.088483467586628617 0.12188188980702466 -0.090418929083885782 0.09932975615497884 0.072500219732482815 -0.034599799456780343 0.099808064722561318 -0.097075034933103488 0.1272707999877207 0.070554659158952468 -0.074134436197733355 -0.10746181529840688 -0.028204267793067114 0.097946656172766544 0.12439157595680994 -0.059550308836249413 0.062654527349341252 -0.098487305993663218 0.080724240370333253 -0.11390013275093228 0.17743487490648188 -0.03618882824219067 0.1455746644477722 0.0093646005285120387
leaf_weight=21.226206235587597 221.62838651239872 208.33226826786995 184.06909091770649 173.4637243822217 259.3550254330039 66.815014064311981 144.331782348454 44.965601161122322 98.102856695652008 41.380623400211334 63.797990769147873 55.817743562161922 34.836121618747711 46.10942467302084 26.087268576025963 26.604785397648811 45.981981158256531 35.211242005228996 47.516379974782467 33.615052461624146 20.02434378862381 54.819857649505138 39.454848922789097 37.918544188141823 34.699737392365932 24.44651622325182 10.722474083304403 26.388309627771378 7.2982942759990683 22.726101830601692
leaf_count=163 1430 2576 1106 1952 1723 384 1523 247 990 216 368 385 171 457 132 137 318 374 315 167 101 359 218 372 181 213 47 155 31 114
internal_value=-0.0015611 -0.0143383 -0.00337745 -0.021443 0.0375096 -0.00832075 -0.0211222 -0.00666969 -0.0218061 -0.00679855 0.00358793 0.0581008 0.0170499 -0.0175853 -0.00743302 -0.0789207 -0.0211024 -0.0199111 0.0589452 0.0240636 -0.00878199 -3.70487e-05 -0.0106059 -0.0253312 -0.00781603 -0.0326579 -0.0126426 0.0452616 0.00319073 0.0723771
internal_weight=2157.75 1936.12 1655.2 1147.98 507.222 974.514 817.045 672.714 546.617 448.514 323.153 157.469 90.6539 407.133 361.024 280.919 72.5868 312.21 126.097 81.1314 276.999 255.773 235.749 196.294 158.375 123.675 99.2289 44.4091 33.6866 48.8134
internal_count=16925 15495 12464 9267 3197 7315 6375 4852 4123 3133 2091 940 556 2917 2460 3031 455 2214 729 482 1840 1677 1576 1358 986 805 592 233 186 246
is_linear=0
shrinkage=0.1


Tree=15
num_leaves=31
num_cat=0
split_feature=4 1 4 0 0 4 0 4 4 0 3 0 4 4 0 0 4 0 4 2 0 4 0 4 4 0 4 4 0 0
split_gain=270.003 143.859 91.8304 105.234 101.652 68.768 73.3793 63.7204 58.3473 53.8623 45.6062 40.2904 44.259 32.9645 29.8236 29.8197 31.4888 29.4848 36.3575 28.3884 27.7623 28.9856 26.7159 27.7786 19.3848 33.1121 26.4816 24.6998 34.0207 22.3569
threshold=0.3959652983456865 0.63696425895787934 0.11108679762504561 0.4380482456140351 0.53390804597701158 0.054276286282822155 0.30094339622641514 0.15771918553052583 0.022625446110189403 0.20722186076772933 1.1109163928113424 0.64760348583878014 0.25324482261369285 0.014399976381286001 0.77871939736346529 0.36188554658840799 0.077051155284390757 0.14415584415584412 0.0079424945097579022 0.87275610088760047 0.23582887700534758 0.033823491830934409 0.95959183673469395 0.53705869862524935 0.00014751373249445005 0.038838612368024113 0.00045421448330245007 0.0010484628207390503 0.059411764705882351 0.025978407557354904
decision_type=2 2 2 2 2 2 2 2 2 2 2 2 2 2 2 2 2 2 2 2 2 2 2 2 2 2 2 2 2 2
left_child=1 2 3 5 -4 6 8 -6 9 13 22 -9 -13 17 -14 -7 -17 18 24 -12 -10 -22 -2 -24 -1 26 29 -27 -29 -26
right_child=10 -3 4 -5 7 15 -8 11 20 -11 19 12 14 -15 -16 16 -18 -19 -20 -21 21 -23 23 -25 25 27 -28 28 -30 -31
leaf_value=-0.11172980758133688 0.073012518919562439 -0.087222241516928589 0.10664627163014645 -0.094535806322069482 -0.081259616063770149 0.10660680935463494 -0.0940034666562857 0.081360102202324605 0.11230067474150435 -0.10316452705147601 0.12002630606089314 -0.05447489102481165 0.085236062768893214 0.073620575388793089 -0.014100944826430635 -0.046872002090984841 0.079618833117861013 -0.076576516788679092 0.099536557448864221 -0.092542530157321945 -0.047836306072265064 0.077067896858100657 -0.091720688739758083 0.11659844909233796 0.087004435834547991 -0.095918990270192683 0.14753591297697158 0.093441086798055503 -0.029991681691228907 -0.083590320493467041
leaf_weight=19.671506345272064 49.946714803576469 245.40309005230665 129.86462567746639 166.4724076166749 71.170185141265392 63.754700437188148 113.65559888631105 86.87369504570961 49.958589985966682 70.169862195849419 199.1119296848774 86.344629295170307 65.160562992095947 43.784011475741863 56.367708474397659 40.486128553748131 38.297012932598591 70.037936203181744 30.194404870271683 6.4873242378234854 36.403917536139488 37.945025861263275 26.349505379796028 8.4550167918205243 15.558407038450243 41.409993812441826 21.459955513477325 26.838902935385704 132.90487020462751 15.174778729677199
leaf_count=164 261 3101 823 2007 663 379 1297 475 279 799 1409 608 314 235 302 314 189 685 157 34 282 189 131 50 78 333 108 142 1016 101
internal_value=-0.00152535 -0.016146 -0.0047455 -0.0217084 0.0306384 -0.00773623 -0.0202173 0.00366304 -0.00650344 -0.0221062 0.0878734 0.0241687 0.000267363 -0.00846738 0.0391612 0.0557619 0.014616 -0.0180967 -0.00458864 0.113319 0.0546491 0.0159103 0.0261445 -0.041114 -0.0161043 -0.00867936 0.0622936 -0.0270946 -0.00925347 0.00277179
internal_weight=2065.71 1775.36 1529.96 1034.18 495.781 867.706 725.168 365.917 611.512 487.205 290.35 294.747 207.873 417.035 121.528 142.538 78.7831 373.251 303.213 205.599 124.308 74.3489 84.7512 34.8045 273.018 253.347 52.1931 201.154 159.744 30.7332
internal_count=16925 15040 11939 8754 3185 6747 5865 2362 4568 3818 1885 1699 1224 3019 616 882 503 2784 2099 1443 750 471 442 181 1942 1778 287 1491 1158 179
is_linear=0
shrinkage=0.1


Tree=16
num_leaves=31
num_cat=0
split_feature=4 2 1 4 0 0 4 0 4 0 0 4 4 4 4 0 0 0 0 4 0 4 0 4 4 0 4 4 0 4
split_gain=237.5 131.889 79.9124 79.2325 81.7345 70.7723 55.2286 67.7927 46.6205 46.9548 44.2112 39.3923 37.846 35.9366 35.0338 64.7046 32.3545 31.8225 27.0166 26.766 25.5179 25.4033 20.9578 28.0198 19.9093 18.9458 17.4505 16.5784 30.3938 21.3305
threshold=0.32997151528534602 0.58991539778418856 0.54605562321850953 0.10204124496177601 0.42980295566502463 0.51042118975249684 0.04972608306639726 0.29217479674796754 0.022076596145757851 0.18942218080149117 0.87066905615292722 0.51817159892918629 0.14723017638159339 0.0113795917467339 0.20085286428457097 0.75642715886618339 0.65261756876663723 0.13100686498855832 0.33615819209039549 0.005789126399271251 0.22318007662835249 0.06673700144682522 0.095695970695970675 0.0034078826905999007 0.032382208745490755 0.95060975609756115 0.37356519585105402 0.00014751373249445005 0.038838612368024113 0.00045421448330245007
decision_type=2 2 2 2 2 2 2 2 2 2 2 2 2 2 2 2 2 2 2 2 2 2 2 2 2 2 2 2 2 2
left_child=1 3 -2 4 6 -5 7 8 9 13 -4 25 -7 17 -3 -16 -14 19 -8 22 -10 -20 23 27 -22 26 -12 -1 29 -29
right_child=2 14 10 5 -6 12 18 -9 20 -11 11 -13 16 -15 15 -17 -18 -19 21 -21 24 -23 -24 -25 -26 -27 -28 28 -30 -31
leaf_value=-0.10961635513150257 0.11763921753224152 -0.10353893219625401 0.10209126716759905 0.10322935177816231 -0.097415659172805036 -0.065673559042245463 0.10711729868566011 -0.095530390968209297 0.11938538986056878 -0.089688931752932119 -0.085579016507923947 0.10001549692335653 0.06876265897060245 0.066524355867249627 0.058575929618689695 -0.084779654208910815 -0.017782752222129081 -0.087545291098181932 -0.050111899621273041 0.074852757693030042 -0.033384367698957189 0.058448416456259839 -0.088185313559762737 0.11048413209605508 0.068874196204067484 -0.080086061650734661 0.036367408717171229 0.0023317904751666003 -0.036842990369024407 0.1323756709090893
leaf_weight=17.342633910477161 182.7903708294034 184.85252872854471 53.395988285541534 110.90502709150314 115.6226614639163 55.834181569516659 51.275253102183342 99.94473397731781 36.980376526713371 80.698674008250237 15.91873028129339 28.180997729301453 93.912814103066921 58.311473160982132 46.949376009404659 95.588894076645374 79.987271338701248 55.686376720666885 35.228295311331749 36.712361820042133 37.787767723202705 55.534738525748253 35.135307215154171 19.180258706212044 38.374818325042725 47.419816166162491 44.645608685910702 30.471516534686089 108.39570605754852 21.521469533443451
leaf_count=152 1409 2692 281 729 1493 507 324 1247 224 936 131 184 533 306 257 1102 477 618 298 199 280 298 373 101 193 307 223 179 764 108
internal_value=-0.00147923 -0.0181981 0.0704624 -0.00365874 -0.0187127 0.0376267 -0.00759606 -0.0194977 -0.00631854 -0.0203681 0.0249707 -0.0052715 0.00595676 -0.00575277 -0.0748137 -0.0375611 0.0289551 -0.0187429 0.0490926 -0.00448717 0.051231 0.0163124 -0.0170396 -0.00434495 0.018139 -0.0327486 0.00431501 -0.016737 -0.00669405 0.0561609
internal_weight=1974.59 1602.23 372.352 1274.84 934.204 340.639 818.582 676.543 576.599 463.456 189.561 136.165 229.734 382.757 327.391 142.538 173.9 324.446 142.038 268.759 113.143 90.763 232.047 196.912 76.1626 107.984 60.5643 177.731 160.389 51.993
internal_count=16925 14390 2535 10339 8093 2246 6600 5680 4433 3736 1126 845 1517 2800 4051 1359 1010 2494 920 1876 697 596 1677 1304 473 661 354 1203 1051 287
is_linear=0
shrinkage=0.1


Tree=17
num_leaves=31
num_cat=0
split_feature=4 2 4 0 0 4 0 4 0 4 0 4 0 4 0 4 0 0 4 0 4 3 0 4 0 4 0 4 4 0
split_gain=208.959 99.8435 79.7959 91.0696 81.5334 67.813 64.0729 51.3129 54.8453 40.7296 41.4314 39.8373 39.5396 42.8183 42.8648 28.9696 26.7796 24.1623 22.0848 21.6946 22.6318 21.2129 18.0469 17.757 19.5774 14.443 13.8527 24.3814 20.9737 16.9293
threshold=0.47045312638461473 0.73325836489989571 0.19494236360961539 0.5929064657878218 0.68927203065134113 0.11474087230355255 0.45534290271132377 0.063131172160172208 0.33615819209039549 0.26484540856017186 0.82404540763673906 0.040779167766283909 0.26876172607879928 0.020158926624543754 0.18697033898305088 0.0113795917467339 0.13976744186046514 0.51887464387464399 0.14723017638159339 0.37617924528301888 0.089483517963107759 1.0001581310186152 0.21498599439775909 0.37356519585105402 0.93513323983169727 0.026967429963537504 0.036038961038961002 0.0010484628207390503 0.00028949809642300008 0.056079664570230552
decision_type=2 2 2 2 2 2 2 2 2 2 2 2 2 2 2 2 2 2 2 2 2 2 2 2 2 2 2 2 2 2
left_child=1 2 3 5 -4 6 7 8 11 -6 -11 12 13 14 15 16 21 -7 -19 -9 -21 -1 -15 -12 -25 -24 28 -28 -23 -29
right_child=-2 -3 4 -5 9 17 -8 19 -10 10 23 -13 -14 22 -16 -17 -18 18 -20 20 -22 26 25 24 -26 -27 27 29 -30 -31
leaf_value=-0.035379750309491184 0.10106455063469287 -0.089238531344662836 0.10325264850598335 -0.094135584464100988 -0.064103808858303357 0.10393775837021167 -0.090942160699251651 0.1110905055542218 -0.093323642677531252 0.083095540451398525 -0.064434132679361017 0.072772186882610071 -0.089033787481752072 0.11837472719569486 -0.096064179190069432 0.064498026100905104 -0.094219436459533845 -0.050110769144010997 0.071526756059566918 -0.019836843171753979 0.10095319633253819 -0.098174501832133471 -0.036941055209982372 0.06677621776586691 -0.057392804971946654 0.067280059213767077 -0.091138302833776011 0.12277453135822719 0.1544474726393327 0.010776189110700737
leaf_weight=129.43000702187419 179.90710939466953 153.29665315896273 121.53256864100695 136.01435299962759 66.096809584647417 65.296694494783878 102.85405088588595 43.224501363933086 83.461537398397923 76.616806335747242 41.822199679911137 56.863072872161865 64.052789218723774 31.796216487884521 61.33947242051363 50.614109486341476 39.314701572060585 27.421874698251486 32.757332786917686 46.049826860427856 23.390607804059982 4.2041980847716358 22.885444402694702 35.209741733968258 19.859947271645069 31.735556691884995 20.635223135352135 15.912407934665678 15.056104272603987 88.888948552310467
leaf_count=942 1430 2099 798 1787 563 433 1393 297 1125 419 376 336 757 200 771 265 490 205 170 298 118 32 175 173 107 159 196 86 75 650
internal_value=-0.00144281 -0.0122424 -0.00464869 -0.0171138 0.0365362 -0.00720445 -0.0164988 -0.00726104 -0.0171296 0.00269625 0.0281432 -0.00707905 -0.0149639 -0.00569409 -0.0187307 -0.00570079 -0.0170364 0.0618102 0.0161002 0.0554716 0.0208506 -0.00596697 0.0584794 -0.0153101 0.0219968 0.0236129 0.0203425 0.0082182 0.0993044 0.0277813
internal_weight=1887.54 1707.63 1554.34 1193.2 361.138 1057.18 931.709 828.855 716.19 239.606 173.509 632.728 575.865 511.812 425.395 364.056 313.442 125.476 60.1792 112.665 69.4404 274.127 86.4172 96.8919 55.0697 54.621 144.697 125.437 19.2603 104.801
internal_count=16925 15495 13396 10960 2436 9173 8365 6972 6259 1638 1075 5134 4798 4041 3507 2736 2471 808 375 713 416 1981 534 656 280 334 1039 932 107 736
is_linear=0
shrinkage=0.1


Tree=18
num_leaves=31
num_cat=0
split_feature=4 1 4 0 0 4 0 4 0 4 4 0 0 4 0 4 0 0 4 0 4 4 4 0 4 0 4 0 0 0
split_gain=186.35 86.8831 71.6896 74.7561 71.4521 68.0575 60.2876 40.8125 56.1861 36.5753 33.6708 46.0153 32.534 27.2241 37.5232 26.0993 25.085 22.9121 21.7482 21.6908 25.7854 21.5315 19.0957 20.5265 24.6177 17.6062 23.3022 14.8025 14.4893 14.4625
threshold=0.51817159892918629 0.67738255941424874 0.19494236360961539 0.5727513227513229 0.66954022988505757 0.10382426550668152 0.4380482456140351 0.052938736798449057 0.30094339622641514 0.030828079736453202 0.28724007158121173 0.86817279046673301 0.24780701754385961 0.017566784025184756 0.17349498327759191 0.0091181059696824017 0.12613636363636363 0.36188554658840799 0.077051155284390757 0.47413024085637828 0.13485410516262439 0.36710276273610531 0.005159164457345101 0.091750841750841708 0.0029266321857703502 0.067989214175654802 0.0018292314266789003 0.20722186076772933 0.14946808510638296 0.72281323877068571
decision_type=2 2 2 2 2 2 2 2 2 2 2 2 2 2 2 2 2 2 2 2 2 2 2 2 2 2 2 2 2 2
left_child=1 2 3 5 -4 6 7 8 9 12 29 -12 13 14 15 16 22 -9 -19 -7 -21 -3 23 24 25 26 -1 -15 -17 -6
right_child=-2 21 4 -5 10 19 -8 17 -10 -11 11 -13 -14 27 -16 28 -18 18 -20 20 -22 -23 -24 -25 -26 -27 -28 -29 -30 -31
leaf_value=-0.014601770608181498 0.11014008045558404 -0.097976679050225002 0.10514253122523952 -0.08295945429957198 0.010158755551313459 0.11451677608244462 -0.094073478946801709 0.091894989712386577 -0.090723372449135892 0.065245643971693842 0.080523305329007325 -0.026359559992566096 -0.1024056963743365 0.10572788762026673 -0.094088945922239611 0.117732775738913 -0.094865621500098266 -0.044133823019664793 0.06580443719733646 -0.026592153985593267 0.086158478248025597 -0.0081067478166577788 0.064997135341867518 -0.091444272640822 0.095499455797602148 -0.087484921823730424 0.13342270990716415 0.009053903007581585 0.01068793393250533 -0.069453467388569737
leaf_weight=119.02075065672398 138.3014450520277 130.92521287128329 104.76115936785936 143.57215442508459 36.712721385061741 48.682222329080105 88.563019283115864 56.77617309987545 89.613857451826334 64.758351236581802 94.455032676458359 70.227782655507326 38.94973486661911 29.25177600979805 54.433948468416929 24.080203890800476 35.603439271450043 38.670812889933586 33.652897074818611 40.351553849875927 40.783410906791687 33.475308962166309 33.595439016819 30.927171986550093 22.140024200081825 29.015896398574114 11.678281068801878 34.540983613580465 26.627251621335745 60.292362108826637
leaf_count=797 1235 2245 760 1881 197 365 1310 390 1268 387 562 431 536 179 708 142 456 325 172 291 234 207 192 352 118 265 58 218 151 493
internal_value=-0.00140133 -0.0106601 -0.0031045 -0.0155177 0.0353527 -0.0057541 -0.0159208 -0.00697075 -0.0172545 -0.00538372 0.00741379 0.0349439 -0.0147207 -0.00714649 -0.017121 -0.00452762 -0.016405 0.0443476 0.00702148 0.0617463 0.0300832 -0.0796773 -0.00506688 -0.016129 -0.00332055 -0.0170192 -0.00137542 0.0533832 0.0615219 -0.0393233
internal_weight=1804.44 1666.14 1501.74 1135.29 366.449 991.717 861.9 773.337 644.237 554.623 261.688 164.683 489.865 450.915 387.122 332.688 281.981 129.1 72.3237 129.817 81.135 164.401 246.378 212.782 181.855 159.715 130.699 63.7928 50.7075 97.0051
internal_count=16925 15690 13238 10795 2443 8914 8024 6714 5827 4559 1683 993 4172 3636 3239 2531 2238 887 497 890 525 2452 1782 1590 1238 1120 855 397 293 690
is_linear=0
shrinkage=0.1


Tree=19
num_leaves=31
num_cat=0
split_feature=4 2 4 1 0 4 0 4 0 3 0 4 0 4 0 4 0 4 4 0 0 4 0 0 4 0 4 0 4 0
split_gain=164.822 77.8468 64.2449 70.0521 64.5162 55.877 48.2428 39.3315 37.1396 32.591 31.6175 31.2894 38.0597 25.9752 48.6371 23.484 20.1201 25.697 18.1189 18.0808 16.9842 15.5752 22.7666 15.2861 14.7387 25.187 15.7467 26.9914 20.6054 26.9695
threshold=0.51817159892918629 0.75895785759416901 0.22921351689625488 0.49076188656586012 0.7386128364389235 0.077051155284390757 0.35781671159029654 0.043926592227309054 0.27842377260981915 1.1134441523702872 0.40967365967365971 0.020158926624543754 0.18697033898305088 0.15138563381925213 0.63299319727891168 0.014399976381286001 0.97979591836734714 0.34688589376087337 0.10204124496177601 0.22318007662835249 0.51887464387464399 0.00014751373249445005 0.021980676328502403 0.88303693570451447 0.00028949809642300008 0.031754032258064509 0.00066302715838925013 0.051503094606542808 0.0016417795720781502 0.077677224736048267
decision_type=2 2 2 2 2 2 2 2 2 2 2 2 2 2 2 2 2 2 2 2 2 2 2 2 2 2 2 2 2 2
left_child=1 2 3 5 -4 6 7 8 11 16 -7 12 15 -5 -15 21 17 -6 -12 -13 -20 -1 -23 -19 -24 -26 -27 -28 -29 -30
right_child=-2 -3 4 13 9 10 -8 -9 -10 -11 18 19 -14 14 -16 -17 -18 23 20 -21 -22 22 24 -25 25 26 27 28 29 -31
leaf_value=-0.10636259971763701 0.10813426174300317 -0.089907224442957567 0.098420354673166177 -0.094694336669852192 -0.045574260678480479 0.11024728912291976 -0.079348139054815664 0.065490712190887909 -0.088421455883711558 0.093448562981751956 -0.036066622638530679 0.10022878902295343 -0.09334356158103943 0.07093988858778992 -0.072508085923720364 0.096253739646122216 -0.11916745364986051 0.084874369642039163 0.0798690068016496 0.010786711627580423 0.0026815827098363391 0.13909112308053054 -0.11648612493531685 -0.0032310486918119222 0.12473814966621617 -0.092321126148069282 0.087506230603136323 -0.091332279110293346 0.073353538132281806 -0.023325610284056292
leaf_weight=16.425502631813288 127.34296891838312 113.48518457636237 108.91394372284412 124.99983947351575 74.377369627356529 52.614505894482136 101.84604738652706 70.028564676642418 59.885878182947636 33.392802357673645 41.437806572765112 37.937359742820263 56.410970445722342 34.208156298846006 76.481146696954966 21.577653095126152 16.603473246097565 35.616654179990292 56.821017548441887 55.910051070153713 57.208361960947514 10.389347836375235 12.797481652349232 44.042869739234447 13.852536559104918 23.181821268051863 27.38267258554697 32.464327301830053 35.569889105856419 152.82420279830694
leaf_count=175 1235 1761 785 2124 655 437 1449 476 836 221 376 252 820 205 879 118 122 196 357 370 379 53 96 254 72 205 152 317 190 1358
internal_value=-0.00135654 -0.010078 -0.0039782 -0.0147243 0.0362752 -0.00246121 -0.0155155 -0.00514097 -0.0140273 0.00310174 0.0432413 -0.00505825 -0.0171716 -0.0634546 -0.028176 -0.00476946 -0.0145783 -0.00330477 0.0205646 0.0469432 0.0411442 -0.011479 -0.00642647 0.0361619 -0.0114985 -0.00678873 -0.0135014 -0.00614091 -0.0177516 -0.00507203
internal_weight=1726.03 1598.69 1485.2 1172.26 312.947 936.566 728.484 626.638 556.61 204.033 208.082 496.724 402.876 235.689 110.689 346.465 170.64 154.037 155.467 93.8474 114.029 324.888 308.462 79.6595 298.073 285.275 271.423 248.241 220.858 188.394
internal_count=16925 15690 13929 11696 2233 8488 6939 5490 5014 1448 1549 4178 3556 3208 1084 2736 1227 1105 1112 622 736 2618 2443 450 2390 2294 2222 2017 1865 1548
is_linear=0
shrinkage=0.1


Tree=20
num_leaves=31
num_cat=0
split_feature=4 2 4 1 0 4 0 4 0 0 4 0 3 4 0 4 0 0 4 0 4 0 4 0 4 4 0 4 0 0
split_gain=145.885 67.9863 55.2171 59.1688 58.7738 49.0959 38.7684 33.4067 41.5616 29.767 26.89 40.6207 25.8021 23.184 34.1604 19.317 18.6736 18.4937 20.3031 19.7882 18.4992 21.347 19.5204 21.1643 18.284 17.9773 17.2186 21.8676 16.482 15.6647
threshold=0.51817159892918629 0.75895785759416901 0.23878783265234324 0.49076188656586012 0.74527629233511605 0.086599282433888314 0.39339826839826841 0.045711569899443603 0.29217479674796754 0.45049019607843138 0.15138563381925213 0.63299319727891168 1.1134441523702872 0.022625446110189403 0.20722186076772933 0.017077861859118703 0.24780701754385961 0.17349498327759191 0.010459976214370751 0.13100686498855832 0.004511941652621301 0.084039548022598873 0.0020208865019779006 0.059411764705882351 0.10204124496177601 0.0011655330713767503 0.9652147610405325 0.32997151528534602 0.82025641025641038 0.10084745762711866
decision_type=2 2 2 2 2 2 2 2 2 2 2 2 2 2 2 2 2 2 2 2 2 2 2 2 2 2 2 2 2 2
left_child=1 2 3 5 -4 6 7 8 13 -7 -5 -12 26 14 15 17 -15 18 19 20 21 22 23 25 -11 -1 27 -6 -29 -22
right_child=-2 -3 4 10 12 9 -8 -9 -10 24 11 -13 -14 16 -16 -17 -18 -19 -20 -21 29 -23 -24 -25 -26 -27 -28 28 -30 -31
leaf_value=-0.017375925876997451 0.10627103259305025 -0.086624135320225934 0.10009445253789154 -0.092613267694520787 -0.048532129169739202 0.10082753122778176 -0.079827362752834821 0.049570430657325602 -0.097241966251119152 -0.097078280345615886 0.065217334757063303 -0.06231056886962795 0.087903428562413302 0.084916416613067869 -0.096147195832509233 0.088804811457736929 -0.0049372483302645978 -0.086991402309080035 0.066603262764928742 -0.084650380395204505 0.13525794425936966 -0.08954728786902233 0.067485303967185301 -0.10285367931910933 0.029102360998670654 0.097985689989118066 -0.093249849493368467 0.13000809388363924 0.012612229507052651 0.013859857821125615
leaf_weight=89.003290049731731 117.14189274609089 106.38000852614641 94.566617503762245 115.51802828162909 54.126053456217051 62.144624069333076 78.597502656280994 94.291111245751381 55.091649141162634 12.896742027252911 35.245662517845631 85.72769308835268 30.469640493392944 45.727644048631191 47.021276570856571 20.462371908128262 46.800957854837179 29.444368671625853 35.962217271327972 34.059325348585844 15.288583435118197 33.756425876170397 32.256552778184414 24.640538364648819 104.81734288483858 15.925334736704825 22.668679751455784 14.5129252448678 67.967074856162071 34.876425020396709
leaf_count=631 1235 1761 728 2124 491 517 1157 694 933 167 211 981 204 306 747 120 320 376 203 452 96 436 170 239 674 82 171 85 400 214
internal_value=-0.00130927 -0.00949118 -0.00376861 -0.0135278 0.0356908 -0.00198163 -0.0134665 -0.00549864 -0.0147658 0.044837 -0.0581062 -0.0251552 0.00359271 -0.00577225 -0.0159154 -0.00559863 0.0394684 -0.0111944 -0.00412654 -0.0132171 -0.00331682 -0.0172121 -0.00212319 -0.0194524 0.015278 0.000132855 -0.0125361 0.000857659 0.0332688 0.0508579
internal_weight=1657.39 1540.25 1433.87 1149.56 284.311 913.064 733.206 654.608 560.317 179.859 236.491 120.973 189.744 505.225 412.697 365.675 92.5286 345.213 315.769 279.806 245.747 195.582 161.826 129.569 117.714 104.929 159.275 136.606 82.48 50.165
internal_count=16925 15690 13929 11850 2079 8534 7176 6019 5325 1358 3316 1192 1351 4392 3766 3019 626 2899 2523 2320 1868 1558 1122 952 841 713 1147 976 485 310
is_linear=0
shrinkage=0.1


Tree=21
num_leaves=31
num_cat=0
split_feature=4 1 4 0 0 4 0 4 0 4 4 0 0 4 0 0 3 3 3 4 3 4 4 0 0 4 4 0 1 4
split_gain=129.248 59.4913 46.4323 65.0735 58.5951 46.6371 28.7815 36.0543 45.6003 31.7649 27.8378 41.8897 25.2887 19.2677 22.4449 19.1424 17.1946 17.1404 20.0909 16.9959 16.5694 15.0251 14.6985 23.963 12.0862 15.4027 11.6172 15.993 14.6178 11.5964
threshold=0.51817159892918629 0.69490400871310787 0.18131128566606905 0.55662393162393176 0.66954022988505757 0.12505564906770231 0.47413024085637828 0.063131172160172208 0.32529069767441865 0.037108704165590763 0.28724007158121173 0.79830508474576278 0.26442841287458385 0.023887289051648053 0.21913109756097562 0.38935969868173265 1.0001581310186152 1.5969055171940298 1.1171694524032008 0.089483517963107759 1.024795555418047 0.34080206129461971 0.011816620532192202 0.14946808510638296 0.93813775510204089 0.37356519585105402 0.15344554056781018 0.60922587486744451 0.536248167339335 0.0079424945097579022
decision_type=2 2 2 2 2 2 2 2 2 2 2 2 2 2 2 2 2 2 2 2 2 2 2 2 2 2 2 2 2 2
left_child=1 2 3 5 -4 6 7 8 9 12 -6 -12 13 14 16 -9 -1 18 24 -17 22 -3 23 29 25 -13 -5 28 -28 -18
right_child=-2 21 4 26 10 -7 -8 15 -10 -11 11 17 -14 -15 -16 19 20 -19 -20 -21 -22 -23 -24 -25 -26 -27 27 -29 -30 -31
leaf_value=-0.030240385541435072 0.10452157623157093 -0.099539672965036172 0.089939370608649635 -0.10247939912789453 -0.039698429666558829 0.084220272907117588 -0.076670517766204316 0.094809158731782028 -0.081977117484315298 0.067391991057066156 0.11310290747981665 -0.038538277204208847 -0.087640910228273403 0.055881148653994177 -0.09830301078896686 -0.031773790146886062 0.0091250112824834001 -0.13185377454868982 0.099626837273609548 0.064866778833317526 -0.11096939319397037 -0.015615725432967034 0.070721487535607183 -0.10454721474464208 -0.067027673870952986 0.055325336238573768 -0.017938662266518111 -0.091518408472975876 0.18905471388216105 0.10322975944671575
leaf_weight=162.52136274054646 107.67821138352156 85.08595672622323 105.62557714432478 84.17647448554635 100.23521794006228 55.383752219378948 61.019938681274652 46.925635151565075 87.143498376011848 55.839921094477177 42.211720503866673 32.730596944689751 40.756977636367083 46.080503284931183 28.270027671009302 39.289978560060263 121.88915199786425 9.3981961831450445 20.058450248092413 33.899437971413136 10.225153297185896 28.470822144299746 43.764617081731558 17.662390563637018 27.089362483471632 37.526420183479786 15.53741291165352 26.066932126879692 4.3716042861342421 14.671015933156012
leaf_count=1378 1235 1906 881 1647 865 404 939 376 1426 375 285 244 619 293 456 339 1009 71 130 204 117 226 308 301 164 205 71 333 25 93
internal_value=-0.00126633 -0.00894261 -0.00317882 -0.0144746 0.0268174 -0.00455907 -0.0106297 -0.00524898 -0.0148383 -0.0040373 0.00205498 0.0268171 -0.012247 -0.00534307 -0.0124138 0.044953 -0.00586436 -0.00190677 0.00849543 0.0129876 0.0131625 -0.0784984 0.0195733 0.00505874 -0.0102824 0.0115971 -0.0803996 -0.0399742 0.0275128 0.0192349
internal_weight=1591.61 1483.93 1370.37 995.496 374.876 865.343 809.96 748.94 628.825 541.681 269.25 169.015 485.841 445.084 399.004 120.115 370.734 126.803 117.405 73.1894 208.212 113.557 197.987 154.223 97.3464 70.257 130.152 45.9759 19.909 136.56
internal_count=16925 15690 13558 10713 2845 8637 8233 7294 6375 4949 1964 1099 4574 3955 3662 919 3206 814 743 543 1828 2132 1711 1403 613 449 2076 429 96 1102
is_linear=0
shrinkage=0.1


Tree=22
num_leaves=31
num_cat=0
split_feature=4 2 4 0 0 4 0 4 0 3 4 0 0 4 1 4 0 4 0 0 4 0 4 0 4 0 4 0 4 4
split_gain=114.566 53.0276 42.3626 63.2537 53.3793 37.3202 40.1868 34.4638 34.0521 25.7256 22.2983 35.0919 18.5402 17.5969 23.5697 18.4015 16.0302 15.2957 16.5961 15.1108 16.859 18.5809 17.5304 17.1708 15.0199 21.8651 18.474 17.9691 14.4451 13.4972
threshold=0.51817159892918629 0.75895785759416901 0.20613415362779122 0.61620294599018022 0.68927203065134113 0.13485410516262439 0.49038105808361082 0.077051155284390757 0.38138528138528138 1.0880730321935899 0.040779167766283909 0.27842377260981915 0.29679679679679688 0.025382954044942903 0.18555127014496622 0.012246552219649752 0.55662393162393176 0.25324482261369285 0.88303693570451447 0.14946808510638296 0.007104573111091801 0.11215932914046121 0.003945187833653151 0.084039548022598873 0.00021516091327995 0.031754032258064509 0.00066302715838925013 0.042109929078014162 0.0013345552180012502 0.15771918553052583
decision_type=2 2 2 2 2 2 2 2 2 2 2 2 2 2 2 2 2 2 2 2 2 2 2 2 2 2 2 2 2 2
left_child=1 2 3 5 -4 6 7 8 10 17 11 13 -12 14 15 19 -7 -6 -19 20 21 22 23 24 -1 -26 -27 -28 -29 -18
right_child=-2 -3 4 -5 9 16 -8 -9 -10 -11 12 -13 -14 -15 -16 -17 29 18 -20 -21 -22 -23 -24 -25 25 26 27 28 -30 -31
leaf_value=-0.079412311179233502 0.1028610560660783 -0.08107843853505553 0.096192183784651455 -0.088894196217889576 -0.076125633432542528 0.099728501293836369 -0.080283770709039262 0.052817523280867695 -0.084600242203712928 0.067603764732641389 0.10926163696322672 -0.092833023023247488 0.010818153959821874 0.04869537144429445 -0.06051358522920789 0.05884925103072354 -0.069641240558961787 0.026705787930892729 -0.039160051251303285 -0.084285028568516329 0.066950885299290969 -0.1012113217423027 0.072789249010714527 -0.10462985495099007 0.09529903664021222 -0.089917658689037866 0.1191817479087664 -0.071913258387360943 0.023199441387835047 0.052974785059539224
leaf_weight=22.187239650636911 98.924278371036053 93.836539339274168 84.988165780901909 100.02535061910748 31.786118607968092 44.18053987622261 77.247200816869736 91.938810486346483 59.641552474349737 50.29287139326334 27.195892781019211 50.315805394202471 64.51371606066823 54.120534151792526 80.300167836248875 45.663367290049791 13.359256774187086 93.937030747532845 64.536317247897387 24.716404534876347 30.812046751379967 21.119123224169016 26.73305743932724 18.732442576438189 24.258277051150799 22.709709353744984 13.128961175680159 23.748375352472067 48.736992962658405 27.369525574147701
leaf_count=216 1235 1761 747 1830 359 373 1317 707 1044 384 224 938 484 344 1076 330 124 609 495 382 183 313 159 268 125 210 69 204 277 138
internal_value=-0.00122003 -0.00840941 -0.00331412 -0.0134012 0.0280667 -0.00512798 -0.011604 -0.00453568 -0.0125416 0.00399774 -0.00536676 -0.0135704 0.0400109 -0.00484295 -0.0120356 3.33751e-05 0.0580101 -0.0128158 -0.000117263 -0.00966651 -0.00235268 -0.0119996 -0.00259029 -0.0142047 -0.00326016 0.00948367 -0.00973397 0.0115352 -0.00796232 0.0127561
internal_weight=1531.06 1432.13 1338.29 1012.75 325.541 912.729 827.82 750.572 658.634 240.552 598.992 507.283 91.7096 456.967 402.846 322.546 84.9093 190.259 158.473 276.883 252.166 221.354 200.235 173.502 154.77 132.582 108.324 85.6143 72.4854 40.7288
internal_count=16925 15690 13929 11335 2594 9505 8870 7553 6846 1847 5802 5094 708 4156 3812 2736 635 1463 1104 2406 2024 1841 1528 1369 1101 885 760 550 481 262
is_linear=0
shrinkage=0.1


Tree=23
num_leaves=31
num_cat=0
split_feature=4 1 4 0 0 4 0 4 0 3 3 4 0 4 0 4 0 4 0 0 4 0 4 0 4 0 4 0 4 0
split_gain=102.281 45.8944 35.2061 52.8178 47.28 29.8587 39.1443 24.9901 34.4635 20.6888 26.9726 20.3267 25.3487 20.9654 21.9598 16.5979 15.1899 14.7008 14.0204 13.0937 14.9991 16.0484 13.7724 16.2337 14.4532 16.7271 17.7594 16.4906 18.6302 13.8058
threshold=0.53705869862524935 0.69490400871310787 0.18367291235894118 0.58411949685534603 0.65261756876663723 0.11108679762504561 0.45534290271132377 0.063131172160172208 0.33615819209039549 1.5969055171940298 1.0880730321935899 0.036338581673756011 0.24780701754385961 0.020158926624543754 0.18942218080149117 0.40517945213048873 0.50423728813559332 0.014907607164159902 0.40967365967365971 0.16515151515151513 0.0091181059696824017 0.12613636363636363 0.00014751373249445005 0.021980676328502403 0.00028949809642300008 0.036038961038961002 0.00077896218238600009 0.051503094606542808 0.0029266321857703502 0.091750841750841708
decision_type=2 2 2 2 2 2 2 2 2 2 2 2 2 2 2 2 2 2 2 2 2 2 2 2 2 2 2 2 2 2
left_child=1 2 3 5 -4 6 7 8 11 10 -6 12 13 14 17 -3 -7 19 -9 20 21 22 -1 -24 -25 -26 -27 -28 -29 -30
right_child=-2 15 4 -5 9 16 -8 18 -10 -11 -12 -13 -14 -15 -16 -17 -18 -19 -20 -21 -22 -23 23 24 25 26 27 28 29 -31
leaf_value=-0.10249427864643974 0.10522765754518928 -0.088749638425187849 0.093002769896846832 -0.085987154685746983 -0.006089465087529171 0.089797866853327246 -0.086698707857188792 0.076357821886429589 -0.085070940776168835 -0.10250833184616502 0.069707021117378115 0.046942861125333045 -0.072549230516906246 0.058170655071963201 -0.090318557243133923 0.030352915279571836 0.011373829877061399 0.08117944014567996 -0.0032842533510715312 -0.083123970761653759 0.061706019342851151 -0.086503994582099328 0.12528253254630625 -0.11303008236824115 0.086949835535869505 -0.090860949869570246 0.093925523836551561 -0.048383978511072914 0.089757296703633693 -0.0050897084054055538
leaf_weight=13.025153450667856 85.105182394385338 87.108127351850271 77.88658044859767 89.252376452088356 199.17495152726769 44.423069588840008 64.094063378870487 53.913993872702122 58.895098496228456 16.865029633045197 61.428650625050068 67.233681831508875 59.979102287441492 49.376172345131636 32.056914284825325 13.516223691403864 55.62090115994215 19.264213606715202 37.464180510491133 22.043741028755903 31.689870767295361 25.495545580983162 10.399448454380034 11.239607263356445 21.389145992696285 21.921307429671288 18.488977335393429 58.606872871518135 23.909285873174667 42.852152280509472
leaf_count=161 1170 2060 781 1750 1437 398 1284 425 1125 157 481 483 956 336 580 75 380 115 268 301 190 391 53 95 121 219 108 542 143 340
internal_value=-0.00118745 -0.00770941 -0.002628 -0.0128334 0.0241561 -0.00509173 -0.0119945 -0.00494539 -0.0125077 0.00483058 0.011777 -0.00442855 -0.0119088 -0.00285565 -0.0114067 -0.0727514 0.0461969 -0.00350953 0.0437053 -0.00892858 -0.00306678 -0.0113661 -0.00273033 0.00349284 -0.00289072 0.00372325 -0.00701484 0.00576183 -0.00724031 0.0288779
internal_weight=1473.72 1388.61 1287.99 932.635 355.355 843.382 743.339 679.244 587.866 277.469 260.604 528.971 461.738 401.758 352.382 100.624 100.044 320.325 91.3782 301.061 279.017 247.327 221.832 208.807 198.407 187.168 165.779 143.857 125.368 66.7614
internal_count=16925 15755 13620 10764 2856 9014 8236 6952 6259 2075 1918 5134 4651 3695 3359 2135 778 2779 693 2664 2363 2173 1782 1621 1568 1473 1352 1133 1025 483
is_linear=0
shrinkage=0.1


Tree=24
num_leaves=31
num_cat=0
split_feature=4 1 4 0 0 4 0 4 0 4 0 4 0 4 0 0 4 0 0 4 4 4 4 0 4 0 4 0 3 0
split_gain=91.1169 40.442 30.3674 45.7298 36.9786 34.5133 37.3361 26.5409 22.7826 21.7171 29.7458 22.79 19.8727 20.1096 17.261 16.7043 22.9439 16.6354 16.5073 15.6155 14.1773 13.5185 12.776 11.6558 11.3644 14.2755 12.3768 18.1286 11.0582 10.6491
threshold=0.53705869862524935 0.70308902514774829 0.23878783265234324 0.7386128364389235 0.63299319727891168 0.13485410516262439 0.49038105808361082 0.089483517963107759 0.40967365967365971 0.054276286282822155 0.30094339622641514 0.032382208745490755 0.22767145135566183 0.018824946619645556 0.55662393162393176 0.97979591836734714 0.32997151528534602 0.81725417439703174 0.17712418300653593 0.013870284570537452 0.40517945213048873 0.20613415362779122 0.16968799885097666 0.67890835579514841 0.00014751373249445005 0.025978407557354904 0.00045421448330245007 0.036038961038961002 1.616233496832896 0.33615819209039549
decision_type=2 2 2 2 2 2 2 2 2 2 2 2 2 2 2 2 2 2 2 2 2 2 2 2 2 2 2 2 2 2
left_child=1 2 4 -4 5 6 7 8 9 10 11 12 13 18 -7 16 -5 -18 19 24 -3 -6 -16 -23 -1 -26 -27 -28 -19 -11
right_child=-2 20 3 15 21 14 -8 -9 -10 29 -12 -13 -14 -15 22 -17 17 28 -20 -21 -22 23 -24 -25 25 26 27 -29 -30 -31
leaf_value=-0.1009437824494433 0.10402837169848372 -0.089571004414911032 0.093985224065150128 -0.037044730050791549 -0.093003571626087314 0.095737681558012169 -0.078232316399246604 0.061844960601455438 -0.074494350497830972 0.1007894591714666 -0.07759134441166729 0.061238907009003585 -0.067167326171530081 0.068653974182062968 -0.036353175108042625 -0.099594159845230873 0.12202464915970346 0.029358565733918124 -0.075591335554641703 0.099209550744450661 0.029597259111846408 0.049234147552533518 0.058731845383223957 -0.060826967953973403 0.078156374011913318 -0.086729996632568779 0.13742807138880106 -0.0088005970367018415 -0.10917283254344426 0.019385567385132977
leaf_weight=12.413706090301273 77.849054291844368 74.465626504272223 74.196516513824463 64.95174453034997 67.994754359126091 46.334982626140118 74.938805311918259 56.339624140411615 50.090122353285551 24.641252189874649 59.940117731690407 49.714479312300682 53.709052592515945 36.263908252120018 26.981859471648932 15.068105988204477 19.363055430352688 84.963359799236059 34.18428198620677 14.445876412093638 11.528887256979941 15.172880135476587 29.669164977967739 26.302653972059488 20.018485277891159 19.209095355123281 8.818772189319132 219.46239661052823 6.1814224235713473 46.201269581913948
leaf_count=173 1170 1942 718 544 1438 453 1473 442 870 236 1107 346 815 256 228 91 156 522 551 92 64 70 184 273 101 186 50 1998 46 330
internal_value=-0.00115371 -0.00724818 -0.00271132 0.0273828 -0.0107353 -0.0039416 -0.0111221 -0.00399309 -0.0097075 -0.00429004 -0.0112633 -0.00277253 -0.0103761 -0.0020152 0.0504695 0.00144606 0.0101232 0.0378464 -0.00981529 -0.00217688 -0.0735947 -0.0655579 0.0134446 -0.0205636 -0.0074091 -0.00306863 -0.00963859 -0.00315161 0.0199634 0.0477004
internal_weight=1421.42 1343.57 1257.57 264.724 992.848 883.377 780.391 705.452 649.113 599.023 528.18 468.24 418.526 364.817 102.986 190.528 175.46 110.508 328.553 294.368 85.9945 109.47 56.651 41.4755 279.922 267.509 247.49 228.281 91.1448 70.8425
internal_count=16925 15755 13749 2077 11672 9891 9026 7553 7111 6241 5675 4568 4222 3407 865 1359 1268 724 3151 2600 2006 1781 412 343 2508 2335 2234 2048 568 566
is_linear=0
shrinkage=0.1


Tree=25
num_leaves=31
num_cat=0
split_feature=4 2 3 4 2 0 4 0 0 3 4 0 3 0 4 3 3 3 3 4 0 3 0 0 3 4 0 4 0 4
split_gain=81.6239 35.9767 33.0703 24.7613 37.2147 28.1796 18.5288 35.6441 21.164 15.3639 20.6442 26.4439 16.801 13.5914 13.5604 13.2129 21.0857 13.1601 12.6426 10.0842 20.4459 15.3841 12.1666 9.65848 9.6248 8.65896 11.1736 14.0032 12.5381 12.0947
threshold=0.55634721549401445 0.75895785759416901 1.0001581310186152 0.26082305513570808 0.58991539778418856 0.79830508474576278 0.084906026967118062 0.38138528138528138 0.45534290271132377 1.099695565524911 0.033823491830934409 0.24780701754385961 1.0151872873914924 0.27842377260981915 0.31163206922151376 1.0451785307992318 1.2118855571175333 1.1400605493898344 1.0270812796610091 0.010459976214370751 0.13536417773705908 1.0065962476593528 0.16035714285714289 0.8738636363636364 1.0076111299370327 0.00028949809642300008 0.036038961038961002 0.0029266321857703502 0.067989214175654802 0.0018292314266789003
decision_type=2 2 2 2 2 2 2 2 2 2 2 2 2 2 2 2 2 2 2 2 2 2 2 2 2 2 2 2 2 2
left_child=1 2 -1 4 6 -5 7 9 -8 10 11 18 13 -12 -3 -10 -17 -7 19 20 24 22 -21 -16 25 -4 -27 28 29 -28
right_child=-2 14 3 5 -6 17 8 -9 15 -11 12 -13 -14 -15 23 16 -18 -19 -20 21 -22 -23 -24 -25 -26 26 27 -29 -30 -31
leaf_value=-0.02285538282474768 0.10697305982811658 -0.10262993287570399 -0.095325782050290589 0.097552615234093559 -0.069029075157470698 -0.016207449868888304 0.095795502272376848 -0.079313159054430066 -0.013951448277289108 -0.11078412150205333 0.13310812060439151 -0.087892926035992372 0.10710385022956417 -0.020002650069881778 0.09518356429038026 0.085133970535054573 -0.08591900484167353 0.084125247871180753 -0.08893988828680538 0.11939378110899049 -0.092879474087460528 0.10370676996955236 -0.02087364972220971 -0.046629631403565901 -0.085373167886165072 0.1183546657221346 -0.013289596358559867 0.059850790574690532 -0.091200556866656235 0.14231089731734292
leaf_weight=479.0759118180722 66.498827237635851 50.979996355250478 5.5594679340720168 64.138243742287159 65.550702549517155 56.736231166869402 46.859502349048853 50.717686345800757 64.290345972403884 10.088430248200892 7.2993092015385619 29.653415098786354 38.136276353150606 28.181148245930672 6.0653827562928226 40.658475333824754 8.7590273655951005 16.987147781997919 11.566548537462948 7.7743080556392661 19.163918253034353 29.899277042597532 30.226221978664398 23.067560572177172 8.3021087236702424 13.306897699832914 24.141078419983391 45.149901367723942 15.662954587489365 6.2988197132945052
leaf_count=5289 1105 1505 75 685 1279 440 527 1062 597 138 45 614 387 246 37 377 85 134 153 52 396 275 262 236 89 75 178 347 199 36
internal_value=-0.00109656 -0.00660643 -0.00235779 0.0108214 0.00213546 0.0490807 0.0107471 -0.00125728 0.0392411 0.0107242 0.0145511 0.000683369 0.0610247 0.0114965 -0.0715288 0.0159348 0.0548156 0.00691095 0.0127846 0.0185106 0.00294809 0.0500448 0.00782285 -0.0171046 0.0184557 0.0262836 0.0327496 0.0202663 -0.0185 0.0189083
internal_weight=1370.8 1304.3 1224.18 745.107 607.246 137.862 541.695 381.128 160.567 330.41 320.322 246.705 73.6167 35.4805 80.1129 113.708 49.4175 73.7234 217.052 205.485 137.585 67.8998 38.0005 29.1329 118.421 110.119 104.56 91.2528 46.1029 30.4399
internal_count=16925 15820 14042 8753 7494 1259 6215 4629 1586 3567 3429 2751 678 291 1778 1059 462 574 2137 1984 1395 589 314 273 999 910 835 760 413 214
is_linear=0
shrinkage=0.1


Tree=26
num_leaves=31
num_cat=0
split_feature=4 2 4 0 0 4 0 4 0 4 0 0 4 0 0 0 4 4 4 0 4 0 4 0 4 0 4 0 4 0
split_gain=73.0015 31.5104 27.4104 42.5976 31.8602 29.9671 36.1277 23.4287 23.7021 20.2456 26.1154 15.8157 13.3684 29.7608 17.203 13.3189 20.2148 13.1836 10.7101 11.5222 11.26 11.4499 13.7103 15.2485 11.9212 13.1686 13.1902 16.7491 11.9378 18.6789
threshold=0.55634721549401445 0.75895785759416901 0.28724007158121173 0.79830508474576278 0.71902412280701766 0.16968799885097666 0.55662393162393176 0.11474087230355255 0.45534290271132377 0.06673700144682522 0.35781671159029654 0.58102025506376609 0.029317645315857253 0.24417344173441732 0.26876172607879928 0.97979591836734714 0.37356519585105402 0.31163206922151376 0.00014751373249445005 0.021980676328502403 0.00028949809642300008 0.036038961038961002 0.00077896218238600009 0.047065337763012159 0.0013345552180012502 0.059411764705882351 0.0020208865019779006 0.07207792207792206 0.0064629201535956011 0.10582306830907051
decision_type=2 2 2 2 2 2 2 2 2 2 2 2 2 2 2 2 2 2 2 2 2 2 2 2 2 2 2 2 2 2
left_child=1 2 4 -4 5 6 7 8 9 10 12 -7 13 18 -14 16 -5 -3 -1 -20 -21 -22 -23 -24 -25 -26 -27 -28 29 -29
right_child=-2 17 3 15 -6 11 -8 -9 -10 -11 -12 -13 14 -15 -16 -17 -18 -19 19 20 21 22 23 24 25 26 27 28 -30 -31
leaf_value=-0.099024436947132477 0.1062673031873592 -0.1018248850293879 0.10582121880117375 -0.037563057183321077 -0.069802024258035375 0.11089254383264753 -0.077912647669761789 0.05553506636331236 -0.073103268319961792 0.044601553786678357 -0.087214861907857572 0.0236009756988706 0.081131019141716748 -0.10252056732211008 -0.0015329429885534867 -0.08085922587056657 0.048245567223365135 -0.015651351901163523 0.10160712086204077 -0.10987301963019443 0.07015697907040562 -0.086188077458935641 0.10894428503633058 -0.085845778704050996 0.10097509080244423 -0.092746223547185647 0.11899138505255902 0.0037758447773342408 0.010878032360059235 -0.099897381437808089
leaf_weight=11.58481848426163 60.549817368388176 46.47500990703702 56.163452561944723 45.6533930785954 78.68750661984086 27.270893398672342 71.950364412739873 61.264887876808643 53.21680623665452 76.533307760953903 40.856995509937406 86.883194055408239 37.924647763371468 33.788487555459142 74.886139031499624 16.982626751065254 68.869617685675621 28.72766163572669 10.553266659379004 9.8457842059433442 20.973905839025974 20.037995878607035 12.160353064537047 17.30032985471189 12.276644743978975 16.068993620574474 11.426511026918886 42.443067390471697 150.26742256805301 29.428517647087574
leaf_count=190 1105 1505 633 397 1362 361 1544 501 1110 616 938 593 318 857 659 130 439 273 53 96 121 228 69 208 71 196 67 312 1418 555
internal_value=-0.00100801 -0.00612055 -0.00217036 0.0329189 -0.00870566 -0.0035304 -0.0102532 -0.00369982 -0.00902428 -0.00359731 -0.0102821 0.0444545 -0.00413052 -0.0127403 0.026257 0.00178373 0.0140389 -0.0689063 -0.00441481 -0.00130799 -0.00448156 -0.00135968 -0.00617643 -0.000673935 -0.00544808 -0.000137475 -0.00511004 0.000919215 -0.00515425 -0.0386742
internal_weight=1331.05 1270.5 1195.3 187.669 1007.63 928.943 814.789 742.839 681.574 628.357 551.824 114.154 510.967 398.156 112.811 131.506 114.523 75.2027 364.368 352.783 342.23 332.384 311.41 291.372 279.211 261.911 249.635 233.566 222.139 71.8716
internal_count=16925 15820 14042 1599 12443 11081 10127 8583 8082 6972 6356 954 5418 4441 977 966 836 1778 3584 3394 3341 3245 3124 2896 2827 2619 2548 2352 2285 867
is_linear=0
shrinkage=0.1


Tree=27
num_leaves=31
num_cat=0
split_feature=4 1 4 0 0 4 1 3 4 0 3 0 0 4 4 0 0 3 3 0 0 0 4 4 1 0 3 3 1 2
split_gain=65.4303 27.9033 21.0584 42.4002 30.1895 24.0714 32.5835 18.2031 20.4425 31.0144 20.7828 14.5681 12.5505 15.6641 11.5629 21.9923 11.025 10.9234 11.0058 10.7948 10.0757 9.92882 9.63652 9.15753 8.92179 8.56908 8.3979 10.6838 11.9513 8.15983
threshold=0.55634721549401445 0.73765519740705532 0.28724007158121173 0.79830508474576278 0.71902412280701766 0.17163128551578141 0.51279912234679481 1.1624976166854266 0.063131172160172208 0.35781671159029654 1.0329254151409459 0.58102025506376609 0.9826073805202663 0.37356519585105402 0.03977591363889136 0.27842377260981915 0.29679679679679688 1.0001581310186152 1.0323134714664681 0.42163742690058481 0.56118955926401382 0.86817279046673301 0.12505564906770231 0.033823491830934409 0.5944571775494325 0.5300120048019209 1.3764677907238665 1.0637604743489464 0.56430650309960262 0.56357349587841388
decision_type=2 2 2 2 2 2 2 2 2 2 2 2 2 2 2 2 2 2 2 2 2 2 2 2 2 2 2 2 2 2
left_child=1 2 4 -4 5 6 7 8 9 14 19 -7 13 21 15 17 -16 -1 23 -10 -12 24 -21 -19 29 -24 27 28 -13 -5
right_child=-2 -3 3 12 -6 11 -8 -9 10 -11 20 26 -14 -15 16 -17 -18 18 -20 22 -22 -23 25 -25 -26 -27 -28 -29 -30 -31
leaf_value=-0.022402672108613256 0.10563682119559417 -0.084336320270223725 0.10225317479920351 0.046834532628549252 -0.068261809290004014 0.10869534841005479 -0.0780737374806975 -0.098903474530854074 0.050842769461658791 -0.0966070043513933 0.0969356736182444 -0.021547277452406394 -0.08051231395685457 0.037089401235493459 0.097665501689221668 -0.089924329097406705 0.0059003337320826868 0.011992106395915081 -0.07714137993884207 -0.036172990294097783 -0.081059931198712978 -0.087507673697974464 0.098109325157326899 0.11592751847608743 0.045673114489610006 -0.0065209757262525677 -0.10956031074600991 0.10004209279414311 0.068399471053859559 -0.12945510291191573
leaf_weight=174.17082052305341 55.098032936453819 43.580146780237556 54.149205807596445 4.0783140361309069 78.804895745590329 24.15200337395072 64.253467209637165 19.589998818933964 39.976732492446899 39.238199647516012 44.620112184435129 42.117701105773449 17.568312633782625 79.86940348893404 20.078682318329811 31.763991186395288 37.628812748938799 207.87367069348693 13.404624734073876 58.03614453971386 3.4242758490145198 20.589186150580645 12.16754914075136 8.8375752940773946 18.486002005636692 21.944258779287338 4.6729171779006711 16.5368722230196 22.752079833298922 7.3710072040557861
leaf_count=1710 1105 1429 644 19 1440 352 1675 278 286 1133 538 256 130 514 190 761 261 2189 181 686 49 282 89 69 139 150 39 122 172 37
internal_value=-0.000978336 -0.00574744 -0.0028649 0.0265406 -0.0088922 -0.00373523 -0.00979297 -0.0038056 -0.00119335 -0.0110369 0.0279268 0.0400642 -0.00116762 0.00952269 -0.00423673 -0.00980376 0.037829 -0.00350885 0.0107916 0.00744629 0.0842494 -0.0340549 -0.0113805 0.0162306 0.00270933 0.0308002 0.0208078 0.0282912 0.0100002 -0.0666597
internal_weight=1286.83 1231.74 1188.16 202.111 986.045 907.24 797.009 732.755 713.165 532.996 180.169 110.232 147.962 130.394 493.758 436.051 57.7075 404.287 230.116 132.125 48.0444 50.5245 92.148 216.711 29.9353 34.1118 86.0796 81.4067 64.8698 11.4493
internal_count=16925 15820 14391 1765 12626 11186 10245 8570 8292 6494 1798 941 1121 991 5361 4910 451 4149 2439 1211 587 477 925 2258 195 239 589 550 428 56
is_linear=0
shrinkage=0.1


Tree=28
num_leaves=31
num_cat=0
split_feature=4 1 4 0 0 3 4 0 0 4 0 4 0 4 0 3 4 1 4 0 1 4 0 4 0 5 3 4 0 1
split_gain=58.6363 24.6438 18.2628 33.4787 33.2935 16.8592 20.6318 33.2181 20.4275 18.9991 20.5694 14.4985 17.1003 12.1915 24.1051 11.3073 11.2655 18.1035 13.7094 12.0156 11.0975 11.081 14.9445 10.812 12.6477 10.3366 10.1283 9.57851 9.7521 11.131
threshold=0.55634721549401445 0.73765519740705532 0.25324482261369285 0.78647416413373872 0.70087719298245621 1.1872213772209419 0.12899828569670063 0.49038105808361082 0.5300120048019209 0.077051155284390757 0.40175438596491231 0.32997151528534602 0.90098039215686299 0.048833641888822658 0.30094339622641514 1.0661220405378558 0.028443874653210653 0.188553330095624 0.012246552219649752 0.15319426336375488 0.57777839677905451 0.0060558449135106008 0.10582306830907051 0.003945187833653151 0.084039548022598873 0.28665777009876842 1.018128468669484 0.28724007158121173 0.72281323877068571 0.55101227956162002
decision_type=2 2 2 2 2 2 2 2 2 2 2 2 2 2 2 2 2 2 2 2 2 2 2 2 2 2 2 2 2 2
left_child=1 2 4 27 5 6 7 9 -8 10 13 -5 -13 14 16 20 17 18 19 21 -10 22 23 24 -1 -11 -15 28 -4 -30
right_child=-2 -3 3 11 -6 -7 8 -9 15 25 -12 12 -14 26 -16 -17 -18 -19 -20 -21 -22 -23 -24 -25 -26 -27 -28 -29 29 -31
leaf_value=-0.0011190045551120484 0.10507285983738218 -0.082028930282080831 0.093318776549152702 -0.064262744445775052 -0.082418337900965116 -0.079258137879696974 0.10548446257264144 -0.080979656651124429 -0.015949910396848701 0.10960034174167572 -0.091882938798285088 0.051141340279663695 -0.022434399732001578 0.010615734860890248 -0.087503788507504454 0.088999324451783324 0.038422587649678763 -0.051448375130111981 0.052515665930910151 -0.08492269733226615 0.073701058284887766 0.046126101430746136 -0.095835377533305233 0.073981443944414221 -0.10239457800792778 0.023644801084909402 0.097210361283461319 0.10372136438263234 -0.1163660472067669 0.041989334585198469
leaf_weight=138.00460107624531 50.108687423169613 40.486308470368385 15.770182412117718 32.651949258521199 58.032922731712461 28.88793820887804 30.615465324372053 58.224637368693948 78.097692023962736 18.972258653491735 27.956968287006021 57.046920876950026 70.784668445587158 43.871434642001987 36.48511952534318 16.75952173769474 57.335528127849102 79.69741796143353 45.866888497024775 18.328029476106167 16.772907456383109 41.283101312816143 18.735459893941879 16.979297131299973 13.541058404371141 53.279618822038174 19.515055395662785 46.370017975568771 6.7461065575480488 12.978452727198599
leaf_count=1103 1105 1429 154 441 1389 490 424 1590 586 205 750 378 506 337 924 142 440 1275 373 362 199 293 358 106 218 426 212 610 30 70
internal_value=-0.000912085 -0.00533744 -0.00265981 0.021755 -0.00911055 -0.00415918 -0.00154639 -0.00871353 0.0331228 -0.00203312 -0.008285 -0.00479089 0.0104 -0.00387232 -0.00946634 0.013277 -0.00284141 -0.00919389 0.0023098 -0.00701807 -9.98219e-05 -0.000770519 -0.0111093 -0.00168999 -0.0101683 0.0462154 0.037276 0.0737943 0.0346979 -0.0121707
internal_weight=1250.19 1200.08 1159.59 242.348 917.243 859.21 830.322 688.076 142.246 629.852 557.6 160.484 127.832 529.643 466.257 111.63 429.771 372.436 292.738 246.872 94.8706 228.544 187.26 168.525 151.546 72.2519 63.3865 81.8648 35.4947 19.7246
internal_count=16925 15820 14391 2189 12202 10813 10323 8972 1351 7382 6751 1325 884 6001 5452 927 4528 4088 2813 2440 785 2078 1785 1427 1321 631 549 864 254 100
is_linear=0
shrinkage=0.1


Tree=29
num_leaves=31
num_cat=0
split_feature=4 2 3 4 0 0 3 4 0 3 3 4 4 0 4 0 4 3 4 0 4 0 4 0 4 3 0 3 4 4
split_gain=52.6113 22.0906 20.6558 16.412 28.8433 21.5686 16.9298 20.2181 23.592 13.7116 13.4401 12.4442 9.68042 9.32024 9.48643 16.43 11.8931 11.8027 8.46481 10.1802 12.1519 11.1877 14.5155 12.8402 12.4339 10.7551 14.6159 7.63901 7.59962 7.57206
threshold=0.55634721549401445 0.75895785759416901 1.0000001136767176 0.21206823955895851 0.60922587486744451 0.7386128364389235 1.1624976166854266 0.078272812330739863 0.40175438596491231 1.0329254151409459 1.1400605493898344 0.31163206922151376 0.00014751373249445005 0.025978407557354904 0.047642386516152456 0.2869249394673124 0.033823491830934409 1.0270812796610091 0.00055375499051170016 0.047065337763012159 0.0014856019044231002 0.067989214175654802 0.0029266321857703502 0.10084745762711866 0.0064629201535956011 1.0076111299370327 0.16035714285714289 1.018128468669484 0.25324482261369285 0.30657388081594666
decision_type=2 2 2 2 2 2 2 2 2 2 2 2 2 2 2 2 2 2 2 2 2 2 2 2 2 2 2 2 2 2
left_child=1 2 -1 4 6 -5 7 8 12 -9 28 -3 -4 -14 15 16 17 18 -15 -20 -21 -22 -23 -24 -25 26 -26 -16 -7 -12
right_child=-2 11 3 5 -6 10 -8 9 -10 -11 29 -13 13 14 27 -17 -18 -19 19 20 21 22 23 24 25 -27 -28 -29 -30 -31
leaf_value=-0.019400875209367369 0.10456780742990411 -0.10001298640397681 -0.10629739638172507 0.081929561447144167 -0.074755716626811519 -0.11001389650737357 -0.078985150729087433 0.015675521987697515 -0.096705076345768304 0.08938161943338685 -0.036909476430050624 -0.011096575071596251 0.09126175750740044 -0.065555219799112052 0.0096558739326739005 -0.077426629032439173 0.086542293838103246 -0.090159092424963949 0.084342873617160419 -0.076346653414050614 0.10043844064096069 -0.090598522692909106 0.081831252853569181 -0.078025758191495362 0.055197198199946444 0.066830040862972756 -0.040509001923104221 0.09519023712500968 -0.0025148485247379173 0.10278230787588807
leaf_weight=411.54164965823293 45.548031356185675 36.78051788918674 7.3396058995276681 63.865713875740767 46.671134170144796 7.2635911088436833 21.575814286246896 52.45050915889442 23.339160691946745 48.650728331878781 4.9009206555783775 27.514664093032479 13.475898467004297 15.000485610216854 21.778634527698159 25.184429604560137 17.616797991096973 13.297647789120672 17.878324896097183 16.584154730662704 13.569192886352537 14.201077116653321 24.142153326421976 16.749829633161426 24.923010125756264 28.580251956358552 44.354465033859015 20.057487655431032 69.502810459583998 18.634264659136534
leaf_count=4969 1105 1505 152 823 1139 132 365 494 769 675 34 273 71 166 174 626 154 207 115 206 91 202 182 305 182 318 533 229 550 179
internal_value=-0.000869321 -0.00498304 -0.00166206 0.00889373 0.000299207 0.0365054 0.00758553 0.0116533 0.000503364 0.0511435 0.00758211 -0.0619618 0.00728119 0.00982742 0.0063316 -0.000485022 0.0073633 0.00127957 0.00690927 0.0123177 0.00528517 0.0134151 0.00569472 0.0155504 0.00158826 0.0152154 -0.00607809 0.0506636 -0.0126863 0.0736932
internal_weight=1212.97 1167.42 1103.13 691.588 527.421 164.167 480.75 459.174 358.073 101.101 100.302 64.2952 334.733 327.394 313.918 272.082 246.897 229.281 215.983 200.982 183.104 166.52 152.951 138.75 114.608 97.8577 69.2775 41.8361 76.7664 23.5352
internal_count=16925 15820 14042 9073 7355 1718 6216 5851 4682 1169 895 1778 3913 3761 3690 3287 2661 2507 2300 2134 2019 1813 1722 1520 1338 1033 715 403 682 213
is_linear=0
shrinkage=0.1


Tree=30
num_leaves=31
num_cat=0
split_feature=4 1 3 4 0 3 4 0 0 3 4 0 3 0 0 4 0 0 4 4 4 0 0 4 0 4 0 0 4 0
split_gain=47.2158 19.5648 16.4098 20.0349 36.9386 30.7346 16.8243 32.2322 14.4831 12.0699 15.3478 26.1776 19.4512 11.505 11.1459 9.98801 22.6355 13.0858 10.6878 9.92237 9.00598 8.88238 8.48421 10.5353 13.5285 8.3901 8.00112 7.73581 10.263 8.82366
threshold=0.55634721549401445 0.73765519740705532 1.5969055171940298 0.19494236360961539 0.60922587486744451 1.0880730321935899 0.10204124496177601 0.4380482456140351 0.47413024085637828 1.099695565524911 0.043926592227309054 0.29217479674796754 1.0168258350916761 0.92637759710930456 0.64760348583878014 0.020158926624543754 0.18942218080149117 0.21498599439775909 0.016491182551466154 0.14723017638159339 0.088204550941678825 0.53390804597701158 0.16807909604519775 0.0091181059696824017 0.13100686498855832 0.00014751373249445005 0.14415584415584412 0.021980676328502403 0.00028949809642300008 0.042109929078014162
decision_type=2 2 2 2 2 2 2 2 2 2 2 2 2 2 2 2 2 2 2 2 2 2 2 2 2 2 2 2 2 2
left_child=1 2 3 4 6 14 7 9 -8 10 11 15 -12 -7 -5 16 18 -17 22 21 -11 -10 23 24 25 -1 -25 -27 -29 -30
right_child=-2 -3 -4 5 -6 13 8 -9 19 20 12 -13 -14 -15 -16 17 -18 -19 -20 -21 -22 -23 -24 26 -26 27 -28 28 29 -31
leaf_value=-0.095605795199634983 0.104115040478565 -0.077919710697850961 -0.095772598037411671 0.078138773852268209 -0.084983344804676383 0.08782512714446844 0.093408817144836384 -0.087607100338631935 0.017156354365457122 -0.11823292467273919 0.0054085397209047911 -0.099237394311614824 0.096193007096224512 -0.020478900963675765 -0.0051593203934744243 0.097176574070968413 -0.08888119087364274 0.0060060098573564615 0.098033003314611039 0.050926542710610971 0.14752914746934975 -0.066831599940665204 -0.073720253465014429 0.10868605368301693 -0.094071105486656412 0.085729441478464452 0.011461851334480145 -0.10704020282528003 0.048359666011413824 -0.007929056037693857
leaf_weight=9.0640719439834339 41.383644491434097 35.287059742957354 18.460124008357525 17.463547971099615 59.295331839472055 71.698546310886741 28.670849476009607 48.758626824244857 31.643366867676377 13.1928991433233 79.437452130019665 29.929326400160789 33.575936764478683 11.362858381122349 200.39463382586837 20.686364468187094 33.030935991555452 65.88101177662611 10.413595944643019 37.772478196769953 1.4115276858210553 20.914746439084411 16.942994980141521 14.022830434143541 17.15370150282979 10.63810747861862 21.354741394519806 8.8499455545097572 34.83253238350153 138.89963149651885
leaf_count=163 1105 1429 289 148 1783 1018 384 1506 217 224 689 1009 429 105 1673 208 834 522 71 269 11 294 248 118 374 53 128 96 227 1301
internal_value=-0.000813368 -0.00461895 -0.00227976 -0.00069243 -0.00908957 0.0212512 -0.0029002 -0.00962959 0.0314858 -0.00283188 -0.000426516 -0.00901492 0.0323803 0.0730091 0.00151787 -0.00229393 -0.0105568 0.0277924 -0.00138821 0.0118314 -0.0925468 -0.0162654 -0.00519796 -0.000641832 -0.00880613 -0.00157566 0.0499992 0.00283534 -0.00199446 0.00335658
internal_weight=1182.42 1141.04 1105.75 1087.29 786.373 300.92 727.078 608.076 119.001 559.318 544.713 431.7 113.013 83.0614 217.858 401.77 315.203 86.5674 282.172 90.3306 14.6044 52.5581 271.759 254.816 219.438 202.284 35.3776 193.22 182.582 173.732
internal_count=16925 15820 14391 14102 11158 2944 9375 8211 1164 6705 6470 5352 1118 1123 1821 4343 3613 730 2779 780 235 511 2708 2460 2214 1840 246 1677 1624 1528
is_linear=0
shrinkage=0.1


Tree=31
num_leaves=31
num_cat=0
split_feature=4 1 4 0 0 4 0 0 4 0 3 3 4 0 0 1 4 0 0 4 0 1 3 4 0 3 4 0 4 0
split_gain=42.4251 17.4256 13.1325 28.4179 25.5019 15.8221 29.4057 13.2086 11.8057 13.1612 11.5347 13.5716 10.7892 17.841 9.51163 8.54122 8.32391 17.2201 10.5731 8.23163 13.051 8.72607 7.3268 7.77173 14.3243 9.51877 9.36581 8.25337 13.3255 9.93173
threshold=0.55634721549401445 0.76434107288367759 0.27288452781462674 0.82404540763673906 0.70087719298245621 0.15344554056781018 0.55662393162393176 0.5727513227513229 0.37356519585105402 0.95060975609756115 1.1037986205630659 1.0000715908821134 0.077051155284390757 0.40175438596491231 0.42163742690058481 0.56180001899868393 0.034664915508300205 0.24780701754385961 0.282329988851728 0.32997151528534602 0.75219298245614052 0.61644360284162947 1.0270812796610091 0.014399976381286001 0.16035714285714289 1.0073756857885137 0.010459976214370751 0.11215932914046121 0.0048505778491067008 0.056079664570230552
decision_type=2 2 2 2 2 2 2 2 2 2 2 2 2 2 2 2 2 2 2 2 2 2 2 2 2 2 2 2 2 2
left_child=1 2 4 19 5 6 10 -7 -5 -10 11 -1 13 16 -14 -9 17 22 -18 20 -4 -22 23 24 26 -25 27 28 29 -13
right_child=-2 -3 3 8 -6 7 -8 15 9 -11 -12 12 14 -15 -16 -17 18 -19 -20 -21 21 -23 -24 25 -26 -27 -28 -29 -30 -31
leaf_value=-0.0184485899833149 0.10370877210170711 -0.095026944773292613 0.096615968633208399 -0.051090925074104211 -0.062879271367486722 0.093783659689772439 -0.094352180348315995 -0.007688998845303551 0.042640860057524189 -0.034097877418855359 -0.071175644970534996 0.038609683140962789 0.10416390893011228 -0.098309922425106111 0.022202787409029014 0.061324900964977586 0.10481815974368523 -0.079400165374630349 0.015169617121667672 0.10663369853502953 -0.065058481753207095 0.077035648279313695 -0.076000610632718194 0.0086092832564405551 -0.087166354824815828 0.10214891590438735 0.11281218357637644 -0.045402635940459256 0.10678551955711875 -0.029210091493527931
leaf_weight=257.10517080500722 37.584679186344147 20.782008180394769 19.763887189328671 42.07242720015347 77.081949489191175 26.575436376035213 37.561584560200572 59.683508768677711 57.196290001273155 36.683554284274578 24.161399759352207 42.639484528452158 20.808183040469885 16.273516528308392 44.311788700520992 25.635210184380412 18.532646860927343 24.208985177800059 45.344109643250704 33.608922321349382 13.194036759436132 6.4270486347377291 9.4869384784251434 23.99529966711998 15.710871202871202 19.902363039553165 8.9099342077970487 24.47078981436789 14.859194837510584 43.746540062129498
leaf_count=3104 1105 1039 215 558 1851 420 1313 424 360 244 439 341 307 611 414 234 245 678 447 532 67 57 153 193 363 213 72 349 117 460
internal_value=-0.000782497 -0.00431824 -0.00258871 0.0199507 -0.00793434 -0.0026661 -0.00830724 0.0322225 -0.00707198 0.0126552 -0.00336889 -0.000769669 0.0114097 0.00359255 0.0483923 0.0130472 0.00927545 0.00033445 0.0411795 0.0702809 0.0392595 -0.0185144 0.00980962 0.0140008 0.00319186 0.0510184 0.0137367 0.00671486 0.0193116 0.00426523
internal_weight=1148.32 1110.73 1089.95 208.946 881.005 803.923 692.029 111.894 135.952 93.8798 654.467 630.306 373.201 308.081 65.12 85.3187 291.807 227.93 63.8768 72.9939 39.385 19.6211 203.721 194.234 150.337 43.8977 134.626 125.716 101.245 86.386
internal_count=16925 15820 14781 2033 12748 10897 9819 1078 1162 604 8506 8067 4963 4242 721 658 3631 2939 692 871 339 124 2261 2108 1702 406 1339 1267 918 801
is_linear=0
shrinkage=0.1


Tree=32
num_leaves=31
num_cat=0
split_feature=4 1 3 3 4 0 4 5 4 2 4 0 4 4 0 0 0 4 3 0 4 3 0 4 0 0 4 0 4 0
split_gain=38.1129 15.6336 12.8461 17.1351 39.7476 11.491 9.49216 9.20414 13.5154 12.6685 10.5576 11.9898 13.3026 8.16077 13.4672 10.2551 7.73263 7.52706 8.66453 7.45378 7.30075 10.0499 6.68601 6.3306 16.6111 10.4343 7.44988 11.1295 11.2411 8.57469
threshold=0.55634721549401445 0.76434107288367759 1.3887948390382003 1.0814325633474631 0.10728152004978296 0.92380261248185791 0.00014751373249445005 0.28665777009876842 0.045711569899443603 0.28911569314173918 0.032382208745490755 0.31643132220795894 0.054276286282822155 0.020158926624543754 0.18942218080149117 0.22767145135566183 0.34178433889602056 0.017077861859118703 1.0129639843032912 0.49038105808361082 0.30657388081594666 1.5969055171940298 0.26138716356107666 0.007104573111091801 0.11814556331006977 0.13100686498855832 0.0048505778491067008 0.091750841750841708 0.0034078826905999007 0.077677224736048267
decision_type=2 2 2 2 2 2 2 2 2 2 2 2 2 2 2 2 2 2 2 2 2 2 2 2 2 2 2 2 2 2
left_child=1 2 3 6 -5 -6 -1 8 9 13 22 -12 -13 14 17 -15 -14 18 23 -10 -4 -22 -9 24 26 -25 27 28 29 -8
right_child=-2 -3 20 4 5 -7 7 10 19 -11 11 12 16 15 -16 -17 -18 -19 -20 -21 21 -23 -24 25 -26 -27 -28 -29 -30 -31
leaf_value=-0.096144056825811938 0.1033439192568792 -0.093823409825587317 -0.10838925326842126 -0.083626892112940499 0.077375061559520231 -0.018714086598902831 0.007892879419724854 -0.028963308218246477 0.068874415340535733 -0.079295638290897613 0.06168138564094159 -0.087044357025725244 0.13356886823761985 0.092119670516284516 -0.083676873166036891 0.0026247130544521493 -0.0089958414843722256 0.11715008600526866 -0.095142652279944714 -0.054794005584938466 0.130049459397094 -0.061140277367093557 -0.10402665737825337 0.095420477683945598 -0.1058604798942861 0.0037136382194086965 0.072188662391132113 -0.08417494684097665 0.11102744691590155 -0.081338541674982903
leaf_weight=11.317063195630906 34.121968906372786 19.033560385927558 17.460640596225861 22.858174782246351 82.670466175302863 14.651051957160233 112.28606850467622 33.471170853823423 45.48231958784163 18.848069151863456 23.449607653543353 22.25047623179853 3.8401207737624636 22.521090518683195 18.76565577276051 29.675089055672288 410.7032871786505 5.7609427943825713 8.9361326396465284 5.4586236327886573 3.6924019642174235 10.764989906921981 18.383489588275552 18.73776438087225 14.687188075855373 36.720802068710327 15.054890390485523 14.717905331403015 9.7156115695834142 11.911605888977645
leaf_count=311 1105 1039 417 560 1367 162 845 438 542 379 221 731 40 229 495 299 5196 46 122 55 57 105 763 151 388 315 98 237 61 151
internal_value=-0.000717098 -0.00399324 -0.00238749 -0.000456646 0.0350383 0.0629095 -0.00513047 -0.00398776 0.00760225 0.000372209 -0.0127981 -0.00797855 -0.0117183 0.00507214 -0.00199039 0.0412391 -0.00767519 0.0041775 0.00149663 0.0556226 -0.0648701 -0.0123106 -0.0555747 0.00518981 -0.00398486 0.0346986 0.00515622 -0.00163352 0.0074383 -0.000665167
internal_weight=1117.95 1083.83 1064.79 1032.87 120.18 97.3215 912.695 901.378 389.28 338.339 512.098 460.243 436.794 319.491 267.295 52.1962 414.543 248.529 242.768 50.9409 31.918 14.4574 51.8547 233.832 178.373 55.4586 163.686 148.631 133.913 124.198
internal_count=16925 15820 14781 14202 2089 1529 12113 11802 4413 3816 7389 6188 5967 3437 2909 528 5236 2414 2368 597 579 162 1201 2246 1780 466 1392 1294 1057 996
is_linear=0
shrinkage=0.1


Tree=33
num_leaves=31
num_cat=0
split_feature=4 1 0 3 4 0 0 3 0 4 3 3 4 4 4 4 0 3 0 4 1 4 0 4 0 1 0 4 5 0
split_gain=34.4469 19.802 16.3765 14.5235 11.205 28.5522 24.7048 11.4805 9.21385 7.9928 8.34829 10.0243 8.58812 7.79367 7.0751 6.80458 9.17248 8.64074 6.73271 8.6502 8.08281 10.8648 6.752 14.0732 6.63199 6.90203 7.76453 8.33124 6.60222 6.48881
threshold=0.43560706353394768 0.70308902514774829 0.95603864734299526 1.3654505878942931 0.12505564906770231 0.50423728813559332 0.51887464387464399 1.0814325633474631 0.92637759710930456 0.00014751373249445005 1.099695565524911 1.0000001136767176 0.088204550941678825 0.55634721549401445 0.16029893529129377 0.27767986504660014 0.91341829085457293 1.0211323784923676 0.86240703177822864 0.32997151528534602 0.62076329803401908 0.35948622876441211 0.63299319727891168 0.20613415362779122 0.68927203065134113 0.58031560734064214 0.80178571428571443 0.25324482261369285 0.58608059893076747 0.019419306184012056
decision_type=2 2 2 2 2 2 2 2 2 2 2 2 2 2 2 2 2 2 2 2 2 2 2 2 2 2 2 2 2 2
left_child=1 3 -2 4 5 9 -6 18 14 -1 11 -11 -12 -4 -9 -3 17 -17 19 22 -20 -22 -8 -24 -25 -26 27 -27 -29 -13
right_child=2 15 13 -5 6 -7 7 8 -10 10 12 29 -14 -15 -16 16 -18 -19 20 -21 21 -23 23 24 25 26 -28 28 -30 -31
leaf_value=-0.094228798327339838 0.094124944045710174 -0.10185386322699422 -0.019049507714530303 -0.081199124325458186 0.10060170486604791 -0.090738244177097624 0.021710483570404421 -0.07208982435084639 -0.077816827229324745 -0.01668503523109811 -0.10846500878114257 0.14704923536257453 0.063581962086372679 0.10330404392891895 0.071145410162948161 -0.092638726966421128 -0.077137371650769629 0.14218424707362229 -0.11785103111634797 0.058177588344098856 -0.10807898919030352 0.033001913572306182 -0.081035132586697242 0.048704061587800267 -0.052816086973856972 -0.027400559516947001 -0.061644440571006348 0.0082347567430524574 0.14021125831537021 0.0097023280002801367
leaf_weight=9.467178085818885 53.405594503507018 27.196876658126712 26.788376662880182 23.060987358912826 30.064551243558526 39.733187607489526 61.687044020742178 3.7316732984036198 5.3579998612403861 209.42868498526514 13.226001862436535 3.4750853031873694 3.716704446822404 6.4618530366569749 45.448464144021273 2.3230161760002401 12.116710323840378 4.8149659838527441 10.532776817679403 24.796275354921818 8.1226348262280244 16.643866889178753 27.926599364727736 21.548099346458912 27.892617594450712 10.448096117004754 9.9996654130518419 6.2978724762797347 9.5207696184515935 338.30975478328764
leaf_count=258 1264 1597 145 454 623 1621 508 68 50 2559 300 18 37 216 507 35 285 57 63 168 166 105 642 116 169 127 160 36 56 4515
internal_value=-0.000675881 -0.00588261 0.0598232 -0.00279851 -0.000869721 -0.00874141 0.0143158 0.00536901 0.0467103 -0.00310107 -0.00158261 0.000542577 -0.0707232 0.00472869 0.0602771 -0.0696499 -0.0241624 0.0657624 -0.00420839 0.00289421 -0.0444741 -0.0132682 -0.00492472 -0.0193839 0.000704424 -0.0154165 0.0133477 0.041897 0.0876675 0.0110988
internal_weight=1093.54 1006.89 86.6558 960.437 937.376 617.357 320.019 289.954 54.5381 577.623 568.156 551.214 16.9427 33.2502 49.1801 46.4516 19.2547 7.13798 235.416 200.117 35.2993 24.7665 175.321 113.634 85.7071 64.159 36.2664 26.2667 15.8186 341.785
internal_count=16925 15300 1625 13326 12872 9308 3564 2941 625 7687 7429 7092 337 361 575 1974 377 92 2316 1982 334 271 1814 1306 664 548 379 219 92 4533
is_linear=0
shrinkage=0.1


Tree=34
num_leaves=31
num_cat=0
split_feature=4 1 3 4 0 0 3 4 0 4 0 0 1 4 4 0 0 0 0 4 0 1 5 0 4 3 3 4 0 4
split_gain=31.0494 12.5739 9.98712 12.6607 23.6516 19.8601 10.8646 10.6996 17.6591 12.1744 19.5679 9.77726 8.77336 8.63232 8.58515 15.0649 8.47942 8.3947 8.37646 7.95661 11.1916 8.09231 7.71283 7.44065 7.9434 7.37096 8.19281 12.959 7.26541 13.6176
threshold=0.55634721549401445 0.76434107288367759 1.5969055171940298 0.25324482261369285 0.70087719298245621 0.72281323877068571 1.1330545242441556 0.16968799885097666 0.55662393162393176 0.10204124496177601 0.4380482456140351 0.60172413793103463 0.62076329803401908 0.30657388081594666 0.063131172160172208 0.36188554658840799 0.9826073805202663 0.35450268817204306 0.47413024085637828 0.42363912256324709 0.88989898989898997 0.58031560734064214 0.54723024023560152 0.82404540763673906 0.34080206129461971 1.0501646228670813 1.001748668996802 0.0026785250284840508 0.14946808510638296 0.016491182551466154
decision_type=2 2 2 2 2 2 2 2 2 2 2 2 2 2 2 2 2 2 2 2 2 2 2 2 2 2 2 2 2 2
left_child=1 2 3 4 7 -5 16 8 9 10 14 -9 -13 -8 15 25 19 -16 -11 20 21 -7 -22 -23 -25 26 -1 -28 -29 -30
right_child=-2 -3 -4 5 -6 6 13 11 -10 18 -12 12 -14 -15 17 -17 -18 -19 -20 -21 22 23 -24 24 -26 -27 27 28 29 -31
leaf_value=-0.010609725101164749 0.10273924731917361 -0.091576047880396638 -0.077118029648002379 0.098753688286217653 -0.074995769468628501 -0.032500193727236365 -0.047068806704775971 0.090498903074510403 -0.06401035512588818 0.086420601072008496 -0.079932503014569806 -0.0004273854127403951 0.15170413407692215 0.092805690906574395 0.11137187584706634 -0.093292808605375546 -0.07239257958921462 0.015726716551815324 0.013558982800751239 0.050758703070270507 0.074229395508255788 0.073859155218395339 -0.07983066062789336 -0.072412209533398747 0.040717775755903851 -0.076003560018186547 -0.088959840156446202 0.063570541107258169 -0.053766345936705373 0.03334805560675605
leaf_weight=279.27319942973554 28.28404488787055 15.941422580741344 17.435456266626716 28.441463705152273 47.454105127602816 26.176003683358431 5.4675073754042414 21.461947595700622 49.032910930924118 23.169282695278525 34.268036224879324 50.868558259680867 4.0960103664547196 22.858165552839637 11.20329327508807 19.221298185177147 15.23848696425557 50.725178619846702 49.462826991453767 31.078957501798868 3.7318779025226858 25.783006256446242 25.147214425727725 9.9142209962010401 16.596226550638676 13.354271865449844 10.413693506270645 38.511208778247237 23.65995305031538 74.275730982422829
leaf_count=3073 1105 1039 329 584 1535 164 49 349 1445 331 1164 341 34 245 200 729 134 357 386 209 39 176 313 162 87 246 210 464 531 895
internal_value=-0.000644581 -0.00344475 -0.00207851 -0.000784247 -0.00652233 0.0210424 0.0088978 -0.00220712 -0.0062135 -0.00169753 -0.00673669 0.0332597 0.0109096 0.0658067 -0.00191899 -0.00663726 -0.00159237 0.0330296 0.0368015 0.00620152 -0.00669843 0.0128896 -0.0599224 0.0356098 -0.00158991 -0.00284732 -0.000554737 0.018566 0.0267725 0.0123024
internal_weight=1072.55 1044.26 1028.32 1010.88 800.452 210.433 181.992 752.997 676.571 627.538 554.906 76.4265 54.9646 28.3257 520.638 458.709 153.666 61.9285 72.6321 138.428 107.349 78.4695 28.8791 52.2935 26.5104 439.488 426.134 146.861 136.447 97.9357
internal_count=16925 15820 14781 14452 12290 2162 1578 10755 10031 8586 7869 724 375 294 6705 6148 1284 557 717 1150 941 589 352 425 249 5419 5173 2100 1890 1426
is_linear=0
shrinkage=0.1


Tree=35
num_leaves=31
num_cat=0
split_feature=4 1 3 3 4 0 4 1 4 3 4 0 4 1 4 0 4 3 4 0 3 4 4 0 0 4 0 0 4 0
split_gain=27.9436 11.2272 8.66319 11.3097 27.3456 7.57201 7.44406 6.72083 17.093 9.45415 17.1111 8.84534 8.6228 7.87423 7.89669 6.6963 12.1984 7.48443 6.62012 10.7434 6.87275 6.35191 6.26091 8.16692 6.19771 5.6042 13.9757 11.6345 10.7264 10.3657
threshold=0.55634721549401445 0.76434107288367759 1.3887948390382003 1.0814325633474631 0.088204550941678825 0.92380261248185791 0.00014751373249445005 0.47936904130904251 0.13876063626218502 1.0065962476593528 0.010838067980441251 0.60922587486744451 0.20931813207009028 0.12608980444970708 0.18889251157323098 0.27842377260981915 0.045711569899443603 1.0329254151409459 0.28201653906854579 0.78647416413373872 1.1624976166854266 0.0064629201535956011 0.30657388081594666 0.8738636363636364 0.12613636363636363 0.0022320894499320005 0.056079664570230552 0.07207792207792206 0.0011655330713767503 0.042109929078014162
decision_type=2 2 2 2 2 2 2 2 2 2 2 2 2 2 2 2 2 2 2 2 2 2 2 2 2 2 2 2 2 2
left_child=1 2 3 6 -5 18 -1 9 -9 13 -11 -10 -13 25 21 -12 -17 -18 19 20 -6 -15 -4 -24 -23 26 28 -27 29 -8
right_child=-2 -3 22 4 5 -7 7 8 11 10 15 12 -14 14 -16 16 17 -19 -20 -21 -22 24 23 -25 -26 27 -28 -29 -30 -31
leaf_value=-0.09329599551698381 0.10247206836688046 -0.090116927342757169 -0.10117712831364023 -0.089065914708901572 0.084507366886285143 -0.016153296521433744 0.0252999061861096 -0.07450119281377296 0.055410756041159116 -0.083564502366853963 0.065000854091214297 -0.056162906855186247 -0.002717173012335929 -0.061242285253847534 0.10412058677930434 -0.068819434501602703 0.013147577259928506 0.08030287033888725 0.099192509597096551 -0.11112114466597028 -0.0011664145677477162 0.088056049245763907 0.093364050469912516 -0.068203069866652699 -0.015072456952848159 0.13141521000514095 -0.065762565288476113 0.016814770986377604 0.11387850468183106 -0.074694181140214685
leaf_weight=9.2639449881389719 25.655791064724326 14.646324948407708 14.874789901077749 16.299086558632553 27.313787701539695 13.984152724966405 47.999790590256453 42.216982441022992 21.683196792379022 13.38709247112274 48.054078549146652 36.162508631125093 182.69091818574816 30.100808493793011 5.3972990140318862 13.512871807441114 52.997852960601449 24.161858674138784 31.396100454032421 4.2875824533402911 14.247645770199595 5.9878209568560115 5.0519297737628213 8.2178858723491413 217.49236594419926 10.392444711178539 26.198871349915862 60.030197342857718 10.327228270471094 13.222752030938862
leaf_count=311 1105 1039 417 488 493 162 304 1771 167 325 730 799 1642 541 46 476 558 361 597 136 213 39 69 93 2826 97 351 575 63 131
internal_value=-0.000605057 -0.00319367 -0.00192935 -0.00035652 0.0302416 0.0515572 -0.00413276 -0.00317454 -0.0158128 0.00299453 0.0244027 -0.00551231 -0.0115483 -0.0046292 -0.0155702 0.0348215 0.0188272 0.0341766 0.0638152 0.0395899 0.0551376 -0.0181178 -0.0566291 -0.00669312 -0.0123093 0.0122196 -0.00327501 0.0337266 0.0196056 0.00370333
internal_weight=1047.26 1021.6 1006.95 978.809 107.528 91.2293 871.281 862.017 282.754 579.263 152.114 240.537 218.853 427.15 258.978 138.727 90.6726 77.1597 77.2451 45.849 41.5614 253.581 28.1446 13.2698 223.48 168.171 97.7486 70.4226 71.5498 61.2225
internal_count=16925 15820 14781 14202 2089 1601 12113 11802 4379 7423 2450 2608 2441 4973 3452 2125 1395 919 1439 842 706 3406 579 162 2865 1521 849 672 498 435
is_linear=0
shrinkage=0.1


Tree=36
num_leaves=31
num_cat=0
split_feature=4 1 3 4 0 0 4 0 0 3 1 4 0 0 3 4 0 4 0 4 0 3 4 0 4 0 4 0 4 0
split_gain=25.1562 10.0079 7.47582 9.22744 19.8632 16.7861 10.3852 23.0265 11.0145 9.8051 8.26911 7.94419 19.778 8.64391 7.35872 6.87131 9.08334 8.60307 11.2091 13.9945 10.4873 7.8234 7.20259 9.35912 16.011 7.68015 6.94522 6.76379 6.34193 6.12088
threshold=0.55634721549401445 0.76434107288367759 1.5969055171940298 0.32308826765304338 0.79830508474576278 0.81725417439703174 0.18367291235894118 0.60922587486744451 0.63003220611916277 1.1400605493898344 0.6283161060382908 0.11108679762504561 0.49038105808361082 0.4673758865248227 1.099695565524911 0.00021516091327995 0.025978407557354904 0.00055375499051170016 0.042109929078014162 0.0010484628207390503 0.051503094606542808 1.0021128718368348 0.003945187833653151 0.16035714285714289 0.017566784025184756 0.20722186076772933 0.031582764329397557 0.27842377260981915 0.043926592227309054 0.9826073805202663
decision_type=2 2 2 2 2 2 2 2 2 2 2 2 2 2 2 2 2 2 2 2 2 2 2 2 2 2 2 2 2 2
left_child=1 2 3 4 6 -5 7 11 -8 29 -10 12 14 -13 15 -1 -17 -18 -19 -20 -21 -22 -23 -24 -25 -26 -27 -28 -29 -7
right_child=-2 -3 -4 5 -6 9 8 -9 10 -11 -12 13 -14 -15 -16 16 17 18 19 20 21 22 23 24 25 26 27 28 -30 -31
leaf_value=-0.066018239641611257 0.1022315237461115 -0.088546080187749898 -0.069184078094326182 0.098188916767990297 -0.080872823527672277 0.0054575764148792989 0.08398131760563067 -0.084912719985399607 -0.0015193006964439675 0.078432260579746241 0.081221771078595337 0.10825666184624097 -0.10297171528157455 0.013995842241003843 -0.075104274535843174 0.083018014552163732 -0.06531867506331912 0.082792020162224519 -0.10547953958639483 0.12047136405872638 -0.01194068166784738 -0.06540949413959242 0.067070826521079874 -0.075670140421308374 0.10149730621771583 -0.031676461911430004 0.090604266012714096 -0.056967767645784963 0.026944381417563775 -0.064960420693303364
leaf_weight=15.691548641771076 23.266160069033504 13.475940458476542 16.187649927102029 24.646775031462312 32.789981687441468 79.997923636808991 25.257555995136499 35.366693715564907 86.115372451022267 16.361904483288527 14.049135334789751 11.181385859847067 20.430066884495318 74.872830673120916 13.69149842020124 13.206576913595198 19.966132815927267 16.450682517141104 12.523008969612418 7.3130827397108069 249.00775785278529 10.527364568784831 33.847303226590157 19.486623357981443 11.012635156512259 25.757185207679868 14.180951852351425 10.451994897797702 65.140394512563944 14.595897410064934
leaf_count=320 1105 1039 329 529 997 571 457 1518 638 144 171 271 1025 640 317 68 217 104 186 49 3121 189 449 552 161 459 182 254 748 115
internal_value=-0.000566243 -0.00294941 -0.00178439 -0.000664132 -0.00457892 0.0235378 -0.00147329 -0.0063493 0.0249671 0.00695539 0.010086 -0.00203976 -0.00639624 0.0262435 -0.00273061 -0.000841603 0.00116818 -0.00101264 0.00168643 -0.00121885 0.00170388 -0.000272749 0.0149864 0.0196916 0.00870984 0.0217037 0.0140976 0.0272308 0.015342 -0.00540797
internal_weight=1026.85 1003.58 990.108 973.92 838.318 135.603 805.528 680.106 125.422 110.956 100.165 644.739 558.685 86.0542 538.255 524.563 508.872 495.665 475.699 459.248 446.725 439.412 190.404 179.877 146.03 126.543 115.531 89.7733 75.5924 94.5938
internal_count=16925 15820 14781 14452 13093 1359 12096 10830 1266 830 809 9312 8401 911 7376 7059 6739 6671 6454 6350 6164 6115 2994 2805 2356 1804 1643 1184 1002 686
is_linear=0
shrinkage=0.1


Tree=37
num_leaves=31
num_cat=0
split_feature=4 1 3 3 4 0 4 5 4 1 4 4 0 0 4 4 2 4 0 4 0 4 0 4 0 4 0 4 0 5
split_gain=22.6609 8.9001 6.63248 8.75632 20.8963 6.57169 6.14089 5.77129 9.0935 10.098 11.4731 8.66305 8.47798 8.43824 14.2315 7.19578 9.42522 6.67149 7.81167 9.62732 9.98174 8.08969 11.9377 9.01177 9.15862 6.35839 10.0172 6.94636 6.33663 6.76823
threshold=0.55634721549401445 0.76434107288367759 1.3887948390382003 1.0814325633474631 0.088204550941678825 0.92637759710930456 0.00014751373249445005 0.28665777009876842 0.045711569899443603 0.188553330095624 0.011816620532192202 0.029317645315857253 0.14415584415584412 0.3304597701149426 0.056412872530770458 0.022076596145757851 0.31218938563545845 0.0079424945097579022 0.11215932914046121 0.004511941652621301 0.084039548022598873 0.0024307306665599503 0.067989214175654802 0.0018292314266789003 0.059411764705882351 0.0011655330713767503 0.042109929078014162 0.00077896218238600009 0.30471628592483424 0.25381612754698041
decision_type=2 2 2 2 2 2 2 2 2 2 2 2 2 2 2 2 2 2 2 2 2 2 2 2 2 2 2 2 2 2
left_child=1 2 3 6 -5 -6 -1 8 9 10 12 -9 17 -13 -15 -11 28 18 19 20 21 22 23 24 25 26 27 -8 29 -17
right_child=-2 -3 -4 4 5 -7 7 11 -10 15 -12 13 -14 14 -16 16 -18 -19 -20 -21 -22 -23 -24 -25 -26 -27 -28 -29 -30 -31
leaf_value=-0.090953544073078957 0.10201484881640766 -0.086857175162749739 -0.051427698880006659 -0.082634555052765957 0.058496951502617502 -0.017659972712324008 0.0061268370810105867 -0.053831486310341396 0.047895594050930593 -0.070286391055775319 0.054953053082388847 0.045090005597533782 -0.072839436532104063 -0.092262481126980364 -0.005413537005649954 0.011549396648113056 -0.10383483893850268 0.072583425094259219 -0.061873266028263943 0.07762588292180736 -0.073622555400319839 0.069390283778981418 -0.10328090007370881 0.11836730306626116 -0.10497803357538996 0.074913655222947809 -0.0726846317211748 0.12365539949153599 -0.11352120652014955 0.13994296671240467
leaf_weight=7.9729312267154446 21.094528842717409 12.418812283314763 26.060460777021945 14.668382592499254 72.177913138642907 13.440717022866009 42.459299199283123 41.267584861256182 46.698134457692504 29.702316048555076 46.338906204327941 30.214357836171985 14.89538376405835 19.850017980672419 381.32024861406535 23.875614013522867 7.8047896856442085 13.755784552544354 18.131181638687849 17.378859583288431 16.783556284382939 18.571763552725315 10.5136587228626 6.9894469119608393 7.5376203544437876 12.784105837345122 15.365363091230391 5.7045097202062598 3.2570112831890574 4.9583629686385384
leaf_count=311 1105 1039 579 488 1446 155 277 1060 597 711 473 311 375 869 5149 193 147 108 303 124 290 114 158 37 87 74 174 33 91 47
internal_value=-0.000536839 -0.00273776 -0.00166132 -0.000288055 0.0276477 0.0465416 -0.00360697 -0.0027741 0.00669933 0.000626911 0.0100999 -0.0100599 -0.000247292 -0.00587257 -0.00971085 -0.0330207 -0.00527655 0.00556686 0.000214005 0.00751966 -0.00139243 0.00871614 -0.00240158 0.00927397 0.00018042 0.0105671 -0.00238144 0.0200469 0.0186936 0.0336283
internal_weight=1003.99 982.897 970.478 944.418 100.287 85.6186 844.131 836.158 363.506 316.808 247.209 472.652 200.871 431.385 401.17 69.5981 39.8958 185.975 172.219 154.088 136.709 119.926 101.354 90.8403 83.8509 76.3133 63.5292 48.1638 32.091 28.834
internal_count=16925 15820 14781 14202 2089 1601 12113 11802 4413 3816 2627 7389 2154 6329 6018 1189 478 1779 1671 1368 1244 954 840 682 645 558 484 310 331 240
is_linear=0
shrinkage=0.1


Tree=38
num_leaves=31
num_cat=0
split_feature=4 0 0 4 0 0 3 4 0 4 0 3 1 4 1 4 0 4 0 3 4 0 2 3 0 1 0 2 0 4
split_gain=20.5089 11.681 10.5153 11.2508 20.4314 10.8606 10.0749 8.25019 19.5999 9.47477 17.85 9.16199 7.81726 7.14488 11.109 6.56213 14.1178 7.25823 10.2796 7.19314 6.44428 6.37821 6.32816 9.57641 6.23563 9.89477 5.90204 5.80049 5.6772 5.4369
threshold=0.47045312638461473 0.96329966329966332 0.9291979949874688 0.30657388081594666 0.80178571428571443 0.81725417439703174 1.3654505878942931 0.20613415362779122 0.63299319727891168 0.13485410516262439 0.53390804597701158 1.0711045489912554 0.5944571775494325 0.40517945213048873 0.6539470216532639 0.093868833520041717 0.42163742690058481 0.063131172160172208 0.36188554658840799 1.0302896699900816 0.38808925848620079 0.88989898989898997 0.66813033154213908 1.0101791555662516 0.55662393162393176 0.45156178029226918 0.35450268817204306 0.53081538984627052 0.64760348583878014 0.28724007158121173
decision_type=2 2 2 2 2 2 2 2 2 2 2 2 2 2 2 2 2 2 2 2 2 2 2 2 2 2 2 2 2 2
left_child=2 -2 3 4 6 -5 7 8 9 10 15 22 20 -4 -15 16 17 18 -1 -17 -7 -22 28 -24 -11 -26 -19 -21 -9 -30
right_child=1 -3 13 5 -6 12 -8 11 -10 24 -12 -13 -14 14 -16 19 -18 26 -20 27 21 -23 23 -25 25 -27 -28 -29 29 -31
leaf_value=-0.0018017180644309787 0.10253933945593126 0.0027542390526847779 -0.095256464158538376 0.084584616521020312 -0.091886677558876834 -0.10378924868379993 -0.089998024918941488 0.076833776322526678 -0.076861857551128801 0.075755151448273883 -0.10052826594868081 0.084443959408037006 0.029468098231743456 -0.11634360465918069 0.039772985893012605 0.0095062870845411263 -0.068479138814738535 0.1113895703000035 -0.089192226892254478 0.11344674514479672 0.11966483686903265 -0.076877013400103708 0.20357826838781895 -0.020937002135521691 -0.10372093054841457 0.032870303071890268 0.019791006081057372 -0.10551187244831582 -0.024243313825352893 0.070235234611158825
leaf_weight=410.99093943741173 29.331124061718583 19.55105191282928 20.41215583961457 27.258460391312838 26.371060733683407 9.5018971934914607 12.908435746096073 8.2330279275774938 35.693427305668592 24.20335827767849 18.838120973668993 21.425280004739761 47.969287219457328 6.8055866137146976 13.80160181596875 38.072078440338373 32.805508807301521 8.7371502891182882 13.915780558250843 12.877537302672861 3.4198465682566157 3.1925955004990101 3.9621253162622443 3.6499310061335564 6.2866106927394858 33.912611270323396 36.093877095729113 1.3353324336931098 47.866605965420604 6.9790150560438624
leaf_count=5419 1158 272 876 494 1244 52 368 88 1430 368 864 341 362 34 91 307 1084 179 603 209 35 18 39 36 39 289 243 22 321 40
internal_value=-0.000518895 0.062629 -0.00381142 -0.00154605 -0.00531927 0.0317139 -0.00238795 -0.000911328 -0.00474899 -0.000715009 -0.00479794 0.0271584 0.00922493 -0.0533223 -0.011785 -0.00154761 -0.00505549 -0.00062611 -0.00466377 0.0321688 -0.0510351 0.0247712 0.009796 0.0959247 0.0356538 0.0115093 0.0376427 0.0928751 -0.000597631 -0.0122211
internal_weight=986.401 48.8822 937.519 896.5 805.158 91.3421 778.787 765.878 673.762 638.069 573.666 92.116 64.0836 41.0193 20.6072 554.828 502.543 469.738 424.907 52.2849 16.1143 6.61244 70.6907 7.61206 64.4026 40.1992 44.831 14.2129 63.0786 54.8456
internal_count=16925 1430 15495 14494 13533 961 12289 11921 11056 9626 8930 865 467 1001 125 8066 7528 6444 6022 538 105 53 524 75 696 328 422 231 449 361
is_linear=0
shrinkage=0.1


Tree=39
num_leaves=31
num_cat=0
split_feature=4 1 4 0 4 0 4 0 4 0 4 0 1 4 0 4 4 0 4 0 4 0 4 2 4 0 0 4 0 4
split_gain=18.7466 7.12752 5.78534 5.12762 8.60566 6.79719 9.46313 8.00612 8.76029 7.94037 8.48923 8.4592 6.47053 5.49009 7.73914 14.0951 8.00807 7.01053 8.39322 8.62057 8.5448 11.0242 11.3509 8.52834 11.9476 10.4402 8.21545 6.40159 9.88369 6.23465
threshold=0.55634721549401445 0.76938668386600162 0.00014751373249445005 0.021980676328502403 0.00028949809642300008 0.031754032258064509 0.00066302715838925013 0.047065337763012159 0.0013345552180012502 0.063164893617021267 0.0022320894499320005 0.07207792207792206 0.010842409437749003 0.0026785250284840508 0.10084745762711866 0.0064629201535956011 0.003945187833653151 0.12613636363636363 0.010015336552013051 0.16035714285714289 0.016491182551466154 0.21103238866396759 0.023887289051648053 0.31218938563545845 0.077051155284390757 0.40175438596491231 0.39339826839826841 0.043926592227309054 0.24780701754385961 0.063131172160172208
decision_type=2 2 2 2 2 2 2 2 2 2 2 2 2 2 2 2 2 2 2 2 2 2 2 2 2 2 2 2 2 2
left_child=1 2 -1 -4 -5 12 -7 -8 -9 -10 -11 -12 -6 -13 16 -16 -15 -17 -19 -20 -21 -22 -23 29 25 27 -26 28 -25 -24
right_child=-2 -3 3 4 5 6 7 8 9 10 11 13 -14 14 15 17 -18 18 19 20 21 22 23 24 26 -27 -28 -29 -30 -31
leaf_value=-0.089624293982280001 0.10168193386517231 -0.087758020749609145 0.069185759891705112 -0.10542941581673233 0.15766231678145426 -0.078655682076164288 0.067975098761896988 -0.078557427613195771 0.0694504918892348 -0.082612452718005908 0.12617066422850112 -0.099512497279646311 0.011884840902894371 -0.00046821151152400545 -0.076088883042144173 0.064667464431525282 0.1045810265616022 -0.063802670093469752 0.06593362029888393 -0.053702388319119644 0.066364754320814748 -0.072971223574713015 0.015142951273593927 0.14300625374592721 0.10271459448694327 -0.092140217731155383 0.00046218415462541298 0.0083860984000878151 -0.09160547323346617 0.077889835088945147
leaf_weight=7.3926263358443967 17.630283372476697 9.6799884093925339 10.349462106823919 7.9135037856176487 5.2071597799658758 15.706663866527377 16.82405498623848 14.571296751499174 15.98722644522786 12.767277471721171 5.2433450557291499 5.6469495967030516 7.3321570307016373 15.074632398784162 25.156658573076129 16.398051224648952 13.992624312639235 20.969520071521401 19.515599142760038 29.957499253563583 24.762507474049926 21.555123714730144 73.489534933120012 2.0288979187607792 7.9984666779637328 25.672870816662908 445.83285346999764 37.561378755606711 15.618696462363003 20.184703072533011
leaf_count=327 1105 974 53 96 28 205 109 242 110 240 39 105 44 114 622 139 133 476 181 694 272 584 796 14 181 1467 6359 378 385 453
internal_value=-0.000491964 -0.00238735 -0.00150888 -0.000810931 -0.00159582 -0.000697856 -0.00171375 -0.000351003 -0.00167231 -0.000362638 -0.00169226 -0.000442492 0.0724214 -0.0012507 -0.00057051 -0.00244274 0.0501012 -9.93749e-06 -0.00143326 0.00037273 -0.00144298 0.000877388 -0.00161765 0.000829941 -0.00404611 -0.0394541 0.00226431 -0.0149544 -0.0646328 0.0286635
internal_weight=968.022 950.391 940.711 933.319 922.969 915.056 902.516 886.81 869.986 855.414 839.427 826.66 12.5393 821.417 815.77 786.702 29.0673 761.546 745.148 724.178 704.663 674.705 649.943 628.387 534.713 80.8818 453.831 55.209 17.6476 93.6742
internal_count=16925 15820 14846 14519 14466 14370 14298 14093 13984 13742 13632 13392 72 13353 13248 13001 247 12379 12240 11764 11583 10889 10617 10033 8784 2244 6540 777 399 1249
is_linear=0
shrinkage=0.1


Tree=40
num_leaves=31
num_cat=0
split_feature=4 1 4 0 0 1 4 0 0 4 3 1 2 3 4 1 4 1 2 4 2 4 0 5 0 5 0 4 0 4
split_gain=16.9049 6.34088 5.32468 14.2936 13.1789 7.24911 7.23294 11.4946 9.98097 8.41677 8.48755 7.62635 6.98305 6.43131 16.2977 8.01128 5.04228 6.06105 10.4272 4.99391 4.97397 4.65152 7.33656 4.52059 4.48077 4.37146 7.52724 4.28174 5.93935 9.63465
threshold=0.55634721549401445 0.76938668386600162 0.37356519585105402 0.86817279046673301 0.88303693570451447 0.65118634282193566 0.28724007158121173 0.71902412280701766 0.76533166458072599 0.24986333713899725 1.1624976166854266 0.5944571775494325 0.59288141933545757 1.046945325784616 0.054276286282822155 0.58740385670298312 0.21560497119847641 0.58031560734064214 0.53969943526221709 0.45892511203429337 0.56357349587841388 0.00021516091327995 0.021980676328502403 0.56654159602672649 0.79361054766734285 0.65205032218578218 0.82404540763673906 0.00028949809642300008 0.036038961038961002 0.00077896218238600009
decision_type=2 2 2 2 2 2 2 2 2 2 2 2 2 2 2 2 2 2 2 2 2 2 2 2 2 2 2 2 2 2
left_child=1 2 3 6 -4 23 7 9 -8 10 13 20 -13 21 -15 -16 -9 -18 -19 -3 -10 -1 -23 -6 -20 -14 -27 -24 -29 -30
right_child=-2 19 4 -5 5 -7 8 16 11 -11 -12 12 25 14 15 -17 17 18 24 -21 -22 22 27 -25 -26 26 -28 28 29 -31
leaf_value=-0.060363685198762652 0.10151946812929297 -0.10113435219745066 0.080686294358602764 -0.079792046440300871 0.017579932023324193 0.028236036464529848 0.10488370433088251 -0.096431887491797624 0.021592902486039588 0.08008642140362307 -0.063159006053386882 0.17880536726986654 -0.028703576707361008 -0.075962171192298006 0.071991938737315117 -0.090471479226468934 -0.077963679338903649 0.27286936773360287 0.014790453306978339 0.2880687783398525 -0.095601619405682806 0.11204645164350505 -0.099137210088657418 -0.061074462250829221 -0.087652366607833335 0.16318898005975901 -0.012606540389128949 0.052195476153248432 -0.080559622345274126 -0.0018448823619338869
leaf_weight=13.917078798636792 15.976770022884009 8.5700705442577565 26.61729834228754 24.167462735436857 10.787431070581077 37.762309573590755 14.477766217663882 15.727634785696862 6.0965475887060157 12.631301585584877 22.168946674093604 3.2847012840211418 9.1823879890143889 11.063496418297289 40.607355498708785 3.2804226120933881 15.207001818343995 1.3524770997464681 15.494784556329252 0.34286583960056383 8.9205082654952985 5.59946385025978 4.5929081132635465 22.649363677948713 5.8936171839013687 4.463817270472644 5.3607982508838177 19.403022665530443 16.00260715931654 549.49492044653744
leaf_count=349 1105 972 491 740 72 251 274 941 34 174 599 20 76 364 800 134 105 9 160 2 55 30 53 147 200 29 46 121 228 8344
internal_value=-0.000476654 -0.00221928 -0.0014115 -0.00401693 0.0206535 -0.00178931 -0.00173984 -0.00422779 0.0344091 -0.000802197 -0.00229131 0.00706125 0.0441698 -0.000259008 0.0325053 0.0598485 -0.0488231 -0.0290914 0.00358979 -0.0861624 -0.0480236 -0.00321535 -0.00187886 -0.0356989 -0.0134379 0.0209027 0.0672662 -0.00296101 -0.00220579 -0.00407237
internal_weight=951.097 935.12 926.207 828.391 97.8164 71.1991 804.224 752.437 51.7865 698.762 686.13 37.3088 22.2917 663.961 54.9513 43.8878 53.6755 37.9479 22.7409 8.91294 15.0171 609.01 595.093 33.4368 21.3884 19.007 9.82462 589.493 584.901 565.498
internal_count=16925 15820 14846 13885 961 470 13145 12611 534 11196 11022 260 171 10423 1298 934 1415 474 369 974 89 9125 8776 219 360 151 75 8746 8693 8572
is_linear=0
shrinkage=0.1


Tree=41
num_leaves=31
num_cat=0
split_feature=4 1 4 3 3 4 3 0 0 0 4 1 4 1 4 0 0 4 0 4 0 4 0 4 3 0 4 0 3 2
split_gain=15.2422 5.73529 4.75274 4.67807 5.5103 5.65897 5.3192 5.62633 5.01468 4.65082 4.26645 4.22784 3.23309 5.13865 4.50773 9.57804 6.62523 5.31047 5.6247 4.94292 5.50851 6.32511 8.94487 6.60802 6.87182 4.728 7.00744 6.76352 6.21485 6.00838
threshold=0.55634721549401445 0.76938668386600162 0.00014751373249445005 1.5969055171940298 1.0000001136767176 0.43560706353394768 1.013331402417466 0.97849213691026848 0.019419306184012056 0.97259759759759767 0.45892511203429337 0.75458926302699847 0.00021516091327995 0.029003977664170753 0.0024307306665599503 0.077677224736048267 0.067989214175654802 0.0018292314266789003 0.056079664570230552 0.0034078826905999007 0.10084745762711866 0.0079424945097579022 0.14946808510638296 0.011816620532192202 1.0003129563271911 0.17349498327759191 0.017566784025184756 0.21498599439775909 1.0071033791492294 0.48117674868170834
decision_type=2 2 2 2 2 2 2 2 2 2 2 2 2 2 2 2 2 2 2 2 2 2 2 2 2 2 2 2 2 2
left_child=1 2 -1 4 -4 8 -7 -8 -6 12 -3 -5 -10 -14 16 -16 17 18 -15 -17 -21 -22 -23 -24 -25 -26 -27 -28 -29 -30
right_child=-2 10 3 11 5 6 7 -9 9 -11 -12 -13 13 14 15 19 -18 -19 -20 20 21 22 23 24 25 26 27 28 29 -31
leaf_value=-0.087113421194333393 0.10137290513021124 -0.10102767193980421 -0.0094719413324424948 -0.069990576152892434 0.12925076813237055 -0.1296559728890545 0.099211228686972103 -0.0095630825782258549 -0.093764060137419961 -0.11081634811098857 0.25973672049876939 0.15918103989791299 0.048550648000268266 0.0014644734429713219 0.11411029159114468 -0.087155518498235482 -0.10700827332232082 0.11581228212035732 -0.11209210828781087 0.073437598049112887 -0.048608946918814136 0.084920813733825581 -0.086535433819712113 0.13093166365161696 0.070115155086042491 -0.07160069012788392 0.071048336312869206 -0.030806784381572257 0.023946754820364194 -0.0056067163080172136
leaf_weight=6.4086659052409223 14.476216359063981 7.762292842846362 354.13996072113514 13.839294050354507 3.1957409903407088 1.4783767014741922 15.652304998598995 6.8303186297416678 3.3341659847646943 3.5285661155357948 0.3422621190547942 0.85471840016543943 25.754250246100128 20.90622444823385 7.9800329990684977 5.9254516642540684 8.6881140116602165 3.1155650839209548 5.5118906423449507 11.384524140506981 22.52273871190846 13.814971476793287 8.0667148432694358 4.279742255806922 10.350583819672464 12.630554164759813 14.514125799760221 50.994383160024881 121.00322110299021 159.43232089420781
leaf_count=327 1105 972 4964 318 18 12 316 38 37 87 2 21 233 163 90 131 267 19 65 106 478 180 286 64 110 344 193 729 2282 2968
internal_value=-0.000444477 -0.00203922 -0.00129831 -0.000693773 0.000225041 0.00657394 0.0540831 0.0661651 0.00437179 0.00359497 -0.0857923 -0.0566602 0.00438623 0.00503185 0.00270231 0.00554582 -0.0302472 -0.0076659 -0.022228 0.00355385 0.00480676 0.00293581 0.00587422 0.00301005 0.00494555 0.00348404 0.00156067 0.00423182 0.00130577 0.00714511
internal_weight=938.718 924.242 916.138 909.729 895.035 540.895 23.961 22.4826 516.934 513.738 8.10455 14.694 510.21 506.875 481.121 442.899 38.2218 29.5337 26.4181 434.919 428.994 417.609 395.087 381.272 373.205 368.925 358.575 345.944 331.43 280.436
internal_count=16925 15820 14846 14519 14180 9216 366 354 8850 8832 974 339 8745 8708 8475 7961 514 247 228 7871 7740 7634 7156 6976 6690 6626 6516 6172 5979 5250
is_linear=0
shrinkage=0.1


Tree=42
num_leaves=31
num_cat=0
split_feature=4 1 4 0 0 3 4 0 0 1 3 0 4 1 0 0 4 0 4 0 3 3 2 4 2 3 4 0 0 4
split_gain=13.7457 5.19803 4.64341 17.4804 15.9578 6.0492 6.49846 14.539 10.4889 6.44507 6.57476 4.99521 8.18941 4.96401 9.0976 6.19754 5.67632 7.36629 5.03762 7.45616 8.72349 6.52633 5.8762 5.30922 6.45078 4.70435 4.69093 4.60638 4.56712 4.5321
threshold=0.55634721549401445 0.76434107288367759 0.23878783265234324 0.68927203065134113 0.67890835579514841 1.1872213772209419 0.12899828569670063 0.53390804597701158 0.51887464387464399 0.56180001899868393 1.0451785307992318 0.95060975609756115 0.43560706353394768 0.59939892064339328 0.84680573663624525 0.7386128364389235 0.27767986504660014 0.76533166458072599 0.30657388081594666 0.82404540763673906 1.0880730321935899 1.2643571023220275 0.57350052305523691 0.35948622876441211 0.59288141933545757 1.0023563852901196 0.37356519585105402 0.8738636363636364 0.5929064657878218 0.45892511203429337
decision_type=2 2 2 2 2 2 2 2 2 2 2 2 2 2 2 2 2 2 2 2 2 2 2 2 2 2 2 2 2 2
left_child=1 2 4 -4 5 6 7 -1 -8 10 28 12 13 14 16 -15 -5 -18 22 -20 23 -22 -17 24 -21 -16 -19 -23 -10 -3
right_child=-2 29 3 11 -6 -7 8 -9 9 -11 -12 -13 -14 15 25 18 17 26 19 20 21 27 -24 -25 -26 -27 -28 -29 -30 -31
leaf_value=-0.0011385372610912103 0.1012406493228739 -0.10096426145316527 0.10708800823416771 -0.044742603582927469 -0.064523394808466694 -0.060818476804548272 0.10572948804672089 -0.096926857453986756 0.0102171203191085 0.068014270348589201 0.064107943899902473 -0.029038779280378259 0.071260521073552241 0.12931417747037269 -0.019079119154456103 0.15462998282623527 0.090616237550424486 -0.034906306614422518 0.11840142328271086 0.1512123239301606 0.14537800368887074 0.11142798317492629 -0.043794416285943147 0.011847668786110564 -0.10541407260602685 -0.16558069669784711 0.092649368242320285 -0.09675834889170129 -0.046121659917851034 0.19922166302511701
leaf_weight=515.62094758171588 13.114863052964209 7.6441260352730733 17.626156539656222 19.464624959975481 42.4842121261172 16.61587934801355 13.492125887423752 16.348063644021749 30.515226244926453 16.073737933300436 12.324744403362272 38.743348609656096 19.753678773529828 4.7624055668711653 3.5248368885368091 1.6124953925609613 10.827049268409612 16.134483054280285 7.8134585320949546 1.1073693111538876 7.2929016575217229 1.8334529884159563 20.051138378679752 24.768565583974123 8.4834596542641503 5.7960903588682413 3.5103744436055413 2.5285481279715896 27.227586908265948 0.53836526721715916
leaf_count=7845 1105 1036 558 124 1752 451 370 1030 216 185 128 404 254 28 19 12 133 94 54 10 47 12 398 143 137 39 47 39 252 3
internal_value=-0.000409865 -0.00186761 -0.00115126 0.0116591 -0.00515059 -0.0012593 0.00030755 -0.00408223 0.0237457 0.0109048 -0.00219631 0.00316424 0.0109981 0.00246538 -0.0194866 0.0186742 -0.0025583 0.0243879 0.0116944 0.0280824 0.0127458 0.0875054 -0.029025 -0.0126131 -0.0757837 -0.110179 -0.0121132 -0.00925267 -0.0163484 -0.0812136
internal_weight=927.634 914.519 906.337 215.634 690.703 648.218 631.602 531.969 99.6334 86.1413 70.0676 198.008 159.265 139.511 59.2575 80.2538 49.9365 30.4719 75.4914 53.8278 46.0143 11.6549 21.6636 34.3594 9.59083 9.32093 19.6449 4.362 57.7428 8.18249
internal_count=16925 15820 14781 2552 12229 10477 10026 8875 1151 781 596 1994 1590 1336 456 880 398 274 852 442 388 98 410 290 147 58 141 51 468 1039
is_linear=0
shrinkage=0.1


Tree=43
num_leaves=31
num_cat=0
split_feature=4 1 4 3 4 0 1 3 3 4 3 0 5 0 1 0 4 1 0 2 5 5 5 1 4 5 5 0 2 0
split_gain=12.3987 4.70002 4.18609 4.06755 4.81328 20.1094 13.5872 6.91234 5.10092 3.99157 3.635 3.93061 3.55989 3.37928 4.57672 7.7524 9.06499 5.02614 5.81075 5.79229 5.10439 5.75429 4.88124 4.21611 4.19409 3.88086 4.95586 4.29647 3.70905 3.91628
threshold=0.55634721549401445 0.76434107288367759 0.00014751373249445005 1.5969055171940298 0.18367291235894118 0.63299319727891168 0.47936904130904251 1.0880730321935899 1.1624976166854266 0.45892511203429337 1.0000001136767176 0.019419306184012056 0.65205032218578218 0.64760348583878014 0.58031560734064214 0.82404540763673906 0.34080206129461971 0.65118634282193566 0.90098039215686299 0.60390717372038227 0.56654159602672649 0.68913969673396036 0.72960409538218707 0.50713374078153206 0.32997151528534602 0.67166716756469891 0.64523077730134826 0.97646733111849404 0.53702563993037977 0.70087719298245621
decision_type=2 2 2 2 2 2 2 2 2 2 2 2 2 2 2 2 2 2 2 2 2 2 2 2 2 2 2 2 2 2
left_child=1 2 -1 4 5 8 12 13 10 -3 -4 -12 -6 23 -15 24 -17 18 19 -18 -20 -22 25 -8 28 26 27 -19 -16 -30
right_child=-2 9 3 -5 6 -7 7 -9 -10 -11 11 -13 -14 14 15 16 17 22 20 -21 21 -23 -24 -25 -26 -27 -28 -29 29 -31
leaf_value=-0.085392911537755495 0.10112127715000388 -0.10087345685576384 -0.0094108864757396198 -0.054758196524759377 0.10046951831153916 -0.098226413327898804 -0.047794063994436725 0.0390912310542375 -0.062051537370787183 0.18731299590228442 0.11785170402452026 0.0058030222923922863 -0.12207074089811981 -0.031325471911914295 0.1405142467702345 -0.08614138454863747 0.11231180393940127 0.094966391388348975 0.025620247125605518 -0.025284693946143778 -0.15149275393233178 -0.022906065301539838 -0.025117712930646997 0.072508440183875991 0.11732116057012479 0.10946422168523007 -0.080108919190151145 -0.035872517228261375 0.08385190633659427 0.00077279425490030837
leaf_weight=5.8461984307505181 11.880114450119434 6.9226009761914602 228.33656564541161 13.603859408292918 18.762020724825565 22.075385923497379 3.9069117344915858 48.350245701149106 13.382314108312128 0.51647129654884327 3.1593386977910987 345.8108135284856 0.74745634291320939 54.010665003210306 2.6080168150365344 14.613869015127419 4.6724827885627738 8.1913722269237059 4.7805313356220749 8.8618820458650571 7.7805192507803422 6.2965778149664402 12.003722805529831 11.452827228233216 5.6876948215067378 8.0672922227531654 3.5335680954158297 3.6184717118740073 7.0536619089543811 29.009322849102318
leaf_count=326 1105 1036 3211 329 658 1471 36 667 394 3 18 5688 10 404 18 529 29 58 28 52 49 36 103 83 46 54 25 31 51 377
internal_value=-0.000373176 -0.00170749 -0.00105044 -0.000496646 0.000345267 -0.00451813 0.0116332 0.00522495 -0.00101604 -0.0808656 0.000398803 0.00681743 0.0919435 -0.00312298 -0.0069488 0.00343621 -0.014705 0.000691175 -0.0277766 0.0222179 -0.0636583 -0.0939769 0.0267294 0.0419082 0.0371434 0.0533137 0.0237907 0.0548781 0.0253509 0.0170225
internal_weight=915.543 903.663 896.224 890.377 876.774 612.764 264.009 244.5 590.689 7.43907 577.307 348.97 19.5095 196.149 180.79 126.779 82.4203 67.8064 32.392 13.5344 18.8576 14.0771 35.4144 15.3597 44.3587 23.4107 15.3434 11.8098 38.671 36.063
internal_count=16925 15820 14781 14455 14126 10782 3344 2676 9311 1039 8917 5706 668 2009 1890 1486 994 465 194 81 113 85 271 119 492 168 114 89 446 428
is_linear=0
shrinkage=0.1


Tree=44
num_leaves=31
num_cat=0
split_feature=4 1 4 4 4 0 0 3 3 4 1 5 2 4 2 0 4 0 1 1 0 1 4 4 0 3 2 0 2 5
split_gain=11.1876 4.24886 3.74911 3.52736 3.38181 14.5973 13.9961 6.52819 4.75619 11.2691 4.75331 4.51825 5.90818 4.44074 4.16315 3.88456 5.41422 4.7413 6.19371 5.14077 5.08558 4.52437 4.39094 3.81661 6.47319 3.48077 4.10929 6.43465 4.67419 3.42968
threshold=0.55634721549401445 0.76434107288367759 9.4293551277246793e-05 0.45892511203429337 0.24986333713899725 0.74527629233511605 0.72281323877068571 1.1624976166854266 1.0575383141091734 0.054276286282822155 0.60476404774595383 0.66797134703120264 0.53370644753961105 0.18627570294827284 0.60667950325255271 0.9826073805202663 0.42363912256324709 0.86817279046673301 0.74596300570499696 0.58031560734064214 0.9175170068027213 0.56627574124594815 0.37356519585105402 0.19494236360961539 0.60922587486744451 1.7564339052711289 0.69139427223513616 0.96329966329966332 0.6503479999627565 0.55250264900331658
decision_type=2 2 2 2 2 2 2 2 2 2 2 2 2 2 2 2 2 2 2 2 2 2 2 2 2 2 2 2 2 2
left_child=1 2 -1 -3 5 7 -6 8 11 -10 23 -4 -13 -14 -15 16 17 19 21 -8 -20 -19 -23 24 -11 26 27 28 -18 -24
right_child=-2 3 4 -5 6 -7 15 -9 9 10 -12 12 13 14 -16 -17 25 18 20 -21 -22 22 29 -25 -26 -27 -28 -29 -30 -31
leaf_value=-0.10203605804012322 0.10101350037702489 -0.10079113837446607 -0.000624521126311601 0.17694397234550804 0.089037036653496798 -0.092493460812218931 -0.022254632307666961 -0.056135610466614617 -0.069555291500552507 0.074187345471171728 -0.074518550723112836 -0.17919335607084255 -0.094915243378316083 0.12047041607230508 -0.056768100989148917 -0.042468254736497575 0.078062174951642804 -0.1921584635551836 0.3201105984074053 0.031068842821028481 -0.0078432133046419574 -0.073200263991651901 0.092444412790317523 0.13630320740143195 -0.071197549483806868 -0.080918127132304674 0.09550860818967577 -0.087360089538800145 -0.037433120815169536 -0.01904148664699698
leaf_weight=3.6547705093398681 10.760457694530485 6.2686840454116455 596.10907101724297 0.49326956272125233 20.587763218209147 18.087853287346661 28.583876335993409 21.147305871360004 8.4582897126674634 19.622518181800849 2.4307500333525232 3.1585394488647571 4.5284057781100255 2.9076672047376633 2.4352046111598611 17.744849628768861 13.801548467017716 1.8146671950817097 0.89585225284099479 49.198245737701654 1.0013813953846691 15.120055624283848 3.1619191057980087 6.8759492337703696 3.6288969120942047 2.2239923924207678 11.990298207849262 4.2771199382841578 4.6965228691697112 21.675448765978217
leaf_count=260 1105 1036 8893 3 611 1095 215 635 287 458 99 67 329 23 24 178 173 9 17 444 31 376 18 139 89 12 99 24 43 133
internal_value=-0.000345544 -0.00156202 -0.000961917 -0.080531 -0.00054506 -0.00384547 0.0110178 -0.00145691 0.000321604 0.0332826 0.0599989 -0.00189783 -0.0601511 -0.0220609 0.0396876 0.0019011 0.00687032 -0.00333137 -0.0297007 0.0114732 0.147013 -0.0377268 -0.0307133 0.0708521 0.0514968 0.0403666 0.0481253 0.0231798 0.0487388 -0.00484878
internal_weight=907.341 896.581 889.819 6.76195 886.164 689.39 196.774 671.303 650.155 41.0164 32.5581 609.139 13.0298 9.87128 5.34287 176.186 158.441 121.451 43.6693 77.7821 1.89723 41.7721 39.9574 30.1274 23.2514 36.9895 34.7655 22.7752 18.4981 24.8374
internal_count=16925 15820 14781 1039 14521 12138 2383 11043 10408 1072 785 9336 443 376 47 1772 1594 1243 584 659 48 536 527 686 547 351 339 240 216 151
is_linear=0
shrinkage=0.1


Tree=45
num_leaves=31
num_cat=0
split_feature=4 1 4 0 4 0 4 0 4 0 4 0 4 0 4 0 4 0 4 0 4 2 4 0 4 4 0 4 0 4
split_gain=10.0974 3.84048 3.46927 5.38697 6.76418 7.94876 5.5575 10.272 6.84256 8.76053 9.16829 5.85238 10.382 7.57253 6.83767 6.37117 11.5392 5.50151 13.2558 7.14623 9.64104 5.82919 10.4749 7.32047 5.70122 4.8218 4.55348 12.1277 4.61547 10.4967
threshold=0.55634721549401445 0.76434107288367759 0.00021516091327995 0.025978407557354904 0.00045421448330245007 0.036038961038961002 0.00090450457180900009 0.051503094606542808 0.0016417795720781502 0.07207792207792206 0.0026785250284840508 0.091750841750841708 0.0048505778491067008 0.10582306830907051 0.0067914387658644512 0.14946808510638296 0.0113795917467339 0.18697033898305088 0.019508720656014753 0.22767145135566183 0.025382954044942903 0.31218938563545845 0.043926592227309054 0.24780701754385961 0.016491182551466154 0.003945187833653151 0.36188554658840799 0.077051155284390757 0.45534290271132377 0.10035237690594802
decision_type=2 2 2 2 2 2 2 2 2 2 2 2 2 2 2 2 2 2 2 2 2 2 2 2 2 2 2 2 2 2
left_child=1 2 -1 -4 -5 -6 -7 -8 -9 -10 -11 25 -13 -14 -15 -16 -17 24 -19 -20 -21 -22 23 -23 -18 -12 -24 -28 -29 -30
right_child=-2 -3 3 4 5 6 7 8 9 10 11 12 13 14 15 16 17 18 19 20 21 22 26 -25 -26 -27 27 28 29 -31
leaf_value=-0.053796311624417704 0.1009161811946505 -0.080210414794750787 0.066320350501055808 -0.073734450283063774 0.10200832230373653 -0.05806870120334482 0.095845712069260097 -0.065615709558474372 0.070504866975028543 -0.10036435177968334 0.017515245811089139 -0.083586380936058788 0.10224980177431738 -0.070880059265199399 0.045078235814178629 -0.092118595828263303 0.013748847807166021 -0.079659536058978797 0.054722707260494996 -0.086000915700712791 0.025650947189011505 0.20129377479005894 0.041860451565057043 -0.089160792300528688 0.1081151514987807 0.12168680642201986 -0.061151486067712681 0.035720501675719663 -0.089534979480204724 0.0018026582486032384
leaf_weight=12.219081626739351 9.7453769855201227 6.1452960101887575 12.027778051793574 12.6224502408877 7.5725288316607466 16.670623577199876 11.089159436523913 16.090891603380442 17.362296681851149 9.2345441426150483 12.729113165289165 15.110436958260832 7.1934548839926711 13.682888341601936 30.662404164671898 13.773973194882272 21.630056865513328 21.059164357371628 23.823749639093876 13.090892622247337 81.055477404035628 0.91066147387027996 24.25791416503489 18.404304143041372 9.0940037593245489 6.8261616341769686 32.827245788183063 36.930388344451785 13.023077516350893 371.59895449224859
leaf_count=392 1105 1039 68 153 50 219 86 265 128 236 78 386 68 334 287 517 130 721 241 438 1112 5 294 779 140 74 1192 427 653 5308
internal_value=-0.000320522 -0.00143065 -0.00088211 -0.000139237 -0.00107054 1.39969e-05 -0.000907523 0.000252499 -0.0010556 0.000252284 -0.00131769 -0.000126253 -0.00153788 0.00015347 -0.000858378 0.000486997 -0.00151933 0.00034962 -0.00164392 0.00102354 -0.00113711 0.000781591 -0.00326658 -0.0754664 0.0416803 0.0538784 -0.000353024 -0.00260667 0.00195235 -0.00128998
internal_weight=898.464 888.719 882.574 870.355 858.327 845.704 838.132 821.461 810.372 794.281 776.919 767.684 748.129 733.019 725.825 712.142 681.48 667.706 636.982 615.923 592.099 579.008 497.953 19.315 30.7241 19.5553 478.638 454.38 421.552 384.622
internal_count=16925 15820 14781 14389 14321 14168 14118 13899 13813 13548 13420 13184 13032 12646 12578 12244 11957 11440 11170 10449 10208 9770 8658 784 270 152 7874 7580 6388 5961
is_linear=0
shrinkage=0.1


Tree=46
num_leaves=31
num_cat=0
split_feature=4 4 0 0 5 3 2 4 0 0 3 4 1 3 0 1 3 0 5 4 2 1 0 0 1 2 4 4 3 3
split_gain=9.12149 3.5123 8.46213 7.87378 4.29459 5.6478 4.55941 4.10367 12.879 9.40846 5.51909 5.20083 18.4511 8.476 6.36403 5.90363 6.77861 5.07762 5.25095 5.02876 4.68738 4.62208 4.07276 3.57845 4.54281 5.76913 4.01211 3.38762 3.37946 3.55991
threshold=0.55634721549401445 0.43560706353394768 0.91091269841269851 0.9291979949874688 0.68913969673396036 1.0136885861786806 0.75895785759416901 0.29687983362966919 0.77871939736346529 0.76533166458072599 1.3887948390382003 0.15344554056781018 0.51838617539921583 1.0661220405378558 0.55662393162393176 0.57777839677905451 1.040019690371262 0.70087719298245621 0.57809670937509561 0.21560497119847641 0.60390717372038227 0.60199866524282075 0.84680573663624525 0.64760348583878014 0.4964851854057078 0.6013540575243369 0.22287395450575073 0.32997151528534602 1.013331402417466 1.0443806151226984
decision_type=2 2 2 2 2 2 2 2 2 2 2 2 2 2 2 2 2 2 2 2 2 2 2 2 2 2 2 2 2 2
left_child=1 3 -3 7 5 -4 -7 8 10 -9 11 12 -1 14 -13 23 17 -17 -19 -20 -21 22 27 26 -25 -26 -16 -11 -23 -30
right_child=-2 2 4 -5 -6 6 -8 9 -10 21 -12 13 -14 -15 15 16 -18 18 19 20 -22 28 -24 24 25 -27 -28 -29 29 -31
leaf_value=-0.00056122696526239135 0.10082828148936096 0.10412961798092467 -0.078827890713933021 -0.060680650598996133 0.04466263418750032 0.064512729713441533 -0.076072988726889404 0.10880864340740791 -0.074864845905884145 -0.056093280744558438 -0.079705868893405127 0.11811173620868026 -0.092090341757969929 0.06696839505211731 -0.0060967021270990516 0.098873471208312816 -0.082896508735903582 -0.069012901643634106 -0.10277489941364248 -0.025300368617497848 0.13211808790499599 -0.0043001525169432632 -0.082733083832091547 0.038402109161107069 -0.078831073899765333 0.046611357631150221 0.11176792031765855 0.036246660997649255 0.12311146298498339 0.031140933403806928
leaf_weight=534.08396634273231 8.8252778276801092 10.552443429827688 10.426623225212099 22.892545486800373 14.361094009131191 7.9106783866882306 3.2565488927066326 10.40054922364652 24.515730887185782 6.3697284683585229 8.8239770606160146 4.7200371138751498 22.971744964364916 27.659314101561904 30.118461759760976 12.658991429954769 4.3091994826681903 5.1510947784408918 1.7163978125900019 2.7211276739835721 6.2046061456203461 20.815096901729703 8.6845909226685745 5.8796211294829837 22.702506734058264 4.3723360672593108 3.194362759590148 10.558768119662998 5.2738163433969047 20.837320092134178
leaf_count=8463 1105 303 59 938 79 60 19 346 1451 32 299 81 1653 562 206 117 50 80 91 19 47 179 50 38 193 39 43 96 49 178
internal_value=-0.000326736 -0.00134799 0.0253921 -0.0028506 0.0022834 -0.0259011 0.0235156 -0.00120551 -0.00362614 0.0198607 -0.00112148 -0.000114274 -0.00433569 0.0177808 0.00466747 -0.000739657 0.0339858 0.051688 0.0138667 0.0539828 0.084127 0.00710747 -0.0270597 -0.0179073 -0.0412713 -0.0585733 0.00520532 0.00150168 0.0257564 0.0497168
internal_weight=882.969 874.143 46.5074 827.636 35.9549 21.5939 11.1672 804.743 721.803 82.9399 697.288 688.464 557.056 131.408 103.749 99.0287 32.7614 28.4522 15.7932 10.6421 8.92573 72.5393 25.6131 66.2673 32.9545 27.0748 33.3128 16.9285 46.9262 26.1111
internal_count=16925 15820 520 15300 217 138 79 14362 13432 930 11981 11682 10116 1566 1004 923 404 354 237 157 66 584 178 519 270 232 249 128 406 227
is_linear=0
shrinkage=0.1


Tree=47
num_leaves=31
num_cat=0
split_feature=4 4 0 4 3 4 0 3 0 2 4 0 0 1 2 3 5 2 0 0 4 2 3 3 4 5 4 0 4 0
split_gain=8.2355 3.40987 3.58975 3.80007 3.18457 3.64833 10.5884 7.20448 4.48389 4.43591 4.10411 9.39643 7.86393 5.77941 6.05541 7.66277 4.20479 3.89073 3.86292 3.82122 6.81832 3.43572 3.38474 5.87822 9.4298 3.79844 5.59632 7.57102 5.76138 5.259
threshold=0.55634721549401445 9.4293551277246793e-05 0.019419306184012056 0.00021516091327995 1.5969055171940298 0.3959652983456865 0.89619252873563238 1.1134441523702872 0.9826073805202663 0.70736631046135956 0.28724007158121173 0.77871939736346529 0.76533166458072599 0.5944571775494325 0.59288141933545757 1.0880730321935899 0.66136739918222898 0.68528739362365099 0.85584415584415596 0.82404540763673906 0.35948622876441211 0.56357349587841388 1.1624976166854266 1.0649373095207524 0.054276286282822155 0.28665777009876842 0.029317645315857253 0.2869249394673124 0.03977591363889136 0.22318007662835249
decision_type=2 2 2 2 2 2 2 2 2 2 2 2 2 2 2 2 2 2 2 2 2 2 2 2 2 2 2 2 2 2
left_child=1 -1 -3 -4 5 6 10 8 9 18 11 22 -12 21 -15 16 17 -16 -7 -18 -21 -14 23 25 -25 -5 29 -28 -29 -27
right_child=-2 2 3 4 -6 7 -8 -9 -10 -11 12 -13 13 14 15 -17 19 -19 -20 20 -22 -23 -24 24 -26 26 27 28 -30 -31
leaf_value=-0.10164913010994039 0.10074887256941858 0.09064259507519469 -0.082205257146498942 0.0060582262361165273 -0.048989723763190669 0.10914619831924427 -0.07470867836239467 0.091361495173908278 -0.045338238429137402 0.083085973160979654 0.10011174315778915 -0.077482602560421138 0.014012947831609402 0.14422061272204661 -0.097540523632495615 0.12137085346362181 0.11179422491357771 0.033955706280817261 -0.0051516205310072581 -0.11754734737296123 0.082735150392748091 -0.072744017180784479 -0.039536040782019173 -0.068779398062968775 0.060600321994982859 -0.012713308341013283 0.066114871629971358 -0.10333333100983166 -0.0062872752452949937 -0.090545566206402958
leaf_weight=3.3685908396728328 7.9914153399877241 4.2678961474448434 5.7660408522933713 315.85470823291689 13.46853410778567 3.2637170460075131 19.495646822266281 12.317668465897439 12.707864079624413 9.3829628545790893 11.297212834469972 16.215810239780694 7.8891879580915001 4.3063759654760387 7.1481478326022678 5.5186464041471472 3.9119994267821294 3.2838003821671009 31.456323176622391 3.2313398635014892 3.5862297490239143 10.832122221589087 21.448555893264711 6.8091445364989331 32.624773119110614 19.628827702254057 14.288333240896462 6.2769533302634946 240.75290717650205 15.565455222502349
leaf_count=321 1105 41 102 4258 471 56 1045 356 76 61 321 995 50 29 58 32 26 36 198 60 17 71 619 258 796 280 133 377 3919 758
internal_value=-0.000301606 -0.00123413 -0.000841995 -0.00129689 -0.000749689 2.46252e-05 -0.00195114 0.022031 0.00699887 0.0220793 -6.10489e-05 -0.00226078 0.0247998 0.0076835 0.0341875 0.0164273 -0.0109406 -0.0561477 0.00559248 0.0330126 -0.0121932 -0.0361845 -0.000448996 0.000837226 0.03826 -0.00157265 -0.0097013 -0.00465956 -0.00875319 -0.0471364
internal_weight=873.957 865.966 862.597 858.329 852.563 839.095 769.966 69.1285 56.8109 44.103 750.471 689.465 61.0051 49.7078 30.9865 26.6802 21.1615 10.4319 34.72 10.7296 6.81757 18.7213 673.25 651.801 39.4339 612.367 296.512 261.318 247.03 35.1943
internal_count=16925 15820 15499 15458 15356 14885 14138 747 391 315 13093 12393 700 379 258 229 197 94 254 103 77 121 11398 10779 1054 9725 5467 4429 4296 1038
is_linear=0
shrinkage=0.1


Tree=48
num_leaves=31
num_cat=0
split_feature=4 4 0 4 0 4 0 4 0 4 0 4 0 4 4 0 4 1 4 0 0 4 0 4 0 1 5 1 5 5
split_gain=7.43816 3.0851 2.87777 3.44363 5.35036 7.4303 6.42947 7.90552 7.28971 7.47896 7.74027 7.10907 5.04601 10.822 6.82057 4.70456 7.90764 4.70101 8.85033 9.18779 7.7821 6.13573 9.63414 7.98082 5.79247 5.56104 6.93291 4.49459 4.46325 4.43883
threshold=0.55634721549401445 9.4293551277246793e-05 0.019419306184012056 0.00028949809642300008 0.031754032258064509 0.00066302715838925013 0.042109929078014162 0.0010484628207390503 0.056079664570230552 0.0018292314266789003 0.07207792207792206 0.0026785250284840508 0.10084745762711866 0.005159164457345101 0.004511941652621301 0.11215932914046121 0.007104573111091801 0.188553330095624 0.025382954044942903 0.22318007662835249 0.24780701754385961 0.03977591363889136 0.31311274509803927 0.04972608306639726 0.282329988851728 0.10270434845798142 0.30080241070625841 0.010842409437749003 1.0000000180025095e-35 0.3254777037158742
decision_type=2 2 2 2 2 2 2 2 2 2 2 2 2 2 2 2 2 2 2 2 2 2 2 2 2 2 2 2 2 2
left_child=1 -1 -3 -4 27 -6 -7 -8 -9 -10 -11 -12 14 -14 -13 -15 -17 25 19 29 -20 24 -23 -24 -22 -18 28 -5 -27 -19
right_child=-2 2 3 4 5 6 7 8 9 10 11 12 13 15 -16 16 17 18 20 -21 21 22 23 -25 -26 26 -28 -29 -30 -31
leaf_value=-0.10149106517029037 0.10067713286589262 0.080717441804617041 -0.053575736149875541 0.13513055830644294 -0.074092042317765158 0.078164909977034291 -0.1006112539059949 0.07497810365204341 -0.075083421769684966 0.078788597817600017 -0.098029439598628199 0.010714598630524092 -0.096165615039167623 0.073220280898096124 0.12272080077839437 -0.088995781908467325 -0.038211840181631845 -0.030110960396449005 0.071503627025082284 -0.096146338304321843 -0.0072409493876629816 0.065779749515962591 -0.083952480622415185 0.00049779384081264798 -0.088437369567814464 -0.046845641357478401 -0.093353273526697436 0.015276415704449355 0.052655989028855335 0.061708077779961679
leaf_weight=3.052532553439959 7.2358223036862901 4.3109790105372658 12.367315021809189 5.2076865546405298 13.835076312534509 10.340086299926041 7.9198260614648452 12.690425243228672 13.545970294624565 12.231076177209614 7.5383088672533622 19.457373050972823 12.006433466449378 8.5693108625709993 7.5448817908763877 10.139441120903937 12.16039220523089 21.365479032509032 15.06217712163925 19.885273017222062 21.007542124018073 22.268366125412285 11.456556772813199 481.67595002544113 15.102122979005797 4.921498621813952 3.902720001526176 7.838027335703373 53.664123214781284 6.9868017770349971
leaf_count=321 1105 41 166 31 205 70 145 91 244 96 199 142 391 63 105 325 139 292 183 1105 146 290 517 8784 826 48 54 49 676 76
internal_value=-0.000286604 -0.00113801 -0.000779733 -0.00119273 -0.000419953 -0.00142438 -0.0001854 -0.00119669 -0.000204051 -0.00142648 -0.000125532 -0.00140443 -0.000429576 -0.00202085 0.042011 -0.000424695 -0.00132676 -3.74712e-05 -0.00291475 -0.0440339 0.000586103 -0.00135071 0.00144116 -0.00146417 -0.0411997 0.0236599 0.0357003 0.0631207 0.0442973 -0.00748416
internal_weight=865.29 858.054 855.001 850.69 838.323 825.277 811.442 801.102 793.182 780.492 766.946 754.715 747.176 720.174 27.0023 708.168 699.598 689.459 614.81 48.2376 566.573 551.511 515.401 493.133 36.1097 74.6487 62.4883 13.0457 58.5856 28.3523
internal_count=16925 15820 15499 15458 15292 15212 15007 14937 14792 14701 14457 14361 14162 13915 247 13524 13461 13136 12219 1473 10746 10563 9591 9301 972 917 778 80 724 368
is_linear=0
shrinkage=0.1


Tree=49
num_leaves=31
num_cat=0
split_feature=4 0 0 1 4 2 5 4 0 0 3 5 4 0 0 2 2 3 1 3 0 5 0 1 3 4 0 0 3 3
split_gain=6.72332 8.37692 5.50804 4.92678 6.15651 4.92493 4.37975 4.28002 11.7316 6.22461 4.74517 4.29954 4.27825 12.3267 6.32794 4.64977 8.75763 7.37458 5.10983 4.0966 4.91644 4.92278 3.89083 3.80607 3.7387 3.65165 14.6917 6.77482 4.30071 4.13937
threshold=0.47045312638461473 0.96329966329966332 0.93513323983169727 0.59939892064339328 0.40517945213048873 0.65675987799684543 0.46386281539405844 0.30657388081594666 0.80178571428571443 0.76533166458072599 1.3887948390382003 0.73850755680917068 0.19494236360961539 0.63299319727891168 0.61257406188281782 0.61369883301452044 0.61934480780306889 1.0672448961472885 0.47936904130904251 1.040019690371262 0.7386128364389235 0.68509595715851235 0.90521114106019784 0.61322205389163054 1.0254121260455429 0.11108679762504561 0.49038105808361082 0.4673758865248227 1.099695565524911 1.0480715876649989
decision_type=2 2 2 2 2 2 2 2 2 2 2 2 2 2 2 2 2 2 2 2 2 2 2 2 2 2 2 2 2 2
left_child=2 -2 7 -4 -5 6 -3 8 10 -9 12 -11 13 25 -14 17 -17 18 -16 20 -18 -22 24 -20 -13 26 28 -27 -1 -29
right_child=1 5 3 4 -6 -7 -8 9 -10 11 -12 22 14 -15 15 16 19 -19 23 -21 21 -23 -24 -25 -26 27 -28 29 -30 -31
leaf_value=0.00068095210387921433 0.098572161144890091 0.13121934845890165 -0.18459848561109948 -0.089092368258175278 0.0060441427608078002 0.04167796602783843 -0.09677832152547268 0.10571274645414026 -0.083881171346907535 0.0021163290209432338 -0.074231395340832576 0.025776105455628803 0.10683236064777955 -0.080271221682058899 0.08692662416622321 0.21519095887371087 0.11678824555588192 0.082649342414864602 -0.036793633229426567 -0.020080952216139036 -0.058486024985719899 0.10104001610452612 -0.03984804918414777 0.074795697601029096 0.15901905677093031 0.10795588700635944 -0.10261926783639511 -0.0011891641078739079 -0.063983126686454062 0.056438406032228376
leaf_weight=452.91811020392925 15.173390187788753 0.97344180382788437 2.2956025004386929 11.38849120703526 16.890076449140906 10.22534265834838 6.2652983814477921 7.8713199580088249 17.472003219183534 63.218828083015978 8.7150716609321517 3.6996605107560736 7.6646249471232286 20.023062376771122 4.1725311167538157 2.7258177772164371 7.6977184917777803 8.3392910584807378 42.162384269759059 10.914909159298984 4.8546339152380806 3.2157869492657483 2.5130731035023919 3.2954505644738665 4.8883664309978485 7.6763751013204446 14.614724576938896 66.066671909764409 10.524219022132455 15.362918704748152
leaf_count=7059 1158 67 12 812 110 122 83 372 1287 515 334 31 312 1342 32 20 57 82 291 103 66 35 30 32 37 290 1126 619 315 174
internal_value=-0.00029112 0.0442202 -0.0020602 -0.043707 -0.0322697 -0.00300269 -0.066118 -0.000449644 -0.00295582 0.0211514 -0.000909445 0.0121953 2.71994e-05 -0.00315876 0.0197104 0.0120683 0.0444556 -0.0043623 -0.0189827 0.027014 0.0596138 0.00507965 0.0695936 -0.028704 0.101619 -0.000436391 -0.0039006 0.0181492 -0.000787492 0.00968314
internal_weight=853.819 32.6375 821.182 30.5742 28.2786 17.4641 7.23874 790.608 708.416 82.1912 690.944 74.3199 682.229 587.186 95.0431 87.3785 29.4089 57.9697 49.6304 26.683 15.7681 8.07042 11.1011 45.4578 8.58803 567.163 478.057 89.106 463.442 81.4296
internal_count=16925 1430 15495 934 922 272 150 14561 13576 985 12289 613 11955 10925 1030 718 281 437 355 261 158 101 98 323 68 9583 8500 1083 7374 793
is_linear=0
shrinkage=0.1


Tree=50
num_leaves=31
num_cat=0
split_feature=4 4 5 4 0 0 1 5 0 3 4 0 0 1 2 2 5 0 4 3 3 5 3 3 4 0 0 5 1 4
split_gain=6.17593 2.75088 2.58019 2.8021 10.233 6.90545 5.97762 3.28256 3.18333 3.03175 2.83702 9.60132 6.2111 5.36723 4.03303 4.12274 3.05837 3.5395 3.87218 3.12857 2.88488 2.61997 5.95932 4.00163 3.4487 14.8393 7.44557 5.85563 4.25115 3.96184
threshold=0.55634721549401445 9.4293551277246793e-05 0.81313351918947785 0.37965464628872075 0.90098039215686299 0.86240703177822864 0.65118634282193566 0.56654159602672649 0.932768361581921 1.3654505878942931 0.25324482261369285 0.74527629233511605 0.72281323877068571 0.58031560734064214 0.78064867289190676 0.59288141933545757 0.54156775581817984 0.82404540763673906 0.3519785144466972 1.0880730321935899 1.0814325633474631 0.68161879653051172 1.0139952366112019 1.0185864870738539 0.13485410516262439 0.53390804597701158 0.55662393162393176 0.32082225816330573 0.43923824838854147 0.093868833520041717
decision_type=2 2 2 2 2 2 2 2 2 2 2 2 2 2 2 2 2 2 2 2 2 2 2 2 2 2 2 2 2 2
left_child=1 -1 3 4 9 -5 7 -7 -9 10 11 21 -12 20 15 -15 -17 -18 19 -19 -14 24 -23 -24 25 29 -26 -28 -29 -3
right_child=-2 2 -4 5 -6 6 -8 8 -10 -11 12 -13 13 14 -16 16 17 18 -20 -21 -22 22 23 -25 26 -27 27 28 -30 -31
leaf_value=-0.10135827921935031 0.10056947499735919 -0.0026036051358260134 -0.047552139153118345 0.090056598882302719 -0.097011319043475597 0.020287465660128626 0.035560299386144897 -0.01217320481633667 -0.087507681223181227 -0.049854866076146309 0.082967986257831666 -0.088333474645186122 -0.048648386842843339 0.082683376568087136 0.15960904802865389 -0.061352451893882366 0.049062632872488132 -0.11149784830401699 0.059049746819739957 0.012994646728559076 0.039904196169061365 -0.11743575756841747 0.21663029189269528 -0.011031972152016525 0.069300357715558425 -0.098766770622037758 -0.11152308028191771 -0.084077195918945455 0.015274765840524049 0.027517809803534528
leaf_weight=2.7223497987724832 6.0297140362672499 445.05088530853391 11.577599312877281 11.353144858498124 11.145961131434886 11.269267752766607 33.804125834256411 12.591912762261929 10.114798644557593 12.223723892820997 12.449106222018598 12.5894134263508 19.484021492302421 8.3956632260233146 2.1712506799958637 5.8499993141740552 16.021909522823993 4.958824987523256 3.9760878011584273 3.4045885447412729 4.5353156346827737 5.9147184814792109 0.92325492901727546 4.7147442058194429 21.742006135173142 15.581301189959047 4.1898299921303979 4.5626979395747176 76.787479440215975 48.416654588654637
leaf_count=321 1105 7301 859 405 677 90 218 90 68 475 366 913 125 60 24 53 117 128 21 25 36 236 20 169 476 1104 33 36 839 535
internal_value=-0.000273831 -0.000998983 -0.000672095 -1.35855e-05 -0.00191377 0.0178778 0.00578788 -0.0238339 -0.0457313 -0.000469575 0.00036686 -0.00186619 0.0179702 0.00620865 0.0266653 0.0198905 0.00448083 0.01806 -0.0221946 -0.0608193 -0.0319279 -0.000132478 -0.0473142 0.026249 0.000751912 -0.00268212 0.0170463 0.00376466 0.0097024 0.000351763
internal_weight=844.552 838.523 835.8 824.223 745.089 79.1332 67.7801 33.976 22.7067 733.943 721.72 640.473 81.2468 68.7977 44.7783 42.6071 34.2114 28.3614 12.3395 8.36341 24.0193 627.884 11.5527 5.638 616.331 509.049 107.282 85.54 81.3502 493.468
internal_count=16925 15820 15499 14640 13769 871 466 248 158 13092 12617 11662 955 589 428 404 344 291 174 153 161 10749 425 189 10324 8940 1384 908 875 7836
is_linear=0
shrinkage=0.1


Tree=51
num_leaves=31
num_cat=0
split_feature=4 4 0 4 1 0 4 0 4 0 4 0 4 0 4 0 1 4 4 0 4 0 4 0 4 4 0 0 4 2
split_gain=5.58045 2.48864 2.593 6.60854 3.85053 3.36541 6.39171 5.42175 6.53957 6.16046 6.49126 5.02628 7.62457 6.08373 5.89071 5.97541 4.38625 4.16555 3.58588 5.80063 5.52432 6.87024 9.85076 5.9199 6.76228 5.2075 4.63073 4.33385 9.43978 4.58825
threshold=0.55634721549401445 9.4293551277246793e-05 0.021980676328502403 0.00028949809642300008 0.033969647853234412 0.031754032258064509 0.00066302715838925013 0.047065337763012159 0.0013345552180012502 0.059411764705882351 0.0018292314266789003 0.077677224736048267 0.0034078826905999007 0.091750841750841708 0.004511941652621301 0.10084745762711866 0.010842409437749003 0.0010484628207390503 0.0067914387658644512 0.12613636363636363 0.010459976214370751 0.17712418300653593 0.017566784025184756 0.21103238866396759 0.022076596145757851 0.015410371636761401 0.11215932914046121 0.24780701754385961 0.029317645315857253 0.31218938563545845
decision_type=2 2 2 2 2 2 2 2 2 2 2 2 2 2 2 2 2 2 2 2 2 2 2 2 2 2 2 2 2 2
left_child=1 -1 4 -4 -3 16 -7 17 -9 -10 -11 -12 -13 -14 -15 -16 -5 -8 26 -20 -21 25 -23 -24 -25 -22 -17 -26 -29 -30
right_child=-2 2 3 5 -6 6 7 8 9 10 11 12 13 14 15 18 -18 -19 19 20 21 22 23 24 27 -27 -28 28 29 -31
leaf_value=-0.10122825739010587 0.10051501222022879 0.007454344502772537 -0.099626273296764919 0.12492498375104864 0.13749642519323119 -0.070567948758481255 0.02436304976288111 -0.073227682023048135 0.078624387557100467 -0.099783504658083902 0.05196457341680269 -0.07837034269645847 0.08420604217674818 -0.086638068355389897 0.1321595336022604 0.0075926876977548746 0.0019640727469624393 0.1371723800815782 0.067335338444352646 -0.05187227092499417 0.023342527775758432 -0.07376955124493996 0.061079010688671824 -0.083875959525733818 0.040942705699405411 0.11900839116429418 -0.09506111577680805 -0.10438836413726649 0.025112830260621534 -0.0032861768962553052
leaf_weight=2.466287007322534 5.4587166542187324 7.1738401986658555 6.7734387796372166 4.897926561534403 3.3356697633862495 13.076805598102508 10.841434106230734 12.420951577834783 9.8174976482987386 6.6078536836430422 18.002868816256523 12.686048893723635 8.4465789142996055 7.9727969369851044 3.3946607187390319 8.5118052512407321 7.1158402040600777 4.6889763772487631 12.674500273540614 20.647580621996894 23.191501148045067 18.366007252130657 15.75115631893277 9.6936210251878929 25.143933517858386 7.5399753414094439 9.0844337455928308 8.7772435429505986 64.769643863197416 467.67462236480787
leaf_count=321 1105 60 125 28 30 205 57 242 71 143 139 340 73 209 45 47 44 52 124 488 158 689 187 354 242 147 358 478 926 9438
internal_value=-0.000263662 -0.000925228 -0.000626854 -0.00126053 0.0487291 -0.000439787 -0.00122892 -7.63486e-05 -0.00125444 -7.62234e-05 -0.00110788 -0.000229514 -0.00152678 -0.000156928 -0.00117027 -0.000190129 0.0520944 0.0584227 -0.000839544 0.000323526 -0.000960329 0.000679857 -0.00164369 0.000594632 -0.00105919 0.0468142 -0.0454045 0.00035826 -0.0015272 0.000168445
internal_weight=837.004 831.546 829.079 818.57 10.5095 811.796 799.782 786.706 771.175 758.754 748.937 742.329 724.326 711.64 703.193 695.221 12.0138 15.5304 691.826 674.23 661.555 640.908 610.176 591.81 576.059 30.7315 17.5962 566.365 541.222 532.444
internal_count=16925 15820 15499 15409 90 15284 15212 15007 14898 14656 14585 14442 14303 13963 13890 13681 72 109 13636 13231 13107 12619 12314 11625 11438 305 405 11084 10842 10364
is_linear=0
shrinkage=0.1


Tree=52
num_leaves=31
num_cat=0
split_feature=4 1 4 0 0 5 3 2 3 0 3 4 0 4 2 0 4 0 4 0 4 0 4 0 4 0 4 0 4 1
split_gain=5.04381 2.45123 2.24768 6.77983 4.16674 3.40579 3.75268 3.7604 3.10484 2.80852 2.42038 2.10962 2.1098 2.87769 3.38484 2.54364 5.45937 6.44788 4.24304 5.17983 4.64676 5.07063 5.83174 6.64519 4.97843 3.95713 7.85057 5.15364 5.52651 3.74848
threshold=0.55634721549401445 0.79581729130294088 0.43560706353394768 0.91091269841269851 0.97259759759759767 0.68913969673396036 1.0136885861786806 0.75895785759416901 1.0076111299370327 0.96329966329966332 2.0330271289142847 9.4293551277246793e-05 0.019419306184012056 0.00021516091327995 0.12198443282617726 0.025978407557354904 0.00045421448330245007 0.036038961038961002 0.00077896218238600009 0.047065337763012159 0.0013345552180012502 0.059411764705882351 0.0020208865019779006 0.07207792207792206 0.0026785250284840508 0.087977296181630513 0.003945187833653151 0.10084745762711866 0.0048505778491067008 0.11815296994088977
decision_type=2 2 2 2 2 2 2 2 2 2 2 2 2 2 2 2 2 2 2 2 2 2 2 2 2 2 2 2 2 2
left_child=1 2 4 -4 10 6 9 -8 -7 -5 11 -1 -13 14 -14 -15 -17 -18 -19 -20 -21 -22 -23 -24 -25 29 -27 -28 -29 -26
right_child=-2 -3 3 5 -6 8 7 -9 -10 -11 -12 12 13 15 -16 16 17 18 19 20 21 22 23 24 25 26 27 28 -30 -31
leaf_value=-0.10116803371326322 0.10046578911229179 -0.10041677810513015 0.10111981295386074 0.00070322340406548311 -0.089374715001656821 0.084458071641554694 0.057477820594687971 -0.072731004702224031 -0.0092893922989146054 -0.10485124551765319 -0.11300409977504484 0.068772344273719574 -0.1147586597466692 0.04958901544504915 0.097627919368529034 -0.070047140856103321 0.094640897318287703 -0.064074090899505623 0.075116790481285334 -0.066618395752927148 0.071709120255664491 -0.077445907898534838 0.091256584639823779 -0.094598631333838182 0.087285610641399031 -0.10792411812399885 0.081884179779469268 -0.11091502441040807 -0.00048568279268249357 -0.021239206249926503
leaf_weight=2.0935485132504246 4.9415479348972431 2.4660264882259062 8.588601135183124 4.0566934049129504 5.3973152898252001 7.4699654467403871 7.4951131185516697 3.150156456977129 6.7027890868484974 6.6574854403734207 1.9315324223134656 4.3530523404479018 4.138159670867025 9.9877358637750131 0.91659234324470151 11.346952313557265 7.1066103540360919 10.536206267774103 9.0282647572457773 10.665066149085758 9.6945021301507932 9.8669497841037792 7.8851110953837624 5.6448809192515901 9.6638062298297864 6.8503931877203277 7.5400511417537919 4.564715734217315 630.71188638359308 4.7456569857895365
leaf_count=266 1105 715 303 24 227 39 60 19 40 35 82 41 85 57 17 153 50 161 69 210 71 201 67 155 86 234 81 150 12093 29
internal_value=-0.000261014 -0.000867094 -0.000567271 0.0213869 -0.00181766 0.00211442 -0.0231047 0.0189463 0.0401216 -0.0648853 -0.00120335 -0.000921923 -0.000647671 -0.00104482 -0.076246 -0.000541905 -0.00121321 -0.000149834 -0.00107593 -0.000150003 -0.00111002 -0.000107888 -0.00112063 -9.21725e-06 -0.00108376 -0.000288846 -0.00143848 -0.00030368 -0.00127916 0.0515437
internal_weight=826.197 821.256 818.79 44.1208 774.669 35.5322 21.3594 10.6453 14.1728 10.7142 769.272 767.34 765.247 760.894 5.05475 755.839 745.851 734.504 727.397 716.861 707.833 697.168 687.473 677.607 669.721 664.077 649.667 642.817 635.277 14.4095
internal_count=16925 15820 15105 520 14585 217 138 79 79 59 14358 14276 14010 13969 102 13867 13810 13657 13607 13446 13377 13167 13096 12895 12828 12673 12558 12324 12243 115
is_linear=0
shrinkage=0.1


Tree=53
num_leaves=31
num_cat=0
split_feature=4 1 4 0 0 3 5 3 4 0 4 4 3 0 0 3 5 1 4 0 0 3 4 0 4 4 4 0 0 3
split_gain=4.55846 2.21925 2.03272 15.5857 11.0685 4.57587 3.8376 3.28617 10.3327 5.15092 6.58779 5.17496 7.42943 4.88685 4.1593 3.59706 5.66276 3.55454 4.25491 5.73565 4.48955 4.26839 3.92348 4.87234 5.45786 3.60914 3.36271 5.71192 5.35353 6.5539
threshold=0.55634721549401445 0.79581729130294088 0.16968799885097666 0.60922587486744451 0.58102025506376609 1.099695565524911 0.31561080224259469 1.0065962476593528 0.007556226549791001 0.33615819209039549 0.071704149371965467 0.021423790379294705 1.024795555418047 0.22318007662835249 0.38138528138528138 1.0185864870738539 0.34199624379691024 0.12608980444970708 0.007556226549791001 0.13976744186046514 0.11215932914046121 1.0013453068950384 0.012777661752663002 0.18697033898305088 0.019508720656014753 0.0034078826905999007 0.00055375499051170016 0.036038961038961002 0.031754032258064509 1.0005424719430749
decision_type=2 2 2 2 2 2 2 2 2 2 2 2 2 2 2 2 2 2 2 2 2 2 2 2 2 2 2 2 2 2
left_child=1 2 3 5 -4 7 -6 17 -9 11 14 12 13 -10 15 -11 -17 26 20 -20 21 25 -21 -24 -25 -19 28 -28 29 -1
right_child=-2 -3 4 -5 6 -7 -8 8 9 10 -12 -13 -14 -15 -16 16 -18 18 19 22 -22 -23 23 24 -26 -27 27 -29 -30 -31
leaf_value=0.024096015464703621 0.10042128488463652 -0.10037726337609831 0.1032588368524322 -0.096914066125389151 -0.10637230846360844 -0.052189712988648274 0.0037107619396545763 -0.11376610224270095 0.065894153819129136 -0.049774911659433888 0.020427675628076524 0.06383425474743197 -0.1022124201158246 -0.10252869902893458 -0.094402601003631875 0.16929810162998815 -0.072198096538149972 -0.084865241681097672 0.086081101298633167 -0.058457264061674834 -0.10278200828487678 0.085484812014951547 0.053021592081364956 -0.079532813698406785 -0.0055834466944329501 0.015540320291377528 0.11513841235646133 0.011937524537340205 -0.080969945189628648 -0.15626382151414933
leaf_weight=21.241228516213599 4.4731783578172317 2.23218676354736 11.348019722849129 17.485889533767477 3.2070256993174544 16.874178893631324 252.3771967231296 6.0561856178101143 10.932547213509681 6.3360657035373169 55.652613384649158 37.883523553144187 5.1895312173292032 2.0450252797454587 9.5097136532422137 2.3883274896070361 1.6361522558145223 8.2989326524548286 6.4612584039568892 15.219172491692005 9.803171970183028 3.2302655447274438 13.155225303024052 10.628291907254605 163.75586941419169 6.2960696667432776 5.6740644723176947 97.855966933071613 9.8132048863917571 2.2258714772760859
leaf_count=215 1105 715 624 1826 39 576 3401 300 170 116 749 780 117 124 576 40 33 129 45 399 505 41 82 358 2361 43 55 1162 217 22
internal_value=-0.000251533 -0.000804209 -0.000530678 -0.00402892 0.00662024 -0.000953772 0.00232946 0.000737181 0.0139469 0.0198254 0.00277991 0.0427925 -0.00108533 0.0393538 -0.0466479 -0.00281499 0.0711178 -0.00412835 -0.0115411 -0.00667044 -0.0484247 -0.0185304 -0.00962613 -0.00566339 -0.0100905 -0.0415518 0.00870469 0.0175935 -0.0189472 0.00698875
internal_weight=819.286 814.813 812.581 545.648 266.932 528.162 255.584 511.288 137.63 131.573 75.5229 56.0506 18.1671 12.9776 19.8703 10.3605 4.02448 373.659 236.848 209.22 27.6284 17.8253 202.759 187.539 174.384 14.595 136.81 103.53 33.2803 23.4671
internal_count=16925 15820 15105 11041 4064 9215 3440 8639 3005 2705 1514 1191 411 294 765 189 73 5634 3963 3245 718 213 3200 2801 2719 172 1671 1217 454 237
is_linear=0
shrinkage=0.1


Tree=54
num_leaves=31
num_cat=0
split_feature=4 3 4 0 3 0 1 5 1 4 0 3 4 3 5 3 5 4 4 0 4 4 1 2 1 3 0 4 3 4
split_gain=4.12127 2.03087 2.33423 8.86951 8.20971 5.53835 3.73319 4.12119 4.79736 2.99496 4.74394 4.11313 3.23826 2.95121 4.98828 2.51638 3.49959 2.48472 2.36471 2.28805 7.15083 5.94692 6.21429 3.945 5.28027 2.77854 4.49654 6.61022 4.26196 6.66529
threshold=0.55634721549401445 1.5969055171940298 0.37356519585105402 0.91091269841269851 1.1365461153814294 0.8426212590299279 0.65118634282193566 0.72960409538218707 0.65984253040412744 0.43560706353394768 0.96329966329966332 1.0029728787492378 0.47045312638461473 1.2643571023220275 0.70357343491699631 1.0700421029030791 0.58099061774162331 0.42363912256324709 0.40517945213048873 0.78647416413373872 0.28201653906854579 0.27288452781462674 0.66887814146513203 0.59288141933545757 0.5944571775494325 1.1624976166854266 0.66954022988505757 0.16679002115450606 1.0711045489912554 0.054276286282822155
decision_type=2 2 2 2 2 2 2 2 2 2 2 2 2 2 2 2 2 2 2 2 2 2 2 2 2 2 2 2 2 2
left_child=1 2 3 19 5 -4 9 8 -8 11 12 -7 -11 -6 -15 16 -10 -18 -9 20 25 -21 23 24 -23 28 27 -27 -1 -30
right_child=-2 -3 4 -5 13 6 7 18 15 10 -12 -13 -14 14 -16 -17 17 -19 -20 21 -22 22 -24 -25 -26 26 -28 -29 29 -31
leaf_value=-0.0017265728657647737 0.10038105308068757 -0.041455384695889906 0.1107892361288261 -0.10366043999584368 0.13993542688460611 -0.016498822967293918 0.13685551617551436 -0.11371529216453054 -0.045656668622143737 -0.0028331402685664612 -0.060671746701462449 -0.12077260105222593 0.11462237622507387 0.10570814546360481 -0.10248708618735813 -0.049802177346047388 0.0071271171160931998 0.10855442762829895 -0.0044998948558460719 -0.093038555118242203 0.063674540074553185 -0.024226478389125769 0.082204963948445564 -0.050599957749939077 0.1237497144135717 -0.060051107605886771 -0.13551296782826189 0.079114855146174279 -0.071052254503288712 0.055265990714356998
leaf_weight=588.85374914272688 4.0490389256738117 12.079061245080082 4.4554602536372832 8.4748689592815918 6.3202750170603377 9.0335684567689878 4.4343216605484512 2.6641938388347608 3.4971401281654861 5.5735959559679049 7.2016681879758826 6.5082703046500674 4.0550248902291059 3.569578371476382 1.6983776073902843 3.9503441154956809 3.8859799439087492 6.3818132877349854 7.7478034440428019 9.4397538171615434 17.588927033357322 7.3133286908268946 6.8060242326464495 19.392889879643917 3.5976815856993198 10.393031623447316 3.8186626164242616 5.0820787576958528 4.9402823245618519 27.044372917618603
leaf_count=10310 1105 471 92 876 190 45 25 32 20 40 37 38 57 189 14 23 39 33 49 984 337 41 116 181 25 412 95 112 249 688
internal_value=-0.000254407 -0.000760086 -0.000140776 -0.00196867 0.015948 0.00293598 -0.00446443 0.0194433 0.043835 -0.0285121 0.000717042 -0.0601643 0.0466324 0.0938627 0.0385865 0.020551 0.0407414 0.0701679 -0.0324456 -0.000744962 0.000771391 -0.0221702 -0.00414322 -0.0235364 0.0245656 -0.000957 -0.0383296 -0.0143485 0.000204428 0.0357551
internal_weight=809.851 805.802 793.723 712.746 80.9774 69.3892 64.9337 32.5616 22.1496 32.3721 16.8303 15.5418 9.62862 11.5882 5.26796 17.7153 13.7649 10.2678 10.412 704.271 657.721 46.5497 37.1099 30.3039 10.911 640.132 19.2938 15.4751 620.838 31.9847
internal_count=16925 15820 15349 14426 923 530 438 221 140 217 134 83 97 393 203 115 92 72 81 13550 12203 1347 363 247 66 11866 619 524 11247 937
is_linear=0
shrinkage=0.1


Tree=55
num_leaves=31
num_cat=0
split_feature=4 4 5 4 0 2 4 4 0 0 0 4 4 1 4 1 1 5 0 4 0 1 4 1 1 5 2 5 0 0
split_gain=3.72428 1.92765 1.79168 10.136 9.84441 7.36476 4.57368 4.10436 12.4479 7.64027 2.93472 8.28108 4.23933 4.24564 5.30852 3.90242 4.58484 3.43024 3.77414 4.26054 3.71112 3.2084 3.40541 3.20071 5.89954 3.51444 4.05717 4.6373 3.65135 3.24694
threshold=0.55634721549401445 9.4293551277246793e-05 0.50898418998735073 0.13876063626218502 0.5727513227513229 0.37117385143591136 0.16968799885097666 0.06673700144682522 0.38529014844804316 0.36188554658840799 0.79830508474576278 0.30657388081594666 0.28201653906854579 0.6283161060382908 0.21206823955895851 0.65118634282193566 0.64252005905241416 0.76077764502207657 0.84680573663624525 0.47045312638461473 0.95789007092198597 0.6283161060382908 0.38808925848620079 0.60792036322966092 0.60199866524282075 0.63221308183068159 0.50828312074249349 0.65526400427841047 0.72281323877068571 0.72804314329738073
decision_type=2 2 2 2 2 2 2 2 2 2 2 2 2 2 2 2 2 2 2 2 2 2 2 2 2 2 2 2 2 2
left_child=1 -1 7 5 -5 -4 -6 8 -3 -9 12 -12 13 23 -15 16 17 18 -13 21 -21 22 -20 24 25 -8 -27 -28 -29 -25
right_child=-2 2 3 4 6 -7 10 9 -10 -11 11 15 -14 14 -16 -17 -18 -19 19 20 -22 -23 -24 29 -26 26 27 28 -30 -31
leaf_value=-0.10101308862378176 0.10034466986453834 9.3109371573815654e-05 0.059682892046571061 0.10218983574132488 -0.072744571110334819 -0.072684830526649619 0.013609127497289826 0.10615209626592162 -0.10364998815161884 0.010489064509543221 -0.08209869567196143 0.033409493938100381 0.059724021517572091 -0.065618144459723679 0.10227538706042123 0.019099422010274092 -0.099949813751987387 0.09273670161320241 -0.15615008467011476 0.11346256255075567 -0.026960621690755995 0.017678578475233873 -0.052355518025046267 -0.0051821455681382508 0.15305369134065205 -0.15925096414756104 -0.12369583821008848 0.053469865689257705 -0.073274717074225643 -0.13729773520521288
leaf_weight=1.9107403301168222 3.6649827454239121 354.65766792558134 4.8285214654169968 9.1890029972419125 9.1409372990019602 32.46390137495473 29.855742915999144 8.7786467317491752 11.955701797502114 170.47762660402805 14.239142158068715 11.069286619313059 16.277547715231776 2.4816415123641473 7.8099795747548342 50.262692092685029 6.316411859355866 3.0904205041006199 4.1280016768723824 3.0996236987411967 4.7910927291959524 4.5309959203004828 13.493385909125207 3.8432592842727891 2.4325489839538923 2.5789842531085041 3.3965507484972468 6.8109420770779234 3.411465619225055 3.6052636671811342
leaf_count=321 1105 5504 80 129 550 2391 270 425 885 2510 1033 97 251 122 90 574 54 26 41 58 33 37 80 37 23 16 29 60 33 61
internal_value=-0.000231162 -0.000691389 -0.000451483 -0.00740509 0.000912066 -0.0555462 -0.00359106 0.00277326 -0.00329008 0.0151739 -0.000390812 -0.0107142 0.0140013 0.00276324 0.0617908 -0.000628488 -0.0202562 -0.00886831 -0.016506 -0.0348972 0.0282003 -0.0573726 -0.0766705 -0.00809744 0.00127835 -0.0067384 -0.0442426 -0.0224638 0.0111721 -0.0691293
internal_weight=804.593 800.928 799.017 253.147 215.855 37.2924 206.666 545.87 366.613 179.256 197.525 115.021 82.5039 66.2264 10.2916 100.782 50.5192 44.2028 41.1124 30.0431 7.89072 22.1524 17.6214 55.9348 48.4862 46.0537 16.1979 13.619 10.2224 7.44852
internal_count=16925 15820 15499 6175 3704 2471 3575 9324 6389 2935 3025 2033 992 741 212 1000 426 372 346 249 91 158 121 529 431 408 138 122 93 98
is_linear=0
shrinkage=0.1


Tree=56
num_leaves=31
num_cat=0
split_feature=4 4 0 0 1 2 4 0 4 0 4 0 4 0 0 4 0 4 0 4 4 0 5 0 4 0 4 4 1 4
split_gain=3.36724 1.74599 5.1024 4.67542 4.05969 3.6749 2.65203 5.24586 5.79341 6.44199 3.60912 5.66856 3.4298 4.36048 3.25797 2.91357 3.23876 6.8535 4.86443 3.79855 2.70656 4.40025 3.73822 2.96817 2.65652 3.56209 8.29169 4.38305 3.56902 5.41449
threshold=0.55634721549401445 0.00028949809642300008 0.021980676328502403 0.025978407557354904 0.057800141647798002 0.0085218197574775511 0.00045421448330245007 0.038838612368024113 0.0010484628207390503 0.051503094606542808 0.0016417795720781502 0.063164893617021267 0.0022320894499320005 0.07207792207792206 0.042109929078014162 0.0026785250284840508 0.091750841750841708 0.004511941652621301 0.10084745762711866 0.003945187833653151 0.0064629201535956011 0.11215932914046121 0.12406677799811851 0.11814556331006977 0.007104573111091801 0.14946808510638296 0.0113795917467339 0.0091181059696824017 0.188553330095624 0.023887289051648053
decision_type=2 2 2 2 2 2 2 2 2 2 2 2 2 2 2 2 2 2 2 2 2 2 2 2 2 2 2 2 2 2
left_child=1 2 4 -3 5 -1 -5 -8 14 -10 -11 -12 -13 -14 -9 -15 19 -18 -19 -17 22 -22 23 -20 -23 27 -27 -26 -28 -30
right_child=-2 3 -4 6 -6 -7 7 8 9 10 11 12 13 15 -16 16 17 18 20 -21 21 24 -24 -25 25 26 28 -29 29 -31
leaf_value=0.041577916687789818 0.10031177277570101 0.088747410599929702 -0.097774191179052103 -0.055444997963317026 0.14443143270316242 -0.10060550817398582 0.06846007268867968 -0.0022284199672614477 0.096315723922658858 -0.054532861276939709 0.088585204755512237 -0.069014185375293136 0.10104132278005246 -0.087590270144785695 -0.099980290140867789 0.011762068056235378 -0.087607864809795599 0.12858965742493061 0.053783620015192095 0.11251882452537575 0.10495040464083441 -0.084579028864059658 -0.096714838017800786 -0.10276871738386478 0.00058194381586189174 -0.088022853229380804 0.028063038658971202 0.084569124973118137 -0.042048031787721055 0.00045622882557419861
leaf_weight=4.3164551947265881 3.3172457669861606 5.8952979929745188 6.973166578449308 8.7318360144272429 1.9297548402100799 3.1402955017983913 11.024869155138729 5.44250289723277 6.9092742372304192 12.244745908305047 7.186711434274911 7.2687196875922373 4.2479253951460114 3.8275472237728527 9.1278155641630274 12.476906508207323 9.0584742103237641 2.9271789230406275 4.4314963258802873 5.3444557506591073 3.9926840085536233 3.7231448437087229 6.8312559071928263 1.6665056762285528 14.368844786658885 10.848673349712042 42.680611365474761 10.948151808232067 31.747037976980209 535.54072138154879
leaf_count=44 1105 44 400 111 26 49 85 37 60 217 64 156 39 105 221 78 329 45 30 74 43 114 230 83 88 478 510 153 1050 10857
internal_value=-0.000229378 -0.000648977 -0.0329799 3.04421e-05 0.0151553 -0.0183004 -0.000646511 -2.0104e-05 -0.00102295 0.000209421 -0.000698508 0.000218155 -0.000673882 3.10609e-05 -0.0634667 -0.000581554 -0.000103466 -0.00120834 -3.96968e-05 0.0419781 -0.000604383 0.000291529 -0.0459119 0.0109999 -0.000351489 0.000133846 -0.00136555 0.0369016 0.000175708 -0.00192243
internal_weight=798.17 794.853 16.3597 778.493 9.38651 7.45675 772.598 763.866 752.841 738.271 731.362 719.117 711.93 704.662 14.5703 700.414 696.586 678.765 669.706 17.8214 666.779 653.85 12.9293 6.098 649.857 646.134 620.817 25.317 609.968 567.288
internal_count=16925 15820 519 15301 119 93 15257 15146 15061 14803 14743 14526 14462 14306 258 14267 14162 14010 13681 152 13636 13293 343 113 13250 13136 12895 241 12417 11907
is_linear=0
shrinkage=0.1


Tree=57
num_leaves=31
num_cat=0
split_feature=4 1 4 3 1 3 4 0 4 0 4 5 2 5 3 4 3 0 4 0 0 4 3 5 5 4 0 2 3 1
split_gain=3.04436 1.71628 1.56228 1.55999 2.59516 1.77568 8.60108 3.81263 4.38442 3.87084 3.27557 2.86812 3.12265 3.35932 3.02403 4.88776 2.9532 2.91995 2.82924 2.66543 3.01417 2.6937 2.50585 2.49777 2.29106 5.67941 7.84702 6.22864 4.44059 4.05456
threshold=0.55634721549401445 0.79581729130294088 9.4293551277246793e-05 1.5969055171940298 0.75973956939755383 1.0783527443836116 0.088204550941678825 0.4380482456140351 0.16679002115450606 0.61620294599018022 0.18627570294827284 0.62949486298476898 0.84347477783550684 0.76077764502207657 1.1624976166854266 0.28201653906854579 1.1134441523702872 0.71307506053268777 0.26082305513570808 0.51887464387464399 0.5300120048019209 0.12016803095409261 1.0833655692824302 0.46617462238311269 0.50898418998735073 0.13876063626218502 0.5727513227513229 0.37117385143591136 1.0700421029030791 0.51004998353333231
decision_type=2 2 2 2 2 2 2 2 2 2 2 2 2 2 2 2 2 2 2 2 2 2 2 2 2 2 2 2 2 2
left_child=1 2 -1 5 -5 24 -7 -8 19 -10 -11 14 13 -13 17 23 -15 -12 -19 21 -21 -9 -22 -16 -4 27 -27 -26 29 -28
right_child=-2 -3 3 4 -6 6 7 8 9 10 11 12 -14 16 15 -17 -18 18 -20 20 22 -23 -24 -25 25 26 28 -29 -30 -31
leaf_value=-0.10094206725314561 0.10028202630793602 -0.10032090007056911 0.0022923977881285184 -0.049537350219694937 0.13877632771242177 -0.06902079712417504 0.1196060912122162 -0.077932413961329189 0.10808266651588208 -0.11463697115706513 0.16015648854256162 -0.033589112673002609 0.13182776805883487 -0.083615994865602353 -0.15664355056741694 0.06116797581453115 0.1071716280144264 -0.055650202635579217 0.078543272439907635 -0.33902445121003283 0.12802503646377794 0.087030967141406887 -0.080833491293885562 0.0020096557837401292 0.055857507216461523 0.098997951745850465 -0.063039248205252862 -0.068257498008495537 -0.094050005640427536 0.00027793165844505529
leaf_weight=1.5420564655214537 3.0024131985846898 1.7223296624142665 499.98540330864489 10.740930336993184 0.78531901049427766 10.6983582212124 4.2039706008508793 1.5835830643773059 6.0834919824264935 1.6589843598194409 3.5145999463275102 14.772078786976641 1.6799944469239552 1.0486046886071552 1.9877965487539753 7.084753911010921 3.5853625393938273 1.8966056439094234 9.1545580411329848 0.410385894589126 0.64099086401984084 2.6401707231998444 5.5335186920128763 1.9815187077037988 4.7662507928907898 7.2107410477474323 10.918931093998252 26.660123279318213 5.7383718311320981 137.09978873888031
leaf_count=266 1105 715 7978 327 41 576 357 31 335 63 53 225 43 31 17 201 51 25 104 12 18 37 252 33 75 76 95 1625 84 2074
internal_value=-0.000222593 -0.000605859 -0.000387248 -0.000189483 -0.036707 0.000355357 0.0144456 0.027301 0.0213546 0.0329033 0.023447 0.0283517 0.00103661 -0.0102861 0.0508331 0.0113955 0.0639989 0.0807626 0.0555129 -0.0368221 -0.0765937 0.0251824 -0.0591514 -0.0774424 -0.00127592 -0.0105491 -0.0029575 -0.0494337 -0.0077389 -0.0043928
internal_weight=790.332 787.33 785.607 784.065 11.5262 772.539 80.1593 69.461 65.257 54.4483 48.3649 46.7059 21.086 19.406 25.6198 11.0541 4.63397 14.5658 11.0512 10.8086 6.5849 4.22375 6.17451 3.96932 692.38 192.394 160.968 31.4264 153.757 148.019
internal_count=16925 15820 15105 14839 368 14471 2464 1888 1531 1181 846 783 350 307 433 251 82 182 129 350 282 68 270 50 12007 4029 2329 1700 2253 2169
is_linear=0
shrinkage=0.1


Tree=58
num_leaves=31
num_cat=0
split_feature=4 5 3 4 4 0 0 1 5 0 2 1 4 1 0 3 4 3 4 2 4 0 2 5 3 4 0 1 1 4
split_gain=2.75185 1.69547 2.0857 2.52806 1.6865 7.69362 5.45525 3.42206 2.42018 2.42186 2.43875 2.5249 2.10462 1.96583 1.89916 1.74131 2.2138 1.91503 6.79441 3.56074 2.99902 3.72851 3.17783 5.11326 4.47269 3.1472 5.01004 2.78889 3.55665 5.56393
threshold=0.55634721549401445 0.81313351918947785 1.2643571023220275 0.43560706353394768 0.37965464628872075 0.90098039215686299 0.86240703177822864 0.65118634282193566 0.56654159602672649 0.932768361581921 0.6503479999627565 0.62076329803401908 0.47045312638461473 0.58255525938480324 0.97646733111849404 1.3887948390382003 0.30657388081594666 1.0649373095207524 0.088204550941678825 0.45910216042126634 0.18131128566606905 0.60922587486744451 0.62531855935611402 0.7560906689869733 1.1061129023861822 0.26082305513570808 0.79830508474576278 0.70308902514774829 0.68466223879312471 0.26484540856017186
decision_type=2 2 2 2 2 2 2 2 2 2 2 2 2 2 2 2 2 2 2 2 2 2 2 2 2 2 2 2 2 2
left_child=1 4 3 -3 5 15 -6 8 13 10 11 -10 -11 -8 -14 17 -17 27 -19 -20 21 -21 24 25 -22 -24 -27 28 -1 -30
right_child=-2 2 -4 -5 6 -7 7 -9 9 12 -12 -13 14 -15 -16 16 -18 18 19 20 22 -23 23 -25 -26 26 -28 -29 29 -31
leaf_value=-0.0014760580061910127 0.10025512415393126 -0.049839832932875916 -0.15984284700121093 0.084852266420789704 0.08588311117460469 -0.093843000580813449 -0.040611538499393036 0.02664288052931283 -0.018139483540413195 -0.12599871753215469 -0.069036723799959884 0.09821439746934095 0.029699824848786235 0.050184365496185872 -0.088914699232083477 -0.066263307954282757 0.05195896244296544 -0.049826475336249482 0.091232139737627532 0.0123243574039586 0.13658995471451571 -0.11412793358421014 -0.07825829227766834 0.18165770019986291 0.025689673424518136 0.12714165285710352 -0.032226325811519289 -0.087482122724061195 -0.10280382154476574 0.19126406509184599
leaf_weight=608.8507076454116 2.7173877055756739 7.219036046182735 1.2902376450365398 1.7268141731619833 9.3018502308987063 8.9175809631124121 3.5646399771794659 33.446948982775211 5.1140430998057145 4.4093961007893068 4.2929813694208852 2.935572162270546 2.5557675212621689 7.2032387806102633 2.8608081787824631 7.7965121680172143 1.9877883568406103 12.31422655074857 8.6933773332275432 8.6674054306931776 6.0564874848350909 3.1899206014350048 4.8816409951541564 1.4824649293441314 9.1021117242053133 2.9860454499721509 5.8121196054853499 3.7456946222810066 0.90780339925549869 2.2091506747528911
leaf_count=10382 1105 762 135 9 405 683 38 218 41 27 33 16 23 52 18 409 31 636 534 129 77 235 89 23 187 37 53 408 105 25
internal_value=-0.000202965 -0.00055137 -0.0409831 -0.0238403 -1.61701e-05 -0.00155441 0.014162 0.00411222 -0.0187677 -0.0376598 -0.00816879 0.024293 -0.0747041 0.0201269 -0.0329474 -0.000359391 -0.0422452 0.000244267 0.0168235 0.0329571 0.020946 -0.0216945 0.0376211 0.00525118 0.0699989 -0.0138658 0.0218622 -0.00145713 -0.000930594 0.105618
internal_weight=786.24 783.522 10.2361 8.94585 773.286 697.601 75.6852 66.3834 32.9364 22.1686 12.3426 8.04962 9.82597 10.7679 5.41658 688.683 9.7843 678.899 63.1858 50.8716 42.1782 11.8573 30.3209 15.1623 15.1586 13.6798 8.79817 615.713 611.968 3.11695
internal_count=16925 15820 906 771 14914 14043 871 466 248 158 90 57 68 90 41 13360 440 12920 2000 1364 830 364 466 202 264 179 90 10920 10512 130
is_linear=0
shrinkage=0.1


Tree=59
num_leaves=31
num_cat=0
split_feature=4 0 4 0 5 5 4 1 3 0 1 4 4 2 1 1 4 0 1 0 1 4 0 4 0 1 0 4 5 1
split_gain=2.48783 1.64338 2.9934 3.22156 2.89082 4.58646 4.3457 2.0608 1.86476 1.8966 3.5878 4.08759 1.94917 1.86216 2.11703 2.70518 4.99198 3.72986 3.03467 2.90803 2.89138 4.86982 2.85862 4.8543 4.38844 3.73759 3.6969 5.43493 3.49892 2.96084
threshold=0.55634721549401445 0.9826073805202663 0.47045312638461473 0.96329966329966332 0.72593948986050305 0.73339182158310712 0.45892511203429337 0.76434107288367759 1.5787585926183347 0.8738636363636364 0.68466223879312471 0.31163206922151376 0.24986333713899725 0.86075932403307054 0.70308902514774829 0.65118634282193566 0.20085286428457097 0.92637759710930456 0.64252005905241416 0.73557158712541637 0.6283161060382908 0.21206823955895851 0.84680573663624525 0.28724007158121173 0.76533166458072599 0.5944571775494325 0.66954022988505757 0.23270222572161683 0.32082225816330573 0.4964851854057078
decision_type=2 2 2 2 2 2 2 2 2 2 2 2 2 2 2 2 2 2 2 2 2 2 2 2 2 2 2 2 2 2
left_child=1 2 7 -4 -3 -6 -7 8 13 10 12 -12 -10 14 15 17 -17 18 20 -18 22 -22 23 26 -25 -26 27 -1 -28 -30
right_child=-2 4 3 -5 5 6 -8 -9 9 -11 11 -13 -14 -15 -16 16 19 -19 -20 -21 21 -23 -24 24 25 -27 28 -29 29 -31
leaf_value=0.0002414530833330221 0.10023078431892674 -0.063073432661972725 0.090276989718800035 -0.0090819481532291441 0.2599403877342365 -0.11097104216873144 0.063470300357168358 -0.10055617822009831 -0.13036480230385297 -0.11882706744814964 -0.10052742102193368 0.47868184948550963 0.0037883456287361237 0.13468728609678909 -0.038010160556162645 -0.10115640853986568 0.16561672222671867 -0.072799236870403725 -0.068570875739188936 0.031770745073055662 -0.10512976189366133 0.072052220066542605 -0.040431186076312915 0.10718413036884562 -0.0082967729066812258 0.078926999706128834 -0.18387349858270313 0.08912729117670054 0.070690149581696435 -0.028272896973418102
leaf_weight=554.5424953433685 2.4593607704155138 10.707818770897576 7.5322610205039364 5.7577301487326622 0.71633356658276071 2.419416990596801 3.485472060739994 2.0588857356924555 1.6234712847508479 2.588312076870352 0.20742127671837796 0.29531045630574226 3.2535538533702493 1.0273232613690186 14.397884621168485 2.7634902327554292 1.7144158575683821 7.0940859843976787 6.3774091007653615 30.529863867908716 1.8010842298390333 11.181658740155397 17.186583135277033 7.3471095548011389 16.01675060577691 7.0862472439184776 1.3723820410668839 6.9654635195620349 3.2245568297803393 48.417541176779196
leaf_count=10141 1105 130 237 35 12 219 18 847 119 91 47 2 48 49 755 442 13 61 146 406 155 108 138 432 145 58 14 208 28 716
internal_value=-0.000188185 -0.000504934 0.000187237 0.0472309 -0.0309559 0.0209845 -0.00800375 -0.000647407 -0.000372044 -0.0484899 -0.0146493 0.239707 -0.0408688 0.000146742 -4.05383e-05 0.000714943 0.0278323 -0.000663652 8.72231e-05 0.0388873 0.000735769 0.0474719 -0.000180571 0.000891987 0.0398653 0.0184569 -0.00103917 0.00134408 -0.0262816 -0.0220936
internal_weight=782.152 779.692 762.363 13.29 17.329 6.62122 5.90489 749.073 747.014 7.96807 5.37976 0.502732 4.87703 739.046 738.019 723.621 35.0078 688.613 681.519 32.2443 675.142 12.9827 662.159 644.973 30.4501 23.103 614.522 561.508 53.0145 51.6421
internal_count=16925 15820 15441 272 379 249 237 15169 14322 307 216 49 167 14015 13966 13211 861 12350 12289 419 12143 263 11880 11742 635 203 11107 10349 758 744
is_linear=0
shrinkage=0.1


Tree=60
num_leaves=31
num_cat=0
split_feature=4 4 0 4 2 0 4 0 4 2 4 0 0 0 4 0 4 0 4 2 1 5 0 4 0 4 1 0 4 2
split_gain=2.24925 1.46411 1.42484 2.38641 3.4258 1.76135 5.5002 4.00806 2.58525 2.8244 2.38885 5.67537 3.69604 1.75701 7.1465 3.989 5.2642 3.82477 3.32534 2.98316 5.01991 3.87565 2.24954 5.89248 3.71694 4.54423 2.62675 2.33437 3.98087 4.09225
threshold=0.55634721549401445 9.4293551277246793e-05 0.019419306184012056 0.00021516091327995 0.13403281475599929 0.031754032258064509 0.00066302715838925013 0.038838612368024113 0.00045421448330245007 0.016081733349366554 0.0010484628207390503 0.047065337763012159 0.042109929078014162 0.059411764705882351 0.0018292314266789003 0.067989214175654802 0.0024307306665599503 0.077677224736048267 0.0029266321857703502 0.057075399593878307 0.029003977664170753 0.031741186130937953 0.087977296181630513 0.003945187833653151 0.10084745762711866 0.0048505778491067008 0.074892482628737767 0.10582306830907051 0.0064629201535956011 0.036444140663764509
decision_type=2 2 2 2 2 2 2 2 2 2 2 2 2 2 2 2 2 2 2 2 2 2 2 2 2 2 2 2 2 2
left_child=1 -1 -3 4 -4 8 -7 -8 9 -5 12 -12 -9 19 -15 -16 -17 -18 -19 20 -13 -21 26 -24 -25 -26 -20 -27 29 -29
right_child=-2 2 3 5 -6 6 7 10 -10 -11 11 13 -14 14 15 16 17 18 22 21 -22 -23 23 24 25 27 -28 28 -30 -31
leaf_value=-0.10082119345533194 0.10020878555952249 0.057039886936428287 -0.11337465460449558 0.060898715150307828 0.11102142908142609 -0.067693616527186001 0.094790779268854139 0.023079939621689836 0.11058483959366583 -0.030256375859831548 0.13945617127814403 0.068829583325573554 -0.096381230246385632 -0.097726576096584139 0.084920900993673332 -0.097032774665516006 0.068547148630589194 -0.10949023141231445 0.12533436586921609 0.1782980006524742 -0.098630609607172334 0.023960561412055562 -0.10803611046682736 0.07300461330327776 -0.10999548138574503 0.080416877505077727 0.0077293499007007899 0.10384595329652756 0.00033380830785355737 -0.10208396277306633
leaf_weight=1.4509038988035161 2.2257854018826029 4.3135456070303908 3.7440488995052865 6.3875976428389567 0.83143097301945079 12.123822527937589 4.4537519402801982 4.3978757858276349 3.3365004435181609 7.2652052566409111 2.9203693587332955 3.7746933307498676 6.2998921032994986 7.5460546272806814 5.5026732906699172 5.6102227473165831 8.0981016363948566 2.792278701439499 3.0607244335114938 2.587697334587574 3.4046983290463686 4.38280189037323 5.0822811804246149 6.9112124703824511 3.783343808958306 3.5825496930629006 5.0044665187597275 1.1306169601157297 639.65828225563746 6.5873422205913812
leaf_count=321 1105 41 91 33 11 235 38 21 36 45 31 30 145 219 45 160 65 95 30 19 23 39 196 81 150 26 38 13 13282 261
internal_value=-0.00017314 -0.000461054 -0.000273063 -0.000594022 -0.0725986 -0.000163747 -0.000886238 0.000213398 0.0316755 0.0123914 -0.000361952 0.000333643 -0.0472705 -0.000231825 -0.000932725 0.000115506 -0.000559535 0.000229795 -0.000586685 0.0346574 -0.0105854 0.0812561 -0.000136049 -0.000771073 5.285e-05 -0.000717201 0.0523602 -8.20809e-05 -0.000527558 -0.0719169
internal_weight=778.251 776.025 774.574 770.261 4.57548 765.685 748.696 736.572 16.9893 13.6528 732.118 721.42 10.6978 718.5 704.35 696.804 691.301 685.691 677.593 14.1499 7.17939 6.9705 674.801 666.736 661.653 654.742 8.06519 650.959 647.376 7.71796
internal_count=16925 15820 15499 15458 102 15356 15242 15007 114 78 14969 14803 166 14772 14661 14442 14397 14237 14172 111 53 58 14077 14009 13813 13732 68 13582 13556 274
is_linear=0
shrinkage=0.1


Tree=61
num_leaves=31
num_cat=0
split_feature=4 0 4 0 5 5 5 4 1 5 5 3 0 4 4 1 2 3 3 1 0 4 3 3 4 3 4 0 0 4
split_gain=2.0344 1.3719 2.83973 4.77939 3.26526 2.34752 3.40332 3.78142 2.34046 4.25347 3.18574 2.52637 2.04239 6.17796 6.06939 3.75858 3.66571 3.05185 3.16588 3.40603 4.24137 5.03239 2.56262 3.63932 5.1313 3.65111 2.63296 3.54922 2.48882 2.45671
threshold=0.55634721549401445 0.9826073805202663 0.3959652983456865 0.93813775510204089 0.54723024023560152 0.72593948986050305 0.73339182158310712 0.45892511203429337 0.6283161060382908 0.74283813870849369 0.58099061774162331 1.0076111299370327 0.77871939736346529 0.28724007158121173 0.26484540856017186 0.5944571775494325 0.59288141933545757 1.0880730321935899 1.0610796799325719 0.61644360284162947 0.82404540763673906 0.35948622876441211 1.1624976166854266 1.0711045489912554 0.18627570294827284 1.0750792230598634 0.088204550941678825 0.4380482456140351 0.84680573663624525 0.31163206922151376
decision_type=2 2 2 2 2 2 2 2 2 2 2 2 2 2 2 2 2 2 2 2 2 2 2 2 2 2 2 2 2 2
left_child=1 2 3 12 -4 -3 -7 -8 -6 10 -10 -11 13 22 -14 28 -17 18 19 -18 -21 -22 23 -1 25 -25 -24 -28 -16 -19
right_child=-2 5 4 -5 8 6 7 -9 9 11 -12 -13 14 -15 15 16 17 29 -20 20 21 -23 26 24 -26 -27 27 -29 -30 -31
leaf_value=-0.00098289953189731999 0.10018887759898379 -0.057451058430662484 0.076801807261385746 -0.10506359422052509 -0.018407604584325773 0.21609289511344076 -0.10995373660752419 0.057535322323389315 -0.040755455377870654 0.026237262614453968 0.069474428244387973 -0.1004821581718278 -0.093172060943025534 0.073134914258186384 -0.023487194389969379 0.089501300064112943 -0.11226166123826081 -0.062528572678166097 -0.1163497204780559 0.086113064941768167 -0.083638975731100254 0.035255342347515338 -0.11605493315133211 0.12060632731948114 0.092188260689763782 -0.013100979607941977 0.16188292530273202 -0.031172331973489953 -0.11266615033444982 0.072053986913774001
leaf_weight=570.00550634216052 2.0143537316471329 10.592625598073939 9.198713827878235 4.4258502445882177 16.487181650940329 0.77194536570459504 2.2083591349655762 3.4598741382360458 3.1052174530923429 2.9310487341135731 16.843936185818166 3.3963469313457608 9.1302150418050569 11.638244379311798 14.488557420670988 5.2708589043468228 2.6287234965711894 1.643476462457327 2.9079799961764357 5.224520510062578 6.5608381703495962 7.7834379654377699 3.3884321270743412 2.3401962062344017 10.263154176995156 16.042223354917951 1.0150778950192059 15.395843461272305 3.9916211115196338 7.7639984055422246
leaf_count=10256 1105 130 300 481 208 12 219 18 20 19 107 27 1309 355 97 39 21 73 46 47 205 52 341 68 236 622 46 365 33 68
internal_value=-0.000176323 -0.000438575 0.000195522 -0.00147439 0.0227527 -0.0285037 0.0191081 -0.00771887 0.0111265 0.0296576 0.0523164 -0.0417817 -0.00081707 0.000952683 -0.017363 -0.00548343 0.0118272 -3.53277e-05 -0.0182383 -0.00538526 0.0089717 -0.019125 -0.00040567 0.000764983 0.0355453 0.00392079 -0.0358014 -0.0192311 -0.0427494 0.0485425
internal_weight=772.918 770.904 753.871 701.909 51.9624 17.0328 6.44018 5.66823 42.7637 26.2765 19.9492 6.3274 697.483 630.089 67.3942 58.264 39.7838 34.513 25.1055 22.1975 19.5688 14.3443 618.45 598.651 28.6456 18.3824 19.7994 16.4109 18.4802 9.40747
internal_count=16925 15820 15441 14760 681 379 249 237 381 173 127 46 14279 12289 1990 681 551 512 371 325 304 257 11934 11182 926 690 752 411 130 141
is_linear=0
shrinkage=0.1


Tree=62
num_leaves=31
num_cat=0
split_feature=4 0 2 5 0 4 1 1 4 1 1 3 5 3 3 4 3 2 1 0 1 1 3 5 3 4 4 0 0 5
split_gain=1.87509 4.79183 3.22726 3.24021 2.69586 2.9031 3.36155 2.38226 1.8457 2.56144 2.84782 1.77399 1.74126 1.64428 1.61328 3.87717 1.77359 1.84982 1.5791 1.53078 1.4868 1.47762 3.15906 2.41323 2.48899 4.70419 2.19052 1.80709 3.32443 3.25723
threshold=0.47045312638461473 0.96329966329966332 0.65675987799684543 0.46386281539405844 0.93513323983169727 0.40517945213048873 0.6745442667818311 0.64252005905241416 0.42363912256324709 0.6400494903033096 0.56180001899868393 1.0610796799325719 0.62658735918057884 2.0330271289142847 1.8400574384046358 0.31163206922151376 1.5787585926183347 0.64747399499851011 0.6988702100993972 0.97259759759759767 0.6745442667818311 0.70308902514774829 1.1085208197876983 0.79410190465706165 1.0211323784923676 0.27767986504660014 0.32308826765304338 0.9175170068027213 0.89619252873563238 0.61742600305907447
decision_type=2 2 2 2 2 2 2 2 2 2 2 2 2 2 2 2 2 2 2 2 2 2 2 2 2 2 2 2 2 2
left_child=4 18 3 -3 8 -6 -7 -4 13 10 -10 -12 -5 14 16 -16 21 -18 -2 -8 -9 27 23 -23 -25 -26 -24 28 -1 -29
right_child=1 2 7 12 5 6 19 20 9 -11 11 -13 -14 -15 15 -17 17 -19 -20 -21 -22 22 26 24 25 -27 -28 29 -30 -31
leaf_value=0.00055240779090112561 0.099702497731975162 0.14744800884030645 0.12933317226444555 -0.11701215917209301 -0.083382265595892957 -0.058431294828477268 0.0662318574600506 -0.042854195100292279 0.12057922273515694 0.1256110044244233 0.026330700964066447 -0.090137851812440439 -0.0067248461950710856 -0.11329558385001082 -0.10881362443967942 0.21135083449941372 0.066459310214086478 -0.11556010517216829 -0.083294535240741568 -0.012337751994184472 0.047070559641914596 -0.1121574275405552 -0.10093340577424813 -0.066804026509644843 -0.10053831852437196 0.35848913865182724 0.11814769471373215 0.16117181748040399 -0.071210652287756956 0.00069815283375426534
leaf_weight=680.72674330719747 7.8299257559701818 0.70531664509326475 2.0420006645144877 4.1060227854177356 7.8824640585226033 8.1023079454898852 5.1450740098953229 3.2879987417254597 1.7887979620136301 2.7217857576906681 2.9472123142331839 2.3509822310879827 2.1978578795678914 1.2906110798940051 0.58477143093477835 1.0709522962570188 0.71980607067234759 2.4889310682192445 0.5017592015210538 4.7867338452488184 4.1710892773699015 4.8746601894381438 0.61635723942890797 1.5638254623627292 0.42214157810667519 0.47387927793897688 1.7585155768319962 1.9520037476904679 6.517092458670958 3.5931120831519365
leaf_count=12785 1152 67 74 54 816 50 29 21 106 18 27 28 29 87 72 9 10 168 6 39 27 577 170 207 142 9 12 17 72 45
internal_value=-0.000170266 0.0268562 -0.00434323 -0.0558177 -0.00107221 -0.032758 -0.0106309 0.0336308 7.07649e-05 0.0431519 0.0114832 -0.0253502 -0.0785603 -0.00052554 -0.000319787 0.0982746 -0.000551108 -0.0747283 0.0886819 0.0283645 0.00743133 -0.000212296 -0.0389527 -0.0714104 0.00933771 0.142228 0.061289 0.000330647 -0.000128117 0.0571884
internal_weight=769.221 24.842 16.5103 7.0092 744.379 25.9166 18.0341 9.50109 718.462 9.80878 7.08699 5.29819 6.30388 708.653 707.363 1.65572 705.707 3.20874 8.33168 9.93181 7.45909 702.498 9.70938 7.33451 2.45985 0.896021 2.37487 692.789 687.244 5.54512
internal_count=16925 1430 272 150 15495 934 118 122 14561 179 161 55 83 14382 14295 81 14214 178 1158 68 48 14036 1117 935 358 151 182 12919 12857 62
is_linear=0
shrinkage=0.1


Tree=63
num_leaves=31
num_cat=0
split_feature=4 4 0 0 1 2 4 0 4 0 4 0 5 4 0 1 1 4 0 0 3 4 1 2 4 0 0 4 0 4
split_gain=1.68183 1.32906 4.25326 3.68892 3.1243 2.94394 2.06814 3.96275 3.27684 3.81845 3.55553 3.19163 2.92561 2.29196 4.41603 2.8683 2.89386 2.66837 8.29532 7.30676 3.4942 4.87415 2.90871 3.9697 3.74681 7.78254 6.58747 6.25798 2.93109 4.67518
threshold=0.55634721549401445 0.00028949809642300008 0.021980676328502403 0.025978407557354904 0.057800141647798002 0.0085218197574775511 0.00045421448330245007 0.036038961038961002 0.00077896218238600009 0.047065337763012159 0.0011655330713767503 0.051503094606542808 1.0000000180025095e-35 0.0016417795720781502 0.063164893617021267 0.010842409437749003 0.06211730062439811 0.010459976214370751 0.13976744186046514 0.14946808510638296 1.0111252082521587 0.0086678218422785516 0.098385801170741666 0.15021620658515342 0.018125189704214503 0.18697033898305088 0.22318007662835249 0.023887289051648053 0.19326542161856253 0.019508720656014753
decision_type=2 2 2 2 2 2 2 2 2 2 2 2 2 2 2 2 2 2 2 2 2 2 2 2 2 2 2 2 2 2
left_child=1 2 4 -3 5 -1 -5 12 -9 -10 -11 -12 -8 -13 -15 -16 -17 18 20 -19 21 -18 -21 28 25 -25 -26 -28 -24 -30
right_child=-2 3 -4 6 -6 -7 7 8 9 10 11 13 -14 14 15 16 17 19 -20 22 -22 -23 23 24 26 -27 27 -29 29 -31
leaf_value=0.035381698440359259 0.10015890564754484 0.081875700182165306 -0.095138386269688915 -0.050325585474057327 0.1236224585980214 -0.094643997348730566 0.16562968743499282 -0.059187311420434291 0.068467244915074041 -0.07712148452783546 0.11761092077075178 -0.048957759093102939 0.026705532195315358 0.081385233488344352 -0.099923637589470815 0.044785639708924387 -0.0037712982133145342 0.099225784639089307 -0.086263314944589817 -0.091571220667355652 -0.11287155700000261 0.12087643675726066 0.079114383478352854 0.0054266150083013024 0.05922670295386534 -0.10577674565491535 -0.09016837339074249 -8.1798792788850347e-05 -0.11578135364396165 0.038109833453502245
leaf_weight=4.2711420282721502 1.6676735138753418 5.4919869713485232 6.002045278728473 8.2002091724425537 2.0003149937838316 2.9398166872560978 2.3973978739231816 9.3979542278684658 8.1118782050907594 6.0101026906631878 2.3045446779578915 9.5355290505103749 4.1225218400359154 6.6692108735442153 2.8825902021490029 14.153489650227128 47.504494081251323 7.5116866473108521 14.673809463041833 3.4503247961401931 2.6714576240628949 3.3589308559894553 10.799230818636717 16.157325554639105 18.53898407984525 10.308737373678012 7.8282230390468603 515.18660317000467 2.452782914042472 10.115567103959618
leaf_count=44 1105 44 400 111 26 49 15 161 69 149 19 172 35 64 34 201 615 163 852 38 41 33 120 110 240 641 409 10779 59 127
internal_value=-0.000155388 -0.000374056 -0.0296357 0.000219629 0.0130458 -0.0176281 -0.000382854 0.000173479 -0.000520088 0.000245438 -0.000531695 0.00012021 0.0777884 -0.000264505 0.000404284 -0.000381178 3.78892e-05 -0.000906603 -0.0196526 0.00121616 -0.00139478 0.00446022 -2.15217e-05 0.000512606 -0.00114915 -0.037888 0.000646294 -0.00143017 0.0409067 0.00807712
internal_weight=766.717 765.049 15.2133 749.836 9.21127 7.21096 744.344 736.143 729.623 720.226 712.114 706.104 6.51992 703.799 694.263 687.594 684.712 670.558 68.2087 602.349 53.5349 50.8634 594.838 591.387 568.02 26.4661 541.554 523.015 23.3676 12.5684
internal_count=16925 15820 519 15301 119 93 15257 15146 15096 14935 14866 14717 50 14698 14526 14462 14428 14227 1541 12686 689 648 12523 12485 12179 751 11428 11188 306 186
is_linear=0
shrinkage=0.1


Tree=64
num_leaves=31
num_cat=0
split_feature=4 4 2 4 0 0 4 0 5 4 2 5 0 4 4 3 3 1 1 2 2 5 0 1 3 5 4 0 4 1
split_gain=1.52129 1.24154 1.22935 7.45771 6.82715 5.64988 5.20724 4.9076 4.40092 4.13165 3.72426 3.85189 3.34347 8.39398 5.43098 4.93846 4.68964 3.79544 4.09608 3.24425 4.17524 8.63076 3.22663 4.60015 5.02669 3.20712 2.98702 4.47424 2.68067 2.62927
threshold=0.55634721549401445 9.4293551277246793e-05 0.24010651657923449 0.034664915508300205 0.24780701754385961 0.27842377260981915 0.029317645315857253 0.24780701754385961 0.3840297514779597 0.043926592227309054 0.30861794729656372 0.3128077280214035 0.40967365967365971 0.078272812330739863 0.079461065371367864 1.0168258350916761 1.099695565524911 0.29894265183651653 0.31485648463884319 0.30575509039224802 0.42228938032271129 0.38927674341668667 0.29217479674796754 0.26968720177858302 1.0073756857885137 0.47200431162509426 0.021423790379294705 0.22318007662835249 0.06810780673013081 0.26968720177858302
decision_type=2 2 2 2 2 2 2 2 2 2 2 2 2 2 2 2 2 2 2 2 2 2 2 2 2 2 2 2 2 2
left_child=1 -1 6 4 8 -5 7 -3 26 10 11 29 14 -14 15 17 -17 -11 -19 -20 25 -22 23 24 -8 -21 -4 -28 -23 -7
right_child=-2 2 3 5 -6 9 22 -9 -10 12 -12 -13 13 -15 -16 16 -18 18 19 20 21 28 -24 -25 -26 -27 27 -29 -30 -31
leaf_value=-0.10075097199109317 0.10014376442997169 0.0024038880370601053 -0.052314243656901571 0.077791682700990225 -0.085011095219575505 -0.14216427858561925 -0.00097300919138489312 -0.10484739376915429 0.12279257731041647 -0.064370519196928974 -0.10857203864211909 0.11309930655957899 -0.077797417121883428 7.3143301009203241e-05 0.085979865433148589 0.099043038949976347 -0.045163652359843556 0.084917973945318248 0.067486261735209357 -0.068077128818596261 0.15486226136581779 0.0080104531150389912 -0.001077226022529308 0.23299741589961359 0.1049195708245686 0.055258403406972037 0.09928569122083418 -0.040425272659360321 -0.16039538974363521 0.022867785918322468
leaf_weight=1.2297967540216621 1.5091899556573469 209.9786978312768 12.473502762150025 9.3261198173277062 20.228315057698637 1.8865180229768141 8.5823705941438764 4.3549133921042076 2.3824857100844374 9.1135428529232723 6.6690180933801457 2.0054279686883092 14.387220827396957 365.75495080125984 10.887622914742677 9.4299512961879355 2.963917034212499 5.789850987493991 4.8410992855206159 14.261795548722153 3.4817836321890345 2.2795467972755437 10.04355056141503 1.5668634101748455 9.384721184615044 2.47407142817974 4.1796818394213897 5.0760516040027142 1.6147794239223001 1.9771265443414447
leaf_count=321 1105 3062 335 143 1452 18 57 220 41 76 411 36 1180 7016 344 112 62 46 43 143 33 35 163 14 314 28 34 35 10 36
internal_value=-0.000156499 -0.000356033 -0.00019302 -0.00296972 -0.0421705 0.000735247 0.00565251 0.000224715 -0.00622969 -0.000827626 -0.0574441 0.000652496 0.000759438 -0.00287402 0.0213325 0.00881953 0.0645569 -0.00693189 0.00813504 -0.00721952 -0.0222186 0.0404622 0.0449851 0.0686684 0.0543377 -0.0498444 -0.0203762 0.0226651 -0.0618189 -0.0577131
internal_weight=760.134 758.625 757.395 513.484 44.34 469.144 243.911 214.334 24.1117 459.818 12.5381 5.86907 447.28 380.142 67.138 56.2503 12.3939 43.8565 34.7429 28.9531 24.112 7.37611 29.5775 19.534 17.9671 16.7359 21.7292 9.25573 3.89433 3.86364
internal_count=16925 15820 15499 11669 1897 9772 3830 3282 445 9629 501 90 9128 8196 932 588 174 414 338 292 249 78 548 385 371 171 404 69 45 54
is_linear=0
shrinkage=0.1


Tree=65
num_leaves=31
num_cat=0
split_feature=4 0 1 2 3 0 1 4 3 0 4 0 4 0 0 1 3 5 0 5 0 5 1 1 4 0 3 1 4 3
split_gain=1.45415 4.28701 2.3442 5.60626 2.50236 2.25679 2.72442 3.33049 2.0336 2.32521 2.19349 1.86109 1.71127 5.54806 4.29982 2.90121 4.36836 2.23661 2.23159 3.58822 4.25785 3.19795 2.49999 1.97059 1.70488 2.73045 1.67672 1.55834 1.52447 2.44285
threshold=0.47045312638461473 0.95789007092198597 0.67203580675806818 0.76346982086095083 1.089699612351954 0.93513323983169727 0.59939892064339328 0.3959652983456865 1.1400605493898344 0.99152542372881369 0.44469732939043199 0.95789007092198597 0.33585558887362515 0.81725417439703174 0.83034857691077724 0.5944571775494325 1.040019690371262 0.47776403648526317 0.9175170068027213 0.73850755680917068 0.86240703177822864 0.61742600305907447 0.6283161060382908 0.56180001899868393 0.41343069647389769 0.88303693570451447 1.0254121260455429 0.6988702100993972 0.31163206922151376 1.0649373095207524
decision_type=2 2 2 2 2 2 2 2 2 2 2 2 2 2 2 2 2 2 2 2 2 2 2 2 2 2 2 2 2 2
left_child=5 27 3 4 -3 12 -7 -8 9 10 11 -9 14 -14 -1 16 -15 -17 19 20 -19 -20 -22 -18 25 -24 -21 -2 -16 -30
right_child=1 2 -4 -5 -6 6 7 8 -10 -11 -12 -13 13 15 28 17 23 18 21 26 22 -23 24 -25 -26 -27 -28 -29 29 -31
leaf_value=-0.00023267620822215509 0.10805475639113787 -0.030164101721910804 0.045573663922314954 -0.27766667177873633 0.11160411263231983 -0.13958754357990427 -0.087202434498358419 -0.085921496213886187 0.07150267748322528 -0.088903352877668762 0.061753130674534175 0.020958240263612635 0.09676968210719393 0.013078407894899847 -0.089731552140692922 0.11628219280142248 -0.029137906869981096 0.039936438160462169 0.15064182790868594 0.012913162848660785 -0.11697109476378893 0.013611591423455069 0.017525477042573703 -0.15292148520617199 0.04080693827153134 -0.11102711986795549 0.11128866899638418 -0.070524775720432906 -0.084137021943052309 0.051231545029402137
leaf_weight=634.58787637203932 5.9653484130976748 8.503279344760811 6.5107049376238129 0.8451305335620426 1.4586395247606567 2.0926156751811531 5.6511778780841295 3.1025348864495772 3.3230418534949413 3.3026763387024394 4.3660621792078018 3.4307962227612734 7.5043654844630501 7.5138908140361291 7.1396204374614154 2.207885759882628 2.1050130371004343 7.4816219825297656 2.6005541253834954 3.4646877478808156 4.3045087009668341 4.9350457917898893 3.0351390819996578 3.3058136887848377 2.7774127647280693 3.6262720664963126 3.4655212825164199 0.53225086163729418 2.774436523206532 2.566083095036447
leaf_count=12750 1116 73 38 18 179 12 792 20 26 35 20 29 362 47 994 18 21 52 19 25 27 40 22 26 16 30 25 6 57 30
internal_value=-0.000156349 0.0241607 -0.00182769 -0.0303846 -0.00940618 -0.000948942 -0.0303126 -0.020446 0.00108042 -0.0153972 0.00687626 -0.0297966 0.000102931 0.0165081 -0.00137585 0.00465697 -0.0362558 0.0186096 0.0125674 -0.000368849 -0.0207679 0.0609011 -0.0538143 -0.104765 -0.0250121 -0.0524547 0.0621068 0.0934264 -0.059504 -0.0190934
internal_weight=754.48 23.8154 17.3178 10.807 9.96192 730.665 25.2689 23.1763 17.5251 14.2021 10.8994 6.53333 705.396 58.3277 647.068 50.8234 12.9247 37.8986 35.6908 28.1552 21.225 7.5356 13.7433 5.41083 9.43882 6.66141 6.93021 6.4976 12.4801 5.34052
internal_count=16925 1430 308 270 252 15495 934 922 130 104 69 49 14561 730 13831 368 94 274 256 197 147 59 95 47 68 52 50 1122 1081 87
is_linear=0
shrinkage=0.1


Tree=66
num_leaves=31
num_cat=0
split_feature=4 4 3 0 5 4 0 4 0 4 1 0 4 0 0 5 4 3 0 4 0 4 4 0 4 2 0 4 0 4
split_gain=1.25332 1.14699 2.92976 2.72497 2.45762 3.09484 2.39243 2.28238 1.89543 3.8983 3.62933 3.22882 2.02569 4.67461 3.22375 1.91221 1.7572 1.65222 1.42313 4.71613 2.57053 5.37662 3.44415 3.12287 2.96982 1.87284 1.81639 5.22639 2.96285 4.00384
threshold=0.55634721549401445 0.00021516091327995 1.0000338291605451 0.021980676328502403 0.11558332832114931 0.00014751373249445005 0.019419306184012056 0.00028949809642300008 0.031754032258064509 0.00066302715838925013 0.010842409437749003 0.038838612368024113 0.0010484628207390503 0.047065337763012159 0.042109929078014162 0.01384013657137635 0.00045421448330245007 1.0000715908821134 0.056079664570230552 0.0016417795720781502 0.067989214175654802 0.0024307306665599503 0.0020208865019779006 0.077677224736048267 0.0029266321857703502 0.057075399593878307 0.087977296181630513 0.003945187833653151 0.10084745762711866 0.0048505778491067008
decision_type=2 2 2 2 2 2 2 2 2 2 2 2 2 2 2 2 2 2 2 2 2 2 2 2 2 2 2 2 2 2
left_child=1 2 4 -3 6 -6 -1 -5 10 15 -9 -11 14 -14 -13 16 -10 -12 25 -20 22 -22 -21 -23 -25 -15 -26 -28 -29 -30
right_child=-2 3 -4 7 5 -7 -8 8 9 11 17 12 13 18 -16 -17 -18 -19 19 20 21 23 -24 24 26 -27 27 28 29 -31
leaf_value=0.038486599036294367 0.10012150098332365 0.078992823599733336 -0.11889035208491411 -0.085428763773650815 -0.1018896227580284 0.20357554316076221 -0.11489135937218936 0.11354336474444532 -0.1059045355615048 0.087888171061608872 -0.058506521746103518 0.020223705705218441 0.1341136993538313 -0.0057680022174823337 -0.094550336863980414 -0.097068750107089014 0.03308277736779585 0.04423260994342116 -0.082650144091633709 -0.0021025733441941068 -0.095472024465016403 0.062857501209945044 0.12296397265358575 -0.10866685317193446 0.047466342025366051 0.085265620741157275 -0.10742534957063775 0.065964806549339033 -0.10928804446953407 7.3017682646615527e-05
leaf_weight=2.0961504084989411 1.2446846300736059 4.3536413982510558 2.8782321129692718 3.1400647014379492 0.47534086002269726 1.097419610247016 1.9753670890349893 4.246220048516987 1.3166517298668603 4.1824793200939885 3.0753497183322906 4.3075993508100492 2.60498272627592 4.5626207143068296 5.6664270963519812 6.1444460190832615 2.9426384186372161 3.1878326274454594 6.9368803575634947 4.9467875733971578 5.9067289368249467 7.899671407416462 3.9682562705129385 2.5235623812768599 7.9718888681381932 4.4779321625828743 4.5443421076051882 6.7772952280938616 3.3655463305767617 632.76879937434569
leaf_count=33 1105 30 264 53 90 9 57 28 31 38 16 21 31 35 145 139 35 28 191 25 198 65 50 95 68 36 196 81 150 13582
internal_value=-0.000141629 -0.000307948 -0.0367846 0.000111121 0.00508419 0.111254 -0.0359274 -0.000354559 9.22871e-06 -0.000602959 0.0421725 0.000283274 -0.000233351 0.000404927 -0.0449815 -0.0613743 -0.00988163 -0.00621439 -9.50496e-05 -0.000613302 0.000222752 -0.00048519 0.0535669 0.000357433 -0.000392972 0.0393224 2.39098e-05 -0.000560231 0.000195131 -0.00050557
internal_weight=751.586 750.341 8.52251 741.819 5.64428 1.57276 4.07152 737.465 734.325 723.816 10.5094 713.412 709.229 699.255 9.97403 10.4037 4.25929 6.26318 696.65 687.61 680.673 671.758 8.91504 665.851 657.951 9.04055 655.428 647.456 642.912 636.134
internal_count=16925 15820 453 15367 189 99 90 15337 15284 15212 72 15007 14969 14803 166 205 66 44 14772 14701 14510 14435 75 14237 14172 71 14077 14009 13813 13732
is_linear=0
shrinkage=0.1


Tree=67
num_leaves=31
num_cat=0
split_feature=4 0 0 0 4 4 1 2 0 1 3 3 4 0 4 0 0 1 5 5 3 3 3 3 5 2 1 1 3 0
split_gain=1.17976 5.06512 4.09517 1.97507 4.82935 4.78139 3.69134 3.32457 3.324 2.98883 2.03516 3.22421 2.45235 3.11047 2.29877 3.41522 2.02093 1.96568 2.03163 2.06603 2.04466 3.63899 2.18309 3.3109 3.60186 1.82976 1.818 3.03412 2.34127 1.78365
threshold=0.38808925848620079 0.86240703177822864 0.93813775510204089 0.77871939736346529 0.28724007158121173 0.26484540856017186 0.5944571775494325 0.59288141933545757 0.84680573663624525 0.74596300570499696 1.1624976166854266 1.1464055991666593 0.088204550941678825 0.68927203065134113 0.20931813207009028 0.58411949685534603 0.66054582210242596 0.75973956939755383 0.44509379156182355 0.38927674341668667 1.7564339052711289 1.1109163928113424 1.2728978440105563 1.3654505878942931 0.70357343491699631 0.69777375368042638 0.62300330434776641 0.572189453626886 1.0799384910756398 0.82404540763673906
decision_type=2 2 2 2 2 2 2 2 2 2 2 2 2 2 2 2 2 2 2 2 2 2 2 2 2 2 2 2 2 2
left_child=2 -2 3 4 10 -5 8 -8 -7 29 11 -1 -12 14 15 -14 -16 18 19 25 21 26 -23 24 -24 -3 27 -20 -28 -9
right_child=1 17 -4 5 -6 6 7 9 -10 -11 12 -13 13 -15 16 -17 -18 -19 20 -21 -22 22 23 -25 -26 -27 28 -29 -30 -31
leaf_value=0.00023480647133523457 0.095491651279216036 0.10948846988338981 -0.10249231678483606 -0.091190216748238323 0.067787883324510551 -0.023825474810217084 0.090084791294996747 0.031634771140123273 -0.13552824293546051 0.14946958392816165 -0.11601468733243508 0.10961728514513172 0.012030659060291363 -0.097067534069117695 0.13109949386094988 -0.13955858304385133 -0.016820488734031112 0.1226334154802326 0.040994108900405238 0.19408699435040216 -0.086854876204673179 0.10409457984127191 0.037324132592993955 0.12790785048907022 -0.24051552775175283 -0.15397505953654989 0.013107074647905885 -0.060465663317481801 -0.077716494081324403 -0.022903972605781895
leaf_weight=579.51151703880168 6.6090172455878919 0.62602846091613107 3.986017061979509 7.7939680435811161 10.597429501358418 14.024303132668139 4.6548399385064831 8.4263009643182212 3.288703564554452 1.2710053374757979 2.964848228555641 2.7073946226155376 6.6648119192104804 3.7360803560586637 2.2866939641535278 1.9127516655717043 1.5494944043457506 1.3570515103638161 3.8784466187935349 1.0800687414011916 2.7374755371129131 5.0496111345710215 1.0611953477491627 1.1918650058796627 0.8327338549424893 0.45533388672629371 30.602436359855346 12.278703702730125 3.128419936518184 20.795568060362712
leaf_count=11100 995 193 745 1309 334 90 35 79 30 43 341 82 116 109 88 84 14 18 46 73 66 74 44 106 7 7 207 86 28 376
internal_value=-0.000144851 0.0121284 -0.00143155 -0.00083227 0.000868679 -0.0181067 -0.00724881 0.0113683 -0.045044 -0.000648033 -0.000310652 0.000743449 -0.0324178 -0.0170708 0.00700532 -0.0217729 0.0713524 0.00355725 0.000989123 0.0962604 -0.00239994 0.00158455 0.0635996 -0.00266652 -0.084838 -0.00144925 -0.00852846 -0.0361107 0.0046835 -0.0071774
internal_weight=747.06 70.8884 676.172 672.186 611.931 60.2547 52.4607 35.1477 17.313 30.4929 601.334 582.219 19.1147 16.1498 12.4138 8.57756 3.83619 64.2794 62.9223 2.16143 60.7609 58.0234 8.13541 3.08579 1.89393 1.08136 49.888 16.1572 33.7309 29.2219
internal_count=16925 1950 14975 14230 12268 1962 653 533 120 498 11934 11182 752 411 302 200 102 955 937 273 664 598 231 157 51 200 367 132 235 455
is_linear=0
shrinkage=0.1


Tree=68
num_leaves=31
num_cat=0
split_feature=4 0 2 1 0 1 4 5 0 3 0 1 2 4 1 1 4 0 0 2 3 3 1 5 5 0 4 4 0 4
split_gain=1.11364 3.6578 2.59445 2.13081 1.80282 2.02217 2.5386 1.50952 1.44591 1.39563 1.4822 2.69463 3.46114 1.48099 2.78147 1.35326 1.25399 4.46645 3.99338 3.60463 2.06583 3.68023 2.10931 2.30429 1.91297 1.18608 9.75333 6.48269 3.4663 7.2656
threshold=0.47045312638461473 0.96329966329966332 0.65675987799684543 0.64252005905241416 0.9826073805202663 0.71076752831379042 0.43560706353394768 0.92262882362568888 0.99152542372881369 1.5787585926183347 0.8738636363636364 0.70308902514774829 0.99562232609031887 0.24986333713899725 0.54349904135502569 0.6988702100993972 0.37356519585105402 0.91091269841269851 0.8426212590299279 0.57903584910635586 1.0031266266374554 1.127097564101003 0.62076329803401908 0.65835504855097182 0.70357343491699631 0.63299319727891168 0.18367291235894118 0.16968799885097666 0.53390804597701158 0.13485410516262439
decision_type=2 2 2 2 2 2 2 2 2 2 2 2 2 2 2 2 2 2 2 2 2 2 2 2 2 2 2 2 2 2
left_child=4 15 8 -4 7 -6 -7 9 -3 16 11 13 -13 -11 -15 -2 17 25 -18 -20 -21 22 -22 -24 -23 27 -27 28 -1 -30
right_child=1 2 3 -5 5 6 -8 -9 -10 10 -12 12 -14 14 -16 -17 18 -19 19 20 21 24 23 -25 -26 26 -28 -29 29 -31
leaf_value=0.0018118011430440476 0.097184992306592222 -0.099897797031408581 0.12859625935572969 0.0069776622221673079 -0.11529397644919132 -0.10316935416046505 0.090986161657104228 -0.12872992911873865 -0.0083472862910215773 -0.12717974710687857 -0.1138010150279099 0.65183178806199005 0.037562828914399646 0.13908487173965142 -0.067202333773448406 -0.068157695624354059 0.10802490942878484 -0.10325009162884105 -0.064041799789816028 0.041380838609922727 -0.099796487869199021 0.11385063221190693 0.042538648743697061 -0.051913624298811946 -0.001080626010133309 -0.094192720232886232 -0.00021306090101681354 0.049515851988247553 -0.096729534716718163 -0.0024363042245124193
leaf_weight=449.78394579596352 6.1398025804664966 3.179451972362588 1.7926214172621238 7.3361510132672265 2.9020289080217472 1.2128307718667204 1.5142054930329321 0.91512538495589879 3.7714336599456146 1.2912317757727567 2.1556171871488914 0.13158947206102301 0.30280849256087095 0.97820553928613696 1.9698805150110272 0.53841655910946418 4.2685686699114731 4.2390978292096397 6.1923405714333049 19.277031645644456 3.4926450364291695 3.2094196723774067 4.6391651043668372 5.8274834584444761 2.639044632203877 12.120931825251317 124.16812169121113 27.110947839450091 11.320371971465645 29.379066662397236
leaf_count=8290 1152 63 74 48 51 266 9 208 87 127 139 15 65 7 46 6 262 552 36 112 21 27 30 44 19 1735 1589 658 919 268
internal_value=-0.000134295 0.0216458 -0.00419088 0.03086 -0.000821728 -0.0571927 0.00463682 -0.000378185 -0.050224 -0.000213793 -0.0452033 -0.0135646 0.22364 -0.0378706 0.0012459 0.0838546 0.000220377 -0.000934622 0.0155624 0.00684536 0.0180763 -0.00460391 -0.0325042 -0.0100493 0.0619894 -0.000271316 -0.00857119 0.00191414 -0.00071699 -0.0286636
internal_weight=743.8 22.7579 16.0797 9.12877 721.042 5.62907 2.72704 715.413 6.95089 714.498 6.82933 4.67372 0.434398 4.23932 2.94809 6.67822 707.668 658.122 49.5457 45.2771 39.0848 19.8078 13.9593 10.4666 5.84846 653.883 136.289 517.594 490.483 40.6994
internal_count=16925 1430 272 122 15495 326 275 15169 150 14961 399 260 80 180 53 1158 14562 14011 551 289 253 141 95 74 46 13459 3324 10135 9477 1187
is_linear=0
shrinkage=0.1


Tree=69
num_leaves=31
num_cat=0
split_feature=4 0 0 4 1 2 2 4 0 4 4 5 1 0 4 5 4 0 3 3 2 1 2 2 1 3 3 4 0 4
split_gain=1.13009 12.7532 9.88369 5.96488 4.27421 3.36325 3.23796 2.80085 2.62515 12.1333 5.33056 4.43673 5.89078 5.27012 4.47265 5.01598 4.38553 5.5084 3.7656 3.85578 3.40855 4.64616 2.85395 2.74407 2.6925 2.5398 2.68435 6.90699 3.70025 5.78325
threshold=0.03977591363889136 0.2869249394673124 0.31311274509803927 0.04972608306639726 0.33929825415882325 0.35821184911321918 0.29311737963556417 0.037108704165590763 0.45534290271132377 0.10035237690594802 0.089483517963107759 0.30638202480747961 0.40530796124921314 0.33615819209039549 0.080895854675898118 0.28321349739877605 0.064152885267845766 0.38935969868173265 1.0480715876649989 1.0108117324703765 0.34198509725558074 0.29894265183651653 0.34513183374411011 0.51426365251373296 0.27264458527098956 1.0254121260455429 1.0018709116917033 0.003945187833653151 0.16035714285714289 0.012777661752663002
decision_type=2 2 2 2 2 2 2 2 2 2 2 2 2 2 2 2 2 2 2 2 2 2 2 2 2 2 2 2 2 2
left_child=1 4 5 -4 6 -2 7 25 10 -10 11 12 14 -13 15 20 22 -18 19 -19 21 24 -15 -12 -5 26 -1 -28 -29 -30
right_child=2 -3 3 8 -6 -7 -8 -9 9 -11 23 13 -14 16 -16 -17 17 18 -20 -21 -22 -23 -24 -25 -26 -27 27 28 29 -31
leaf_value=-0.0041321387897547369 0.077784624243535522 -0.095957251057446735 -0.079182431299954295 0.023810835890738857 0.13254751186831212 -0.04510221613138643 -0.046522530649531532 0.099340486887330992 -0.090819675628509372 0.0012489304129401036 0.0505473177503903 0.088967668123146548 0.19352629546738609 -0.13994930760358668 0.13956245383617644 0.10331988408499311 0.05216600827659354 -0.054715279845060028 -0.15683244665361237 0.049623157304559518 -0.081756494763735796 0.083580113563367933 -0.037578439348411583 0.1778623729915603 -0.11456162127704426 -0.053895514749226894 -0.065649201214712793 0.06696087928850207 -0.10922384931836415 0.027119846568605999
leaf_weight=175.51696959603578 21.683559014461938 14.654951727687147 9.4359558565192838 2.695304187946034 2.4061280817259094 2.4820858293678603 14.959546305239199 2.8850226588547221 14.981566855567506 321.16102688200772 17.477438632864509 4.3656090553849927 2.1926693571731439 4.6304021850228292 2.848625522106885 4.2033105324953786 10.393358290195467 11.160297846421605 2.3558920300565651 5.1883648075163356 5.6789312618784598 5.0667864680290222 6.6120369201526046 1.8744884431362141 2.9402661863714457 8.3727001876104605 8.1195338396355492 20.269998064264655 3.4833258306607595 29.106204888783395
leaf_count=2483 489 1729 517 22 49 29 296 39 1496 7115 496 37 19 61 23 42 78 107 33 50 62 47 169 15 21 194 246 411 193 357
internal_value=-0.000136678 -0.00514715 0.00291451 -0.000541493 -0.00012746 0.0651628 -0.0013426 0.0013854 0.00120112 -0.00285448 0.0164019 0.00361351 0.0367876 -0.0154022 0.0221214 0.00586917 -0.026697 -0.00620237 -0.0386353 -0.0216027 -0.0191359 0.0140921 -0.0797417 0.0628795 -0.0483827 0.0002313 0.00214756 0.0202225 0.0334129 0.0125468
internal_weight=739.202 279.774 459.428 435.262 265.119 24.1656 262.713 247.754 425.826 336.143 89.6838 70.3319 25.6259 44.706 23.4332 20.5846 40.3404 29.0979 18.7046 16.3487 16.3813 10.7024 11.2424 19.3519 5.63557 244.869 236.496 60.9791 52.8595 32.5895
internal_count=16925 5997 10928 10410 4268 518 4219 3923 9893 8611 1282 771 236 535 217 194 498 268 190 157 152 90 230 511 43 3884 3690 1207 961 550
is_linear=0
shrinkage=0.1


Tree=70
num_leaves=31
num_cat=0
split_feature=4 4 0 4 2 1 0 4 4 5 3 5 0 4 3 3 4 5 0 4 4 2 4 0 0 4 4 0 4 0
split_gain=0.992146 0.96091 0.935349 1.73129 2.60941 1.21499 1.20695 4.89134 3.14454 1.98891 2.88208 2.57452 1.41262 5.47334 3.38427 4.81677 3.43999 3.38125 2.24056 4.43548 2.76024 1.85474 5.36296 7.38862 5.42966 4.9372 4.53844 5.79096 5.42465 7.44228
threshold=9.4293551277246793e-05 0.55634721549401445 0.019419306184012056 0.00021516091327995 0.13403281475599929 1.0000000180025095e-35 0.036038961038961002 0.00066302715838925013 0.00055375499051170016 0.019891738566882752 1.0000163150411741 0.11558332832114931 0.056079664570230552 0.0016417795720781502 1.0003129563271911 1.0014498808424011 0.0014856019044231002 0.056238310426789111 0.07207792207792206 0.0026785250284840508 0.0020208865019779006 0.16267224635981573 0.018125189704214503 0.18697033898305088 0.22318007662835249 0.025382954044942903 0.031582764329397557 0.21103238866396759 0.013870284570537452 0.16515151515151513
decision_type=2 2 2 2 2 2 2 2 2 2 2 2 2 2 2 2 2 2 2 2 2 2 2 2 2 2 2 2 2 2
left_child=-1 2 5 4 -4 -2 8 -8 9 10 -5 -11 14 -14 17 -16 -17 -9 20 -20 -15 26 23 -23 -24 -26 27 28 29 -21
right_child=1 -3 3 6 -6 -7 7 12 -10 11 -12 -13 13 18 15 16 -18 -19 19 21 -22 22 24 -25 25 -27 -28 -29 -30 -31
leaf_value=-0.10066243132424713 -0.0073556586827511275 0.10009828411745587 -0.11108883174311567 -0.014750770929193403 0.084823150398813163 0.10000677822094323 -0.089687110780502011 0.046357573017189929 0.099051711736230896 -0.071534305216089986 0.10574233667630276 0.035811638866066448 -0.08364107040197942 -0.011642536564201535 0.14648270650919545 -0.13475946601551558 0.10888904160594247 -0.046888640065849564 -0.090772280574642858 0.015087329221001412 0.082816784645406039 -0.01132895253330872 0.056158946311520998 -0.10449183417063662 -0.072754987858599907 0.00039423231301633963 0.1019799116115276 -0.070303834261361539 0.078168286884253341 -0.11750437393518819
leaf_weight=0.98067915620049362 2.0889437943696967 0.95753720513312046 3.0156229976564641 4.3255553152412238 0.87774738576263178 2.127682575955987 6.1332360217347732 7.6831471901386994 4.3640827089548102 5.4558370150625688 3.6687840484082699 3.7836695350706577 7.8841318963095537 5.4539659991860372 4.3551558163017026 1.3569591175764801 1.0113509399816392 7.8743634857237339 5.4139619318302712 53.307194650173187 7.1479387190192938 33.236716560553759 17.202130002900958 11.444053992629049 9.4036890256684256 491.11648455436807 5.4786808614153406 8.4606823460198921 12.104054246097801 4.5984118678607038
leaf_count=321 20 1105 91 31 11 21 192 57 51 41 23 26 280 31 42 12 33 58 236 666 81 468 245 999 513 10642 172 145 173 139
internal_value=-0.000146852 -1.20654e-05 -0.000143312 -0.00041601 -0.0669211 0.0468187 -5.75136e-05 -0.00077522 0.0232259 0.00402466 0.0405463 -0.0275751 9.93747e-06 -0.000811108 0.0247822 0.0840663 -0.0307131 -0.000838575 0.000171845 -0.000635662 0.0419358 0.000119338 -0.00195028 -0.0351907 0.00091845 -0.000980083 0.0139844 0.00784073 0.0172845 0.00455793
internal_weight=732.312 731.332 730.374 726.158 3.89337 4.21663 722.264 700.666 21.5979 17.2338 7.99434 9.23951 694.533 672.252 22.281 6.72347 2.36831 15.5575 664.368 651.766 12.6019 646.352 562.403 44.6808 517.722 500.52 83.949 78.4703 70.0097 57.9056
internal_count=16925 16604 15499 15458 102 41 15356 15184 172 121 54 67 14992 14790 202 87 45 115 14510 14398 112 14162 12867 1467 11400 11155 1295 1123 978 805
is_linear=0
shrinkage=0.1


Tree=71
num_leaves=31
num_cat=0
split_feature=4 0 0 4 2 4 1 2 4 2 1 0 4 0 2 3 1 3 4 2 5 3 1 0 3 4 4 1 0 0
split_gain=0.898905 10.9717 8.76426 3.32755 4.28508 3.01259 2.66033 2.71344 2.52271 2.4349 6.41966 3.13604 2.34555 5.20614 2.91721 2.77719 2.99362 2.84522 6.67314 3.78513 4.02101 3.6165 3.33031 4.33443 3.47985 2.64355 2.59083 3.31591 2.95602 2.66028
threshold=0.047642386516152456 0.29217479674796754 0.31311274509803927 0.03977591363889136 0.30861794729656372 0.041744456881790806 0.34458656525734038 0.29311737963556417 0.04972608306639726 0.29976875313958823 0.27811222515466205 0.32529069767441865 0.029317645315857253 0.24780701754385961 0.2751932274277038 1.0168258350916761 0.11054940508739371 1.0018709116917033 0.003945187833653151 0.19450355849308479 0.26211953298226076 1.0045262549513969 0.25161472989760075 0.22318007662835249 1.0012376406307693 0.0020208865019779006 0.014907607164159902 0.13771986288966662 0.16515151515151513 0.21103238866396759
decision_type=2 2 2 2 2 2 2 2 2 2 2 2 2 2 2 2 2 2 2 2 2 2 2 2 2 2 2 2 2 2
left_child=1 3 -2 6 -5 -3 7 12 -4 -7 -11 -12 13 15 -14 17 -17 19 21 20 26 25 24 -24 -21 -19 28 -28 -1 -29
right_child=2 5 8 4 -6 9 -8 -9 -10 10 11 -13 14 -15 -16 16 -18 18 -20 22 -22 -23 23 -25 -26 -27 27 29 -30 -31
leaf_value=0.0061786412758679226 0.091171949778807992 -0.10271503464605819 -0.10814037476161412 0.11739738468997457 -0.077901098088775322 -0.085612499684178389 0.10953061613109574 -0.041835511074498885 0.00099449432107120961 0.2729874366021473 0.046564809710694322 -0.10271193609762422 0.019586220642553609 -0.10432703864525449 0.13560061336950155 -0.14241137911328297 -0.015606166034828346 -0.093079708183460036 0.042472946495079322 -0.069606257216577316 -0.067240485669156899 -0.13812525373740983 0.1524396342714763 -0.076661143758370728 0.062137044531374121 0.068749489662573229 -0.019891623275293285 0.15688465199428683 -0.076637482292699871 0.025238073343756065
leaf_weight=116.5237741866149 10.921655016019939 12.694330467667898 2.1287266302970229 4.9152191728353491 1.4563474301248787 4.7851970726624113 2.1834070591721675 15.533670542412436 422.94118843931938 0.80358921224251378 2.774540226906538 2.8559764134697616 19.30898044444621 4.8448898284696034 2.4414789099246255 2.6946033262647671 6.0235118954442441 1.7276190567063157 37.255303004290909 18.295590491499759 7.6962620755657545 3.3530113599263132 1.8887867194134735 1.4673618925735352 2.2517088195309034 2.4281638544052839 3.6152408830821496 3.576063821092248 4.47554001584649 2.6894005611538887
leaf_count=1580 400 1773 107 73 12 49 46 325 9893 6 18 265 191 274 20 45 167 56 703 304 126 110 29 28 34 60 29 26 149 27
internal_value=-0.000150854 -0.00445954 0.0027206 0.0013598 0.0727581 -0.0693474 -0.000388042 -0.00131794 0.000447953 -0.0315929 0.00858283 -0.0291531 0.00127686 -0.00180947 0.0326088 0.000490405 -0.0547992 0.00281627 0.0251392 -0.00333384 0.00300525 -0.0608629 -0.0400836 0.0522731 -0.055169 0.00147475 0.00713597 0.0563717 0.00311543 0.100376
internal_weight=726.551 290.56 435.992 266.646 6.37157 23.9136 260.274 258.091 425.07 11.2193 6.43411 5.63052 242.557 220.807 21.7505 215.962 8.71812 207.244 44.7641 162.48 138.576 7.50879 23.9034 3.35615 20.5473 4.15578 130.88 9.88071 120.999 6.26546
internal_count=16925 6525 10400 4414 85 2111 4329 4283 10000 338 289 283 3958 3747 211 3473 212 3261 929 2332 1937 226 395 57 338 116 1811 82 1729 53
is_linear=0
shrinkage=0.1


Tree=72
num_leaves=31
num_cat=0
split_feature=4 0 1 2 5 3 0 4 1 4 5 2 0 4 3 3 4 3 2 5 3 2 0 4 0 5 2 1 3 2
split_gain=0.883705 3.28015 1.98012 4.25064 2.05323 1.6956 1.59861 2.08156 2.17037 1.5123 1.48678 1.39949 1.37762 1.29258 1.27258 1.22367 2.74762 1.25617 1.527 1.07341 1.25805 2.38884 0.996134 3.36075 1.96605 4.65669 2.15494 3.0201 3.60195 8.22423
threshold=0.47045312638461473 0.95789007092198597 0.66557569778952674 0.73703308355515118 0.69287319577929318 1.089699612351954 0.93513323983169727 0.40517945213048873 0.6745442667818311 0.43560706353394768 0.74283813870849369 0.64150634335227918 0.90098039215686299 0.43560706353394768 2.0330271289142847 1.8400574384046358 0.31163206922151376 1.5787585926183347 0.64747399499851011 0.54458393684667417 1.2643571023220275 0.78570142410604427 0.9175170068027213 0.37356519585105402 0.90098039215686299 0.68161879653051172 0.61073545406830287 0.7184254647758509 1.0223033929562433 0.74528112307776062
decision_type=2 2 2 2 2 2 2 2 2 2 2 2 2 2 2 2 2 2 2 2 2 2 2 2 2 2 2 2 2 2
left_child=6 10 3 5 -4 -3 9 19 11 14 -2 -9 -11 -10 15 17 -17 22 -19 -8 -21 -22 24 -24 -1 -26 -27 -28 29 -29
right_child=1 2 4 -5 -6 -7 7 8 13 12 -12 -13 -14 -15 -16 16 -18 18 -20 20 21 -23 23 -25 25 26 27 28 -30 -31
leaf_value=6.2127059848950269e-05 0.10755873603966065 -0.023807308351207 -0.015950370527861316 -0.22272005864165156 0.093875376183358838 0.11067806444719158 0.047176539311044305 -0.0027280872156515688 0.066881766089712816 0.11026757008969618 -0.064852523659706326 -0.088870558898632671 0.012200306593694239 -0.0071922509928367285 -0.11091448850524691 -0.10715383942152368 0.18586024591870084 0.061480321986402131 -0.11094031934241899 -0.1076092757355688 0.30949089433724708 -0.10112427635723148 -0.10359299740191014 0.069209345888750315 -0.11763303652068952 0.19697822643272134 -0.11184116814994455 1.4335836450403057 0.039031971016398687 -0.1008308478858847
leaf_weight=650.94639029144309 4.6407083085505318 8.024992747174112 3.3499102484202004 1.0270855105482031 3.4610095276730135 1.0615165344788682 0.63031620532274502 3.5163009352982071 3.9108788985759002 2.3257381240837267 0.56058492453303177 4.0676750242710114 3.7295078337192535 5.9241462424397469 1.039083877170923 0.4727785819559347 0.99046088196337223 0.68449212505947743 2.0578305649687536 4.8897999265755061 0.21871037781238545 0.40228915784973651 1.3877988411695685 5.9543193094432354 4.2522494490840463 0.74782608449459109 1.0477375076152382 0.065148666035383829 0.51047505918540992 0.075310080894269049
leaf_count=13711 1108 69 22 29 22 166 25 19 36 111 14 31 25 32 87 72 9 10 168 673 1 117 159 29 62 3 25 12 49 29
internal_value=-0.000154152 0.0195222 -0.00182269 -0.0298924 0.0398582 -0.00809628 -0.000776225 -0.0263825 -0.00873361 0.000115833 0.0889766 -0.0489307 0.0498666 0.0222631 -0.000333643 -0.00016194 0.0911862 -0.000362117 -0.0679036 -0.0764428 -0.0905822 0.0434906 -8.35846e-05 0.0365464 -0.000492532 -0.0543911 0.0555294 -0.00674224 0.162424 0.610873
internal_weight=721.973 22.1258 16.9245 10.1136 6.81092 9.08651 699.847 23.5601 17.419 676.287 5.20129 7.58398 6.05525 9.83503 670.232 669.193 1.46324 667.73 2.74232 6.14112 5.5108 0.621 664.987 7.34212 657.645 6.69875 2.4465 1.69867 0.650934 0.140459
internal_count=16925 1430 308 264 44 235 15495 934 118 14561 1122 50 136 68 14425 14338 81 14257 178 816 791 118 14079 188 13891 180 118 115 90 41
is_linear=0
shrinkage=0.1


Tree=73
num_leaves=31
num_cat=0
split_feature=4 0 0 1 2 4 0 4 0 4 0 4 1 2 0 4 0 4 0 4 0 4 4 1 0 0 4 2 0 4
split_gain=0.88352 3.08657 2.74593 2.35268 2.23688 1.64707 2.80085 3.52238 3.02265 1.91102 3.2213 3.65527 2.75241 3.55623 2.48912 3.76569 2.35418 2.5645 3.55724 3.05325 2.13285 3.63614 2.27102 2.06753 4.29827 1.88776 5.09146 2.86101 2.20185 6.09238
threshold=0.00028949809642300008 0.021980676328502403 0.025978407557354904 0.057800141647798002 0.0085218197574775511 0.00045421448330245007 0.038838612368024113 0.00090450457180900009 0.047065337763012159 0.0013345552180012502 0.059411764705882351 0.0018292314266789003 0.029003977664170753 0.062923856532704311 0.067989214175654802 0.0024307306665599503 0.077677224736048267 0.0034078826905999007 0.087977296181630513 0.003945187833653151 0.10084745762711866 0.0048505778491067008 0.004511941652621301 0.10270434845798142 0.084039548022598873 0.11215932914046121 0.007104573111091801 0.042459766954358658 0.14415584415584412 0.0113795917467339
decision_type=2 2 2 2 2 2 2 2 2 2 2 2 2 2 2 2 2 2 2 2 2 2 2 2 2 2 2 2 2 2
left_child=1 3 -2 4 -1 -4 -7 -8 -9 -10 12 -12 -11 -14 -13 -16 -17 23 -19 -20 22 -22 -21 24 -18 -23 27 -27 -28 -30
right_child=2 -3 5 -5 -6 6 7 8 9 10 11 14 13 -15 15 16 17 18 19 20 21 25 -24 -25 -26 26 28 -29 29 -31
leaf_value=0.027703427980515855 0.074382685556381653 -0.08988205580882648 -0.046655753387217828 0.10521887195460498 -0.08999654787782968 0.053184246504651825 -0.062667866876053108 0.088209818652644545 -0.050425199397669408 0.13536732808944391 -0.091268644352063194 0.07191869211589709 -0.083752173990861059 0.087600603377793712 -0.091411194994573064 0.055936406855793513 0.098134091738812712 0.092492607880540034 -0.10913258172438528 0.0024659441528123525 -0.10869454506586169 0.045689703214114107 0.12100496541715321 -0.12027355435573849 -0.10574986747717932 0.068131344840088565 0.032448621180511512 -0.10626248041252161 -0.079191412526106161 0.0007331736716343015
leaf_weight=4.1351971128024143 4.9719267301261416 4.8019288576324461 7.54856376023963 1.9975069630891082 2.6490953965112567 9.8756257370114309 8.9809902564156783 3.895163230597972 7.4723876239731899 3.1890093581750971 4.3921370576135805 4.812260838225483 2.0719240549951792 2.9154599662870169 4.5015698602655894 7.5352853499352923 1.8980452716350544 4.1662776600569478 2.5633106786990529 3.5002194270491591 3.0832744055660433 8.9787599835544807 3.0026886584237218 3.1506321296328679 2.2714682845398784 1.0973692135885347 20.86926939804107 6.5896846790565178 9.701441723329479 563.77646458349773
leaf_count=44 44 400 111 26 49 85 198 39 168 26 143 45 14 31 160 65 9 45 105 19 150 73 62 123 77 20 209 353 490 13542
internal_value=-0.000156953 -0.0254188 0.000328537 0.00983 -0.0182554 -0.000196073 0.000309053 -0.000453899 0.000373336 -0.000136146 0.00042973 -0.000347904 0.0628095 0.016415 0.000265047 -0.000268157 0.000370735 -0.000289005 0.000397663 -0.000218056 0.000231803 -0.000371465 0.0572008 -0.0591357 -0.0129378 0.000175152 -0.000503654 -0.0813668 0.000542199 -0.000618899
internal_weight=720.395 13.5837 706.811 8.7818 6.78429 701.839 694.291 684.415 675.434 671.539 664.067 655.89 8.17639 4.98738 651.498 646.686 642.184 634.649 627.329 623.162 620.599 614.096 6.50291 7.32015 4.16951 611.013 602.034 7.68705 594.347 573.478
internal_count=16925 519 16406 119 93 16362 16251 16166 15968 15929 15761 15690 71 45 15547 15502 15342 15277 15068 15023 14918 14837 81 209 86 14687 14614 373 14241 14032
is_linear=0
shrinkage=0.1


Tree=74
num_leaves=31
num_cat=0
split_feature=4 3 0 1 4 2 4 0 4 1 3 0 4 5 3 0 4 4 5 0 4 1 1 0 4 0 0 4 0 3
split_gain=0.825324 2.50015 2.0414 1.92994 2.1406 2.08406 1.6424 1.23304 3.08558 3.03378 1.19619 1.10685 3.14227 1.73793 2.65752 1.59369 2.67019 2.09011 2.24685 1.46877 3.2068 2.13653 2.58379 4.83637 2.40802 5.3683 4.50799 3.65698 4.34473 2.83009
threshold=0.00021516091327995 1.0000338291605451 0.021980676328502403 0.06211730062439811 0.00014751373249445005 0.0085218197574775511 0.00028949809642300008 0.031754032258064509 0.00045421448330245007 0.010842409437749003 1.0000715908821134 0.038838612368024113 0.00077896218238600009 0.086401799972196255 1.0000515830402554 0.051503094606542808 0.0013345552180012502 0.0011655330713767503 0.056238310426789111 0.059411764705882351 0.0018292314266789003 0.010842409437749003 0.074892482628737767 0.11814556331006977 0.0067914387658644512 0.11215932914046121 0.12613636363636363 0.0086678218422785516 0.13976744186046514 1.0059296610940061
decision_type=2 2 2 2 2 2 2 2 2 2 2 2 2 2 2 2 2 2 2 2 2 2 2 2 2 2 2 2 2 2
left_child=1 3 -2 5 -5 -1 -4 9 -9 -8 -11 13 -13 14 -10 17 -17 18 -14 -18 -21 -22 23 -23 25 29 -26 -28 -29 -24
right_child=2 -3 6 4 -6 -7 7 8 11 10 -12 12 15 -15 -16 16 19 -19 -20 20 21 22 24 -25 26 -27 27 28 -30 -31
leaf_value=0.030696979562708133 0.070780383025376356 -0.11840691745245327 -0.077925380647377362 -0.10180644139512103 0.17169612720442043 -0.12007243716096912 0.10248054705789394 -0.10494351282487167 0.15062078466800702 -0.055379571248461892 0.034023993194638079 -0.076693725099623342 0.062355665669585406 -0.030484379457223744 0.0087116021258842984 -0.070993843540407484 0.046469090664832818 0.10624409534201201 -0.052369193021134547 -0.088646498109342789 -0.089553681819941 0.062112225520234959 0.0039178870567282481 -0.05285654793264432 0.071248465094126356 -0.10371818263887694 -0.065763442457110272 0.10594466114906442 5.5507767386509273e-05 -0.12338387041419159
leaf_weight=2.178163967095315 4.0733449757099143 2.3601418111356907 2.7093583699315777 0.38510809157742154 1.1137789273634553 1.5832213303074238 3.9940176885575038 2.8128273244947186 2.3039437234401694 2.9515373930335045 3.0358390063047409 5.3597484237980089 3.635086275637148 2.5777764916419983 3.0888565750792623 5.3181939318310461 6.7754153795540324 3.2113917581737041 3.2186127342283726 4.0857765141408882 2.6399181471206239 15.793559569865467 23.533675253391269 4.7622810937464228 8.9710582457482797 7.1298564786557099 8.3806204971624521 3.901358791626989 571.24824793892913 1.8863312988542009
leaf_count=35 30 264 53 94 10 50 28 86 15 16 28 142 22 22 28 186 56 45 25 143 34 220 271 86 134 605 247 56 13867 27
internal_value=-0.000160777 -0.0328946 0.000191846 0.0054725 0.101425 -0.032764 -0.000216971 8.35359e-05 -0.0004208 0.0349796 -0.0100484 6.64268e-06 -0.000427711 0.0370549 0.0693389 0.000178326 -0.000419948 0.0396721 0.00847894 0.000149497 -0.000331599 0.000225033 0.000592143 0.0354768 -0.000555097 -0.0270366 0.000899699 -0.000181827 0.000773776 -0.00552874
internal_weight=715.019 7.62041 707.399 5.26027 1.49889 3.76139 703.325 700.616 690.635 9.98139 5.98738 687.822 679.851 7.97058 5.3928 674.491 664.426 10.0651 6.8537 659.108 652.333 648.247 645.607 20.5558 625.051 32.5499 592.501 583.53 575.15 25.42
internal_count=16925 453 16472 189 104 85 16442 16389 16317 72 44 16231 16166 65 43 16024 15932 92 47 15746 15690 15547 15513 306 15207 903 14304 14170 13923 298
is_linear=0
shrinkage=0.1


Tree=75
num_leaves=31
num_cat=0
split_feature=5 4 0 2 4 5 1 1 2 4 1 0 3 3 5 0 4 0 4 5 3 3 2 0 4 0 1 3 4 2
split_gain=0.818225 5.64666 6.69509 5.1919 3.61782 2.79651 2.646 5.7858 4.69867 3.8155 3.21654 8.72445 5.42682 3.61536 3.16114 2.84489 2.72433 2.45695 5.11355 2.39865 3.30094 4.81682 3.21246 2.49202 2.27692 2.23817 2.82189 2.93019 2.27497 2.16855
threshold=0.50898418998735073 0.13876063626218502 0.5727513227513229 0.37117385143591136 0.15771918553052583 0.5337847190887961 0.51004998353333231 0.52703340615459815 0.46819247025437588 0.22921351689625488 0.55387523880179879 0.61257406188281782 1.008751561487176 1.0290885585440597 0.57809670937509561 0.73557158712541637 0.17729381403800906 0.80178571428571443 0.31163206922151376 0.49591840936622739 1.0197495010107107 1.0426326953889971 0.43580471220583461 0.40651483050847464 0.32308826765304338 0.53390804597701158 0.41070929389452066 1.0126002939251477 0.06673700144682522 0.60390717372038227
decision_type=2 2 2 2 2 2 2 2 2 2 2 2 2 2 2 2 2 2 2 2 2 2 2 2 2 2 2 2 2 2
left_child=19 3 -3 5 -4 -2 9 -8 -9 14 12 -12 -10 -14 -6 -11 -13 29 -19 -1 22 -22 23 -21 -17 26 27 -5 -28 -18
right_child=1 2 4 25 6 -7 7 8 10 15 11 16 13 -15 -16 24 17 18 -20 20 21 -23 -24 -25 -26 -27 28 -29 -30 -31
leaf_value=0.00091602818204753909 -0.056332387709040012 0.087834402849510246 -0.10351115679931167 -0.17649139768143393 -0.026653523050468825 0.10591325973696186 0.12665888007693465 0.18165864415833005 -0.10507353116989469 0.070550784588845381 0.2015973700246777 -0.10417040693243702 0.15233480937673272 -0.01945776327792335 -0.15656667021585877 -0.14778028406340205 -0.0074470987521683008 -0.076845953951717408 -0.00012897822872212734 0.073317184772603058 -0.15858203376856614 0.048232843021079282 0.110677764764974 -0.117798647318758 0.10270126995037031 -0.10282681479331419 -0.11309672851157276 0.0018497636060475096 6.9719974161814503e-05 0.035447404596587073
leaf_weight=469.46676590293646 1.6031456948258007 8.5199266429408436 3.5004277278203508 2.6315524191595676 3.79238956235349 3.1493254536762834 3.6676098024472585 1.4071331337327126 7.6784695647074832 3.625034307828173 2.1729623898863784 2.4800103710149406 1.4977876442717368 6.7266693606507033 3.7007200513035059 1.3706908114254472 18.829147854994517 9.6682425804319774 85.729485209216364 1.4470418985001727 1.7438909015618254 3.1791529032052495 7.1136953009408899 1.29094892879948 0.49359396827640001 8.9968120124831312 2.12376013532048 1.4175546505721284 10.860817523440344 31.508636851795018
leaf_count=10061 30 134 349 37 32 51 77 11 55 100 13 289 18 125 25 7 201 982 1004 22 26 127 118 27 98 1997 249 39 186 435
internal_value=-0.000158194 -0.00510989 0.00113258 -0.0449315 -0.0027998 0.0511831 -0.000887485 0.00241006 -0.000307293 -0.0444146 -0.00184706 0.00267556 -0.044616 0.011828 -0.0908154 0.0189241 -0.000240794 0.0015278 -0.00790399 0.00216459 0.0418376 -0.0250272 0.075251 -0.016793 -0.081462 -0.0624794 -0.0411689 -0.114056 -0.0184398 0.0194025
internal_weight=711.393 227.152 196.369 30.783 187.849 4.75247 184.349 171.366 167.699 12.9824 166.291 150.388 15.9029 8.22446 7.49311 5.48932 148.216 145.736 95.3977 484.241 14.7747 4.92304 9.85169 2.73799 1.86428 26.0305 17.0337 4.04911 12.9846 50.3378
internal_count=16925 6544 3955 2589 3821 81 3472 3210 3133 262 3122 2924 198 143 57 205 2911 2622 1986 10381 320 153 167 49 105 2508 511 76 435 636
is_linear=0
shrinkage=0.1


Tree=76
num_leaves=31
num_cat=0
split_feature=4 0 0 2 3 2 0 4 4 5 4 5 2 0 0 2 2 1 0 5 4 2 4 5 0 4 5 1 0 4
split_gain=0.792923 10.3338 8.02964 3.12993 3.25508 3.18098 2.33606 8.90974 3.74503 3.50098 4.36881 2.87206 2.78076 2.74199 2.72109 2.40808 2.36514 2.46101 2.3289 3.34313 3.15438 4.07444 4.08686 3.40479 3.05726 4.08901 5.39029 4.52474 2.72685 3.89535
threshold=0.063131172160172208 0.36188554658840799 0.35450268817204306 0.43869339728533735 1.0093296188352328 0.39443469540566528 0.45534290271132377 0.10035237690594802 0.089483517963107759 0.30080241070625841 0.077051155284390757 0.39254014701024736 0.33520688056464459 0.39339826839826841 0.41742424242424242 0.35821184911321918 0.51426365251373296 0.46359598436130645 0.47871376811594207 0.33941905094287877 0.11474087230355255 0.3916233684471998 0.11836602138727077 0.35675304455301426 0.50423728813559332 0.13876063626218502 0.42877336355828971 0.45491634632318029 0.53390804597701158 0.17496918020576627
decision_type=2 2 2 2 2 2 2 2 2 2 2 2 2 2 2 2 2 2 2 2 2 2 2 2 2 2 2 2 2 2
left_child=1 3 -2 5 -5 -1 8 -8 9 10 12 14 -4 -13 15 -11 17 -10 -9 -20 -21 22 -22 -23 -25 26 27 -26 -24 -30
right_child=2 -3 6 4 -6 -7 7 18 16 11 -12 13 -14 -15 -16 -17 -18 -19 19 20 21 23 28 24 25 -27 -28 -29 29 -31
leaf_value=0.00048884725970430043 0.10859338889589927 -0.088071328181929934 0.059790130133748176 -0.030805652928140748 0.22294031752427679 -0.080040455937925636 -0.087476541249442943 0.052443015351999592 0.057766813438220259 -0.082689894902616967 0.11854058897482296 0.058524640980978926 -0.0712230952288323 -0.021938371396108186 -0.12566010029387378 0.032050059679083212 0.16620875753317427 -0.074676274445175966 -0.047011212739670988 -0.05946142293302608 -0.17006508858314417 0.11746786475077348 0.17878598756448419 0.071072903552734976 -0.088097408436539404 0.0019499830200042961 -0.089211174278728017 0.14132996687087529 -0.10004084697717242 0.13788896952244545
leaf_weight=292.58281561080366 7.0486182412132612 13.942954614278277 3.2563251508399826 0.8424693767447019 1.2641212453600017 4.9887928982498115 11.860277884989044 8.4986147193703783 14.727207279764121 3.3926772885024565 5.0697040092200041 6.8275723755359676 3.224117913749069 11.154249914456157 3.7310129874385893 3.9689019517973065 1.7914564933162171 1.5507174315862347 14.790619529259855 8.1948158866725844 0.57747835293412109 2.5168050838401532 2.8239235924556851 6.027319682063534 1.405875684693455 257.19767858437262 10.579526653105857 2.2123261874075979 1.1687743458896878 1.67311422212515
leaf_count=5232 425 2030 22 26 26 135 1158 128 397 23 35 43 31 128 45 30 15 9 599 392 4 84 52 65 15 5069 576 33 8 90
internal_value=-0.000162112 -0.00391677 0.00281696 -1.35538e-06 0.121462 -0.000861228 0.000896467 -0.00237734 0.0192767 0.00243028 0.0490063 -0.0160726 -0.00539092 0.00861287 -0.0560893 -0.0208293 0.0571518 0.0451496 0.000799883 -0.000619716 0.00171116 0.00346283 0.0833612 0.00168092 0.00063049 -0.00093394 -0.0531774 0.0521845 0.109191 0.0400363
internal_weight=708.891 313.621 395.27 299.678 2.10659 297.572 388.221 329.527 58.6939 40.6246 11.5501 29.0744 6.48044 17.9818 11.0926 7.36158 18.0694 16.2779 317.667 309.168 294.378 286.183 6.24329 279.94 277.423 271.395 14.1977 3.6182 5.66581 2.84189
internal_count=16925 7449 9476 5419 52 5367 9051 8273 778 357 88 269 53 171 98 53 421 406 7115 6987 6388 5996 154 5842 5758 5693 624 48 150 98
is_linear=0
shrinkage=0.1


Tree=77
num_leaves=31
num_cat=0
split_feature=0 4 5 2 4 2 3 3 4 0 0 2 3 3 3 1 5 1 5 5 4 0 4 4 1 2 5 3 3 2
split_gain=0.735892 2.1651 1.71458 2.58377 2.21869 1.82141 3.15612 1.18028 1.22433 3.8134 3.6856 2.05546 1.55935 2.77772 2.20972 1.31995 4.70255 5.25032 3.17723 2.32631 2.17843 1.20846 7.36112 4.25914 2.86901 4.08807 2.55217 3.03849 4.45044 2.15227
threshold=0.9826073805202663 0.51817159892918629 0.72593948986050305 0.63560998633511223 0.43560706353394768 0.69139427223513616 1.0783527443836116 1.5969055171940298 0.37356519585105402 0.91091269841269851 0.8426212590299279 0.55312698998261911 1.127097564101003 1.0700421029030791 1.2643571023220275 0.65118634282193566 0.72960409538218707 0.66557569778952674 0.78249976809601007 0.60898752129974554 0.42363912256324709 0.68927203065134113 0.23878783265234324 0.18627570294827284 0.58031560734064214 0.53370644753961105 0.70721966778682133 1.0783527443836116 1.1818738269056885 0.52842898556043227
decision_type=2 2 2 2 2 2 2 2 2 2 2 2 2 2 2 2 2 2 2 2 2 2 2 2 2 2 2 2 2 2
left_child=1 7 5 -4 -5 6 -2 8 9 21 -10 -12 13 15 -14 -13 17 -17 -18 -19 -21 22 -1 -23 26 -26 27 29 -29 -25
right_child=2 -3 3 4 -6 -7 -8 -9 10 -11 11 12 14 -15 -16 16 18 19 -20 20 -22 23 -24 24 25 -27 -28 28 -30 -31
leaf_value=0.00017797371376450139 -0.045480386606801149 0.08077854085871751 -0.16489638754129593 -0.1036577614183611 0.075123733995981906 -0.094175688449543618 0.15068847836032317 -0.041240423190338826 0.1065161976063882 -0.10271420377847307 -0.068635306968591228 -0.0041242530224601453 0.10620452759596387 -0.058801934007704663 -0.017859876983442546 0.18369987807458013 -0.11074223827549493 -0.040740485129374608 0.027796811480345268 0.0034800369721116179 0.11879048639369555 -0.10125524992709783 0.10038461709688594 -0.016562589732682237 0.14480202094082659 0.0027272240424077152 0.073730659821411429 0.090762121676032745 -0.06955927560520711 -0.075051228843079729
leaf_weight=511.62479135027388 4.2115671657957119 3.3285767865891094 0.65726532111875613 0.83012438729929261 4.2376716578146443 4.4769095989177004 1.0184883642359635 6.892555083933984 4.0405579858925185 3.6587567974056574 3.3305843202397218 17.337284566834569 3.8322196090593925 5.7589405057951799 2.2956244149245322 3.0664265975356129 2.9801114797592154 2.9380185268819314 3.7240587261039764 3.0112246626522392 3.5934857241809368 4.907096898474264 7.4373536072671405 10.653493355959656 2.0998035697266451 57.060995548265055 2.2961698938161126 4.0814697667956343 3.0072676613926888 15.365970113314686
leaf_count=10548 42 1100 7 219 30 112 82 417 341 653 29 109 36 45 27 16 19 15 27 28 21 1305 356 87 17 1000 20 36 38 143
internal_value=-0.000161303 0.000322882 -0.0217577 0.0216452 0.0458386 -0.0473562 -0.00727894 -6.80742e-05 0.000350422 -0.000923309 0.0145255 0.00735933 0.012574 0.00576072 0.0597273 0.0159055 0.0338859 0.0698665 -0.033786 0.0332876 0.0662181 -0.000321196 0.00161378 -0.0104182 -0.00570456 0.00776991 -0.0282204 -0.0352911 0.0227487 -0.0511035
internal_weight=703.755 688.323 15.432 5.72506 5.0678 9.70697 5.23006 684.994 678.102 622.193 55.9085 51.868 48.5374 42.4096 6.12784 36.6506 19.3133 12.6092 6.70417 9.54273 6.60471 618.534 519.062 99.4723 94.5652 59.1608 35.4044 33.1082 7.08874 26.0195
internal_count=16925 16433 492 256 249 236 124 15333 14916 14203 713 372 343 280 63 235 126 80 46 64 49 13550 10904 2646 1341 1017 324 304 74 230
is_linear=0
shrinkage=0.1


Tree=78
num_leaves=31
num_cat=0
split_feature=5 3 4 1 2 2 4 1 4 3 3 4 2 5 1 1 5 5 1 0 2 4 3 3 0 1 4 0 3 1
split_gain=0.747865 1.53089 1.4542 1.65953 3.75682 1.00596 0.945439 1.40715 0.880986 0.745369 3.12269 2.70167 3.71071 2.82816 2.32686 1.92168 1.71068 3.04482 3.15817 3.65829 3.04262 2.83849 2.90411 4.5095 2.43998 1.99896 2.76561 2.12694 2.07234 1.96767
threshold=0.81313351918947785 1.2643571023220275 0.27767986504660014 0.74596300570499696 0.74528112307776062 0.53969943526221709 0.53705869862524935 0.64625338546056854 0.40517945213048873 1.0649373095207524 1.0624928485739529 0.088204550941678825 0.45910216042126634 0.12001196082179642 0.73765519740705532 0.50166351316484847 0.56328458625012567 0.72189181688913162 0.66887814146513203 0.80901722391084097 0.63560998633511223 0.18627570294827284 1.1061129023861822 1.0750792230598634 0.60922587486744451 0.48266164221563818 0.28201653906854579 0.92637759710930456 1.1624976166854266 0.67738255941424874
decision_type=2 2 2 2 2 2 2 2 2 2 2 2 2 2 2 2 2 2 2 2 2 2 2 2 2 2 2 2 2 2
left_child=6 2 5 8 -5 -2 9 -8 -4 10 14 13 15 -11 -1 -13 21 -18 20 -20 -19 24 23 -23 -14 -24 28 -28 -27 -21
right_child=1 -3 3 4 -6 -7 7 -9 -10 11 -12 12 16 -15 -16 -17 17 18 19 29 -22 22 25 -25 -26 26 27 -29 -30 -31
leaf_value=-0.00037460502480445707 0.11787403913946433 -0.15090793113144352 -0.074010086973776784 0.38956546743257109 -0.016690595985220089 -0.11299566588354226 0.1097603217684128 -0.024474206835882719 0.02121193947617742 0.14985919594591854 -0.098807717239563053 0.074071370919451332 0.0052687526921351754 -0.054138590319770835 -0.099701324948917758 0.3677736522168632 -0.0221413613893424 0.066062759385197456 0.38661347373995802 0.20587302780637717 -0.088091387583629999 -0.011326446751315656 0.12106132625738286 0.16684841090116628 -0.12133952092142491 0.025253088078634973 0.085593054452255332 -0.054267359251230343 -0.084481030120924214 0.039123250245205667
leaf_weight=596.38894035445992 0.21162603795528223 0.93309908853552759 1.5530092208646236 0.35602553328499187 0.6311557189328596 1.7447078134428009 1.8889383017958601 1.3313312719110397 2.5953574135201052 0.7317243863362809 3.2665010375203556 6.9402007021708405 7.7595861877780425 9.5403883402759657 2.3678763565840191 0.23016329575330008 29.224945794325322 2.5317610250785929 0.41134585818508629 0.89685111539438356 2.5904041744070128 2.2050162884406772 1.8059368747053657 3.9924083823570982 1.8936292369617147 3.1418130411766452 5.1201980318874121 1.3805137078743426 3.8055434523848817 3.3544963735039346
leaf_count=11122 2 138 45 6 46 655 1127 35 20 15 78 670 132 761 450 5 732 28 40 8 65 35 111 50 90 39 137 24 65 194
internal_value=-0.000144687 -0.0304968 -0.014654 0.0132946 0.129825 -0.0880214 0.000206893 0.0542648 -0.014436 -4.55517e-05 -0.00129936 0.00857539 0.0149794 -0.039607 -0.000767408 0.083499 0.00797217 -0.00597566 0.0423073 0.101853 -0.0118968 0.0254648 0.0457294 0.103455 -0.0195674 0.0222768 0.00901102 0.0558918 -0.0348558 0.0743003
internal_weight=700.825 8.02498 7.09188 5.13555 0.987181 1.95633 692.801 3.22027 4.14837 689.58 602.023 87.5569 77.2848 10.2721 598.757 7.17036 70.1144 39.0098 9.78486 4.66269 5.12217 31.1046 21.4514 6.19742 9.65322 15.254 13.4481 6.50071 6.94736 4.25135
internal_count=16925 912 774 117 52 657 16013 1162 65 14851 11650 3201 2425 776 11572 675 1750 1067 335 242 93 683 461 85 222 376 265 161 104 202
is_linear=0
shrinkage=0.1


Tree=79
num_leaves=31
num_cat=0
split_feature=4 0 4 2 0 4 0 5 4 3 0 1 3 0 4 1 1 4 5 1 3 3 4 0 4 0 4 4 0 4
split_gain=0.747698 0.694903 1.38162 3.34022 0.802572 2.07494 2.11303 2.10109 2.06991 1.69014 2.75295 1.2962 1.27115 1.00707 5.04654 2.51454 4.45407 2.39044 2.31472 2.28076 2.78479 2.38598 2.1354 1.95524 3.34663 1.87479 2.31245 1.82269 1.20888 4.17941
threshold=9.4293551277246793e-05 0.019419306184012056 0.00021516091327995 0.15817042675019838 0.025978407557354904 0.00045421448330245007 0.036038961038961002 1.0000000180025095e-35 0.00066302715838925013 1.0002720006616583 0.031754032258064509 0.098385801170741666 1.0000163150411741 0.059411764705882351 0.0018292314266789003 0.029003977664170753 1.0000000180025095e-35 0.0010484628207390503 0.007481283769174351 0.045965538831555859 1.0003129563271911 1.0007637416579087 0.00090450457180900009 0.067989214175654802 0.0024307306665599503 0.077677224736048267 0.0029266321857703502 0.0020208865019779006 0.091750841750841708 0.004511941652621301
decision_type=2 2 2 2 2 2 2 2 2 2 2 2 2 2 2 2 2 2 2 2 2 2 2 2 2 2 2 2 2 2
left_child=-1 -2 3 -3 12 9 7 -7 11 10 -6 -8 -4 15 -15 16 17 -10 -18 -17 22 -22 -21 27 -25 -26 -27 -16 -28 -30
right_child=1 2 4 -5 5 6 8 -9 13 -11 -12 -13 -14 14 23 19 18 -19 -20 20 21 -23 -24 24 25 26 28 -29 29 -31
leaf_value=-0.10060596872952482 0.041339697956787658 -0.1105208293577209 -0.013558073411076808 0.14823346936134629 0.03204286187727351 0.13881712247387606 -0.10839126787323101 0.014940670857182257 -0.07804695643765891 -0.13020164326335654 -0.10423381858511876 0.049028650617766685 0.066327502355411128 -0.091870478344688394 -0.0053177438997077248 -0.07235465165465256 0.18764462891942216 0.061264413594813674 0.059461306388613022 -0.095821407614025453 0.18947586586574289 0.017627539474663906 0.020389007461028872 -0.08916779103670458 0.05057930510423217 -0.10747792724548673 0.033900714528971775 0.12070262232941598 -0.081371342032413529 0.0003840677678113749
leaf_weight=0.73994463098642782 4.0368065256625405 2.7756323863286521 3.5433893501758558 0.60819973493926216 3.577000577002762 2.1433883849531403 2.7352101742289956 3.7907030954957008 2.6277558226138371 2.0072338294703513 2.5314250532537699 0.64673586515709747 4.5490804146975279 6.0044324870686969 2.0615238994359961 3.9331754362210622 2.5549650602042675 2.3184005478397012 3.1402061777189374 2.3607115186750871 1.4440409988164904 1.8341158162802456 4.7886551581323147 4.20340243843384 7.3464864278212181 2.0041939355432978 10.409697521477936 2.5891599776223302 6.318819163425359 599.49814492487349
leaf_count=321 41 95 18 7 26 15 75 35 20 43 84 29 39 294 9 38 22 24 30 29 13 38 42 160 65 95 102 36 294 14786
internal_value=-0.000136624 -3.01753e-05 -0.000270693 -0.0640131 4.14717e-05 -0.000329539 0.000274998 0.0596847 -0.000252114 -0.0505921 -0.0244323 -0.0782876 0.0313486 0.000144484 -0.000624162 0.0198336 0.0566746 -0.0127479 0.116967 -0.00746568 0.0170099 0.0933274 -0.0179835 0.000239418 -0.00023764 0.000359903 -0.000236859 0.0648412 0.000111928 -0.000468661
internal_weight=699.123 698.383 694.346 3.38383 690.962 682.87 674.754 5.93409 668.82 8.11566 6.10843 3.38195 8.09247 665.438 640.436 25.002 10.6413 4.94616 5.69517 14.3607 10.4275 3.27816 7.14937 634.431 629.781 625.577 618.231 4.65068 616.227 605.817
internal_count=16925 16604 16563 102 16461 16404 16251 50 16201 153 110 104 57 16097 15841 256 96 44 52 160 122 51 71 15547 15502 15342 15277 45 15182 15080
is_linear=0
shrinkage=0.1


Tree=80
num_leaves=31
num_cat=0
split_feature=4 0 0 3 4 0 3 1 3 4 2 2 4 0 2 5 5 1 2 5 4 0 2 1 3 1 1 1 3 4
split_gain=0.681085 9.85436 6.52292 3.78463 3.18001 3.19248 2.50674 3.39782 2.42059 5.3814 3.02242 3.57769 2.49825 3.50016 2.25881 3.22445 3.4553 7.42106 2.69429 2.82653 3.60035 2.47234 2.42553 2.85613 3.85623 2.38022 3.60342 3.05022 2.64281 3.92965
threshold=0.022076596145757851 0.21498599439775909 0.23582887700534758 1.0129639843032912 0.029317645315857253 0.24780701754385961 1.0061414482588964 0.18555127014496622 1.0018709116917033 0.0026785250284840508 0.19450355849308479 0.20627610395962828 0.0064629201535956011 0.14415584415584412 0.090224761467670569 0.01384013657137635 0.15031176033724372 0.017363796189445956 0.10426737109555446 0.17677680187506148 0.012246552219649752 0.038838612368024113 0.0085218197574775511 0.010842409437749003 1.0000163150411741 0.14860318155026711 0.13391150336587798 0.12608980444970708 1.0002466771110343 0.007556226549791001
decision_type=2 2 2 2 2 2 2 2 2 2 2 2 2 2 2 2 2 2 2 2 2 2 2 2 2 2 2 2 2 2
left_child=1 3 6 8 5 -4 7 -2 10 -10 14 -12 -13 -14 15 22 -17 -18 21 20 25 -16 23 24 -1 26 27 28 -20 -30
right_child=2 -3 4 -5 -6 -7 -8 -9 9 -11 11 12 13 -15 18 16 17 -19 19 -21 -22 -23 -24 -25 -26 -27 -28 -29 29 -31
leaf_value=-0.062513308179011698 0.11336236796119699 -0.096332580282980473 0.0058394194952759186 -0.066222838465155878 0.00061786765630966745 -0.10361539731456122 0.10083533722774957 0.00053361101798946368 -0.084473804460306945 0.042925449593381473 -0.12258509394561241 -0.10364179910944929 0.11347146268609989 -0.024481253479043459 0.17250351840414704 -0.043622279295073722 0.1930502771626833 -0.016237365671377121 0.046133366629520195 -0.031435205870568 0.10915259541851906 0.042152193069121435 -0.0082724068606045351 0.10251669952022563 0.10922462560220331 -0.053409372141515504 0.11295225667107317 -0.11238312632867115 0.013285131104200348 -0.1654055031190565
leaf_weight=3.464247860945763 3.6107047256082323 11.174749416444682 4.8459737412631494 8.1451629810035211 470.00825389876263 5.9202688215591479 7.8017485686577848 10.234599296003578 3.7495434737065798 28.648373994743451 4.1053431448526707 2.6278854791307813 2.33721182309091 8.6314274128526431 1.7945167110301534 30.504771732375957 2.0499101532623163 9.7652679807506484 12.595849873847341 12.918086716439573 4.2901704497635356 7.6917978181736544 14.371975647052748 5.8172887195833027 2.1000665635801852 4.7897023196564978 3.8178835110738865 1.9323135600425292 4.7953670339193186 1.6555900815874336
leaf_count=37 29 1359 42 201 11512 478 323 62 137 591 61 112 20 136 19 465 21 167 169 229 32 107 209 72 35 110 53 30 92 15
internal_value=-0.000137706 -0.00517411 0.00180474 0.000404609 -0.000613033 -0.0543489 0.0555028 0.0299581 0.0035154 0.028181 -0.00210992 -0.0407705 -0.0160673 0.00491389 0.0033934 -0.00886128 -0.0258392 0.0200736 0.0182157 0.00836451 0.0235411 0.0668106 0.019038 0.0535238 0.0023035 0.0111272 0.0235928 0.00733076 0.0194758 -0.0325745
internal_weight=696.196 193.775 502.422 182.6 480.774 10.7662 21.6471 13.8453 174.455 32.3979 142.057 17.7019 13.5965 10.9686 124.355 68.0735 42.3199 11.8152 56.2813 46.795 33.8769 9.48631 25.7536 11.3816 5.56431 29.5867 24.797 20.9791 19.0468 6.45096
internal_count=16925 4479 12446 3120 12032 520 414 91 2919 728 2191 329 268 156 1862 1006 653 188 856 730 501 126 353 144 72 469 359 306 276 107
is_linear=0
shrinkage=0.1


Tree=81
num_leaves=31
num_cat=0
split_feature=4 5 0 2 0 2 2 4 0 4 3 3 0 4 0 4 2 1 0 4 1 0 5 2 4 0 4 0 0 4
split_gain=0.693034 2.65032 2.24289 2.05759 1.96843 1.26089 1.66484 1.20735 1.76171 2.49296 1.73139 3.01142 1.30798 2.14011 1.5222 3.19992 2.42898 1.85598 2.02397 3.53723 1.85858 1.8824 1.69833 2.15413 2.03014 6.32385 5.12384 4.78392 4.07331 6.04108
threshold=0.00028949809642300008 0.15369574332033845 0.021980676328502403 0.016081733349366554 0.025978407557354904 0.076621545249306353 0.0085218197574775511 0.00045421448330245007 0.038838612368024113 0.00077896218238600009 1.0002720006616583 1.0000163150411741 0.047065337763012159 0.0011655330713767503 0.059411764705882351 0.0018292314266789003 0.057075399593878307 0.010842409437749003 0.077677224736048267 0.0029266321857703502 0.06211730062439811 0.11814556331006977 0.007481283769174351 0.042459766954358658 0.007104573111091801 0.13976744186046514 0.0113795917467339 0.11215932914046121 0.18697033898305088 0.017566784025184756
decision_type=2 2 2 2 2 2 2 2 2 2 2 2 2 2 2 2 2 2 2 2 2 2 2 2 2 2 2 2 2 2
left_child=1 2 5 -3 -2 6 -1 10 -9 -10 11 -6 -11 -14 16 -16 -15 -17 -19 -20 21 -21 23 -22 27 -26 -27 -24 -28 -30
right_child=4 3 -4 -5 7 -7 -8 8 9 12 -12 -13 13 14 15 17 -18 18 19 20 22 -23 24 -25 25 26 28 -29 29 -31
leaf_value=-0.00021190815992957486 0.066220289842380028 0.19972895904615393 -0.11010340942646718 -0.01929689269626186 -0.084842725968735586 0.056082809672274948 -0.12477784319305239 0.04282393887817075 -0.071923357749866135 0.047436330588032129 -0.1305688376058107 0.067458398891794655 -0.067547333839075338 -0.010221642822458134 -0.086406339379374864 -0.084956860531017142 0.089213624826403271 0.040078379909620133 -0.10449492590244661 0.072984924362625783 0.082857355405347666 -0.026176443908045778 0.00020105499419915959 -0.052545238063933554 0.06923381276224376 -0.071423816119652261 0.039495778301051221 -0.10372780003448744 -0.091731439957467811 0.00050867075411123517
leaf_weight=3.6084505589678866 4.4978540744632474 0.86781905149109551 3.3495156010612845 0.84805566779687069 2.7704091514460734 2.0155518427491188 1.5269688745029268 9.5914633776992542 4.8299965967889866 5.8061490803956977 1.6662578403484074 2.4432052308693528 4.6896937664132556 4.9319674568250758 4.2920163115486494 2.5470907331909975 4.8947733733803034 12.709299257956443 3.237150583183392 6.6731510655954462 1.3203503298573185 2.6845044959336519 15.394810082390906 10.669051763950845 13.467897826805709 9.897136579587821 26.399922653567046 6.2179508547997093 7.2001459051389238 511.8639035524393
leaf_count=44 44 8 159 247 45 22 39 85 142 53 32 34 149 40 190 34 45 126 223 81 23 45 157 160 182 483 277 546 550 12660
internal_value=-0.000138709 -0.0237459 -0.0425744 0.0914774 0.000284966 -0.0109438 -0.0372504 -0.000153615 0.000274789 -0.000343813 -0.0418315 -0.0134713 0.0001841 -0.000238573 0.000251273 -0.000353539 0.0393078 0.000232452 0.000578115 -0.000238144 0.000313508 0.0445377 -0.000373433 -0.0376338 0.00038317 0.00152615 -0.000115808 -0.0296991 0.00117804 -0.000770829
internal_weight=692.913 12.2164 10.5005 1.71587 680.696 7.15097 5.13542 676.198 669.318 659.727 6.87987 5.21361 654.897 649.091 644.401 634.574 9.82674 630.282 627.735 615.026 611.789 9.35766 602.431 11.9894 590.442 568.829 555.361 21.6128 545.464 519.064
internal_count=16925 519 264 255 16406 105 83 16362 16251 16166 111 79 16024 15971 15822 15737 85 15547 15513 15387 15164 126 15038 183 14855 14152 13970 703 13487 13210
is_linear=0
shrinkage=0.1


Tree=82
num_leaves=31
num_cat=0
split_feature=0 4 4 1 5 4 1 4 0 3 2 0 2 4 0 0 2 2 2 4 0 5 1 5 0 0 3 3 3 4
split_gain=0.69839 10.2777 5.64247 2.32953 3.30639 2.6505 4.64575 6.34179 4.03337 4.12686 5.42697 3.18479 3.04896 2.8289 6.34118 4.09413 3.39314 4.2824 3.10993 2.98279 2.50941 2.31727 3.64471 1.91934 3.67556 3.07119 2.77634 3.08066 3.36536 2.97603
threshold=0.55662393162393176 0.14492835566342191 0.14948881959868496 0.51838617539921583 0.59445742656942457 0.12505564906770231 0.50713374078153206 0.10035237690594802 0.47413024085637828 1.0480715876649989 0.45102677675585384 0.51042118975249684 0.50226128597426756 0.06673700144682522 0.38529014844804316 0.36188554658840799 0.47077379848628148 0.48381637930257165 0.51173997132191207 0.086599282433888314 0.5300120048019209 0.32082225816330573 0.44184306188251837 0.29776997470112082 0.38529014844804316 0.40967365967365971 1.0211323784923676 1.0136885861786806 1.0061414482588964 0.098856338560489462
decision_type=2 2 2 2 2 2 2 2 2 2 2 2 2 2 2 2 2 2 2 2 2 2 2 2 2 2 2 2 2 2
left_child=2 -2 3 5 -5 6 8 -8 13 -10 -11 -7 20 14 -1 -15 23 -18 -19 -20 -13 22 -3 24 -17 -25 27 28 -27 -28
right_child=1 21 -4 4 -6 11 7 -9 9 10 -12 12 -14 15 -16 16 17 18 19 -21 -22 -23 -24 25 -26 26 29 -29 -30 -31
leaf_value=-1.423611730843064e-05 -0.095152507691879634 0.116106497429532 0.082796634031499144 -0.11988337822049636 0.064091367208435987 0.1022311013166501 -0.10127565268173039 0.36937287361807347 -0.062126193768520313 0.15202613719288774 -0.085271838156600305 0.11715465766617338 -0.050381331081673114 0.10662010979467614 -0.091461365930361499 -0.068182584488839917 0.19614535793652357 -0.031624381525796073 0.003691042106310786 0.17915854255094663 0.0052263235547159656 0.0014177414006564201 -0.11211698896060102 0.030104408520770259 0.066801806325185148 -0.051875634584436607 -0.029030622317053584 -0.13817268953583861 0.065352162040288153 0.13251828671630564
leaf_weight=298.63117973477347 11.863058841707241 0.85855896177235891 8.5452145390445349 3.4817853101994833 1.357834702794207 5.4923487310297814 0.45605613524094113 0.76914232317358255 18.334407842950899 2.2568807375500906 1.6820525718503629 3.2583984881639463 4.9636626821011296 5.1184230758808544 7.7803644183441056 2.5762804867699733 2.0388066931627673 3.7716556410305202 1.8444904799107464 2.0405654907226562 5.1991471834480762 246.45211071785889 3.7829827644745819 13.092147722840307 9.2961182487197203 12.785176827572291 2.7219145507551721 3.1184670329093924 3.0290951477363697 1.9625079557299612
leaf_count=5745 2375 308 705 180 90 148 66 12 535 35 84 19 31 236 704 23 20 36 29 17 30 5011 47 101 95 123 40 30 29 21
internal_value=-0.000146115 -0.00419783 0.00235721 0.000709067 -0.0682662 0.00151886 -0.000239551 0.194183 -0.000847095 -0.0421748 0.0506922 0.038085 0.0118345 0.00164206 -0.00233625 0.0208705 0.0133392 0.0673527 0.0330581 0.0958526 0.0483484 9.93773e-05 -0.0699019 0.00255966 0.0375105 -0.00874404 -0.0302796 -0.0473343 -0.0294216 0.0386492
internal_weight=688.561 262.957 425.604 417.059 4.83962 412.219 393.306 1.2252 392.081 22.2733 3.93893 18.9136 13.4212 369.807 306.412 63.3956 58.2772 9.69552 7.65671 3.88506 8.45755 251.094 4.64154 48.5817 11.8724 36.7093 23.6172 18.9327 15.8143 4.68442
internal_count=16925 7741 9184 8479 270 8209 7981 78 7903 654 119 228 80 7249 6449 800 564 102 82 46 49 5366 355 462 118 344 243 182 152 61
is_linear=0
shrinkage=0.1


Tree=83
num_leaves=31
num_cat=0
split_feature=0 4 1 1 1 4 5 5 4 3 4 0 2 2 0 2 4 1 1 5 1 3 3 5 5 4 1 4 2 5
split_gain=0.662118 1.73548 1.49148 2.88391 2.46006 2.0918 1.91521 2.19103 2.69742 1.03304 1.05475 2.47543 3.29885 2.05378 2.16974 1.01033 0.957856 2.5756 1.42178 1.36162 0.941536 2.70556 2.44831 2.2704 2.22977 1.93013 1.82247 2.54547 2.36775 4.22408
threshold=0.9826073805202663 0.51817159892918629 0.61644360284162947 0.67203580675806818 0.6745442667818311 0.48501478541153359 0.72593948986050305 0.73339182158310712 0.45892511203429337 1.5969055171940298 0.43560706353394768 0.90098039215686299 0.69471029816589669 0.6503479999627565 0.95959183673469395 0.68201298435578883 0.24986333713899725 0.54349904135502569 0.72229311525450524 0.54156775581817984 0.70308902514774829 1.1085208197876983 1.1109163928113424 0.79410190465706165 0.67803779604279979 0.34080206129461971 0.67203580675806818 0.33585558887362515 0.70736631046135956 0.6961498002963753
decision_type=2 2 2 2 2 2 2 2 2 2 2 2 2 2 2 2 2 2 2 2 2 2 2 2 2 2 2 2 2 2
left_child=1 9 5 15 -5 -2 -6 -8 -9 10 20 -12 13 14 -13 -4 -11 -18 19 -19 26 23 -23 -22 -24 -26 -1 28 29 -28
right_child=2 -3 3 4 6 -7 7 8 -10 16 11 12 -14 -15 -16 -17 17 18 -20 -21 21 22 24 -25 25 -27 27 -29 -30 -31
leaf_value=-0.00059787357765501504 -0.11560697437820733 0.076639186628278677 -0.056088941690680127 0.13330934252573798 -0.074607667068702019 0.13827072757735584 0.18217166383162967 -0.1109139833430612 0.075866660758762861 -0.12142186011323275 0.10731525735947366 0.056626330076751219 0.066290930642198029 -0.092034742587274773 -0.057385031917381403 -0.14806422384002704 0.13107987899385726 -0.0010109968151374245 0.079289407610061355 -0.12268042766403019 -0.092569438190467701 0.40114943057367286 -0.15007208074650547 0.01768818352011808 -0.10198056267828322 0.1255470869031243 -0.068843051850261641 0.070106637137865926 -0.10898572822511687 0.15438585297945484
leaf_weight=615.14522149594268 0.44579168781638046 2.9666309890162657 3.0831207106239154 1.2517164815217237 3.3002901734435 1.1932176924019584 0.75290111673530224 1.4012796402093957 1.7249821112491188 1.1679936228028953 2.9778183489106622 3.6473134225234407 6.0582216065376988 3.2833856865763664 3.0777799263596535 1.9495072694262487 0.91897199675440777 1.494018816156313 0.69587835448328395 2.3931357602123171 5.7989023079571762 0.19042391690891181 0.54780622248654287 2.7548315852618543 0.47760097848367911 1.6996685108169911 1.89418719272362 8.4888713676482421 1.8635776029550468 1.534302309999475
leaf_count=12595 5 1100 39 7 86 96 12 216 11 267 219 30 39 21 14 20 8 26 30 86 741 10 38 511 206 12 121 69 183 107
internal_value=-0.000143837 0.000323547 -0.0208496 -0.0318141 0.00394286 0.0692189 -0.0186118 0.029028 -0.00785375 -1.63372e-05 0.000379723 0.0235711 0.00804988 -0.0272039 0.00444834 -0.0917177 -0.0391734 -0.0217133 -0.0523508 -0.0759171 -0.000309958 -0.028704 0.0544882 -0.0570597 0.0302641 0.0756371 0.000207841 0.0361728 -0.0182595 0.0310554
internal_weight=684.179 669.077 15.1028 13.4638 8.43117 1.63901 7.17945 3.87916 3.12626 666.11 659.44 19.0445 16.0667 10.0085 6.72509 5.03263 6.67 5.502 4.58303 3.88715 640.395 11.4692 2.9155 8.55373 2.72508 2.17727 628.926 13.7809 5.29207 3.42849
internal_count=16925 16433 492 391 332 101 325 239 227 15333 14916 323 104 65 44 59 417 150 142 112 14593 1518 266 1252 256 218 13075 480 411 228
is_linear=0
shrinkage=0.1


Tree=84
num_leaves=31
num_cat=0
split_feature=5 3 4 1 2 2 0 5 1 2 4 3 1 5 5 4 1 5 4 0 0 1 2 1 2 5 2 2 4 3
split_gain=0.684409 1.21959 1.2108 1.32362 2.74518 0.902961 0.827726 0.736381 2.87589 3.31862 2.79201 2.41032 2.85367 2.543 2.16662 2.67878 1.76806 1.63687 1.52543 1.85333 1.15157 1.12373 0.948947 3.15428 1.28706 2.49045 1.64085 1.57567 3.22903 1.87692
threshold=0.81313351918947785 1.2643571023220275 0.27767986504660014 0.74596300570499696 0.74528112307776062 0.53969943526221709 0.93813775510204089 0.73850755680917068 0.58476808711380157 0.58161312528333731 0.21560497119847641 1.1400605493898344 0.6988702100993972 0.76077764502207657 0.7560906689869733 0.32308826765304338 0.65984253040412744 0.73339182158310712 0.44469732939043199 0.82025641025641038 0.82025641025641038 0.6988702100993972 0.81492666272111325 0.75973956939755383 0.71871432945003566 0.64523077730134826 0.79362568309262749 0.76346982086095083 0.32997151528534602 1.0833655692824302
decision_type=2 2 2 2 2 2 2 2 2 2 2 2 2 2 2 2 2 2 2 2 2 2 2 2 2 2 2 2 2 2
left_child=7 2 5 6 -5 -2 -4 17 9 -9 -10 12 14 -14 -12 -16 -13 22 19 -15 -19 -18 24 -24 -1 27 -27 29 -29 -26
right_child=1 -3 3 4 -6 -7 -8 8 10 -11 11 16 13 18 15 -17 21 20 -20 -21 -22 -23 23 -25 25 26 -28 28 -30 -31
leaf_value=-0.00051682804889299067 0.1159237089494865 -0.14179258534613767 -0.06522957697300992 0.32182266789441916 -0.018378846224812916 -0.11280125846646763 0.025194223631575807 0.019397340199383432 -0.10823101024139592 0.25434395944475735 0.091595350906653911 -0.037567761012849185 -0.18200635794405595 0.11772609149707856 -0.07486942261923292 0.047380462332257588 0.19297783953831374 -0.00086877088268366297 0.075619320165044801 -0.11479591296788426 -0.15502112899555703 0.071050512656332859 -0.065867538156645769 0.13445158420170647 0.12293711739372376 -0.045392467802189196 0.10584103919247473 0.12374796809606872 -0.084110688552950716 0.027346543790441775
leaf_weight=624.67294832630432 0.19415541365742583 0.8632003455859375 1.8693434271262956 0.38445363938808419 0.61922848498215899 1.5546932399156501 2.2081116135232151 1.4048529021674796 1.9549448918915029 1.0509512150310909 3.5301971440203506 0.89470910461386566 1.3511879331781518 0.42841198388487178 3.0780296255834401 4.2914473554119468 1.2978017539717259 0.8299103073659343 1.1214039921760557 1.7150913366931488 1.1647190725489052 1.8102436186163684 5.6484852025459977 0.91313476995856024 4.3300662251131161 5.2477114848952615 0.83103021679562505 1.2035727559850777 1.9717444258276371 3.9078470563108567
leaf_count=13885 2 138 30 6 46 655 35 32 482 20 37 20 49 5 50 38 13 33 7 95 31 48 295 139 133 312 52 65 40 132
internal_value=-0.000137043 -0.0297951 -0.0156404 0.00906104 0.111933 -0.0874084 -0.0162613 0.000201154 0.0174295 0.119942 0.00570577 0.0171175 -0.000731197 -0.066631 0.0271779 -0.00367998 0.0863039 -0.000432393 -0.0188827 -0.0683228 -0.0908826 0.121963 -0.000154288 -0.0379905 0.000232322 0.0269859 -0.0247172 0.0545233 -0.00532391 0.0775915
internal_weight=682.344 7.69319 6.82999 5.08114 1.00368 1.74885 4.07746 674.65 23.9293 2.4558 21.4735 19.5185 15.5158 4.6161 10.8997 7.36948 4.00275 650.721 3.26491 2.1435 1.99463 3.10805 648.727 6.56162 642.165 17.492 6.07874 11.4132 3.17532 8.23791
internal_count=16925 912 774 117 52 657 65 16013 896 52 844 362 281 156 125 88 81 15117 107 100 64 61 15053 434 14619 734 364 370 105 265
is_linear=0
shrinkage=0.1


Tree=85
num_leaves=31
num_cat=0
split_feature=0 4 4 4 0 1 0 3 3 3 2 5 1 4 0 5 4 5 3 5 5 0 4 1 5 5 5 0 2 4
split_gain=0.694939 5.67161 4.99055 2.20786 2.82665 2.47542 2.08161 1.94459 10.8201 2.34586 4.02588 1.79266 1.78819 5.75879 2.98513 3.58981 2.64436 2.6296 3.02027 2.41427 3.92877 2.90481 3.43756 3.46573 3.41502 2.28766 2.17518 2.28151 2.68315 2.05607
threshold=0.67890835579514841 0.23878783265234324 0.18627570294827284 0.25324482261369285 0.74527629233511605 0.63422202584765974 0.72281323877068571 1.0004210467487633 1.0235202472099634 1.0661220405378558 0.62794725477809532 0.55250264900331658 0.56180001899868393 0.15138563381925213 0.64760348583878014 0.46115572060115978 0.22287395450575073 0.67803779604279979 1.0003129563271911 0.61458282271528419 0.61742600305907447 0.61620294599018022 0.18889251157323098 0.51279912234679481 0.53108216750701576 0.40416065466214407 0.49347013511785348 0.62605932203389847 0.57136111887786312 0.20085286428457097
decision_type=2 2 2 2 2 2 2 2 2 2 2 2 2 2 2 2 2 2 2 2 2 2 2 2 2 2 2 2 2 2
left_child=1 12 -2 4 5 7 -5 -4 -9 11 -11 -10 14 -14 16 -16 17 19 -19 21 -21 22 23 -1 29 -25 -15 -28 -29 -23
right_child=2 -3 3 6 -6 -7 -8 8 9 10 -12 -13 13 26 15 -17 -18 18 -20 20 -22 24 -24 25 -26 -27 27 28 -30 -31
leaf_value=0.0013846862140729106 -0.1012210483209271 0.097903799553881565 -0.060628643259841776 0.05677322455863229 -0.079599458602840178 0.083903388432229095 -0.00011458440274547614 0.17149909887771894 -0.15328230443400723 0.10288732450164123 -0.094169392409686303 -0.036836975453528785 -0.078755892800157809 0.15105867591429209 0.022795168865379162 -0.10158744828613742 0.10995348480346859 -0.22651777898038752 -0.0059574738729683092 0.27541958528202753 0.03291268506632488 -0.13343750489714984 0.086500893445215554 -0.15927317305327468 0.059337444880580459 -0.035420646615736288 0.10536096341600615 -0.06391520362565685 0.058342860535808332 -0.024024327300993152
leaf_weight=427.0588389816694 5.2781918835971728 6.0667300877976222 7.6810821555554964 6.7389250804262693 7.6747785393381482 2.5278179110027841 141.32724135179888 2.9249347914010277 2.5417506285011751 2.1458498984575272 2.0059037369210273 2.7551181884482503 3.7089159545430475 2.2693737745285025 3.7151780319400114 6.1802879547467455 2.201556676067411 1.0963571667671197 1.4315018396591765 0.73922472749836643 6.9383730917179491 4.1987320504849759 4.6379203093238166 1.7773387433262531 1.996713551925495 9.2685770272801147 3.9821661373134685 2.8920108480378985 4.7328442385187373 2.906377125531435
leaf_count=8486 1881 772 75 207 695 38 2662 26 18 12 33 26 701 19 38 98 72 29 58 17 171 83 142 50 49 330 28 24 69 16
internal_value=-0.00013342 0.00180605 -0.00539191 -0.00255546 -0.0271702 -0.00935182 0.00247455 -0.0211063 0.0034278 -0.0486007 0.00768013 -0.0927143 0.000620447 0.0319334 -0.000540897 -0.0548889 0.000617525 9.65655e-05 -0.101617 0.000656096 0.0562621 -0.000288743 0.000860873 -4.57399e-05 -0.0562099 -0.0553491 0.0615187 0.0440121 0.0119719 -0.0886815
internal_weight=681.401 497.799 183.602 178.323 30.2572 22.5825 148.066 20.0546 12.3736 9.44862 4.15175 5.29687 491.732 17.5853 474.147 9.89547 464.252 462.05 2.52786 459.522 7.6776 451.844 442.743 438.105 9.10182 11.0459 13.8764 11.607 7.62486 7.10511
internal_count=16925 11252 5673 3792 923 228 2869 190 115 89 45 44 10480 841 9639 136 9503 9431 87 9344 188 9156 9008 8866 148 380 140 121 93 99
is_linear=0
shrinkage=0.1


Tree=86
num_leaves=31
num_cat=0
split_feature=4 0 0 3 3 2 2 3 5 5 2 5 3 2 1 2 5 4 3 4 0 4 2 0 4 4 0 5 1 0
split_gain=0.62742 2.72806 2.65732 2.39639 1.79666 1.77953 2.98332 2.75858 2.16199 1.23994 1.03536 2.60682 3.04331 2.38097 1.73555 2.73924 1.62611 1.53186 2.1811 1.49901 3.13295 3.42049 1.64847 1.52487 7.38973 5.00603 2.1128 2.60167 4.56867 2.00765
threshold=0.00055375499051170016 0.036038961038961002 0.036038961038961002 1.0005424719430749 1.0001581310186152 0.072151759158743375 0.016081733349366554 1.0000001136767176 0.13518893847201183 0.01384013657137635 0.036444140663764509 0.01384013657137635 1.0011448325212582 0.042459766954358658 0.010842409437749003 1.0000000180025095e-35 0.093079613136013525 0.0014856019044231002 1.0053100241536783 0.00090450457180900009 0.063164893617021267 0.0020208865019779006 0.10426737109555446 0.10582306830907051 0.0064629201535956011 0.0048505778491067008 0.095695970695970675 0.081781219692427659 0.093318343729711262 0.12613636363636363
decision_type=2 2 2 2 2 2 2 2 2 2 2 2 2 2 2 2 2 2 2 2 2 2 2 2 2 2 2 2 2 2
left_child=1 3 -2 4 5 6 8 -7 9 -1 11 14 16 -12 -4 -16 -13 -14 -19 22 -21 -22 -15 25 -25 26 27 28 -23 -26
right_child=2 -3 10 -5 -6 7 -8 -9 -10 -11 13 12 17 19 15 -17 -18 18 -20 20 21 23 -24 24 29 -27 -28 -29 -30 -31
leaf_value=0.010441369832283774 0.083506177505954737 -0.10259132760115147 -0.042475508934246925 -0.10797371055039483 0.073679177229616977 -0.040576797052336723 -0.09218477512349503 0.10497153714267443 0.10939154153488651 -0.092162251397667469 0.087535393262793817 -0.11815781447463809 -0.11348352911218812 -0.01178005027059004 0.11317066356052624 -0.031987436881844099 -0.040706474324527224 0.11329738983092159 -0.041039053059060103 0.050296286756149527 -0.093022352788591875 0.031520070505834379 -0.13257596136558467 -0.100092793723865 0.044423635447157578 0.12650748093850114 -0.070961883886814944 0.049951833028725259 -0.1254063156089836 -0.00024184274815288836
leaf_weight=4.2284738109447186 3.8311966387554994 3.1520150098149307 2.5431956569664198 1.9956127326004196 3.361591992666944 2.2934460360556832 4.4744406365789473 3.0127931595779955 1.7192661645822225 1.6325494884513316 3.1458684131503096 4.5310099297203106 0.67149996757507224 3.1907550203613928 3.3857552288100123 2.1102960216812789 6.7476829970255494 2.2462481046095495 1.5458128955215213 12.507399599999188 3.9497488960623732 5.1327504822984427 1.7489906281698493 7.38843362868647 10.24861745815724 4.0285015925765029 3.1215676018036893 10.789643451571463 2.9053760254755616 556.77910923605668
leaf_count=46 57 424 39 26 34 30 78 36 13 30 47 68 16 55 49 42 89 48 39 144 216 48 48 604 112 89 66 95 29 14208
internal_value=-0.000137251 -0.0154107 0.000468262 -0.00331488 0.00676392 -0.00619284 -0.0274341 0.0420631 0.0107865 -0.0181382 -2.21432e-05 -0.0205015 -0.0441612 0.000757182 0.0258285 0.0574349 -0.0718211 0.0257308 0.050383 0.000318139 0.000757521 -0.000267725 -0.0545496 0.00034247 -0.000729264 0.0240404 0.00523398 0.0178669 -0.0252009 0.000565454
internal_weight=678.42 25.8702 652.549 22.7182 20.7226 17.361 12.0547 5.30624 7.58029 5.86102 648.718 23.7815 15.7423 624.937 8.03925 5.49605 11.2787 4.46356 3.79206 621.791 616.851 604.344 4.93975 600.394 574.416 25.9778 21.9493 18.8278 8.03813 567.028
internal_count=16925 717 16208 293 267 233 167 66 89 76 16151 390 260 15761 130 91 157 103 87 15714 15611 15467 103 15251 14924 327 238 172 77 14320
is_linear=0
shrinkage=0.1


Tree=87
num_leaves=31
num_cat=0
split_feature=4 0 0 3 4 0 3 5 2 4 2 0 4 2 0 4 4 0 3 3 3 2 2 0 1 1 3 1 3 2
split_gain=0.621691 7.69955 7.49074 4.20455 2.59969 4.15582 2.59813 3.20752 6.11068 2.33078 2.6282 2.60118 3.75959 2.30277 2.25386 6.09568 3.98747 3.96366 2.82776 3.61839 3.52152 2.672 3.8842 2.54076 3.90284 3.63609 3.28842 2.40288 2.2947 2.28865
threshold=0.014399976381286001 0.17712418300653593 0.16807909604519775 1.0111252082521587 0.0086678218422785516 0.13100686498855832 1.0018709116917033 0.15691493115119257 0.15021620658515342 0.017566784025184756 0.13403281475599929 0.21103238866396759 0.022076596145757851 0.21804763463467766 0.26442841287458385 0.03977591363889136 0.033823491830934409 0.2869249394673124 1.0001927314292371 1.0078850737289038 1.0148084909528645 0.18810162000329936 0.20627610395962828 0.29217479674796754 0.27811222515466205 0.29438294267965159 1.0053100241536783 0.2666655707644095 1.0076111299370327 0.19099178889102511
decision_type=2 2 2 2 2 2 2 2 2 2 2 2 2 2 2 2 2 2 2 2 2 2 2 2 2 2 2 2 2 2
left_child=2 13 3 4 5 -1 7 8 -6 10 -3 -11 -13 -2 16 23 18 -17 -14 -20 -21 -19 -23 24 27 -26 -27 28 -16 -18
right_child=1 9 -4 -5 6 -7 -8 -9 -10 11 -12 12 14 -15 15 17 29 21 19 20 -22 22 -24 -25 25 26 -28 -29 -30 -31
leaf_value=0.0022903148133576723 0.11690374048262014 0.068609845189187932 -0.082969776026350944 -0.093504447635928578 -0.0060216772032887691 -0.083852254197661444 0.093463886973491728 -0.033097046034667732 0.17917099381990964 0.044294064458245935 -0.082536603049783136 -0.074386456385280852 0.043752347090943729 -0.0049889166398557235 -0.086248249131150964 0.098989788923483035 0.0095448321833661691 0.097032600043877884 -0.059883965076128566 0.12167459128989251 -0.022834791332675269 -0.13298645116554456 0.00034591005757428052 -0.10204698464431855 0.11536658232090186 -0.15028835391994977 0.038201218038699372 -0.17492346466032346 0.042836425803485054 0.12438456456331502
leaf_weight=110.05154050060082 7.401363695971666 1.4088927200064052 11.606787685275775 4.5939470622688523 5.0726676993072051 5.900714404473546 5.7489977972581974 7.3157532494515181 2.7463680580258369 13.324718016665427 6.2711850001651328 6.7886067474901202 12.134897053241732 1.9603808205574749 4.4277373049408215 4.1093486410100004 2.5666219221893689 2.8364887170901047 9.5456036329269427 2.7990372963249674 4.2419008268043399 2.1963939516572273 417.40948600062984 7.0769063483749042 2.7648831503465763 1.5066742124035957 2.399852333124727 1.868994330987334 1.9988161725923417 5.3583734976127744
leaf_count=1783 217 22 1201 114 38 309 104 51 21 187 307 354 88 28 50 101 67 45 75 19 42 28 10493 925 33 26 30 18 21 128
internal_value=-0.000135715 0.00150636 -0.00574101 0.000596955 0.00375619 -0.00209341 0.0362347 0.014496 0.0590256 -0.000133613 -0.0548091 0.000697312 -0.000483335 0.091379 0.00055058 -0.00139734 0.0243955 0.00125263 0.00706825 -0.0197702 0.0346131 0.000301881 -0.000352008 -0.0526747 -0.0293297 0.0276129 -0.0344957 -0.0751238 -0.0460997 0.0871921
internal_weight=675.434 522.397 153.037 141.43 136.836 115.952 20.8838 15.1348 7.81904 513.035 7.68008 505.355 492.031 9.36174 485.242 448.596 36.6464 426.552 28.7214 16.5865 7.04094 422.442 419.606 22.0439 14.967 6.67141 3.90653 8.29555 6.42655 7.925
internal_count=16925 13304 3621 2420 2306 2092 214 110 59 13059 329 12730 12543 245 12189 11770 419 10667 224 136 61 10566 10521 1103 178 89 56 89 71 195
is_linear=0
shrinkage=0.1


Tree=88
num_leaves=31
num_cat=0
split_feature=0 4 1 1 2 2 3 5 4 4 2 1 2 4 2 3 4 0 5 4 0 2 1 1 0 4 4 1 0 3
split_gain=0.585279 1.4937 1.29584 2.3297 2.40477 2.50988 2.34291 3.11057 2.26007 1.81719 0.870264 3.2444 0.833969 0.988984 0.804732 0.791858 0.917265 2.12765 1.19399 0.850162 2.30525 2.7683 1.49684 2.86688 0.851537 3.82125 3.4423 2.44582 2.62064 2.17748
threshold=0.9826073805202663 0.51817159892918629 0.61644360284162947 0.67203580675806818 0.63560998633511223 0.68528739362365099 1.1872213772209419 0.56328458625012567 0.51817159892918629 0.48501478541153359 0.5580199289277078 0.60199866524282075 0.79362568309262749 0.47045312638461473 0.68201298435578883 1.5969055171940298 0.24986333713899725 0.8119103773584907 0.54723024023560152 0.43560706353394768 0.90098039215686299 0.70736631046135956 0.65698285636923914 0.59939892064339328 0.77871939736346529 0.26484540856017186 0.28724007158121173 0.6539470216532639 0.932768361581921 1.0814325633474631
decision_type=2 2 2 2 2 2 2 2 2 2 2 2 2 2 2 2 2 2 2 2 2 2 2 2 2 2 2 2 2 2
left_child=1 15 9 14 -5 -6 7 -7 12 -2 11 -3 -9 -14 -4 19 -17 -18 -19 24 -21 22 23 -22 26 -26 -1 28 29 -27
right_child=2 10 3 4 5 6 -8 8 -10 -11 -12 -13 13 -15 -16 16 17 18 -20 20 21 -23 -24 -25 25 27 -28 -29 -30 -31
leaf_value=0.00010587872707463228 -0.11401938265863872 0.10424538068947829 -0.052198498872546788 -0.19516123273460159 0.12833532580615556 0.16526063123268978 0.084841079541416717 -0.14280658551110714 0.11709887726582094 0.13379929642901925 0.10864617293589746 -0.36406264456231596 -0.11011348610810073 0.15308400298603775 -0.13488282694638223 -0.12252160137250195 0.081006381528002366 0.012248212976746078 -0.10524114982393176 0.10680141131995494 -0.055557823100132755 0.080318769937076664 -0.066142434897842606 0.065312013121120949 -0.087505683051737615 -0.02212681638973148 0.061539728825702515 0.019807185510616346 -0.10865470939184968 0.032591811232351796
leaf_weight=536.57195020736253 0.40351007133722205 0.57457836743560564 3.0694403561064965 0.56969728250987639 1.6174041312187908 0.56560810049995769 1.7541291541128883 2.5354143762670001 0.4722239983966573 1.1094363134761804 1.9904761244833933 0.19923000037670135 0.38612920955347352 0.22651869058609009 1.9092354711610822 1.0152078246319423 1.5166170224547384 1.408354693092406 2.241900397464633 2.7027754448354271 3.7020205939188582 3.8754506940022102 4.0750235319137573 4.1758390199393034 5.8693155070723142 37.11781301535666 9.2785342640709114 27.961134422279429 2.9479687260463825 9.0446023368276638
leaf_count=11803 5 716 39 7 16 4 68 90 8 96 383 1 138 1 20 267 27 25 98 219 29 27 22 26 1438 303 417 506 44 82
internal_value=-0.000132919 0.000307911 -0.0199228 -0.0300386 0.0029609 0.0178958 -0.0121757 -0.0528312 -0.0869043 0.0677049 0.0736619 -0.0163284 -0.117506 -0.0127996 -0.0839065 -2.3725e-06 -0.0356222 -0.0185479 -0.059911 0.000337806 0.021448 0.00687348 -0.0169395 0.00851199 -0.000284334 -0.00972497 0.00115015 -0.00380164 -0.0172434 -0.0114058
internal_weight=670.888 656.269 14.6187 13.1058 8.12712 7.55743 5.94002 4.18589 3.62029 1.51295 2.76428 0.773808 3.14806 0.612648 4.97868 653.505 6.18208 5.16687 3.65026 647.322 18.5311 15.8283 11.9529 7.87786 628.791 82.9408 545.85 77.0715 49.1104 46.1624
internal_count=16925 16433 492 391 332 325 309 241 237 101 1100 717 229 139 59 15333 417 150 123 14916 323 104 77 55 14593 2373 12220 935 429 385
is_linear=0
shrinkage=0.1


Tree=89
num_leaves=31
num_cat=0
split_feature=4 5 0 4 0 4 0 4 0 5 2 0 0 2 2 3 1 5 2 3 2 2 5 3 4 0 4 0 4 0
split_gain=0.566853 2.07942 1.99122 1.68095 1.56701 0.943078 2.00531 3.12843 2.61832 1.98188 1.7403 1.5092 1.03618 1.19113 1.03053 2.42768 1.6679 2.78586 2.62763 1.97524 1.75157 1.68836 1.60883 1.46632 1.41144 2.01062 3.22812 1.8282 2.0441 3.52319
threshold=0.00028949809642300008 0.15369574332033845 0.021980676328502403 0.00014751373249445005 0.025978407557354904 0.00066302715838925013 0.042109929078014162 0.0010484628207390503 0.047065337763012159 0.019891738566882752 0.052206843354915058 0.036038961038961002 0.031754032258064509 0.11506273281926661 0.036444140663764509 1.0011448325212582 0.074892482628737767 0.16139760163386244 0.062923856532704311 1.0002466771110343 0.062923856532704311 0.10770785633190061 0.007481283769174351 1.0041819498565812 0.0011655330713767503 0.063164893617021267 0.0020208865019779006 0.07207792207792206 0.0067914387658644512 0.12613636363636363
decision_type=2 2 2 2 2 2 2 2 2 2 2 2 2 2 2 2 2 2 2 2 2 2 2 2 2 2 2 2 2 2
left_child=1 2 -1 -3 -2 9 10 -8 -9 11 -7 -6 -11 -14 15 22 17 18 -16 21 -19 -20 -10 -17 -18 -26 -27 -28 -29 -30
right_child=4 3 -4 -5 5 6 7 8 14 12 -12 -13 13 -15 16 23 24 20 19 -21 -22 -23 -24 -25 25 26 27 28 29 -31
leaf_value=-0.010256860592053841 0.061050894046050033 -0.10203789376314321 -0.10871634656777476 0.1387696320571549 0.050732752987468578 0.086576706983943874 -0.086615879509781946 0.13096992805476912 0.0064813818608681923 -0.018254596972855416 -0.0084772975859132432 -0.056970962089396948 -0.11660476529880498 0.022018663457921514 -0.047112806957944176 0.083427480758224926 -0.11368066630649261 0.21278279780666762 0.03105139510452027 -0.0088439374905870168 0.050813196637728313 0.13399325524580327 -0.070320992294722287 -0.025664676634542277 0.075053276260788296 -0.11694761954708328 0.086385820552979373 -0.029443862041989094 0.069089975377176455 -4.1295139993529454e-05
leaf_weight=6.9293241631239635 4.2135691363364449 0.37782658202922803 2.9193891571485437 1.2453026412986217 4.1281538903713209 4.9789267778396589 4.1624298447277388 1.5312468092888583 3.9372801510617164 3.3592450544238091 3.1413633422926068 1.8997450615279374 3.5475071456748992 0.75108816241845477 4.8442072060424861 2.8005630858242503 1.0937846689485002 1.2217405161354684 3.575143554247914 4.6001362786628306 1.4722151334863154 2.8740471806377172 8.8765126471407694 2.1999376753810793 3.549839253537356 2.3682954976102328 2.4418120021000496 23.143624376447406 7.4723439496010533 549.14210995960457
leaf_count=105 44 239 159 16 27 49 145 20 47 20 34 54 101 35 79 59 27 14 45 91 30 28 119 72 38 138 20 805 118 14147
internal_value=-0.000121214 -0.0221587 -0.0394426 0.0827153 0.000263389 -0.000128782 0.000427145 -0.000207982 0.000365517 -0.0261029 0.0498047 0.016789 -0.0598654 -0.0923833 4.58507e-05 -0.0236609 0.000740685 0.0302344 0.0142957 0.0412181 0.124268 0.0769269 -0.046722 0.0354331 -0.000189735 2.13358e-05 -0.000434302 3.96555e-05 -0.000324015 0.000886767
internal_weight=668.799 11.4718 9.84871 1.62313 657.327 653.113 639.428 631.307 627.145 13.6857 8.12029 6.0279 7.65784 4.2986 625.614 17.8143 607.799 18.5875 15.8935 11.0493 2.69396 6.44919 12.8138 5.0005 589.212 588.118 584.568 582.2 579.758 556.614
internal_count=16925 519 264 255 16406 16362 16125 16042 15897 237 83 81 156 136 15877 297 15580 287 243 164 44 73 166 131 15293 15266 15228 15090 15070 14265
is_linear=0
shrinkage=0.1


Tree=90
num_leaves=31
num_cat=0
split_feature=0 4 4 4 0 1 1 3 3 3 3 1 0 5 1 2 2 1 1 4 2 0 4 5 3 1 3 1 5 3
split_gain=0.566163 4.88842 4.43583 1.73537 2.41189 1.95891 1.85172 1.63066 8.1988 2.00676 3.04661 1.70498 2.67321 1.65477 1.55164 4.17179 9.08967 1.51917 3.84743 5.6285 3.14522 1.47387 3.9469 2.89305 2.80183 3.55766 3.44889 2.82309 2.47733 2.2744
threshold=0.67890835579514841 0.23878783265234324 0.18627570294827284 0.25324482261369285 0.74527629233511605 0.63422202584765974 0.49351727505112936 1.0004210467487633 1.0235202472099634 1.0661220405378558 1.1134441523702872 0.54127575758850277 0.69309262166405039 0.55250264900331658 0.66557569778952674 0.68528739362365099 0.67886709521238264 0.57777839677905451 0.58031560734064214 0.17163128551578141 0.57599417051962509 0.5929064657878218 0.16968799885097666 0.65205032218578218 1.0382826008115529 0.53263110867282915 1.0009807908646831 0.48266164221563818 0.41643954957842949 1.1037986205630659
decision_type=2 2 2 2 2 2 2 2 2 2 2 2 2 2 2 2 2 2 2 2 2 2 2 2 2 2 2 2 2 2
left_child=1 17 -2 4 5 7 -5 11 -9 13 -11 -4 -13 -10 -6 16 -16 21 -19 -20 -21 22 29 -24 26 -26 -23 -28 -29 -1
right_child=2 -3 3 6 14 -7 -8 8 9 10 -12 12 -14 -15 15 -17 -18 18 19 20 -22 24 23 -25 25 -27 27 28 -30 -31
leaf_value=0.001199919167941133 -0.10112685893380811 0.095210749491712793 -0.13057714268333181 0.088445486925291583 -0.10598141577122488 0.072403171591375479 0.00063977716953755046 0.14116151307298372 -0.14777853011592962 0.10034405414377889 -0.073270008102576847 0.059384023699492305 -0.085353530247197551 -0.033619884489677607 -0.10156993622289 -0.10176617630831174 0.67427675399469322 0.1816499669620511 -0.1037736567694231 -0.025659404418970574 0.11364582583006116 -0.0078313707601876982 0.087377442198915259 -0.11114541879208616 -0.027371228633570884 0.095539293017193716 0.034660115052340894 -0.005362605979910149 -0.13337035955108237 -0.044063404872673899
leaf_weight=412.5448993743048 4.6668543006999235 5.5219816306198473 2.1872751750052073 2.4425588552257969 4.9526449918048447 2.6320106440689406 143.77618920188979 3.182175761088728 2.3813480995595437 1.8855924457311628 2.1785531768109649 2.1750728935003281 3.0872911065816879 2.7201693262904882 0.37401743326336134 1.3144865373615173 0.25325739034451544 1.5765577623387788 2.8949947768851398 2.5709850341081619 4.3851691021118313 16.779593181738168 7.7484494150849041 0.81088543217629183 5.3145288512750977 4.2288658346224111 1.7522720964625467 1.9517438227776418 6.7080094126285985 11.408311998064162
leaf_count=8403 1881 772 17 711 217 38 2158 26 18 12 33 13 45 26 47 418 13 32 559 17 36 254 283 8 110 109 21 22 123 503
internal_value=-0.000116544 0.00165799 -0.00490415 -0.00234604 -0.0245482 -0.00864784 0.00210656 -0.0194233 0.0028687 -0.0451444 0.00727961 -0.0563725 -0.0255297 -0.0869082 -0.0762766 -0.000511713 0.211672 0.000583257 0.0366078 0.0133956 0.0621588 -0.00029406 0.00133926 0.06857 -0.0195245 0.0270928 -0.0358857 -0.0810968 -0.10452 -1.80882e-05
internal_weight=666.407 486.197 180.209 175.543 29.3239 22.4295 146.219 19.7975 12.3478 9.16566 4.06415 7.44964 5.26236 5.10152 6.89441 1.94176 0.627275 480.675 11.4277 9.85115 6.95615 469.248 432.513 8.55933 36.735 9.54339 27.1916 10.412 8.65975 423.953
internal_count=16925 11252 5673 3792 923 228 2869 190 115 89 45 75 58 44 695 478 60 10480 644 612 53 9836 9197 291 639 219 420 166 145 8906
is_linear=0
shrinkage=0.1


Tree=91
num_leaves=31
num_cat=0
split_feature=4 0 0 4 4 2 1 1 4 2 1 0 4 2 0 4 4 0 4 5 1 5 1 2 4 1 1 5 5 5
split_gain=0.57511 7.4806 6.76601 2.79752 2.41255 3.9768 2.38357 2.81083 2.23066 2.13596 4.95474 2.56044 2.12736 1.86918 1.78573 5.21855 4.53649 2.51506 3.69665 2.72337 2.33817 2.29022 2.2648 4.65569 2.62094 2.20812 4.74885 2.91173 4.3531 2.95263
threshold=0.047642386516152456 0.29217479674796754 0.31311274509803927 0.041744456881790806 0.03977591363889136 0.31862430499523203 0.33665891194219483 0.29666849111854177 0.034664915508300205 0.29976875313958823 0.27811222515466205 0.32529069767441865 0.04972608306639726 0.36435397986838797 0.42163742690058481 0.093868833520041717 0.088204550941678825 0.47871376811594207 0.10519563293237992 0.33941905094287877 0.38306798419656768 0.25040085046835225 0.38622183848058739 0.43580471220583461 0.15138563381925213 0.30169239690373811 0.31485648463884319 0.30638202480747961 0.28321349739877605 0.33361123141324461
decision_type=2 2 2 2 2 2 2 2 2 2 2 2 2 2 2 2 2 2 2 2 2 2 2 2 2 2 2 2 2 2
left_child=1 4 13 -3 6 -6 7 -1 -9 -5 -11 -12 -4 -2 16 21 25 -17 -19 22 -21 -16 24 -24 -20 -14 -27 28 -28 -29
right_child=2 3 12 9 5 -7 -8 8 -10 10 11 -13 14 -15 15 17 -18 18 19 20 -22 -23 23 -25 -26 26 27 29 -30 -31
leaf_value=0.00012504476655163092 0.10214545784323961 -0.10268386163675221 -0.10758862650323603 -0.078759195421821152 0.11169485051536072 -0.08313047670556406 0.090867047693865041 -0.11401049232955052 0.026684251870141586 0.24027984702195618 0.039181384011283175 -0.10248542835147055 -0.032394356752397574 -0.043311091243979638 0.070021792042980466 0.037085847865830399 0.090653065801729035 -0.10596344663492263 -0.17634261102444385 0.10288625190980774 0.0014092328089860926 -0.058187465300347657 0.069764601406737584 -0.068844994356382833 0.10153613205168835 0.11487386735479937 0.012731399449106751 -0.08799045236124875 0.1523488475138208 0.001832197236603255
leaf_weight=222.7081011859118 8.2867977542336995 9.3173641396679177 1.8212395205191558 4.5998643953353149 4.3778133634477845 1.3773438204079864 2.8217141771456218 3.8362829007674 1.5955624580383299 0.81961818039417256 2.8422726299613714 2.3148307132505579 11.543554047122596 0.98887762683443803 1.4956724925432379 18.326624986424576 7.2469586561201131 3.3235382262791964 2.0540804155170913 2.2895437529659821 274.38519786775578 20.352221397508401 3.566721201001199 7.5585776076186448 0.40661930639180344 4.4343140115961424 9.4085311931557936 4.3748127790167954 2.9281696937978259 22.386377642396837
leaf_count=4123 382 1773 107 49 74 11 66 129 11 6 18 265 104 18 38 321 335 330 12 344 5909 1462 35 148 399 44 85 38 27 262
internal_value=-0.000126927 -0.00383472 0.00220979 -0.0627306 0.00111496 0.0650686 -0.000478654 -0.00160845 -0.0726825 -0.027534 0.0118904 -0.0244075 0.000241636 0.0866384 0.000737455 -0.00216405 0.0162759 0.00114534 -0.0010982 0.00010253 0.00224898 -0.0494105 -0.0436092 -0.0244074 -0.130424 0.00648929 0.0168002 0.00567707 0.0458702 -0.0128517
internal_weight=663.789 256.611 407.178 19.894 236.717 5.75516 230.962 228.14 5.43185 10.5766 5.97672 5.1571 397.903 9.27568 396.082 333.759 62.3227 311.911 293.584 290.261 276.675 21.8479 13.586 11.1253 2.4607 55.0758 43.5322 39.0979 12.3367 26.7612
internal_count=16925 6525 10400 2111 4414 85 4329 4263 140 338 289 283 10000 400 9893 8998 895 7498 7177 6847 6253 1500 594 183 411 560 456 412 112 300
is_linear=0
shrinkage=0.1


Tree=92
num_leaves=31
num_cat=0
split_feature=4 0 0 3 1 1 5 1 4 1 5 0 4 4 0 4 0 4 2 1 1 4 0 1 5 5 3 3 5 2
split_gain=0.563409 5.37507 5.09537 3.53941 2.16686 2.68808 4.63443 2.87765 3.12554 3.05286 3.33454 2.24965 5.56336 3.25871 2.83372 2.91522 2.83182 3.708 4.10306 3.56718 3.41503 2.109 3.6492 2.03017 3.6962 4.38948 3.73543 2.90989 2.19481 1.89178
threshold=0.010459976214370751 0.14415584415584412 0.14946808510638296 1.0111252082521587 0.10592631415623752 0.188553330095624 0.30080241070625841 0.19570330213166748 0.023186581059997553 0.19948543469592719 0.11558332832114931 0.20169491525423733 0.023887289051648053 0.014907607164159902 0.21913109756097562 0.020158926624543754 0.24780701754385961 0.029317645315857253 0.17329121947216153 0.26088599753186859 0.2251975037295201 0.03977591363889136 0.32109164420485176 0.17076737703902362 0.18778389032997814 0.16521493425875808 1.0076111299370327 1.0003701833543546 0.097556381415748114 0.20627610395962828
decision_type=2 2 2 2 2 2 2 2 2 2 2 2 2 2 2 2 2 2 2 2 2 2 2 2 2 2 2 2 2 2
left_child=1 3 -2 -1 -4 6 23 8 -7 -9 21 13 14 -12 15 -13 19 -18 -19 20 -14 -11 -23 -6 25 27 -26 -25 -29 -20
right_child=2 -3 4 -5 5 7 -8 9 -10 10 11 12 16 -15 -16 -17 17 18 29 -21 -22 22 -24 24 26 -27 -28 28 -30 -31
leaf_value=0.0016009830476227298 0.094786120239704952 -0.089851357427298287 -0.065937489574227112 -0.11310882257636604 0.01932847717548877 -0.16823811441180189 -0.11510703551881984 0.14069548423612821 -0.0040791277122003968 -0.10216257905799007 -0.020798521790659663 -0.10717549001936358 0.085186454282845742 0.099548834152066182 -0.1075912785965884 0.069249986512341585 -0.10348007305408893 0.13806597020636988 -0.06110836310674711 0.12415056721817751 -0.051873752792189344 0.12054050074906753 -0.09565218713134413 0.1530012058266022 -0.062746337945658273 0.25368678789425891 0.12175713530609474 0.11266403627769379 -0.087266586036751581 0.00071405587571054337
leaf_weight=116.45085030712653 5.7669341368600717 7.2294140378180591 4.8964785924181333 2.7534599050413808 21.173170729191042 2.1357898237183681 2.1236407370306543 1.5319106020033348 2.5381872766884044 5.2297706552781147 3.8657901119440776 1.5672357152216121 3.2418868122622353 5.3828583862632513 7.2137631876539672 2.3275368064641953 3.4442087502829954 2.1632640715688458 5.0071840474847695 4.1568705756217241 4.1387186874635518 1.4161527825053783 1.7401265843946019 2.1444808663800341 2.9706623181700706 1.8155535031110046 1.7400664035230873 0.90329091064631972 1.4002502989023922 431.05586075001338
leaf_count=1969 194 1054 69 70 294 43 37 35 40 99 41 65 37 69 837 13 331 35 66 42 46 37 50 21 29 17 37 19 35 11194
internal_value=-0.000124774 -0.00612635 0.00129862 -0.00104866 0.000276226 0.000896817 0.027969 -0.00100379 -0.0790921 -0.000248887 -0.000696887 0.000410006 -0.000562742 0.0492455 -0.0704796 -0.00174269 0.00115098 -0.000126603 0.000685697 0.0500588 0.00832912 -0.0632038 0.00134869 0.0374205 0.0723263 0.122656 0.00540624 0.0691727 -0.00886751 4.16717e-06
internal_weight=659.525 126.434 533.092 119.204 527.325 522.428 34.2711 488.157 4.67398 483.483 481.951 473.565 464.317 9.24865 11.1085 3.89477 453.208 441.671 438.226 11.5375 7.38061 8.38605 3.15628 32.1475 10.9743 6.26358 4.71073 4.44802 2.30354 436.063
internal_count=16925 3093 13832 2039 13638 13569 489 13080 83 12997 12962 12776 12666 110 915 78 11751 11626 11295 125 83 186 87 452 158 92 66 75 54 11260
is_linear=0
shrinkage=0.1


Tree=93
num_leaves=31
num_cat=0
split_feature=5 3 4 1 2 2 0 5 1 2 4 3 1 5 5 4 1 5 4 0 0 2 1 5 2 1 3 4 2 3
split_gain=0.532549 1.04088 0.937023 1.04191 2.07506 0.794444 0.710174 0.671682 2.55195 2.40227 2.28966 1.71085 2.61084 2.14006 1.79665 2.19637 1.38071 1.27783 1.24045 1.60229 1.20271 0.780979 2.58718 1.11227 1.04704 1.93207 2.64573 2.85057 2.63569 2.02886
threshold=0.81313351918947785 1.2643571023220275 0.27767986504660014 0.74596300570499696 0.74528112307776062 0.53969943526221709 0.93813775510204089 0.73850755680917068 0.58476808711380157 0.58161312528333731 0.21560497119847641 1.1400605493898344 0.6988702100993972 0.76077764502207657 0.7560906689869733 0.32308826765304338 0.65984253040412744 0.73339182158310712 0.44469732939043199 0.82025641025641038 0.82025641025641038 0.81492666272111325 0.75973956939755383 0.53652138232762503 0.71871432945003566 0.65984253040412744 1.2728978440105563 0.34688589376087337 0.73703308355515118 1.0032730259131124
decision_type=2 2 2 2 2 2 2 2 2 2 2 2 2 2 2 2 2 2 2 2 2 2 2 2 2 2 2 2 2 2
left_child=7 2 5 6 -5 -2 -4 17 9 -9 -10 12 14 -14 -12 -16 -13 21 19 -15 -19 24 23 -23 -1 29 27 -27 -29 -26
right_child=1 -3 3 4 -6 -7 -8 8 10 -11 11 16 13 18 15 -17 -18 20 -20 -21 -22 22 -24 -25 25 26 -28 28 -30 -31
leaf_value=-0.00052725270112290482 0.11487313610451591 -0.13448581855888417 -0.062401528540257295 0.2729867919033917 -0.019824836718612626 -0.11413151519037996 0.021887282025252894 0.024358855320809808 -0.10877894449289485 0.22622339594254939 0.084894572050251416 -0.037186422354247795 -0.17547575933236603 0.11065902192481264 -0.069681556802564756 0.043237326846723018 0.10461559943242529 0.0098203364758690116 0.066252863871913162 -0.11382177574687419 -0.15122227233770313 0.0074052472890774384 0.12488867647904789 -0.09161851891833718 0.24260523462047787 -0.083063869307674662 -0.2307020733473315 0.12662471157036523 -0.0025561412676312792 0.048932658834295296
leaf_weight=601.62155354054994 0.17273704707622428 0.80242107883896086 1.8283772716531528 0.4034353340975938 0.60490154218859971 1.2313854359381364 2.2052136649144813 1.3137899935245543 1.6121920850600897 1.0693772125523535 3.5099497849587369 0.88026347645791148 1.2625404426653393 0.39989998657256398 2.8937321675475687 4.2560369007987902 3.1219467221526429 0.80957288001081806 1.0672575533390043 1.5519404724473131 1.0856083024991674 1.632194062534835 0.86606678705720685 3.7185214129713131 0.59209238423500465 2.5151557215322065 0.48633339728985525 2.3794558271765709 4.6975200627930462 6.2560050970496377
leaf_count=13885 2 138 30 6 46 655 35 32 482 20 37 20 49 5 50 38 61 33 7 95 31 52 139 243 19 408 10 20 54 223
internal_value=-0.000125862 -0.0270813 -0.0137113 0.00640887 0.097329 -0.0859591 -0.0163198 0.000174917 0.0169819 0.11494 0.00562495 0.0153613 -0.000192276 -0.0661495 0.0263005 -0.00246443 0.073427 -0.000440302 -0.020431 -0.0678294 -0.082429 -0.000191595 -0.0354583 -0.0614121 0.000162857 0.0246914 -0.00315785 0.00837893 0.0408777 0.0656778
internal_weight=656.847 7.24847 6.44605 5.04193 1.00834 1.40412 4.03359 649.599 22.9389 2.38317 20.5558 18.9436 14.9414 4.28164 10.6597 7.14977 4.00221 626.66 3.0191 1.95184 1.89518 624.765 6.21678 5.35072 618.548 16.9266 10.0785 9.59213 7.07698 6.8481
internal_count=16925 912 774 117 52 657 65 16013 896 52 844 362 281 156 125 88 81 15117 107 100 64 15053 434 295 14619 734 492 482 74 242
is_linear=0
shrinkage=0.1


Tree=94
num_leaves=31
num_cat=0
split_feature=0 4 4 1 1 1 2 1 2 3 4 0 5 4 0 2 2 1 0 4 4 5 1 1 5 3 3 0 4 5
split_gain=0.553011 1.26962 1.19056 1.55643 1.876 1.24927 0.850958 2.32087 0.704717 0.652795 0.837608 1.72443 1.02164 0.654582 2.13121 2.34312 1.49457 2.61458 0.76032 5.88245 3.86151 2.28247 2.54818 1.78626 2.42091 2.29139 3.1307 2.27022 2.34762 2.24676
threshold=0.9826073805202663 0.51817159892918629 0.43560706353394768 0.71076752831379042 0.61644360284162947 0.65118634282193566 0.5580199289277078 0.60199866524282075 0.69139427223513616 1.5969055171940298 0.24986333713899725 0.8119103773584907 0.54723024023560152 0.43560706353394768 0.90098039215686299 0.69471029816589669 0.6503479999627565 0.60476404774595383 0.63299319727891168 0.17729381403800906 0.19494236360961539 0.32082225816330573 0.47936904130904251 0.58031560734064214 0.70357343491699631 1.0783527443836116 1.1818738269056885 0.80178571428571443 0.31763487981979355 0.47776403648526317
decision_type=2 2 2 2 2 2 2 2 2 2 2 2 2 2 2 2 2 2 2 2 2 2 2 2 2 2 2 2 2 2
left_child=1 9 -2 4 8 -6 7 -3 -4 13 -11 -12 -13 18 -15 16 17 -16 20 -20 -1 -21 -23 24 25 -24 -27 -25 -29 -30
right_child=2 6 3 -5 5 -7 -8 -9 -10 10 11 12 -14 14 15 -17 -18 -19 19 21 -22 22 23 27 -26 26 -28 28 29 -31
leaf_value=0.00053041285235992718 -0.10401164997453263 0.10426443657629159 0.13222098108114391 0.067994808370712465 -0.095733266482185234 -0.016330261382389698 0.10800648317387299 -0.28388641389899866 -0.051451832985282164 -0.12184558593752588 0.073060632368097303 0.0095677681993570785 -0.10125992784630784 0.10634134246614385 -0.065266757732874256 0.056951428066119816 -0.077171197368333597 0.061242533027766305 -0.10179838627883504 -0.12090486946062645 0.063953480603599441 0.080022193767125771 -0.032648846031081459 0.023362875411346302 0.065496856919836727 0.067458596551312186 -0.052052982066722625 -0.054403651185021877 0.086473193079528152 -0.0043214853054009223
leaf_weight=440.50750355956552 1.4969293170797744 0.47417847698670756 0.94280593263101653 2.1417590496130279 2.8635576021042635 6.4322470617480576 1.794314851722447 0.22817099094390869 0.26835101694450714 0.90259785229863965 1.4836609496269373 1.4077464321162554 2.0329286492196843 2.4239402500679743 2.9706517290323955 5.6714141713455311 3.4170474503189325 3.6297200657427311 6.172924504200636 1.6061306784395117 9.8136679043527675 3.7801736749242982 42.465074817184359 39.936661119805649 3.3034232207573941 5.7790885632857663 3.5312440670095384 9.0479295282857475 2.8955510295927516 46.391145081492141
leaf_count=9672 302 716 80 19 34 39 383 1 18 267 27 25 98 219 23 39 21 21 1910 23 529 69 367 508 37 71 81 843 24 459
internal_value=-0.000122862 0.000308294 -0.0196807 -0.00970042 -0.025538 -0.0407902 0.0714806 -0.0218334 0.0915254 3.02874e-05 -0.0332878 -0.0170557 -0.055915 0.000336823 0.0190733 0.00559034 -0.023488 0.00430407 -0.000214792 -0.00602401 0.00191257 -0.00229955 -0.00108721 -0.0030866 -0.0175028 -0.0227984 0.02213 0.00499336 -0.00758266 0.00101262
internal_weight=655.813 641.667 14.1456 12.6487 10.507 9.2958 2.49666 0.702349 1.21116 639.17 5.82693 4.92434 3.44068 633.343 18.1128 15.6888 10.0174 6.60037 615.231 164.909 450.321 158.736 157.13 153.35 55.0788 51.7754 9.31033 98.2713 58.3346 49.2867
internal_count=16925 16433 492 190 171 73 1100 717 98 15333 417 150 123 14916 323 104 65 44 14593 4392 10201 2482 2459 2390 556 519 152 1834 1326 483
is_linear=0
shrinkage=0.1


Tree=95
num_leaves=31
num_cat=0
split_feature=4 3 0 3 5 0 0 5 5 4 4 1 0 5 2 5 3 0 1 1 5 2 2 5 1 3 4 2 1 1
split_gain=0.520983 3.67069 2.88468 3.32854 3.17959 2.11778 1.54813 1.39304 0.796777 0.668574 0.65383 2.80254 1.35826 1.32644 1.10433 2.37122 2.56593 1.77732 2.30474 1.52818 2.67834 1.73049 1.62518 1.70106 1.5181 1.3447 1.64687 1.31655 1.15027 4.58005
threshold=0.00045421448330245007 1.0004844364999712 0.031754032258064509 1.0000715908821134 0.15369574332033845 0.031754032258064509 0.019419306184012056 0.01384013657137635 0.01384013657137635 0.00028949809642300008 0.00066302715838925013 0.074892482628737767 0.038838612368024113 1.0000000180025095e-35 0.036444140663764509 0.01384013657137635 1.0011448325212582 0.051503094606542808 0.010842409437749003 0.074892482628737767 0.14609425669786422 0.076621545249306353 0.042459766954358658 1.0000000180025095e-35 0.040882089863048858 1.0007637416579087 0.013311623591495353 1.0000000180025095e-35 0.10270434845798142 0.11815296994088977
decision_type=2 2 2 2 2 2 2 2 2 2 2 2 2 2 2 2 2 2 2 2 2 2 2 2 2 2 2 2 2 2
left_child=1 2 3 4 6 -2 -1 9 -5 -8 11 13 -12 -7 15 17 -17 -14 -19 20 21 -16 -21 25 -22 -24 -27 -20 -25 -30
right_child=5 -3 -4 8 -6 10 7 -9 -10 -11 12 -13 14 -15 19 16 -18 18 27 22 24 -23 23 28 -26 26 -28 -29 29 -31
leaf_value=0.035301578348748558 0.092710519872656369 -0.14574888518707041 -0.10306559578340131 0.14189803520688923 0.12253050101939372 -0.0075542215225239745 -0.048907206422419178 -0.10017921175395345 0.053470789943471909 0.029483245318280643 0.062610564652305342 0.084041586053498499 0.13257500233933969 -0.12241298157114032 -0.022090648052533256 -0.072676803425166706 0.022180335597032003 -0.11770425724344867 0.088900005405533652 0.14484075300033419 0.20684420586570818 0.038976073726095767 -0.010056697844809852 -0.028158150597696243 0.063400019024266244 -0.13895787566543158 -0.010978176463252208 -0.023872286174734542 0.063411753651319944 -0.00030586072769355415
leaf_weight=2.55007689143532 2.4755686931312075 1.964845278787833 2.4615479096646586 1.7230888912454236 1.5062554450705636 1.691352316411211 2.6620626724325103 3.621721284231171 2.4936236669309437 1.8399899601936338 3.483726378530263 1.4875152993481604 1.2748585734516407 2.4793114378117025 8.4286028277128988 10.120024239877237 3.970555107574909 1.2508071148768065 2.2525012991391122 0.77139760996214946 1.0592689942568534 10.324924801243467 5.6455434067174775 13.848679949413052 2.4310194589197636 2.3919439965393394 1.7346852702612521 1.915619922801852 11.520869444822891 542.0430852792415
leaf_count=46 43 230 206 19 19 24 41 54 27 9 38 45 9 50 143 146 96 29 39 18 16 140 90 256 48 51 42 40 179 14732
internal_value=-0.00011227 -0.0156757 -0.00212343 0.0130304 -0.0134796 0.000400027 -0.0326728 -0.0540102 0.0896051 -0.016869 3.73683e-05 -0.033803 0.000343989 -0.0758337 -5.32657e-06 -0.0226669 -0.0459472 0.0263388 0.00134562 0.000779422 0.0265 0.0115302 -0.000210489 -0.000404347 0.106934 -0.0417715 -0.0851599 0.0370712 0.000308093 0.00102024
internal_weight=653.425 20.8232 18.8584 16.3968 12.1801 632.602 10.6739 8.12377 4.21671 4.50205 630.126 5.65818 624.468 4.17066 620.984 20.7844 14.0906 6.69379 5.41893 600.2 22.2438 18.7535 577.956 577.185 3.49029 9.77217 4.12663 4.16812 567.413 553.564
internal_count=16925 651 421 215 169 16274 150 104 46 50 16231 119 16112 74 16074 359 242 117 108 15715 347 283 15368 15350 64 183 93 79 15167 14911
is_linear=0
shrinkage=0.1


Tree=96
num_leaves=31
num_cat=0
split_feature=4 3 1 2 4 0 4 2 1 3 4 0 3 5 1 2 0 5 1 1 5 5 2 4 0 5 5 0 4 0
split_gain=0.524768 2.02861 1.36389 1.51834 1.23141 1.05189 0.837191 0.703993 0.572296 2.299 2.18128 3.3872 3.02844 3.40746 3.09736 2.10081 2.31494 2.28301 2.02703 1.87668 1.84077 3.08594 1.63352 1.54771 1.54511 1.3582 1.62028 2.00531 1.52329 2.40617
threshold=0.00021516091327995 1.0000338291605451 0.06211730062439811 0.0085218197574775511 0.00014751373249445005 0.021980676328502403 0.00028949809642300008 0.0085218197574775511 0.029003977664170753 1.0000163150411741 0.0020208865019779006 0.067989214175654802 1.0010582918509754 0.044340218300586161 0.10270434845798142 0.13403281475599929 0.056079664570230552 1.0000000180025095e-35 0.045965538831555859 0.033969647853234412 1.0000000180025095e-35 0.11065443567788892 0.036444140663764509 0.0022320894499320005 0.07207792207792206 0.14270567281081692 0.06781078891791921 0.038838612368024113 0.00090450457180900009 0.059411764705882351
decision_type=2 2 2 2 2 2 2 2 2 2 2 2 2 2 2 2 2 2 2 2 2 2 2 2 2 2 2 2 2 2
left_child=1 2 3 -1 -4 -2 7 -7 9 -8 12 -12 13 14 15 16 17 -10 -15 -13 -11 22 -22 -21 -25 26 -20 -28 -29 -30
right_child=5 -3 4 -5 -6 6 8 -9 10 20 11 19 -14 18 -16 -17 -18 -19 25 23 21 -23 -24 24 -26 -27 27 28 29 -31
leaf_value=0.02544001980841297 0.054885736195758844 -0.11877588393818478 -0.10186946688473893 -0.11658916626963756 0.14072226531720686 0.014435186507560097 -0.018933042933450248 -0.10919761584426863 -0.034575178101807373 0.085492315661894011 0.11375031022020266 0.142855203506976 -0.1222097235417272 -0.13720160232146925 0.16737966374976662 0.12331557649980958 -0.10148998550069971 0.10309753604418188 -0.099165583981667249 -0.1133053014416299 0.0084395569385217247 0.12868971241552327 -0.11090604057181044 0.090115330563095772 -2.1960314276903289e-05 -0.070902142815648647 0.099969095329561067 -0.13273819385700228 0.076637773761998901 -0.11212956223971021
leaf_weight=1.9885466378182166 3.494664720259606 1.7937709219222595 0.26100038923323121 1.2110946343746034 1.0551631208509207 0.7192984065040936 10.797084372490646 1.2804867107188327 2.8966520689427906 5.7936215279623848 2.6418327651917926 0.92155336542054911 3.0369222545996299 2.1217146944254628 1.39394593797624 1.3002260751090942 2.1538477679714561 2.0619177222251892 1.4449674529023449 1.2022527614608396 4.0465404563583434 1.6886729812249539 1.6004614466801284 1.9079773453995574 581.99771272417274 5.1686575724743307 2.0178981460630894 0.95226154359988902 1.9839046746492388 1.0236969869583843
leaf_count=35 30 264 94 50 10 14 115 39 34 90 65 17 146 35 27 15 61 28 31 52 65 28 23 23 15302 125 16 29 15 47
internal_value=-0.000109507 -0.0288088 0.00692792 -0.0283194 0.0926154 0.000170956 -0.000126807 -0.0647284 7.50023e-05 0.015249 -0.000514161 0.000773086 -0.0280127 -0.0163457 0.0293159 0.00643918 -0.0149271 0.0226731 -0.0467802 0.000263782 0.0433591 0.0100829 -0.0253851 3.91988e-05 0.000272573 -0.0315437 -0.00413726 0.0188334 -0.0225124 0.0123871
internal_weight=651.958 6.30958 4.5158 3.19964 1.31616 645.649 642.154 1.99979 640.154 23.9264 616.228 588.671 27.5566 24.5197 9.80659 8.41264 7.11242 4.95857 14.7131 586.029 13.1293 7.33567 5.647 585.108 583.906 12.5914 7.42273 5.97776 3.95986 3.0076
internal_count=16925 453 189 85 104 16472 16442 53 16389 321 16068 15459 609 463 165 138 123 62 298 15394 206 116 88 15377 15325 263 138 107 91 62
is_linear=0
shrinkage=0.1


Tree=97
num_leaves=31
num_cat=0
split_feature=0 4 4 0 4 5 1 4 1 5 0 1 4 3 1 0 4 5 3 5 4 1 1 4 2 5 3 5 4 5
split_gain=0.505696 7.62768 4.45165 3.0932 1.97979 1.97873 1.82389 6.26166 3.7498 2.89642 2.01856 2.25569 3.07946 3.44866 2.33857 2.30702 2.94005 2.58962 2.99853 3.94292 2.22455 2.09003 5.05772 2.94047 2.52286 2.25264 1.96913 2.0394 1.94627 1.78281
threshold=0.55662393162393176 0.14492835566342191 0.13485410516262439 0.53390804597701158 0.12505564906770231 0.64819568693522767 0.45156178029226918 0.19494236360961539 0.47394285755904925 0.31561080224259469 0.60922587486744451 0.51279912234679481 0.20367706052040693 1.0078850737289038 0.50166351316484847 0.67890835579514841 0.23270222572161683 0.46386281539405844 1.0013453068950384 0.68509595715851235 0.18627570294827284 0.49076188656586012 0.536248167339335 0.16968799885097666 0.55312698998261911 0.45058575520918215 1.0382826008115529 0.58309803066473898 0.18367291235894118 0.50353743301524789
decision_type=2 2 2 2 2 2 2 2 2 2 2 2 2 2 2 2 2 2 2 2 2 2 2 2 2 2 2 2 2 2
left_child=2 -2 3 4 5 -1 7 -3 -8 -10 21 12 -12 -14 -15 16 17 -13 -19 26 -17 25 23 -23 -24 -11 -20 -28 -25 -4
right_child=1 6 29 -5 -6 -7 8 -9 9 10 11 15 13 14 -16 20 -18 18 19 -21 -22 22 24 28 -26 -27 27 -29 -30 -31
leaf_value=6.4944864880752431e-05 -0.092801571836366892 -0.10816701059160989 0.032051109677790186 -0.084870581162335146 0.049680202677802543 -0.14114740224394781 0.080849291863173106 0.084450199130104917 -0.11399828307928653 0.0045126145792465776 -0.12272333733914681 0.084277903704352564 -0.068281616794174368 0.10467898928029838 -0.034379942008383457 -0.10151059916325766 0.10625910795492184 0.033519655165137101 -0.13439536912104727 0.099515082095049348 -0.0023572743313572102 -0.0955488175198555 0.15060565834047049 -0.05006548475862941 0.023268351665873994 0.15037940772823916 0.074038884101335287 -0.11907813266254641 0.11113656738225799 0.1038150875612055
leaf_weight=370.34330243592558 9.2410967818250338 5.3732097391039124 13.383666543202709 4.2665600289619752 8.0938517230097187 0.99496097496012126 5.7912252821552093 2.4605790457571857 2.2318694654386482 1.7592052235268081 3.47392598632723 4.1389028774574461 5.5536917409044673 2.8856803629605565 2.0818133882130496 2.2942975868645581 4.110556281899334 9.2065455666743237 3.5977343013510099 1.3754483124939723 164.30615032304195 4.3634293973445875 2.7574042687192559 1.4521660059690478 3.5707443214487284 2.6588481026701629 1.194780968478881 1.0083601801889015 1.5466725400183348 4.6695107989507951
leaf_count=7939 2375 36 732 252 95 66 129 857 31 16 48 42 48 103 59 593 72 93 48 18 2968 28 23 9 38 27 28 19 33 100
internal_value=-0.000108846 -0.00365534 0.00208423 -0.000199077 0.00075302 -0.000313418 -0.000211224 -0.0476663 0.0013956 -0.000644294 0.000488487 -0.00233551 -0.0410893 -0.0141351 0.0464012 0.000500635 0.0290654 0.0136033 -0.00425164 -0.0527087 -0.00372274 0.0324936 0.0131942 -0.0431568 0.0787538 0.0922974 -0.0888025 -0.0143492 0.0330756 0.0506131
internal_weight=650.186 248.434 401.752 383.699 379.432 371.338 239.193 7.83379 231.359 225.568 223.336 205.228 13.9951 10.5212 4.96749 191.233 24.6323 20.5218 16.3829 7.17632 166.6 18.1085 13.6904 7.36227 6.32815 4.41805 5.80088 2.20314 2.99884 18.0532
internal_count=16925 7741 9184 8352 8100 8005 5366 893 4473 4344 4313 4139 258 210 162 3881 320 248 206 113 3561 174 131 70 61 43 95 47 42 832
is_linear=0
shrinkage=0.1


Tree=98
num_leaves=31
num_cat=0
split_feature=4 0 0 3 4 0 5 0 3 5 2 4 0 4 3 2 0 4 1 2 3 0 2 1 4 2 1 1 5 5
split_gain=0.503606 6.34668 5.79663 2.81941 2.15477 3.36535 2.65156 2.65132 2.49567 2.79681 4.67464 2.13864 3.28919 2.48027 2.39058 1.96907 1.86838 2.864 2.64634 3.43941 3.26882 2.64111 2.00468 1.87 1.67531 1.86886 1.61403 1.63253 4.29313 3.14841
threshold=0.014907607164159902 0.16807909604519775 0.17712418300653593 1.0111252082521587 0.0086678218422785516 0.12613636363636363 0.14270567281081692 0.13100686498855832 1.001748668996802 0.15691493115119257 0.15021620658515342 0.005159164457345101 0.10084745762711866 0.004511941652621301 1.0038288174381433 0.17329121947216153 0.095695970695970675 0.0034078826905999007 0.12232713793887347 0.11888045553386946 1.0009807908646831 0.087977296181630513 0.10426737109555446 0.10270434845798142 0.0013345552180012502 0.15817042675019838 0.10592631415623752 0.188553330095624 0.30080241070625841 0.15691493115119257
decision_type=2 2 2 2 2 2 2 2 2 2 2 2 2 2 2 2 2 2 2 2 2 2 2 2 2 2 2 2 2 2
left_child=1 3 -2 4 5 11 7 -7 9 10 -6 12 13 14 16 -11 17 18 19 22 -20 -19 23 -1 25 -21 -4 28 29 -28
right_child=2 -3 26 -5 8 6 -8 -9 -10 15 -12 -13 -14 -15 -16 -17 -18 21 20 24 -22 -23 -24 -25 -26 -27 27 -29 -30 -31
leaf_value=-0.0030028970737947958 0.093081242211592197 -0.076232239749545086 -0.09053327253715418 -0.078638599134639178 -0.0043539169119041791 0.094553519267661368 -0.13488689141223967 -0.065529516003717522 0.087120212003115122 0.024854315195489404 0.15962605779143535 0.037152050312382501 -0.082911789541426029 0.12855001936367463 -0.087435913171165391 -0.076932988681432959 -0.11127871417913682 0.13300262578934402 -0.095974850315304186 -0.047158437799614573 0.087726584619985712 0.0017903099940406273 -0.073285520121152442 0.087146710098687408 0.10323475461477175 0.10186725536568589 0.0011381480822997322 -0.0006437149169687919 -0.13318814692780109 0.086570981415583448
leaf_weight=48.774462697794661 6.8039346719160667 11.602271121999364 1.9551527649164189 4.3237809189595273 4.8685279125347751 1.4688250534236411 3.2031174257281236 3.4996520887652878 6.0151018365286282 3.4375073816627264 2.7040308825671673 15.35472872154787 4.9008287254255256 1.5065444270148862 3.0743050588062024 4.2506021503359079 1.4173364249290887 3.1971786795184007 5.2644239726942024 2.1061112906318145 1.1870676567777989 2.9490091092884541 3.8820950982626519 2.4149159388616672 4.8177035143598914 1.4014484873041508 8.6945169818354824 471.91130668947881 1.4938258361071337 8.5609646731754747
leaf_count=775 233 1257 25 115 35 21 189 150 114 27 21 175 225 20 66 26 46 40 106 57 27 20 64 35 54 22 127 12705 18 130
internal_value=-0.000105934 -0.00523735 0.00141084 0.00081842 0.00342712 -0.00218767 -0.0639418 -0.0182044 0.0325675 0.0110652 0.0542005 0.00274767 -0.00333184 0.00142478 -0.000954762 -0.0314219 0.00247972 0.00460138 -0.00115728 0.00505201 -0.062174 0.0700455 -0.00400414 0.00125001 0.0649583 0.0123849 0.000144705 0.000506033 0.0294447 0.043524
internal_weight=647.041 147.622 499.42 136.019 131.696 110.42 8.17159 4.96848 21.2758 15.2607 7.57256 102.248 86.8934 81.9926 80.4861 7.68811 77.4118 75.9944 69.8482 63.3967 6.45149 6.14619 55.0715 51.1894 8.32526 3.50756 492.616 490.661 18.7493 17.2555
internal_count=16925 3687 13238 2430 2315 2092 360 171 223 109 56 1732 1557 1332 1312 53 1246 1200 1140 1007 133 60 874 810 133 79 13005 12980 275 257
is_linear=0
shrinkage=0.1


Tree=99
num_leaves=31
num_cat=0
split_feature=4 0 0 3 5 2 4 2 0 5 4 3 4 3 5 5 4 2 0 4 1 5 5 1 3 1 4 0 4 0
split_gain=0.491611 6.23106 5.69358 2.14662 2.2885 2.90029 2.01317 2.2243 3.00546 1.99148 1.89146 1.85638 5.95088 3.71829 1.81962 3.93556 1.5023 1.82214 3.52381 2.19646 1.5904 4.59584 4.04845 2.31468 2.27051 2.29909 2.24298 3.67451 4.30212 4.16326
threshold=0.047642386516152456 0.30839160839160845 0.31643132220795894 1.0354726568268691 0.42877336355828971 0.26796581991649621 0.045711569899443603 0.42228938032271129 0.34178433889602056 0.42194636727035001 0.04972608306639726 1.0065962476593528 0.0091181059696824017 1.0059296610940061 0.19421496183006506 0.15031176033724372 0.041744456881790806 0.31862430499523203 0.24780701754385961 0.037965519330288709 0.188553330095624 0.28665777009876842 0.20473858472812773 0.18096145332888544 1.0045262549513969 0.19150017512688633 0.028443874653210653 0.21913109756097562 0.020158926624543754 0.17712418300653593
decision_type=2 2 2 2 2 2 2 2 2 2 2 2 2 2 2 2 2 2 2 2 2 2 2 2 2 2 2 2 2 2
left_child=1 3 14 4 9 -6 -3 -8 -9 11 -4 13 -13 16 15 -2 17 19 -19 20 21 23 24 -1 25 -22 27 28 29 -24
right_child=2 6 10 -5 5 -7 7 8 -10 -11 -12 12 -14 -15 -16 -17 -18 18 -20 -21 22 -23 26 -25 -26 -27 -28 -29 -30 -31
leaf_value=0.0046309096829276171 0.093035276564409394 -0.095351007652695441 -0.10688780115978587 -0.055605066396505864 -0.045642223106075151 0.1527089621229995 -0.05653965385431628 0.32693854230773273 -0.10100244230536236 -0.13561908379678325 0.00063494782982909071 -0.084895267014598208 0.04604198603558602 -0.10831025684322847 0.10862663560911366 -0.14159845277159727 0.066562887236883195 0.047306447108821224 -0.11161816475305303 0.078152281465190349 -0.22681089417618683 -0.10130260186788975 0.039181224331808977 0.090790744873097032 0.044769894493400623 -0.063368287297772122 0.046926408497770349 -0.083707126045772628 0.13906221955598805 -0.10503423495194995
leaf_weight=133.52786211005878 2.2041027428349467 9.3949177125377883 1.6430029422917858 6.759827106841839 1.1224274944979691 2.1477725529111922 1.5362832040991627 0.41987477242946614 0.26941823706147261 1.0717855084221799 386.48900738381781 4.1048791334324077 22.47750355838798 3.255907986604142 6.431425595190376 1.0580205677542833 3.2789076417684546 2.1577624022611408 3.94773976248689 3.5340419486165038 0.92643971694633265 4.0613417151325839 5.2916667346726225 3.1925860637857104 1.8022132336627681 12.119283306616124 8.5818134602159244 5.3945508305332615 2.288879118859767 3.2197217263747007
leaf_count=2265 114 1807 107 223 32 58 38 2 61 16 9876 213 541 70 257 46 23 44 105 23 18 89 95 70 24 262 74 232 14 126
internal_value=-0.000102242 -0.0036174 0.00207039 -7.19377e-05 0.00157811 0.0846291 -0.0750927 0.0104245 0.159673 0.00036691 0.000179793 0.00102001 0.0258225 -0.00233388 0.0777702 0.0169354 -0.000549061 -0.00170696 -0.0554522 7.69959e-05 -0.00145245 0.00352878 -0.0191502 0.00664284 -0.0604407 -0.0749751 0.00559402 -0.0163085 0.017356 -0.0153732
internal_weight=643.711 245.885 397.826 234.265 227.505 3.2702 11.6205 2.22558 0.689293 224.235 388.132 223.163 26.5824 196.581 9.69355 3.26212 193.325 190.046 6.1055 183.94 180.406 140.782 39.6246 136.72 14.8479 13.0457 24.7766 16.1948 10.8003 8.51139
internal_count=16925 6525 10400 4617 4394 90 1908 101 63 4304 9983 4288 754 3534 417 160 3464 3441 149 3292 3269 2424 845 2335 304 280 541 467 235 221
is_linear=0
shrinkage=0.1


end of trees

feature_importances:
schedule_variance_ratio=1031
timeline_elapsed_fraction=947
physical_progress_pct=318
cost_revision_ratio=295
financial_progress_pct=206
milestone_completion_ratio=203

parameters:
[boosting: gbdt]
[objective: binary]
[metric: binary_logloss]
[tree_learner: serial]
[device_type: cpu]
[data_sample_strategy: bagging]
[data: ]
[valid: ]
[num_iterations: 100]
[learning_rate: 0.1]
[num_leaves: 31]
[num_threads: 8]
[seed: 42]
[deterministic: 0]
[force_col_wise: 0]
[force_row_wise: 0]
[histogram_pool_size: -1]
[max_depth: -1]
[min_data_in_leaf: 20]
[min_sum_hessian_in_leaf: 0.001]
[bagging_fraction: 1]
[pos_bagging_fraction: 1]
[neg_bagging_fraction: 1]
[bagging_freq: 0]
[bagging_seed: 400]
[bagging_by_query: 0]
[feature_fraction: 1]
[feature_fraction_bynode: 1]
[feature_fraction_seed: 30056]
[extra_trees: 0]
[extra_seed: 12879]
[early_stopping_round: 0]
[early_stopping_min_delta: 0]
[first_metric_only: 0]
[max_delta_step: 0]
[lambda_l1: 0]
[lambda_l2: 0]
[linear_lambda: 0]
[min_gain_to_split: 0]
[drop_rate: 0.1]
[max_drop: 50]
[skip_drop: 0.5]
[xgboost_dart_mode: 0]
[uniform_drop: 0]
[drop_seed: 17869]
[top_rate: 0.2]
[other_rate: 0.1]
[min_data_per_group: 100]
[max_cat_threshold: 32]
[cat_l2: 10]
[cat_smooth: 10]
[max_cat_to_onehot: 4]
[top_k: 20]
[monotone_constraints: ]
[monotone_constraints_method: basic]
[monotone_penalty: 0]
[feature_contri: ]
[forcedsplits_filename: ]
[refit_decay_rate: 0.9]
[cegb_tradeoff: 1]
[cegb_penalty_split: 0]
[cegb_penalty_feature_lazy: ]
[cegb_penalty_feature_coupled: ]
[path_smooth: 0]
[interaction_constraints: ]
[verbosity: 1]
[saved_feature_importance_type: 0]
[use_quantized_grad: 0]
[num_grad_quant_bins: 4]
[quant_train_renew_leaf: 0]
[stochastic_rounding: 1]
[linear_tree: 0]
[max_bin: 255]
[max_bin_by_feature: ]
[min_data_in_bin: 3]
[bin_construct_sample_cnt: 200000]
[data_random_seed: 175]
[is_enable_sparse: 1]
[enable_bundle: 1]
[use_missing: 1]
[zero_as_missing: 0]
[feature_pre_filter: 1]
[pre_partition: 0]
[two_round: 0]
[header: 0]
[label_column: ]
[weight_column: ]
[group_column: ]
[ignore_column: ]
[categorical_feature: ]
[forcedbins_filename: ]
[precise_float_parser: 0]
[parser_config_file: ]
[objective_seed: 16083]
[num_class: 1]
[is_unbalance: 0]
[scale_pos_weight: 1]
[sigmoid: 1]
[boost_from_average: 1]
[reg_sqrt: 0]
[alpha: 0.9]
[fair_c: 1]
[poisson_max_delta_step: 0.7]
[tweedie_variance_power: 1.5]
[lambdarank_truncation_level: 30]
[lambdarank_norm: 1]
[label_gain: ]
[lambdarank_position_bias_regularization: 0]
[eval_at: ]
[multi_error_top_k: 1]
[auc_mu_weights: ]
[num_machines: 1]
[local_listen_port: 12400]
[time_out: 120]
[machine_list_filename: ]
[machines: ]
[gpu_platform_id: -1]
[gpu_device_id: -1]
[gpu_device_id_list: ]
[gpu_use_dp: 0]
[num_gpu: 1]

end of parameters

pandas_categorical:[]
