State                        , Sector                                                                                                   , Project Count, Cost (Cr)
Sector - Overview            , Roads & Highways                                                                                         ,          1137,      1
Sector - Overview            , Railways                                                                                                 ,           262,    721
Sector - Overview            , Urban Public Transport                                                                                   ,            27,    315
Sector - Overview            , Aviation & Aviation Infrastructure                                                                       ,            26,     21
Sector - Overview            , Shipping                                                                                                 ,             5,     13
Sector - Overview            , Logistics Infrastructure                                                                                 ,             1,    763
Sector - Overview            , Inland Waterways                                                                                         ,             1,      5
Sector - Overview            , Oil & Gas                                                                                                ,            96,    370
Sector - Overview            , Transmission & Distribution                                                                              ,            69,    208
Sector - Overview            , Electricity Generation                                                                                   ,            40,    340
Sector - Overview            , Energy Storage                                                                                           ,            16,     80
Sector - Overview            , Water Resources                                                                                          ,            40,    117
Sector - Overview            , Waste & Water                                                                                            ,            27,      8
Sector - Overview            , Telecommunication                                                                                        ,            12,    151
Sector - Overview            , Healthcare                                                                                               ,            34,     20
Sector - Overview            , Education                                                                                                ,            31,     16
Sector - Overview            , Real Estate                                                                                              ,            11,     49
Sector - Overview            , Coal                                                                                                     ,           119,    187
Sector - Overview            , Steel                                                                                                    ,            18,     17
Sector - Overview            , Metals & Mining                                                                                          ,             6,      9
Sector - Overview            , Construction                                                                                             ,             2,    899
(PAIMANA)                    , Water Resources                                                                                          ,            40, 160182
Himachal Pradesh             , Jharkhand                                                                  Railways                      ,             1,   1713.19
Punjab                       , Sikkim             Ministry of Petroleum & Natural Gas                  Oil & Gas                        ,             1,   6877.97
Establishment of NIT Nagaland, Sikkim                                                                                                   ,           292,     95
(MoRTH)                      , Arunachal Pradesh                                                                                        ,             0,      0
(NHIDCL)                     , Balance Work                                                                        Arunachal Pradesh    ,             0,     17.91
(NHIDCL)                     , Arunachal Pradesh                                                                                        ,             0,      1.7
Physical Progress            , Arunachal Pradesh                                                                                        ,             0,     49.23
(NHIDCL)                     , Arunachal Pradesh                                                                                        ,             0,     21.37
(NHIDCL)                     , Arunachal Pradesh                                                                                        ,             0,     39.1
(NHIDCL)                     , Arunachal Pradesh                                                                                        ,             0,     99.69
(NHIDCL)                     , Arunachal Pradesh                                                                                        ,             0,     99.52
(NHIDCL)                     , and NH                                                                                                   ,            27,     03
(NHIDCL)                     , Assam                                                                                                    ,             0,     52
(NHIDCL)                     , to Km                                                                                                    ,        490800,     13.800
Physical Progress            , to Km                                                                                                    ,        463000,     10.000
(MoRTH)                      , Assam                                                                                                    ,             0,     85.29
(MoRTH)                      , Assam                                                                                                    ,             0,      1.82
(NHIDCL)                     , Assam                                                                                                    ,             0,     28.74
(NHIDCL)                     , Churaibari stretch in the State of Assam on EPC Mode under Bharatmala               Assam                ,             0,     57.17
(NHIDCL)                     , Assam                                                                                                    ,             0,     31.83
(NHIDCL)                     , Assam                                                                                                    ,             0,     11
(NHIDCL)                     , Assam                                                                                                    ,             0,      0
(NHIDCL)                     , Assam                                                                                                    ,             0,     97.96
Physical Progress            , Assam                                                                                                    ,             0,      0
(NHIDCL)                     , Assam                                                                                                    ,             0,     20.45
(NHIDCL)                     , Manipur                                                                                                  ,             0,     88.85
Physical Progress            , Manipur                                                                                                  ,             0,     97.12
(NHIDCL)                     , Manipur                                                                                                  ,             0,     76.18
(NHIDCL)                     , Meghalaya                                                                                                ,             0,      2.5
(NHIDCL)                     , to Km                                                                                                    ,        151060,     03
(NHIDCL)                     , Meghalaya                                                                                                ,             0,     38.77
(NHIDCL)                     , Meghalaya                                                                                                ,             0,     49.31
(NHIDCL)                     , Meghalaya                                                                                                ,             0,     93.06
(NHIDCL)                     , Mizoram                                                                                                  ,             0,     17.12
(NHIDCL)                     , Mizoram                                                                                                  ,             0,     18.9
(NHIDCL)                     , Mizoram                                                                                                  ,             0,     13.95
Physical Progress            , Mizoram                                                                                                  ,             0,      0
(NHIDCL)                     , state of Mizoram under Bharatmala Pariyojana on EPC mode                           Mizoram               ,             0,      0
(NHIDCL)                     , Mizoram                                                                                                  ,             0,      0
(NHIDCL)                     , Km in the state of Nagaland Under Bharatmala Pariyojna on EPC        Nagaland                            ,             0,     40.88
(NHIDCL)                     , Nagaland                                                                                                 ,             0,      0
(NHIDCL)                     , of NH                                                                                                    ,            61,     06
(NHIDCL)                     , Nagaland                                                                                                 ,             0,     44.46
(NHIDCL)                     , Sikkim                                                                                                   ,             0,     85.15
(NHIDCL)                     , Sikkim                                                                                                   ,             0,     81.83
(NHIDCL)                     , Sikkim                                                                                                   ,             0,     90
(NHIDCL)                     , shoulder on EPC bais under NHO                                                    Tripura                ,             0,      0
(NHIDCL)                     , Tripura                                                                                                  ,             0,     14
(NHIDCL)                     , in     Tripura                                                                                           ,             0,     57.95
(NHIDCL)                     , Tripura                                                                                                  ,             0,     58.12
Sikkim                       , Sikkim                                                                                                   ,           292,     95
Delhi                        , Delhi                                                                                                    ,             0,      0
Under PPP Mode               , Gujarat                                                                                                  ,          2244,     60
Logistics Infrastructure     , Haryana                                                                                                  ,           430,     60
Gomoh - Flyover for DN trains, Karnataka                                                                                                ,             0,      0
(-) (-)                      , Rajasthan                                                                                                ,             0,      0
Akiveedu                     , Andhra Pradesh                                                                                           ,             0,     69.62
Akiveedu                     , Andhra Pradesh                                                                                           ,             0,     82.57
Akiveedu                     , Andhra Pradesh                                                                                           ,             0,     40.49
Akiveedu                     , Andhra Pradesh                                                                                           ,             0,     20.94
Andhra Pradesh               , Andhra Pradesh                                                                                           ,             0,     18.72
Andhra Pradesh               , Andhra Pradesh                                                                                           ,             0,     20.63
Andhra Pradesh               , Andhra Pradesh                                                                                           ,             0,     99.64
Andhra Pradesh               , Andhra Pradesh                                                                                           ,             0,     36.82
(-) (-)                      , Andhra Pradesh                                                                                           ,             0,     98.6
section                      , Andhra Pradesh                                                                                           ,           297,     65.77
(-) (-)                      , Arunachal Pradesh                                                                                        ,             0,      1.7
(-) (-)                      , Arunachal Pradesh                                                                                        ,             0,     21.37
(PAIMANA)                    , Arunachal Pradesh                                                                                        ,             0,     17.91
(-) (-)                      , Arunachal Pradesh                                                                                        ,             0,      0
(-) (-)                      , Assam                                                                                                    ,             0,     17.9
(-) (-)                      , Assam                                                                                                    ,             0,      1.82
(NHIDCL)                     , Assam                                                                                                    ,             0,     12.45
(NHIDCL)                     , Assam                                                                                                    ,             0,     28.74
(PAIMANA)                    , Assam                                                                                                    ,             0,     57.17
(NHIDCL)                     , Assam                                                                                                    ,             0,     14.6
(NHIDCL)                     , Assam                                                                                                    ,             0,     31.83
(NHIDCL)                     , Assam                                                                                                    ,             0,     11
(PAIMANA)                    , Assam                                                                                                    ,             0,     20.45
(NHIDCL)                     , to Km                                                                                                    ,        463000,     10.000
(PAIMANA)                    , to Km                                                                                                    ,        490800,     13.800
(PAIMANA)                    , Kmunder EPC mode in the state of Bihar                                           Bihar                   ,             0,      0.05
(MoRTH)                      , Bihar                                                                                                    ,             0,      0
(-) (-)                      , Bihar                                                                                                    ,             0,     33
(-) (-)                      , Bihar                                                                                                    ,             0,     72.51
(-) (-)                      , Bihar                                                                                                    ,             0,     49.78
(PAIMANA)                    , Bihar                                                                                                    ,             0,      5.52
(-) (-)                      , Chhattisgarh                                                                                             ,             0,     97.9
(-) (-)                      , to Km                                                                                                    ,         34000,     12
(-) (-)                      , to Km                                                                                                    ,         60800,     12
(-) (-)                      , to Km                                                                                                    ,         91400,     12
(-) (-)                      , to Km                                                                                                    ,        120250,     01
(-) (-)                      , Himachal Pradesh                                                                                         ,             0,     67.92
(-) (-)                      , Karnataka                                                                                                ,             0,      0
(PAIMANA)                    , Karnataka                                                                                                ,             0,     65
(MoRTH)                      , Karnataka                                                                                                ,             0,     30
(-) (-)                      , Karnataka                                                                                                ,             0,     46.52
Kargil Zanskar Road          , Pradesh on EPC mode                                                                        Madhya Pradesh,             0,     29.09
(-) (-)                      , km in the state of Madhya Pradesh on EPC mode                  Madhya Pradesh                            ,             0,     87.5
(-) (-)                      , Pradesh on EPC mode                                                                   Madhya Pradesh     ,             0,     13.11
(MoRTH)                      , in the state of Maharashtra                                                              Maharashtra     ,             0,    100
(MoRTH)                      , Dahiwadi Village Bus Stop Design chainage Km              Maharashtra                                    ,             0,     68.95
(MoRTH)                      , km                                     Maharashtra                                                       ,             0,     72.2
(-) (-)                      , in Gondia District in the state of            Maharashtra                                                ,             0,     34.15
(-) (-)                      , of Dhawali to Gadchroli road in       Maharashtra                                                        ,             0,     31.97
(-) (-)                      , mode                                                                                     Maharashtra     ,             0,     93.75
(-) (-)                      , km                                                                                       Maharashtra     ,             0,     41.13
(-) (-)                      , Two lane with paved shoulder configuartion in the state of Maharashtra on EPC mode       Maharashtra     ,             0,     15
(PAIMANA)                    , Works & Rectification works                                                               Manipur        ,             0,     76.18
(PAIMANA)                    , Meghalaya                                                                                                ,             0,     93.06
(-) (-)                      , Mizoram                                                                                                  ,             0,     17.12
(PAIMANA)                    , of Mizoram on EPC mode                                                                  Mizoram          ,             0,     18.9
(PAIMANA)                    , Mizoram                                                                                                  ,             0,     13.95
the State of Odisha          , Punjab                                                                                                   ,             0,     45
the State of Odisha          , Punjab                                                                                                   ,             0,     83
(PAIMANA)                    , to km                                                                                                    ,        225770,     12
(PAIMANA)                    , to km                                                                                                    ,        260860,     12
(PAIMANA)                    , to km                                                                                                    ,        303900,     12
(PAIMANA)                    , to km                                                                                                    ,        397700,     03
(-) (-)                      , to Km                                                                                                    ,          4604,     03
(-) (-)                      , Tripura                                                                                                  ,             0,     14
(-) (-)                      , Tripura                                                                                                  ,             0,     57.95
(NHIDCL)                     , Tripura                                                                                                  ,             0,     58.12
paved shoulder under EPC mode, km in the state of Uttar Pradesh on EPC mode          Uttar Pradesh                                      ,             0,      4
(-) (-)                      , Annuity Mode HAM in the State of Uttar Pradesh                                          Uttar Pradesh    ,             0,     25
(-) (-)                      , Uttar Pradesh                                                                           Uttar Pradesh    ,             0,     81.18
(-) (-)                      , Uttarakhand                                                                                              ,             0,     17.78
(PAIMANA)                    , km                                                                Uttarakhand                            ,             0,     35.6
(-) (-)                      , Uttarakhand                                                                                              ,             0,     81.17
(-) (-)                      , Pariyojna on EPC Mode                                                                     Uttarakhand    ,             0,     29.72
(MoRTH)                      , in the State of West Bengal on EPC mode                                                    West Bengal   ,             0,     27.3
Sector - Overview            , Roads & Highways                                                                                         ,           584,    527
Sector - Overview            , Railways                                                                                                 ,           251,    705
Sector - Overview            , Aviation & Aviation Infrastructure                                                                       ,            25,     21
Sector - Overview            , Urban Public Transport                                                                                   ,            25,    311
Sector - Overview            , Shipping                                                                                                 ,             9,     15
Sector - Overview            , Inland Waterways                                                                                         ,             2,      5
Sector - Overview            , Oil & Gas                                                                                                ,            93,    353
Sector - Overview            , Transmission & Distribution                                                                              ,            63,    152
Sector - Overview            , Electricity Generation                                                                                   ,            37,    280
Sector - Overview            , Energy Storage                                                                                           ,            18,     81
Sector - Overview            , Water Resources                                                                                          ,            39,     93
Sector - Overview            , Waste & Water                                                                                            ,            31,      9
Sector - Overview            , Telecommunication                                                                                        ,            14,    151
Sector - Overview            , Education                                                                                                ,            29,     15
Sector - Overview            , Healthcare                                                                                               ,            22,     16
Sector - Overview            , Real Estate                                                                                              ,             6,     37
Sector - Overview            , Coal                                                                                                     ,           115,    158
Sector - Overview            , Steel                                                                                                    ,            19,     18
Sector - Overview            , Metals & Mining                                                                                          ,             7,     10
Sector - Overview            , Construction                                                                                             ,             2,    899
(PAIMANA)                    , Water Resources                                                                                          ,            39, 140622
(PAIMANA)                    , Gujarat                                                               Water Resources                    ,             2,  36817.84
Kerala                       , Madhya Pradesh                                                             Waste & Water                 ,             4,   1124.28
(PAIMANA)                    , Tamil Nadu                     Ministry of Coal                     Electricity Generation               ,             1,    165.50
Education                    , D&E Block S                                                                                              ,            12,      2
(NHIDCL)                     , Arunachal Pradesh                                                                                        ,             0,     99
(NHIDCL)                     , Arunachal Pradesh                                                                                        ,             0,     98
Physical Progress            , Assam                                                                                                    ,             0,    100
(NHIDCL)                     , Assam                                                                                                    ,             0,      0
(NHIDCL)                     , Churaibari stretch in the State of Assam on EPC Mode under Bharatmala               Assam                ,             0,     46
(NHIDCL)                     , Assam                                                                                                    ,             0,      0
(NHIDCL)                     , Assam                                                                                                    ,             0,      0
(NHIDCL)                     , Assam                                                                                                    ,             0,      0
(NHIDCL)                     , Assam                                                                                                    ,             0,     20
(NHIDCL)                     , Assam                                                                                                    ,             0,      0
(NHIDCL)                     , Assam                                                                                                    ,             0,      0
(NHIDCL)                     , Assam                                                                                                    ,             0,    100
Physical Progress            , and NH                                                                                                   ,            27,     03
Physical Progress            , Assam                                                                                                    ,             0,      0
(NHIDCL)                     , Assam                                                                                                    ,             0,      0
(NHIDCL)                     , Assam                                                                                                    ,             0,      0
(NHIDCL)                     , Assam                                                                                                    ,             0,     71
(NHIDCL)                     , Assam                                                                                                    ,             0,     54
(NHIDCL)                     , Assam                                                                                                    ,             0,     43
(NHIDCL)                     , Assam                                                                                                    ,             0,    100
(NHIDCL)                     , Manipur                                                                                                  ,           247,     96
(NHIDCL)                     , Manipur                                                                                                  ,             0,     94
(NHIDCL)                     , Manipur                                                                                                  ,             0,     35
(NHIDCL)                     , Manipur                                                                                                  ,             0,     37
(MoRTH)                      , Meghalaya                                                                                                ,             0,     32
(NHIDCL)                     , Meghalaya                                                                                                ,             0,     37
(NHIDCL)                     , Meghalaya                                                                                                ,             0,     41
Physical Progress            , Meghalaya                                                                                                ,             0,     78
(NHIDCL)                     , Meghalaya                                                                                                ,             0,     69
(NHIDCL)                     , Meghalaya                                                                                                ,             0,     33
(NHIDCL)                     , Meghalaya                                                                                                ,             0,      0
(NHIDCL)                     , Meghalaya                                                                                                ,             0,     46
(NHIDCL)                     , Mizoram                                                                                                  ,             0,      0
(NHIDCL)                     , A                                                                                  Mizoram               ,             0,      0
(NHIDCL)                     , state of Mizoram under Bharatmala Pariyojana on EPC mode                           Mizoram               ,             0,      0
(NHIDCL)                     , Mizoram                                                                                                  ,             0,      0
(NHIDCL)                     , Nagaland                                                                                                 ,             0,      0
Physical Progress            , Nagaland                                                                                                 ,             0,      0
(NHIDCL)                     , Nagaland                                                                                                 ,             0,      0
(NHIDCL)                     , Nagaland                                                                                                 ,             0,      0
(NHIDCL)                     , Nagaland                                                                                                 ,             0,     20
(NHIDCL)                     , Km in the state of Nagaland Under Bharatmala Pariyojna on EPC        Nagaland                            ,             0,     29
(NHIDCL)                     , of NH                                                                                                    ,            61,     06
(NHIDCL)                     , Nagaland                                                                                                 ,             0,     41
(NHIDCL)                     , Nagaland                                                                                                 ,             0,      0
(NHIDCL)                     , Nagaland                                                                                                 ,             0,      0
(NHIDCL)                     , Sikkim                                                                                                   ,             0,     33
Physical Progress            , Sikkim                                                                                                   ,             0,      0
(NHIDCL)                     , Sikkim                                                                                                   ,             0,     78
(NHIDCL)                     , Tripura                                                                                                  ,             0,      0
(NHIDCL)                     , Tripura                                                                                                  ,             0,      0
(NHIDCL)                     , shoulder on EPC bais under NHO                                                           Tripura         ,             0,      0
(NHIDCL)                     , Tripura                                                                                                  ,             0,      6
(NHIDCL)                     , in            Tripura                                                                                    ,             0,     42
(NHIDCL)                     , Tripura                                                                                                  ,             0,      0
Real Estate                  , Delhi                                                                                                    ,             0,      0
Indore Metro Rail Project    , Maharashtra                                                                                              ,             0,      0
IISER BERHAMPUR              , Punjab                                                                                                   ,            30,     19
AIIMS Darbhanga              , Delhi                                                                                                    ,             0,      0
Healthcare                   , Maharashtra                                                                                              ,            58,     11
Shipping                     , Karnataka                                                                                                ,            24,     33
Bhadrak-Nergundi Third Line  , Rajasthan                                                                                                ,             0,      0
Sahjanwa-Dohrighat           , Uttar Pradesh                                                                                            ,             0,      0
(MoRTH)                      , Andhra Pradesh                                                                                           ,             0,      0
(MoRTH)                      , Andhra Pradesh                                                                                           ,             0,     40
(MoRTH)                      , Andhra Pradesh                                                                                           ,             0,     83
(MoRTH)                      , from in the State of Andhra Pradesh on EPC mode                                         Andhra Pradesh   ,             0,     81
(MoRTH)                      , Andhra Pradesh                                                                                           ,             0,      0
(NHIDCL)                     , Arunachal Pradesh                                                                                        ,             0,     99
(NHIDCL)                     , Arunachal Pradesh                                                                                        ,             0,     98
(NHIDCL)                     , Assam                                                                                                    ,             0,    100
(NHIDCL)                     , Assam                                                                                                    ,             0,      0
(NHIDCL)                     , State of Assam on EPC Mode under Bharatmala Pariyojana in Economic Corridors            Assam            ,             0,     46
(NHIDCL)                     , Assam                                                                                                    ,             0,      0
(NHIDCL)                     , Assam                                                                                                    ,             0,      0
(NHIDCL)                     , Assam                                                                                                    ,             0,      0
(NHIDCL)                     , Assam                                                                                                    ,             0,     20
(NHIDCL)                     , Assam                                                                                                    ,             0,      0
(NHIDCL)                     , Assam                                                                                                    ,             0,      0
(NHIDCL)                     , Assam                                                                                                    ,             0,      0
(NHIDCL)                     , Assam                                                                                                    ,             0,     71
(NHIDCL)                     , Assam                                                                                                    ,             0,     54
(NHIDCL)                     , Km under JICA ODA              Assam                                                                     ,             0,     43
(NHIDCL)                     , Km               Assam                                                                                   ,             0,    100
(NHIDCL)                     , Assam                                                                                                    ,             0,      0
(NHIDCL)                     , Assam                                                                                                    ,             0,      0
(NHIDCL)                     , and NH                                                                                                   ,            27,     03
(MoRTH)                      , Bihar                                                                                                    ,             0,      0
(PAIMANA)                    , under EPC mode in the state of Bihar                                                    Bihar            ,             0,      2
(MoRTH)                      , Bihar                                                                                                    ,             0,      0
(MoRTH)                      , Bihar                                                                                                    ,             0,     66
(MoRTH)                      , Bihar                                                                                                    ,             0,     44
(MoRTH)                      , Bihar                                                                                   Bihar            ,             0,      8
(MoRTH)                      , Chhattisgarh                                                                                             ,           537,     60
(MoRTH)                      , Gujarat                                                                                                  ,             0,     78
(MoRTH)                      , Gujarat                                                                                                  ,             0,     47
(PAIMANA)                    , Gujarat                                                                                                  ,           162,    100
(MoRTH)                      , Himachal Pradesh                                                                                         ,             0,      0
(NHIDCL)                     , in the UT of J&K on EPC                                                                                  ,             0,      0
(PAIMANA)                    , Jharkhand                                                                                                ,            77,      0
(MoRTH)                      , in the state of Kerala                                                Kerala                             ,             0,     98
(MoRTH)                      , Madhya Pradesh                                                                                           ,             0,      0
(MoRTH)                      , Madhya Pradesh                                                                                           ,             0,      0
(MoRTH)                      , Maharashtra                                                                                              ,             0,     74
(MoRTH)                      , Maharashtra                                                                                              ,             0,     98
(MoRTH)                      , Maharashtra                                                                                              ,             0,     33
(MoRTH)                      , Maharashtra                                                                                              ,             0,     95
(MoRTH)                      , Maharashtra                                                                                              ,             0,     34
(MoRTH)                      , existing            Maharashtra                                                                          ,             0,     25
(MoRTH)                      , Maharashtra                                                                                              ,             0,     91
(MoRTH)                      , Maharashtra                                                                                              ,             0,      0
(MoRTH)                      , Maharashtra                                                                                              ,             0,     99
(MoRTH)                      , in the state of                  Maharashtra                                                             ,             0,     81
(MoRTH)                      , Maharashtra                                                                                              ,             0,     34
(NHIDCL)                     , Manipur                                                                                                  ,             0,     35
(NHIDCL)                     , Manipur                                                                                                  ,             0,     37
(NHIDCL)                     , Manipur                                                                                                  ,             0,     94
(NHIDCL)                     , Manipur                                                                                                  ,           247,     96
(MoRTH)                      , Meghalaya                                                                                                ,             0,     32
(NHIDCL)                     , Meghalaya                                                                                                ,             0,     37
(NHIDCL)                     , Meghalaya                                                                                                ,             0,     41
(NHIDCL)                     , Meghalaya                                                                                                ,             0,     78
(NHIDCL)                     , Meghalaya                                                                                                ,             0,     69
(NHIDCL)                     , Meghalaya                                                                                                ,             0,     33
(NHIDCL)                     , Meghalaya                                                                                                ,             0,      0
(PAIMANA)                    , Meghalaya                                                                                                ,             0,     46
(NHIDCL)                     , Mizoram                                                                                                  ,             0,     64
(NHIDCL)                     , Mizoram under Bharatmala Pariyojana on EPC mode                                            Mizoram       ,             0,      0
(NHIDCL)                     , Mizoram                                                                                                  ,             0,      0
(NHIDCL)                     , Mizoram                                                                                                  ,             0,      0
(NHIDCL)                     , Mizoram                                                                                                  ,             0,      0
Uttarakhand)                 , of NH                                                                                                    ,            61,     06
Uttarakhand)                 , Nagaland                                                                                                 ,             0,     41
(PAIMANA)                    , Nagaland                                                                                                 ,             0,      0
(NHIDCL)                     , Nagaland                                                                                                 ,             0,      0
(NHIDCL)                     , Nagaland                                                                                                 ,             0,      0
(NHIDCL)                     , Nagaland                                                                                                 ,             0,     20
(NHIDCL)                     , in the state of Nagaland Under Bharatmala Pariyojna on EPC Mode under NHO              Nagaland          ,             0,     29
(NHIDCL)                     , Nagaland                                                                                                 ,             0,      0
(NHIDCL)                     , Balance work           Nagaland                                                                          ,             0,      0
(MoRTH)                      , Punjab                                                                                                   ,             0,     96
(MoRTH)                      , Sikkim                                                                                                   ,             0,     78
(NHIDCL)                     , Sikkim                                                                                                   ,             0,      0
(MoRTH)                      , Telangana                                                                                                ,             0,      0
(MoRTH)                      , mode                                                                                     Telangana       ,             0,     96
(PAIMANA)                    , Telangana under EPC mode                                                               Telangana         ,             0,      0
(MoRTH)                      , Telangana                                                                                                ,             0,     99
(MoRTH)                      , Telangana                                                                                                ,             0,     92
(MoRTH)                      , on EPC mode                                                                    Telangana                 ,             0,     76
(MoRTH)                      , Tripura                                                                                                  ,             0,      0
(NHIDCL)                     , Tripura                                                                                                  ,             0,      6
(PAIMANA)                    , in the state of Tripura on           Tripura                                                             ,             0,     42
(NHIDCL)                     , Tripura                                                                                                  ,             0,      0
(NHIDCL)                     , EPC bais under NHO                                                                          Tripura      ,             0,      0
(NHIDCL)                     , Tripura                                                                                                  ,             0,      0
(MoRTH)                      , Uttar Pradesh                                                                                            ,             0,      0
(MoRTH)                      , Uttar Pradesh                                                                                            ,             0,     66
(MoRTH)                      , Uttar Pradesh                                                                                            ,             0,      0
(MoRTH)                      , Uttar Pradesh                                                                                            ,             0,     44
(MoRTH)                      , Uttar Pradesh                                                                                            ,             0,     84
(MoRTH)                      , Uttar Pradesh                                                                                            ,             0,     66
(MoRTH)                      , Uttar Pradesh                                                                                            ,             0,     90
(MoRTH)                      , Uttar Pradesh                                                                                            ,             0,     50
(MoRTH)                      , Uttar Pradesh                                                                                            ,             0,    100
(MoRTH)                      , Uttar Pradesh                                                                                            ,             0,     60
(MoRTH)                      , Uttar Pradesh                                                                                            ,             0,     90
(MoRTH)                      , Uttar Pradesh                                                                                            ,             0,     71
(MoRTH)                      , Uttar Pradesh                                                                                            ,             0,     98
Bijnor-Kotawali              , Uttarakhand                                                                                              ,             0,     73
(MoRTH)                      , Uttarakhand                                                                                              ,             0,     68
(NHIDCL)                     , Uttarakhand                                                                                              ,             0,     64
(NHIDCL)                     , Uttarakhand                                                                                              ,             0,     87
(NHIDCL)                     , West Bengal                                                                                              ,             0,      0
Sector - Overview            , Roads & Highways                                                                                         ,          1108,      1
Sector - Overview            , Railways                                                                                                 ,           247,    693
Sector - Overview            , Urban Public Transport                                                                                   ,            28,    335
Sector - Overview            , Aviation & Aviation Infrastructure                                                                       ,            26,     21
Sector - Overview            , Shipping                                                                                                 ,             9,     15
Sector - Overview            , Inland Waterways                                                                                         ,             2,      5
Sector - Overview            , Logistics Infrastructure                                                                                 ,             1,    763
Sector - Overview            , Oil & Gas                                                                                                ,            96,    367
Sector - Overview            , Transmission & Distribution                                                                              ,            69,    203
Sector - Overview            , Electricity Generation                                                                                   ,            38,    310
Sector - Overview            , Energy Storage                                                                                           ,            17,     81
Sector - Overview            , Water Resources                                                                                          ,            41,    117
Sector - Overview            , Waste & Water                                                                                            ,            30,      9
Sector - Overview            , Telecommunication                                                                                        ,            14,    151
Sector - Overview            , Healthcare                                                                                               ,            37,     21
Sector - Overview            , Education                                                                                                ,            30,     15
Sector - Overview            , Real Estate                                                                                              ,             6,     37
Sector - Overview            , Coal                                                                                                     ,           120,    190
Sector - Overview            , Steel                                                                                                    ,            19,     18
Sector - Overview            , Metals & Mining                                                                                          ,             7,     10
Sector - Overview            , Construction                                                                                             ,             2,    899
(PAIMANA)                    , Water Resources                                                                                          ,            41, 157621
Jammu and Kashmir            , Jharkhand            Department of Telecommunications                Telecommunication                   ,             3,   2417.62
Punjab                       , Education                                                                                                ,             2,    458.95
Roads & Highways             , Balance Work                                                                       Arunachal Pradesh     ,             0,     15
(MoRTH)                      , Arunachal Pradesh                                                                                        ,             0,     99
(NHIDCL)                     , Arunachal Pradesh                                                                                        ,             0,     99
(NHIDCL)                     , Arunachal Pradesh                                                                                        ,             0,     31
(NHIDCL)                     , Arunachal Pradesh                                                                                        ,             0,     17
(NHIDCL)                     , Arunachal Pradesh                                                                                        ,             0,     40
(NHIDCL)                     , Arunachal Pradesh                                                                                        ,             0,      1
(NHIDCL)                     , Assam                                                                                                    ,             0,    100
(NHIDCL)                     , Assam                                                                                                    ,             0,     71
(NHIDCL)                     , to Km                                                                                                    ,        463000,     10.000
(NHIDCL)                     , to Km                                                                                                    ,        490800,     13.800
(NHIDCL)                     , Assam                                                                                                    ,             0,     20
(NHIDCL)                     , and NH                                                                                                   ,            27,     03
(NHIDCL)                     , Assam                                                                                                    ,             0,     52
(NHIDCL)                     , Assam                                                                                                    ,             0,      0
(NHIDCL)                     , Assam                                                                                                    ,             0,     95
(NHIDCL)                     , Assam                                                                                                    ,             0,      0
(NHIDCL)                     , Assam                                                                                                    ,             0,      6
(NHIDCL)                     , Assam                                                                                                    ,             0,     30
(NHIDCL)                     , Churaibari stretch in the State of Assam on EPC Mode under Bharatmala               Assam                ,             0,     46
(NHIDCL)                     , Assam                                                                                                    ,             0,     19
Physical Progress            , Assam                                                                                                    ,             0,      0
(NHIDCL)                     , Manipur                                                                                                  ,           247,     96
(NHIDCL)                     , Manipur                                                                                                  ,             0,     92
(NHIDCL)                     , Manipur                                                                                                  ,             0,     85
(NHIDCL)                     , Manipur                                                                                                  ,             0,     69
(NHIDCL)                     , Meghalaya                                                                                                ,             0,      0
(NHIDCL)                     , to Km                                                                                                    ,        151060,     03
Physical Progress            , Meghalaya                                                                                                ,             0,     46
(NHIDCL)                     , Meghalaya                                                                                                ,             0,     88
(NHIDCL)                     , Meghalaya                                                                                                ,             0,     37
(NHIDCL)                     , Mizoram                                                                                                  ,             0,      0
(NHIDCL)                     , state of Mizoram under Bharatmala Pariyojana on EPC mode                           Mizoram               ,             0,      0
(NHIDCL)                     , Mizoram                                                                                                  ,             0,      6
(NHIDCL)                     , Mizoram                                                                                                  ,             0,      0
(NHIDCL)                     , Mizoram                                                                                                  ,             0,      0
(NHIDCL)                     , Mizoram                                                                                                  ,             0,      0
Physical Progress            , Km in the state of Nagaland Under Bharatmala Pariyojna on EPC        Nagaland                            ,             0,     29
(NHIDCL)                     , of NH                                                                                                    ,            61,     06
(NHIDCL)                     , Nagaland                                                                                                 ,             0,     42
(NHIDCL)                     , Nagaland                                                                                                 ,             0,      0
(NHIDCL)                     , Sikkim                                                                                                   ,             0,     81
(NHIDCL)                     , Sikkim                                                                                                   ,             0,     82
(NHIDCL)                     , Sikkim                                                                                                   ,             0,     88
(NHIDCL)                     , in          Tripura                                                                                      ,             0,     50
(NHIDCL)                     , Tripura                                                                                                  ,             0,     10
(NHIDCL)                     , Tripura                                                                                                  ,             0,     47
(NHIDCL)                     , shoulder on EPC bais under NHO                                                         Tripura           ,             0,      0
(PAIMANA)                    , Chhattisgarh                                                                                             ,             0,      0
MURAIDIH UG PROJECT          , Jharkhand                                                                                                ,           191,     70
(PAIMANA)                    , Jharkhand                                                                                                ,             0,      0
RPR OF VISHNUPURI UG TO OC   , Madhya Pradesh                                                                                           ,             0,     11
ADASA UG TO OC MINE          , Maharashtra                                                                                              ,             0,      0
ADASA UG TO OC MINE          , Maharashtra                                                                                              ,             0,      0
ADASA UG TO OC MINE          , Maharashtra                                                                                              ,             0,      0
BHARATPUR RE-ORGANIZATION OCP, Odisha                                                                                                   ,          1698,     48
NAKRAKONDA KUMARDIH- B OCP   , West Bengal                                                                                              ,            72,     27
Kwar HE Project              , Jharkhand                                                                                                ,         18359,     88
Jamnagar Transmission Limited, Gujarat                                                                                                  ,           268,     16
Jamnagar Transmission Limited, Gujarat                                                                                                  ,             0,      0
(PAIMANA)                    , Maharashtra                                                                                              ,             0,      5
Nal Stop - Warje - Manikbaug , Uttar Pradesh                                                                                            ,             0,      0
Dadra & Nagar                , Haveli and Daman                                                                                         ,             0,     20
& Diu                        , Gujarat                                                                                                  ,           100,     10
Metals & Mining              , Tamil Nadu                                                                                               ,           135,     66
Additional Campus of NITPatna, Chhattisgarh                                                                                             ,             0,      0
Redevelopment of Linch Field , Gujarat                                                                                                  ,           940,     63
Palakkad TOP                 , Madhya Pradesh                                                                                           ,           448,     55
Mumbai Refinery              , Maharashtra                                                                                              ,             0,      0
Mumbai Refinery              , Maharashtra                                                                                              ,             0,      0
PRP-VIII [Group-A]           , Offshore                                                                                                 ,           964,     34
AIIMS Darbhanga              , Bihar                                                                                                    ,             0,      0
AIIMS Darbhanga              , Chhattisgarh                                                                                             ,            22,     50
AIIMS Majra Rewari Haryana   , Jharkhand                                                                                                ,           265,     30
AIIMS Majra Rewari Haryana   , Jharkhand                                                                                                ,            60,     46
AIIMS Majra Rewari Haryana   , Madhya Pradesh                                                                                           ,           164,     67
AIIMS Majra Rewari Haryana   , Punjab                                                                                                   ,             0,      0
AIIMS Majra Rewari Haryana   , Punjab                                                                                                   ,             0,      0
AIIMS Bibinagar              , Uttarakhand                                                                                              ,           262,     35
Rewas Port Project           , Maharashtra                                                                                              ,            65,      0
Rewas Port Project           , West Bengal                                                                                              ,           480,    100
to Gangavaram port           , Andhra Pradesh                                                                                           ,           120,      0
to Gangavaram port           , Assam                                                                                                    ,             0,      0
to Gangavaram port           , Assam                                                                                                    ,             0,      0
(PAIMANA)                    , Assam                                                                                                    ,             0,      0
(PAIMANA)                    , Bihar                                                                                                    ,             0,      0
JHAJHA - BATIA               , Chhattisgarh                                                                                             ,             0,      0
Manufacturing at             , Gujarat                                                                                                  ,             0,      0
(PAIMANA)                    , Jharkhand                                                                                                ,             0,      0
Solapur-tuljapur-Osmanabad   , Maharashtra                                                                                              ,          1472,     80
(PAIMANA)                    , Odisha                                                                                                   ,            30,      2
(PAIMANA)                    , Odisha                                                                                                   ,             0,      0
Bhadrak-Nergundi Third Line  , Odisha                                                                                                   ,             0,      0
Bhadrak-Nergundi Third Line  , Odisha                                                                                                   ,             0,      0
Bhadrak-Nergundi Third Line  , PAN India                                                                                                ,             0,     48
POKHRAN - RAMDEVRA New Line  , Rajasthan                                                                                                ,             0,      0
NATHDWARA- NATHDWARA TOWN NL , Tamil Nadu                                                                                               ,           340,      0
Railway Manufacturing Unit   , Telangana                                                                                                ,             0,      0
(PAIMANA)                    , Uttar Pradesh                                                                                            ,             4,     15
(NHIDCL)                     , Andhra Pradesh                                                                                           ,             0,     67
(MoRTH)                      , Andhra Pradesh                                                                                           ,             0,     81
(PAIMANA)                    , Andhra Pradesh                                                                                           ,             0,      0
(MoRTH)                      , Arunachal Pradesh                                                                                        ,             0,      1
(NHIDCL)                     , Arunachal Pradesh                                                                                        ,             0,     40
(NHIDCL)                     , along China border in state of Arunachal pradesh on EPC mode                       Arunachal Pradesh     ,             0,     17
(NHIDCL)                     , Arunachal Pradesh                                                                                        ,             0,     31
(NHIDCL)                     , Arunachal Pradesh                                                                                        ,             0,     99
(NHIDCL)                     , Arunachal Pradesh                                                                                        ,             0,     99
(PAIMANA)                    , Assam                                                                                                    ,             0,     14
(MoRTH)                      , Assam                                                                                                    ,             0,      0
(NHIDCL)                     , Assam                                                                                                    ,             0,      8
(NHIDCL)                     , Assam                                                                                                    ,             0,     19
(PAIMANA)                    , Assam                                                                                                    ,             0,     46
(NHIDCL)                     , Assam                                                                                                    ,             0,      5
(NHIDCL)                     , Assam                                                                                                    ,             0,     30
(NHIDCL)                     , Assam                                                                                                    ,             0,      6
(NHIDCL)                     , Assam                                                                                                    ,             0,      0
(NHIDCL)                     , Assam                                                                                                    ,             0,      0
(NHIDCL)                     , Assam                                                                                                    ,             0,     95
(NHIDCL)                     , Assam                                                                                                    ,             0,      0
(NHIDCL)                     , Assam                                                                                                    ,             0,     20
(NHIDCL)                     , Assam                                                                                                    ,             0,     71
(NHIDCL)                     , Assam                                                                                                    ,             0,    100
(NHIDCL)                     , Assam                                                                                                    ,             0,      0
(NHIDCL)                     , to Km                                                                                                    ,        463000,     10.000
(NHIDCL)                     , Assam                                                                                                    ,             0,     96
(NHIDCL)                     , Assam                                                                                                    ,             0,      0
(NHIDCL)                     , to Km                                                                                                    ,        490800,     13.800
(PAIMANA)                    , Assam                                                                                                    ,             0,     95
(PAIMANA)                    , Assam                                                                                                    ,             0,     94
(NHIDCL)                     , Assam                                                                                                    ,             0,     52
(NHIDCL)                     , Bihar                                                                                                    ,             0,     97
(PAIMANA)                    , Bihar                                                                                                    ,             0,      0
(MoRTH)                      , Bihar                                                                                                    ,             0,     98
(MoRTH)                      , Bihar                                                                                                    ,             0,     98
(MoRTH)                      , Bihar                                                                                                    ,             0,     99
(MoRTH)                      , Bihar                                                                                                    ,             0,     32
(MoRTH)                      , Bihar                                                                                                    ,             0,      3
state of Bihar under EPC mode, Bihar                                                                                                    ,             0,     22
(MoRTH)                      , Bihar                                                                                  Bihar             ,             0,     44
(MoRTH)                      , Bihar                                                                                                    ,             0,      9
(MoRTH)                      , Annuity Model HAM basis                                                                Bihar             ,             0,      2
section                      , Chhattisgarh                                                                                             ,             0,      5
(PAIMANA)                    , Chhattisgarh                                                                                             ,             0,     97
& Diu                        , Gujarat                                                                                                  ,             0,     21
& Diu                        , Gujarat                                                                                                  ,             0,     19
& Diu                        , Gujarat                                                                                                  ,             0,     20
(PAIMANA)                    , Gujarat                                                                                                  ,             0,     99
(PAIMANA)                    , to Km                                                                                                    ,         34000,     12
(PAIMANA)                    , to Km                                                                                                    ,         60800,     12
(PAIMANA)                    , to Km                                                                                                    ,         91400,     12
(PAIMANA)                    , to Km                                                                                                    ,        120250,     01
(PAIMANA)                    , Himachal Pradesh                                                                                         ,             0,     56
(MoRTH)                      , Karnataka                                                                                                ,             0,      0
(MoRTH)                      , Karnataka                                                                                                ,             0,     65
(MoRTH)                      , Karnataka                                                                                                ,             0,     30
(MoRTH)                      , Karnataka                                                                                                ,             0,      0
(PAIMANA)                    , Karnataka                                                                                                ,             0,     42
(MoRTH)                      , Karnataka                                                                                                ,             0,      0
(MoRTH)                      , Karnataka                                                                                                ,             0,      0
Hassan section               , Kerala                                                                                                   ,             0,     98
Kadambattukonam-Kazhakuttom  , Madhya Pradesh                                                                                           ,             0,     50
Kadambattukonam-Kazhakuttom  , Madhya Pradesh                                                                                           ,             0,     94
Kadambattukonam-Kazhakuttom  , Madhya Pradesh                                                                                           ,             0,     29
(MoRTH)                      , Madhya Pradesh                                                                                           ,             0,     88
(MoRTH)                      , Madhya Pradesh                                                                                           ,             0,     25
(MoRTH)                      , km in the state of Madhya Pradesh on EPC mode                  Madhya Pradesh                            ,             0,     97
(PAIMANA)                    , Madhya Pradesh                                                                                           ,             0,     60
(PAIMANA)                    , Madhya Pradesh                                                                                           ,             0,     86
(PAIMANA)                    , Madhya Pradesh                                                                                           ,             0,     51
(PAIMANA)                    , Madhya Pradesh                                                                                           ,             0,     67
(PAIMANA)                    , Pradesh on EPC mode                                                                   Madhya Pradesh     ,             0,     13
(MoRTH)                      , Madhya Pradesh                                                                                           ,             0,     35
(MoRTH)                      , Madhya Pradesh                                                                                           ,             0,     47
(MoRTH)                      , Maharashtra                                                                                              ,             0,      0
(MoRTH)                      , Maharashtra                                                                                              ,             0,     95
(MoRTH)                      , Maharashtra                                                                                              ,             0,     66
(MoRTH)                      , in the state of Maharashtra                                                              Maharashtra     ,             0,     88
(MoRTH)                      , Maharashtra                                                                                              ,             0,     95
on EPC mode                  , Maharashtra                                                                                              ,             0,     27
on EPC mode                  , Maharashtra                                                                                              ,             0,     97
on EPC mode                  , Maharashtra                                                                                              ,             0,      0
on EPC mode                  , Maharashtra                                                                                              ,             0,     77
(MoRTH)                      , Maharashtra                                                                                              ,             0,     52
(MoRTH)                      , km                                      Maharashtra                                                      ,             0,     48
(MoRTH)                      , in Gondia District in the state of             Maharashtra                                               ,             0,     34
(MoRTH)                      , Maharashtra                                                                                              ,             0,     28
Nandurshingote to Kolhar     , Maharashtra                                                                                              ,             0,     63
(MoRTH)                      , Maharashtra                                                                                              ,             0,     97
(MoRTH)                      , Maharashtra                                                                                              ,             0,     75
(PAIMANA)                    , Maharashtra                                                                                              ,             0,     93
(MoRTH)                      , Maharashtra                                                                                              ,             0,     87
(MoRTH)                      , km                                                                                       Maharashtra     ,             0,     31
(MoRTH)                      , Maharashtra                                                                                              ,             0,     36
(MoRTH)                      , Two lane with paved shoulder configuartion in the state of Maharashtra on EPC mode       Maharashtra     ,             0,      6
(MoRTH)                      , Maharashtra                                                                                              ,             0,     96
Satara to Mhaswad            , Maharashtra                                                                                              ,             0,     98
Satara to Mhaswad            , Maharashtra                                                                                              ,             0,     62
(MoRTH)                      , Maharashtra                                                                                              ,             0,     80
(MoRTH)                      , Maharashtra                                                                                              ,             0,     83
(PAIMANA)                    , Maharashtra                                                                                              ,             0,     36
(PAIMANA)                    , Maharashtra                                                                                              ,             0,     62
(MoRTH)                      , Maharashtra                                                                                              ,             0,     99
(MoRTH)                      , Maharashtra                                                                                              ,             0,     23
(MoRTH)                      , Maharashtra                                                                                              ,             0,     93
(MoRTH)                      , Maharashtra                                                                                              ,             0,     89
(MoRTH)                      , Maharashtra                                                                                              ,             0,     98
(MoRTH)                      , Maharashtra                                                                                              ,             0,     81
(PAIMANA)                    , Maharashtra                                                                                              ,             0,      0
- Ganjad                     , Manipur                                                                                                  ,             0,     47
- Ganjad                     , Manipur                                                                                                  ,             0,     92
(PAIMANA)                    , Manipur                                                                                                  ,             0,     85
(NHIDCL)                     , Works & Rectification works                                                          Manipur             ,             0,     69
(NHIDCL)                     , Manipur                                                                                                  ,             0,     19
(PAIMANA)                    , Manipur                                                                                                  ,           247,     96
(PAIMANA)                    , Manipur                                                                                                  ,             0,    100
(NHIDCL)                     , Meghalaya                                                                                                ,             0,     13
(NHIDCL)                     , Meghalaya                                                                                                ,             0,     46
(NHIDCL)                     , Meghalaya                                                                                                ,             0,     88
(NHIDCL)                     , Mizoram                                                                                                  ,             0,      6
(NHIDCL)                     , of Mizoram on EPC mode                                                                  Mizoram          ,             0,      0
(NHIDCL)                     , Mizoram                                                                                                  ,             0,      0
(NHIDCL)                     , Mizoram                                                                                                  ,             0,      0
(NHIDCL)                     , Mizoram                                                                                                  ,             0,      0
(NHIDCL)                     , Mizoram                                                                                                  ,             0,      0
Multi-States                 , to km                                                                                                    ,        468100,     10
(NHIDCL)                     , Nagaland                                                                                                 ,             0,     93
(PAIMANA)                    , Nagaland                                                                                                 ,             0,     29
(NHIDCL)                     , Nagaland                                                                                                 ,             0,      0
(NHIDCL)                     , Nagaland                                                                                                 ,             0,     78
(NHIDCL)                     , Nagaland                                                                                                 ,             0,     85
(NHIDCL)                     , Nagaland                                                                                                 ,             0,     49
(NHIDCL)                     , Nagaland                                                                                                 ,             0,     86
(PAIMANA)                    , Odisha                                                                                                   ,             0,      2
(MoRTH)                      , Odisha                                                                                                   ,             0,     18
the State of Odisha          , Punjab                                                                                                   ,             0,     30
(MoRTH)                      , Punjab                                                                                                   ,             0,     96
(MoRTH)                      , Punjab                                                                                                   ,             0,     72
(MoRTH)                      , to km                                                                                                    ,        225770,     12
(PAIMANA)                    , to km                                                                                                    ,        260860,     12
(PAIMANA)                    , to km                                                                                                    ,        303900,     12
(PAIMANA)                    , to km                                                                                                    ,        397700,     03
(MoRTH)                      , Rajasthan                                                                                                ,             0,     66
(MoRTH)                      , Rajasthan                                                                                                ,             0,     43
Jaipur                       , Sikkim                                                                                                   ,             0,     82
(PAIMANA)                    , Sikkim                                                                                                   ,             0,     76
(PAIMANA)                    , Sikkim                                                                                                   ,             0,     81
(NHIDCL)                     , Sikkim                                                                                                   ,             0,     78
(PAIMANA)                    , to Km                                                                                                    ,          4604,     03
(PAIMANA)                    , Telangana                                                                                                ,             0,    100
(PAIMANA)                    , Telangana                                                                                                ,             0,     99
(PAIMANA)                    , Telangana                                                                                                ,             0,     97
(PAIMANA)                    , Telangana                                                                                                ,             0,     99
(PAIMANA)                    , Telangana                                                                                                ,             0,     96
(PAIMANA)                    , Telangana                                                                                                ,             0,     99
(MoRTH)                      , Telangana                                                                                                ,             0,     92
(MoRTH)                      , Telangana                                                                                                ,             0,     63
(PAIMANA)                    , Telangana                                                                                                ,             0,     85
(PAIMANA)                    , Tripura                                                                                                  ,             0,     41
(NHIDCL)                     , Tripura                                                                                                  ,             0,     10
(NHIDCL)                     , Tripura                                                                                                  ,             0,     50
(NHIDCL)                     , Tripura                                                                                                  ,             0,     47
(NHIDCL)                     , Tripura                                                                                                  ,             0,      0
(NHIDCL)                     , Tripura                                                                                                  ,             0,      0
(NHIDCL)                     , Tripura                                                                                                  ,             0,      0
(NHIDCL)                     , Uttar Pradesh                                                                                            ,             0,     91
state of Uttar Pradesh       , Uttar Pradesh                                                                                            ,             0,      0
state of Uttar Pradesh       , Uttar Pradesh                                                                                            ,             0,     90
state of Uttar Pradesh       , Uttar Pradesh                                                                                            ,             0,      2
state of Uttar Pradesh       , Uttar Pradesh                                                                                            ,             0,      0
state of Uttar Pradesh       , Uttar Pradesh                                                                                            ,             0,     56
paved shoulder under EPC mode, Uttar Pradesh                                                                                            ,             0,      9
(MoRTH)                      , Uttar Pradesh                                                                                            ,             0,      0
(MoRTH)                      , Annuity Mode HAM in the State of Uttar Pradesh                                          Uttar Pradesh    ,             0,     20
(MoRTH)                      , Uttar Pradesh                                                                                            ,             0,      5
(PAIMANA)                    , Uttar Pradesh                                                                           Uttar Pradesh    ,             0,     80
(PAIMANA)                    , Uttar Pradesh                                                                                            ,           232,     82
(PAIMANA)                    , Uttarakhand                                                                                              ,             0,      0
(PAIMANA)                    , Uttarakhand                                                                                              ,             0,     17
(MoRTH)                      , Uttarakhand                                                                                              ,             0,     42
(MoRTH)                      , Uttarakhand                                                                                              ,             0,     52
(PAIMANA)                    , Uttarakhand                                                                                              ,             0,     20
(MoRTH)                      , km                                                                Uttarakhand                            ,             0,     33
(MoRTH)                      , Uttarakhand                                                                                              ,             0,     75
(MoRTH)                      , Uttarakhand                                                                                              ,             0,     24
(MoRTH)                      , Uttarakhand                                                                                              ,             0,     96
(MoRTH)                      , Uttarakhand                                                                                              ,             0,    100
(MoRTH)                      , Uttarakhand                                                                                              ,             0,     76
(NHIDCL)                     , Uttarakhand                                                                                              ,             0,     45
(MoRTH)                      , West Bengal                                                                                              ,             0,     84
(NHIDCL)                     , West Bengal                                                                                              ,             0,     98
(MoRTH)                      , in the State of West Bengal on EPC mode                                                     West Bengal  ,             0,      0
Sector - Overview            , Roads & Highways                                                                                         ,           863,    799
Sector - Overview            , Railways                                                                                                 ,           251,    697
Sector - Overview            , Urban Public Transport                                                                                   ,            28,    335
Sector - Overview            , Aviation & Aviation Infrastructure                                                                       ,            26,     21
Sector - Overview            , Shipping                                                                                                 ,             9,     15
Sector - Overview            , Inland Waterways                                                                                         ,             2,      5
Sector - Overview            , Logistics Infrastructure                                                                                 ,             1,    763
Sector - Overview            , Oil & Gas                                                                                                ,            93,    353
Sector - Overview            , Transmission & Distribution                                                                              ,            70,    206
Sector - Overview            , Electricity Generation                                                                                   ,            38,    310
Sector - Overview            , Energy Storage                                                                                           ,            17,     81
Sector - Overview            , Water Resources                                                                                          ,            39,     93
Sector - Overview            , Waste & Water                                                                                            ,            31,      9
Sector - Overview            , Telecommunication                                                                                        ,            14,    151
Sector - Overview            , Healthcare                                                                                               ,            37,     21
Sector - Overview            , Education                                                                                                ,            30,     15
Sector - Overview            , Real Estate                                                                                              ,             6,     37
Sector - Overview            , Coal                                                                                                     ,           118,    185
Sector - Overview            , Steel                                                                                                    ,            19,     18
Sector - Overview            , Metals & Mining                                                                                          ,             7,     10
Sector - Overview            , Construction                                                                                             ,             2,    899
(PAIMANA)                    , Water Resources                                                                                          ,            39, 140376
Assam                        , Bihar             Department of Telecommunications                Telecommunication                      ,             4,   1426.77
Chhattisgarh                 , Gujarat               Department of Higher Education                      Education                      ,             1,    319.74
(PAIMANA)                    , Madhya Pradesh                                                           Water Resources                 ,             3,   3057.95
Meghalaya                    , Education                                                                                                ,             1,    261.70
Punjab                       , Sikkim                   Ministry of Civil Aviation          Aviation & Aviation Infrastructure          ,             1,     51.21
(MoRTH)                      , Arunachal Pradesh                                                                                        ,             0,      1
(NHIDCL)                     , Arunachal Pradesh                                                                                        ,             0,     22
(NHIDCL)                     , Arunachal Pradesh                                                                                        ,             0,     27
(NHIDCL)                     , Arunachal Pradesh                                                                                        ,             0,     99
(NHIDCL)                     , Arunachal Pradesh                                                                                        ,             0,     98
Physical Progress            , Assam                                                                                                    ,             0,      0
Physical Progress            , Assam                                                                                                    ,             0,    100
(NHIDCL)                     , to Km                                                                                                    ,        463000,     10.000
(NHIDCL)                     , to Km                                                                                                    ,        490800,     13.800
(NHIDCL)                     , Assam                                                                                                    ,             0,    100
(NHIDCL)                     , Assam                                                                                                    ,             0,     20
(NHIDCL)                     , Assam                                                                                                    ,             0,     71
(NHIDCL)                     , Assam                                                                                                    ,             0,     54
(MoRTH)                      , Assam                                                                                                    ,             0,      0
(NHIDCL)                     , Assam                                                                                                    ,             0,     11
(NHIDCL)                     , Churaibari stretch in the State of Assam on EPC Mode under Bharatmala               Assam                ,             0,     46
(NHIDCL)                     , Assam                                                                                                    ,             0,      6
(NHIDCL)                     , Assam                                                                                                    ,             0,      0
(NHIDCL)                     , Assam                                                                                                    ,             0,      0
(NHIDCL)                     , Assam                                                                                                    ,             0,     92
(NHIDCL)                     , Assam                                                                                                    ,             0,      0
(NHIDCL)                     , and NH                                                                                                   ,            27,     03
(NHIDCL)                     , Manipur                                                                                                  ,             0,     88
(NHIDCL)                     , Manipur                                                                                                  ,             0,     37
(NHIDCL)                     , Manipur                                                                                                  ,             0,      4
(NHIDCL)                     , Manipur                                                                                                  ,             0,     55
(NHIDCL)                     , Manipur                                                                                                  ,           247,     96
(NHIDCL)                     , Meghalaya                                                                                                ,             0,      0
(NHIDCL)                     , Meghalaya                                                                                                ,             0,     36
(NHIDCL)                     , Meghalaya                                                                                                ,             0,     46
(NHIDCL)                     , Meghalaya                                                                                                ,             0,     78
(NHIDCL)                     , to Km                                                                                                    ,        151060,     03
(NHIDCL)                     , Mizoram                                                                                                  ,             0,      0
(NHIDCL)                     , Mizoram                                                                                                  ,             0,      0
(NHIDCL)                     , Mizoram                                                                                                  ,             0,      0
(NHIDCL)                     , Mizoram                                                                                                  ,             0,      0
(NHIDCL)                     , Mizoram                                                                                                  ,             0,      0
(NHIDCL)                     , Mizoram                                                                                                  ,             0,      0
(NHIDCL)                     , Mizoram                                                                                                  ,             0,      0
(NHIDCL)                     , state of Mizoram under Bharatmala Pariyojana on EPC mode                           Mizoram               ,             0,      0
(NHIDCL)                     , Mizoram                                                                                                  ,             0,      0
(NHIDCL)                     , Km in the state of Nagaland Under Bharatmala Pariyojna on EPC         Nagaland                           ,             0,     29
(NHIDCL)                     , Nagaland                                                                                                 ,             0,      0
(NHIDCL)                     , Nagaland                                                                                                 ,             0,     22
(NHIDCL)                     , of NH                                                                                                    ,            61,     06
(NHIDCL)                     , Nagaland                                                                                                 ,             0,     41
(NHIDCL)                     , Nagaland                                                                                                 ,             0,      0
(NHIDCL)                     , Sikkim                                                                                                   ,             0,     78
(NHIDCL)                     , Sikkim                                                                                                   ,             0,     79
Physical Progress            , shoulder on EPC bais under NHO                                                         Tripura           ,             0,      0
(NHIDCL)                     , Tripura                                                                                                  ,             0,      6
(NHIDCL)                     , in          Tripura                                                                                      ,             0,     47
(NHIDCL)                     , Tripura                                                                                                  ,             0,      0
(NHIDCL)                     , Tripura                                                                                                  ,             0,      0
AIIMS Darbhanga              , Delhi                                                                                                    ,             0,      0
Healthcare                   , Maharashtra                                                                                              ,            58,     11
Shipping                     , Gujarat                                                                                                  ,          1145,     40
Logistics Infrastructure     , Haryana                                                                                                  ,           430,     60
(PAIMANA)                    , Rajasthan                                                                                                ,             0,      0
Sahjanwa-Dohrighat           , Uttar Pradesh                                                                                            ,             0,      0
(MoRTH)                      , Andhra Pradesh                                                                                           ,             0,     67
(MoRTH)                      , Andhra Pradesh                                                                                           ,             0,     40
(MoRTH)                      , Andhra Pradesh                                                                                           ,             0,     14
(MoRTH)                      , Andhra Pradesh                                                                                           ,             0,      3
(MoRTH)                      , Andhra Pradesh                                                                                           ,             0,      5
(PAIMANA)                    , Andhra Pradesh                                                                                           ,             0,      0
(PAIMANA)                    , Andhra Pradesh                                                                                           ,             0,     84
(MoRTH)                      , from in the State of Andhra Pradesh on EPC mode                                         Andhra Pradesh   ,             0,     81
(MoRTH)                      , Arunachal Pradesh                                                                                        ,             0,      1
(NHIDCL)                     , Arunachal Pradesh                                                                                        ,             0,     27
(NHIDCL)                     , Arunachal Pradesh                                                                                        ,             0,     99
(NHIDCL)                     , Arunachal Pradesh                                                                                        ,             0,     98
(MoRTH)                      , Assam                                                                                                    ,             0,      0
(NHIDCL)                     , Assam                                                                                                    ,             0,      8
(NHIDCL)                     , Assam                                                                                                    ,             0,     11
(NHIDCL)                     , State of Assam on EPC Mode under Bharatmala Pariyojana in Economic Corridors             Assam           ,             0,     46
(NHIDCL)                     , Assam                                                                                                    ,             0,      0
(NHIDCL)                     , Assam                                                                                                    ,             0,      6
(NHIDCL)                     , Assam                                                                                                    ,             0,      0
(PAIMANA)                    , Assam                                                                                                    ,             0,      0
(NHIDCL)                     , Assam                                                                                                    ,             0,     92
(NHIDCL)                     , Assam                                                                                                    ,             0,      0
(NHIDCL)                     , Assam                                                                                                    ,             0,     20
(NHIDCL)                     , Assam                                                                                                    ,             0,     71
(NHIDCL)                     , Assam                                                                                                    ,             0,     54
(NHIDCL)                     , Km             Assam                                                                                     ,             0,    100
(NHIDCL)                     , Assam                                                                                                    ,             0,      0
(NHIDCL)                     , to Km                                                                                                    ,        463000,     10.000
(NHIDCL)                     , to Km                                                                                                    ,        490800,     13.800
(NHIDCL)                     , and NH                                                                                                   ,            27,     03
(PAIMANA)                    , Bihar                                                                                                    ,             0,     99
(MoRTH)                      , under EPC mode in the state of Bihar                                                    Bihar            ,             0,      2
(MoRTH)                      , Bihar                                                                                                    ,             0,      0
(MoRTH)                      , Bihar                                                                                                    ,             0,      0
(MoRTH)                      , Bihar                                                                                                    ,             0,     66
(MoRTH)                      , Bihar                                                                                                    ,             0,     44
(MoRTH)                      , Bihar                                                                                   Bihar            ,             0,      8
(MoRTH)                      , Bihar                                                                                                    ,             0,      1
(MoRTH)                      , Chhattisgarh                                                                                             ,           537,     60
(MoRTH)                      , Gujarat on EPC                                                                            Gujarat        ,             0,     21
(MoRTH)                      , in the State of Gujarat on HAM mode                                                    Gujarat           ,             0,      5
(MoRTH)                      , on Hybrid Annuity Mode HAM                                                                Gujarat        ,             0,      8
(MoRTH)                      , Gujarat                                                                                                  ,             0,     10
(PAIMANA)                    , Gujarat                                                                                                  ,             0,     92
(MoRTH)                      , Gujarat                                                                                                  ,             0,     47
(MoRTH)                      , Gujarat                                                                                                  ,           162,    100
(MoRTH)                      , Himachal Pradesh                                                                                         ,             0,     56
(NHIDCL)                     , in the UT of J&K on EPC                                                                                  ,             0,      0
(NHIDCL)                     , Jharkhand                                                                                                ,            77,     93
(MoRTH)                      , Jharkhand                                                                                                ,             0,      2
(MoRTH)                      , Jharkhand                                                                                                ,             0,      0
(MoRTH)                      , Jharkhand                                                                                                ,             0,      0
(MoRTH)                      , Karnataka                                                                                                ,             0,      0
(MoRTH)                      , Karnataka                                                                                                ,             0,     42
(MoRTH)                      , Karnataka                                                                                                ,             0,      0
(PAIMANA)                    , Karnataka                                                                                                ,             0,      0
(PAIMANA)                    , in the state of Kerala                                                 Kerala                            ,             0,     98
(MoRTH)                      , km in the State of Madhya   Madhya Pradesh                                                               ,             0,      0
(MoRTH)                      , Madhya Pradesh                                                                                           ,             0,     93
(MoRTH)                      , Madhya Pradesh                                                                                           ,             0,      0
(MoRTH)                      , Madhya Pradesh                                                                                           ,             0,     70
(MoRTH)                      , Madhya Pradesh on EPC mode                                                           Madhya Pradesh      ,             0,     51
(PAIMANA)                    , Maharashtra                                                                                              ,             0,      0
(MoRTH)                      , Maharashtra                                                                                              ,             0,     88
(MoRTH)                      , Maharashtra                                                                                              ,             0,     98
(MoRTH)                      , Maharashtra                                                                                              ,             0,     34
(MoRTH)                      , Maharashtra                                                                                              ,             0,     95
(MoRTH)                      , Maharashtra                                                                                              ,             0,     34
(MoRTH)                      , existing            Maharashtra                                                                          ,             0,     27
(MoRTH)                      , Maharashtra                                                                                              ,             0,     91
(MoRTH)                      , Maharashtra                                                                                              ,             0,     55
(MoRTH)                      , Maharashtra                                                                                              ,             0,     55
(MoRTH)                      , Maharashtra                                                                                              ,             0,      0
(PAIMANA)                    , Maharashtra                                                                                              ,             0,     99
(MoRTH)                      , in the state of                  Maharashtra                                                             ,             0,     81
(MoRTH)                      , Maharashtra                                                                                              ,             0,     34
Bodhre - Dhule               , Maharashtra                                                                                              ,             0,      0
(NHIDCL)                     , Manipur                                                                                                  ,             0,     88
(NHIDCL)                     , Manipur                                                                                                  ,             0,     37
(NHIDCL)                     , Manipur                                                                                                  ,             0,      4
(NHIDCL)                     , Manipur                                                                                                  ,             0,     55
(NHIDCL)                     , Manipur                                                                                                  ,           247,     96
(MoRTH)                      , Meghalaya                                                                                                ,             0,      0
(NHIDCL)                     , Meghalaya                                                                                                ,             0,     36
(NHIDCL)                     , Meghalaya                                                                                                ,             0,     46
(PAIMANA)                    , Meghalaya                                                                                                ,             0,     78
(NHIDCL)                     , Mizoram                                                                                                  ,             0,      0
(NHIDCL)                     , Mizoram                                                                                                  ,             0,      0
(NHIDCL)                     , Mizoram                                                                                                  ,             0,      0
(NHIDCL)                     , Mizoram                                                                                                  ,             0,      0
(NHIDCL)                     , Mizoram                                                                                                  ,             0,      0
(NHIDCL)                     , Mizoram                                                                                                  ,             0,      0
(NHIDCL)                     , Mizoram                                                                                                  ,             0,      0
(NHIDCL)                     , Mizoram under Bharatmala Pariyojana on EPC mode                                         Mizoram          ,             0,      0
(NHIDCL)                     , Mizoram                                                                                                  ,             0,      0
Maharashtra)                 , to Km                                                                                                    ,        157920,    872.6
Multi-States (Uttar          , to Km                                                                                                    ,        196000,     04
Uttarakhand)                 , of NH                                                                                                    ,            61,     06
Uttarakhand)                 , Nagaland                                                                                                 ,             0,     41
(NHIDCL)                     , Nagaland                                                                                                 ,             0,     22
(NHIDCL)                     , in the state of Nagaland Under Bharatmala Pariyojna on EPC Mode under NHO              Nagaland          ,             0,     29
(NHIDCL)                     , Nagaland                                                                                                 ,             0,      0
(MoRTH)                      , Punjab                                                                                                   ,             0,     96
(PAIMANA)                    , Sikkim                                                                                                   ,             0,     78
(MoRTH)                      , Telangana                                                                                                ,             0,      0
(PAIMANA)                    , mode                                                                                    Telangana        ,             0,     96
(MoRTH)                      , Telangana under EPC mode                                                                Telangana        ,             0,     99
(MoRTH)                      , Telangana                                                                                                ,             0,     99
(MoRTH)                      , Telangana                                                                                                ,             0,     92
(MoRTH)                      , on EPC mode                                                                     Telangana                ,             0,     85
(PAIMANA)                    , Tripura                                                                                                  ,             0,      0
(NHIDCL)                     , Tripura                                                                                                  ,             0,      6
(NHIDCL)                     , in the state of Tripura on           Tripura                                                             ,             0,     47
(NHIDCL)                     , Tripura                                                                                                  ,             0,      0
(NHIDCL)                     , EPC bais under NHO                                                                          Tripura      ,             0,      0
(MoRTH)                      , Uttar Pradesh                                                                                            ,             0,     20
(PAIMANA)                    , Uttar Pradesh                                                                                            ,             0,     94
(PAIMANA)                    , Uttar Pradesh                                                                                            ,             0,     66
(MoRTH)                      , Uttar Pradesh                                                                                            ,             0,     43
(MoRTH)                      , Uttar Pradesh                                                                                            ,             0,     47
(MoRTH)                      , Uttar Pradesh                                                                                            ,             0,     86
(MoRTH)                      , in the State of Uttar Pradesh on EPC basis                                            Uttar Pradesh      ,             0,      2
(MoRTH)                      , Uttar Pradesh                                                                                            ,             0,      0
(MoRTH)                      , under HAM                                                                             Uttar Pradesh      ,             0,      0
(MoRTH)                      , Uttar Pradesh                                                                                            ,             0,     68
(MoRTH)                      , Uttar Pradesh                                                                                            ,             0,     92
(PAIMANA)                    , Uttar Pradesh                                                                                            ,             0,     90
(MoRTH)                      , Uttar Pradesh                                                                                            ,             0,    100
(MoRTH)                      , Uttar Pradesh                                                                                            ,             0,     85
(MoRTH)                      , Uttar Pradesh                                                                                            ,             0,     90
(MoRTH)                      , Uttar Pradesh                                                                                            ,             0,     19
(MoRTH)                      , Uttar Pradesh                                                                                            ,             0,     27
(MoRTH)                      , Uttar Pradesh                                                                                            ,             0,      0
(MoRTH)                      , Uttar Pradesh                                                                                            ,             0,     25
(MoRTH)                      , Uttar Pradesh                                                                                            ,             0,     12
(MoRTH)                      , shoulder configuration under Hybrid Annuity Mode HAM in the State of Uttar Pradesh      Uttar Pradesh    ,             0,      5
(MoRTH)                      , Uttar Pradesh                                                                                            ,             0,     80
(MoRTH)                      , Uttar Pradesh                                                                                            ,             0,     14
(MoRTH)                      , Uttar Pradesh                                                                                            ,             0,     86
(MoRTH)                      , Uttar Pradesh                                                                                            ,             0,     98
(MoRTH)                      , Uttarakhand                                                                                              ,             0,     73
(MoRTH)                      , Uttarakhand                                                                                              ,             0,     11
(PAIMANA)                    , Uttarakhand                                                                                              ,             0,     14
(PAIMANA)                    , Uttarakhand                                                                                              ,             0,      0
(MoRTH)                      , Uttarakhand                                                                                              ,             0,      0
(NHIDCL)                     , Uttarakhand                                                                                              ,             0,     66
(NHIDCL)                     , Uttarakhand                                                                                              ,             0,     40
(NHIDCL)                     , West Bengal                                                                                              ,             0,      0
(PAIMANA)                    , West Bengal                                                                                              ,             0,      0
Sector - Overview            , Railways                                                                                                 ,           254,    676
Sector - Overview            , Aviation & Aviation Infrastructure                                                                       ,            27,     23
Sector - Overview            , Urban Public Transport                                                                                   ,            22,    225
Sector - Overview            , Inland Waterways                                                                                         ,             6,     77
Sector - Overview            , Shipping                                                                                                 ,             5,      4
Sector - Overview            , Oil & Gas                                                                                                ,            93,    353
Sector - Overview            , Transmission & Distribution                                                                              ,            61,    142
Sector - Overview            , Electricity Generation                                                                                   ,            36,    270
Sector - Overview            , Energy Storage                                                                                           ,            17,     82
Sector - Overview            , Water Resources                                                                                          ,            45,     97
Sector - Overview            , Waste & Water                                                                                            ,            10,      4
Sector - Overview            , Telecommunication                                                                                        ,            15,    151
Sector - Overview            , Education                                                                                                ,            30,     12
Sector - Overview            , Real Estate                                                                                              ,            13,     48
Sector - Overview            , Healthcare                                                                                               ,             4,      4
Sector - Overview            , Coal                                                                                                     ,           120,    172
Sector - Overview            , Steel                                                                                                    ,            19,     16
Sector - Overview            , Metals & Mining                                                                                          ,            10,     14
Sector - Overview            , Construction                                                                                             ,             2,    902
(PAIMANA)                    , Department of Higher Education                                   Education                               ,            30,   8277.36
(PAIMANA)                    , Department of Telecommunications                              Telecommunication                          ,            15,  71833.2
(PAIMANA)                    , Ministry of Civil Aviation                      Aviation & Aviation Infrastructure                       ,            27,   5883.97
(PAIMANA)                    , Ministry of Coal                                   Electricity Generation                                ,             5,  23308.2
(PAIMANA)                    , Ministry of Health & Family Welfare                              Healthcare                              ,             3,   2646.56
(PAIMANA)                    , Ministry of Housing & Urban Affairs                              Real Estate                             ,            10,   6303.55
(PAIMANA)                    , Ministry of Power                                   Electricity Generation                               ,            31, 129610
Assam                        , Bihar                                                                 Real Estate                        ,             1,    204.64
Jharkhand                    , Karnataka                                                              Water Resources                   ,             1,   1511.22
Maharashtra                  , Manipur                   Ministry of Civil Aviation          Aviation & Aviation Infrastructure         ,             1,    160.48
Tamil Nadu                   , Uttar Pradesh                                                               Coal                         ,             2,    980.95
Additional Campus of NITPatna, D&E Block S                                                                                              ,            12,      2
Orignal/Target DoC           , Gujarat                                                                                                  ,            43,     15
Sector - Overview            , Roads & Highways                                                                                         ,           993,    945
Sector - Overview            , Railways                                                                                                 ,           192,    469
Sector - Overview            , Urban Public Transport                                                                                   ,            30,    320
Sector - Overview            , Aviation & Aviation Infrastructure                                                                       ,            25,     21
Sector - Overview            , Shipping                                                                                                 ,             4,      7
Sector - Overview            , Logistics Infrastructure                                                                                 ,             1,    763
Sector - Overview            , Inland Waterways                                                                                         ,             1,      5
Sector - Overview            , Oil & Gas                                                                                                ,            91,    362
Sector - Overview            , Transmission & Distribution                                                                              ,            63,    197
Sector - Overview            , Electricity Generation                                                                                   ,            39,    389
Sector - Overview            , Energy Storage                                                                                           ,            12,     25
Sector - Overview            , Water Resources                                                                                          ,            30,     96
Sector - Overview            , Waste & Water                                                                                            ,            23,      7
Sector - Overview            , Telecommunication                                                                                        ,            31,    207
Sector - Overview            , Healthcare                                                                                               ,            44,     23
Sector - Overview            , Education                                                                                                ,            31,     16
Sector - Overview            , Real Estate                                                                                              ,            15,     54
Sector - Overview            , Coal                                                                                                     ,           115,    184
Sector - Overview            , Steel                                                                                                    ,            26,     24
Sector - Overview            , Metals & Mining                                                                                          ,             6,      9
Sector - Overview            , Construction                                                                                             ,             2,    899
(PAIMANA)                    , Water Resources                                                                                          ,            30, 140510.51
Himachal Pradesh             , Jharkhand                                                              Water Resources                   ,             2,   6386.21
Uttarakhand                  , Ministry of Mines                         Construction                                                   ,             1,     98.94
Establishment of NIT Nagaland, Sikkim                                                                                                   ,           292,     96.5
(NHIDCL)                     , Assam                                                                                                    ,             0,     52
(NHIDCL)                     , to Km                                                                                                    ,        490800,     13.800
(MoRTH)                      , Assam                                                                                                    ,             0,      3.25
(NHIDCL)                     , Manipur                                                                                                  ,           195,     98.12
(NHIDCL)                     , to Km                                                                                                    ,        151060,     03
(NHIDCL)                     , Meghalaya                                                                                                ,             0,     53.21
(NHIDCL)                     , Meghalaya                                                                                                ,             0,      4.5
(NHIDCL)                     , Mizoram                                                                                                  ,             0,      2
(NHIDCL)                     , of NH                                                                                                    ,            61,     06
(NHIDCL)                     , Nagaland                                                                                                 ,             0,     44.46
(NHIDCL)                     , Km in the state of Nagaland Under Bharatmala Pariyojna on EPC       Nagaland                             ,             0,     43.13
Hindalco Switchyard          , Madhya Pradesh                                                                                           ,           148,     55.26
(-) (-)                      , Uttar Pradesh                                                                                            ,             0,      0
Sikkim                       , Sikkim                                                                                                   ,           292,     96.5
and expansion of Refinery    , Madhya Pradesh                                                                                           ,          6104,     33.5
Logistics Infrastructure     , Haryana                                                                                                  ,           430,     60
(-) (-)                      , Bihar                                                                                                    ,             0,      0
(-) (-)                      , Rajasthan                                                                                                ,             0,      0
Roads & Highways             , IIIA                                                                                                     ,             0,     81.95
(-) (-)                      , Andhra Pradesh                                                                                           ,             0,     95.77
(-) (-)                      , Andhra Pradesh                                                                                           ,             0,     49.71
(PAIMANA)                    , Andhra Pradesh                                                                                           ,             0,     41.98
Andhra Pradesh               , Andhra Pradesh                                                                                           ,             0,     37.7
(-) (-)                      , Andhra Pradesh                                                                                           ,             0,     33.55
(-) (-)                      , Andhra Pradesh                                                                                           ,             0,     37.95
(-) (-)                      , Assam                                                                                                    ,             0,     34
(-) (-)                      , Assam                                                                                                    ,             0,      3.25
(-) (-)                      , to Km                                                                                                    ,        490800,     13.800
(-) (-)                      , Chhattisgarh                                                                                             ,            53,     38.56
(-) (-)                      , Chhattisgarh                                                                                             ,             0,      0
(-) (-)                      , Chhattisgarh                                                                                             ,             0,      0
(-) (-)                      , Gujarat                                                                                                  ,             0,     36
(-) (-)                      , Gujarat                                                                                                  ,             0,     98
(-) (-)                      , Gujarat                                                                                                  ,             0,      7
(-) (-)                      , to Km                                                                                                    ,         34000,     12
(-) (-)                      , to Km                                                                                                    ,         60800,     12
(-) (-)                      , Himachal Pradesh                                                                                         ,             0,     22.26
(-) (-)                      , Himachal Pradesh                                                                                         ,             0,     70.58
(-) (-)                      , km in the state of Madhya Pradesh on EPC mode                  Madhya Pradesh                            ,             0,     88
(-) (-)                      , Pradesh on EPC mode                                                                        Madhya Pradesh,             0,     16.52
(-) (-)                      , Dahiwadi Village Bus Stop Design chainage Km               Maharashtra                                   ,             0,     74.29
(-) (-)                      , km                                      Maharashtra                                                      ,             0,     88.56
(-) (-)                      , mode                                                                                     Maharashtra     ,             0,     93.75
(-) (-)                      , km                                                                                       Maharashtra     ,             0,     54.04
(-) (-)                      , Two lane with paved shoulder configuartion in the state of Maharashtra on EPC mode       Maharashtra     ,             0,     15
(-) (-)                      , EPC Mode                                                                                Maharashtra      ,             0,      0
(-) (-)                      , Punjab                                                                                                   ,             0,     45
(-) (-)                      , Punjab                                                                                                   ,             0,     83
(-) (-)                      , to km                                                                                                    ,        303900,     12
(-) (-)                      , to km                                                                                                    ,        397700,     03
(-) (-)                      , to km                                                                                                    ,         25240,     11
(-) (-)                      , to Km                                                                                                    ,          4604,     03
(-) (-)                      , Annuity Mode HAM in the State of Uttar Pradesh                                          Uttar Pradesh    ,             0,     35
(-) (-)                      , Uttarakhand                                                                                              ,             0,     53.74
(-) (-)                      , km                                                             Uttarakhand                               ,             0,     37.23
(-) (-)                      , Uttarakhand                                                                                              ,             0,     81.17
(-) (-)                      , Pariyojna on EPC Mode                                                                  Uttarakhand       ,             0,     37.19
Sector - Overview            , Roads & Highways                                                                                         ,           993,    945
Sector - Overview            , Railways                                                                                                 ,           192,    469
Sector - Overview            , Urban Public Transport                                                                                   ,            30,    320
Sector - Overview            , Aviation & Aviation Infrastructure                                                                       ,            25,     21
Sector - Overview            , Shipping                                                                                                 ,             4,      7
Sector - Overview            , Logistics Infrastructure                                                                                 ,             1,    763
Sector - Overview            , Inland Waterways                                                                                         ,             1,      5
Sector - Overview            , Oil & Gas                                                                                                ,            91,    362
Sector - Overview            , Transmission & Distribution                                                                              ,            63,    197
Sector - Overview            , Electricity Generation                                                                                   ,            39,    389
Sector - Overview            , Energy Storage                                                                                           ,            12,     25
Sector - Overview            , Water Resources                                                                                          ,            30,     96
Sector - Overview            , Waste & Water                                                                                            ,            23,      7
Sector - Overview            , Telecommunication                                                                                        ,            31,    207
Sector - Overview            , Healthcare                                                                                               ,            44,     23
Sector - Overview            , Education                                                                                                ,            31,     16
Sector - Overview            , Real Estate                                                                                              ,            15,     54
Sector - Overview            , Coal                                                                                                     ,           115,    184
Sector - Overview            , Steel                                                                                                    ,            26,     24
Sector - Overview            , Metals & Mining                                                                                          ,             6,      9
Sector - Overview            , Construction                                                                                             ,             2,    899
(PAIMANA)                    , Water Resources                                                                                          ,            30, 140510.51
Himachal Pradesh             , Jharkhand                                                              Water Resources                   ,             2,   6386.21
Uttarakhand                  , Ministry of Mines                         Construction                                                   ,             1,     98.94
Establishment of NIT Nagaland, Sikkim                                                                                                   ,           292,     96.5
(NHIDCL)                     , Assam                                                                                                    ,             0,     52
(NHIDCL)                     , to Km                                                                                                    ,        490800,     13.800
(MoRTH)                      , Assam                                                                                                    ,             0,      3.25
(NHIDCL)                     , Manipur                                                                                                  ,           195,     98.12
(NHIDCL)                     , to Km                                                                                                    ,        151060,     03
(NHIDCL)                     , Meghalaya                                                                                                ,             0,     53.21
(NHIDCL)                     , Meghalaya                                                                                                ,             0,      4.5
(NHIDCL)                     , Mizoram                                                                                                  ,             0,      2
(NHIDCL)                     , of NH                                                                                                    ,            61,     06
(NHIDCL)                     , Nagaland                                                                                                 ,             0,     44.46
(NHIDCL)                     , Km in the state of Nagaland Under Bharatmala Pariyojna on EPC       Nagaland                             ,             0,     43.13
Hindalco Switchyard          , Madhya Pradesh                                                                                           ,           148,     55.26
(-) (-)                      , Uttar Pradesh                                                                                            ,             0,      0
Sikkim                       , Sikkim                                                                                                   ,           292,     96.5
and expansion of Refinery    , Madhya Pradesh                                                                                           ,          6104,     33.5
Logistics Infrastructure     , Haryana                                                                                                  ,           430,     60
(-) (-)                      , Bihar                                                                                                    ,             0,      0
(-) (-)                      , Rajasthan                                                                                                ,             0,      0
Roads & Highways             , IIIA                                                                                                     ,             0,     81.95
(-) (-)                      , Andhra Pradesh                                                                                           ,             0,     95.77
(-) (-)                      , Andhra Pradesh                                                                                           ,             0,     49.71
(PAIMANA)                    , Andhra Pradesh                                                                                           ,             0,     41.98
Andhra Pradesh               , Andhra Pradesh                                                                                           ,             0,     37.7
(-) (-)                      , Andhra Pradesh                                                                                           ,             0,     33.55
(-) (-)                      , Andhra Pradesh                                                                                           ,             0,     37.95
(-) (-)                      , Assam                                                                                                    ,             0,     34
(-) (-)                      , Assam                                                                                                    ,             0,      3.25
(-) (-)                      , to Km                                                                                                    ,        490800,     13.800
(-) (-)                      , Chhattisgarh                                                                                             ,            53,     38.56
(-) (-)                      , Chhattisgarh                                                                                             ,             0,      0
(-) (-)                      , Chhattisgarh                                                                                             ,             0,      0
(-) (-)                      , Gujarat                                                                                                  ,             0,     36
(-) (-)                      , Gujarat                                                                                                  ,             0,     98
(-) (-)                      , Gujarat                                                                                                  ,             0,      7
(-) (-)                      , to Km                                                                                                    ,         34000,     12
(-) (-)                      , to Km                                                                                                    ,         60800,     12
(-) (-)                      , Himachal Pradesh                                                                                         ,             0,     22.26
(-) (-)                      , Himachal Pradesh                                                                                         ,             0,     70.58
(-) (-)                      , km in the state of Madhya Pradesh on EPC mode                  Madhya Pradesh                            ,             0,     88
(-) (-)                      , Pradesh on EPC mode                                                                        Madhya Pradesh,             0,     16.52
(-) (-)                      , Dahiwadi Village Bus Stop Design chainage Km               Maharashtra                                   ,             0,     74.29
(-) (-)                      , km                                      Maharashtra                                                      ,             0,     88.56
(-) (-)                      , mode                                                                                     Maharashtra     ,             0,     93.75
(-) (-)                      , km                                                                                       Maharashtra     ,             0,     54.04
(-) (-)                      , Two lane with paved shoulder configuartion in the state of Maharashtra on EPC mode       Maharashtra     ,             0,     15
(-) (-)                      , EPC Mode                                                                                Maharashtra      ,             0,      0
(-) (-)                      , Punjab                                                                                                   ,             0,     45
(-) (-)                      , Punjab                                                                                                   ,             0,     83
(-) (-)                      , to km                                                                                                    ,        303900,     12
(-) (-)                      , to km                                                                                                    ,        397700,     03
(-) (-)                      , to km                                                                                                    ,         25240,     11
(-) (-)                      , to Km                                                                                                    ,          4604,     03
(-) (-)                      , Annuity Mode HAM in the State of Uttar Pradesh                                          Uttar Pradesh    ,             0,     35
(-) (-)                      , Uttarakhand                                                                                              ,             0,     53.74
(-) (-)                      , km                                                             Uttarakhand                               ,             0,     37.23
(-) (-)                      , Uttarakhand                                                                                              ,             0,     81.17
(-) (-)                      , Pariyojna on EPC Mode                                                                  Uttarakhand       ,             0,     37.19
Sector - Overview            , Roads & Highways                                                                                         ,          1022,    969
Sector - Overview            , Railways                                                                                                 ,           257,    724
Sector - Overview            , Urban Public Transport                                                                                   ,            29,    307
Sector - Overview            , Aviation & Aviation Infrastructure                                                                       ,            25,     21
Sector - Overview            , Shipping                                                                                                 ,             6,     14
Sector - Overview            , Logistics Infrastructure                                                                                 ,             1,    763
Sector - Overview            , Inland Waterways                                                                                         ,             1,      5
Sector - Overview            , Oil & Gas                                                                                                ,            91,    362
Sector - Overview            , Transmission & Distribution                                                                              ,            64,    197
Sector - Overview            , Electricity Generation                                                                                   ,            38,    350
Sector - Overview            , Energy Storage                                                                                           ,            14,     36
Sector - Overview            , Water Resources                                                                                          ,            32,     98
Sector - Overview            , Waste & Water                                                                                            ,            24,      8
Sector - Overview            , Telecommunication                                                                                        ,            15,    161
Sector - Overview            , Healthcare                                                                                               ,            44,     22
Sector - Overview            , Education                                                                                                ,            31,     16
Sector - Overview            , Real Estate                                                                                              ,            12,     50
Sector - Overview            , Coal                                                                                                     ,           115,    184
Sector - Overview            , Steel                                                                                                    ,            17,     17
Sector - Overview            , Metals & Mining                                                                                          ,             6,      9
Sector - Overview            , Construction                                                                                             ,             2,    899
(PAIMANA)                    , Water Resources                                                                                          ,            32, 143454
Andhra Pradesh               , Bihar               Department of Higher Education                   Education                           ,             1,    449.96
Himachal Pradesh             , Jammu and Kashmir         Ministry of Health & Family Welfare                 Healthcare                 ,             3,   1989.22
Maharashtra                  , Manipur             Ministry of Petroleum & Natural Gas                  Oil & Gas                       ,             1,   6900.00
(PAIMANA)                    , and NH                                                                                                   ,            27,     03
Establishment of NIT Nagaland, Sikkim                                                                                                   ,           292,     96
Energy Storage               , Assam                                                                                                    ,         11036,     92.9
(MoRTH)                      , Arunachal Pradesh                                                                                        ,             0,     99.69
(NHIDCL)                     , Balance Work                                                                      Arunachal Pradesh      ,             0,     19.55
(NHIDCL)                     , Arunachal Pradesh                                                                                        ,             0,     11.74
(NHIDCL)                     , Km in the state of Arunachal Pradesh on EPC mode         Arunachal Pradesh                               ,             0,      0
(NHIDCL)                     , Arunachal Pradesh                                                                                        ,             0,     39.8
Physical Progress            , Arunachal Pradesh                                                                                        ,             0,     21.97
(NHIDCL)                     , Arunachal Pradesh                                                                                        ,             0,     54.11
(NHIDCL)                     , Arunachal Pradesh                                                                                        ,             0,      1.7
(NHIDCL)                     , Churaibari stretch in the State of Assam on EPC Mode under Bharatmala                   Assam            ,             0,     57.17
(NHIDCL)                     , Assam                                                                                                    ,             0,     40.99
(NHIDCL)                     , Assam                                                                                                    ,             0,     14.04
(NHIDCL)                     , Assam                                                                                                    ,             0,     41.26
(NHIDCL)                     , Assam                                                                                                    ,             0,     99.7
(NHIDCL)                     , Assam                                                                                                    ,             0,     32.59
(NHIDCL)                     , Assam                                                                                                    ,             0,      3.25
(NHIDCL)                     , Assam                                                                                                    ,             0,     52
(NHIDCL)                     , to Km                                                                                                    ,        490800,     13.800
(NHIDCL)                     , to Km                                                                                                    ,        463000,     10.000
(NHIDCL)                     , Assam                                                                                                    ,             0,     90.36
(NHIDCL)                     , Manipur                                                                                                  ,             0,     88.96
(NHIDCL)                     , Manipur                                                                                                  ,             0,     98.12
(NHIDCL)                     , Meghalaya                                                                                                ,             0,     51.02
(NHIDCL)                     , Meghalaya                                                                                                ,             0,    100
(NHIDCL)                     , to Km                                                                                                    ,        151060,     03
(NHIDCL)                     , Meghalaya                                                                                                ,             0,      2.5
(NHIDCL)                     , Mizoram                                                                                                  ,             0,     17.12
(NHIDCL)                     , Mizoram                                                                                                  ,             0,     18.9
(NHIDCL)                     , Mizoram                                                                                                  ,             0,     13.95
Physical Progress            , Mizoram                                                                                                  ,             0,      0
(NHIDCL)                     , Mizoram                                                                                                  ,             0,      2
(NHIDCL)                     , Km in the state of Nagaland Under Bharatmala Pariyojna on EPC              Nagaland                      ,             0,     43.13
(NHIDCL)                     , of NH                                                                                                    ,            61,     06
(NHIDCL)                     , Nagaland                                                                                                 ,             0,     44.46
(NHIDCL)                     , Sikkim                                                                                                   ,             0,     90
(NHIDCL)                     , Sikkim                                                                                                   ,             0,     82.64
(NHIDCL)                     , Tripura                                                                                                  ,             0,     14.5
(NHIDCL)                     , in      Tripura                                                                                          ,             0,     60.5
Physical Progress            , Tripura                                                                                                  ,             0,     63.15
(NHIDCL)                     , Tripura                                                                                                  ,             0,     54.56
(-) (-)                      , Uttar Pradesh                                                                                            ,             0,      0
Sikkim                       , Sikkim                                                                                                   ,           292,     96
and expansion of Refinery    , Madhya Pradesh                                                                                           ,          5596,     30.7
Under PPP Mode               , Gujarat                                                                                                  ,          2481,     60
(-) (-)                      , West Bengal                                                                                              ,             0,      0
Logistics Infrastructure     , Haryana                                                                                                  ,           430,     60
(-) (-)                      , Karnataka                                                                                                ,             0,      0
(-) (-)                      , Rajasthan                                                                                                ,             0,      0
Roads & Highways             , IIIA                                                                                                     ,             0,     81.32
Akiveedu                     , Andhra Pradesh                                                                                           ,             0,     74.41
(-) (-)                      , Andhra Pradesh                                                                                           ,             0,     95.77
(-) (-)                      , Andhra Pradesh                                                                                           ,             0,     46.45
(-) (-)                      , Andhra Pradesh                                                                                           ,             0,     35.6
Andhra Pradesh               , Andhra Pradesh                                                                                           ,             0,     28.78
(-) (-)                      , Andhra Pradesh                                                                                           ,             0,     30.55
(-) (-)                      , Andhra Pradesh                                                                                           ,             0,     37.95
(-) (-)                      , Andhra Pradesh                                                                                           ,             0,     98.6
(-) (-)                      , Arunachal Pradesh                                                                                        ,             0,      1.7
(-) (-)                      , Arunachal Pradesh                                                                                        ,             0,     21.97
(-) (-)                      , Arunachal Pradesh                                                                                        ,             0,     19.55
(-) (-)                      , Arunachal Pradesh                                                                                        ,             0,     11.74
(-) (-)                      , Arunachal Pradesh                                                                                        ,             0,      0
(PAIMANA)                    , Assam                                                                                                    ,             0,     20.8
(-) (-)                      , Assam                                                                                                    ,             0,      3.25
(-) (-)                      , Assam                                                                                                    ,             0,     12.45
(-) (-)                      , Assam                                                                                                    ,             0,     32.59
(-) (-)                      , Assam                                                                                                    ,             0,     57.17
(-) (-)                      , Assam                                                                                                    ,             0,     25.16
(PAIMANA)                    , Assam                                                                                                    ,             0,     40.99
(-) (-)                      , Assam                                                                                                    ,             0,     14.04
(-) (-)                      , to Km                                                                                                    ,        463000,     10.000
(-) (-)                      , to Km                                                                                                    ,        490800,     13.800
(-) (-)                      , Bihar                                                                                                    ,             0,      4
(-) (-)                      , Bihar                                                                                                    ,             0,     37
(-) (-)                      , Bihar                                                                                                    ,             0,     74.93
(-) (-)                      , Bihar                                                                                                    ,             0,     51.91
(-) (-)                      , Chhattisgarh                                                                                             ,             0,     97.9
(-) (-)                      , Chhattisgarh                                                                                             ,             0,      0
(-) (-)                      , Chhattisgarh                                                                                             ,             0,      0
(-) (-)                      , Gujarat                                                                                                  ,             0,     35
(-) (-)                      , Gujarat                                                                                                  ,             0,     98
(-) (-)                      , Gujarat                                                                                                  ,             0,     63
(PAIMANA)                    , to Km                                                                                                    ,         34000,     12
(-) (-)                      , to Km                                                                                                    ,         60800,     12
(-) (-)                      , Himachal Pradesh                                                                                         ,             0,     70.39
(-) (-)                      , Karnataka                                                                                                ,             0,     20
(-) (-)                      , Karnataka                                                                                                ,             0,     90
(-) (-)                      , Karnataka                                                                                                ,             0,     71
(-) (-)                      , Pradesh on EPC mode                                                                    Madhya Pradesh    ,             0,     32.52
(-) (-)                      , km in the state of Madhya Pradesh on EPC mode                  Madhya Pradesh                            ,             0,     88
(-) (-)                      , Pradesh on EPC mode                                                                        Madhya Pradesh,             0,     15.49
(-) (-)                      , Dahiwadi Village Bus Stop Design chainage Km               Maharashtra                                   ,             0,     72.05
(-) (-)                      , km                                      Maharashtra                                                      ,             0,     83.46
(-) (-)                      , in Gondia District in the state of             Maharashtra                                               ,             0,     34.15
(-) (-)                      , of Dhawali to Gadchroli road in        Maharashtra                                                       ,             0,     34.1
(PAIMANA)                    , mode                                                                                     Maharashtra     ,             0,     93.75
(-) (-)                      , km                                                                                       Maharashtra     ,             0,     54.04
(-) (-)                      , Two lane with paved shoulder configuartion in the state of Maharashtra on EPC mode       Maharashtra     ,             0,     15
(-) (-)                      , Maharashtra                                                                                              ,             0,      1
(-) (-)                      , EPC Mode                                                                               Maharashtra       ,             0,      0
(-) (-)                      , Meghalaya                                                                                                ,             0,    100
(-) (-)                      , Mizoram                                                                                                  ,             0,     17.12
(-) (-)                      , of Mizoram on EPC mode                                                                  Mizoram          ,             0,     18.9
(-) (-)                      , Mizoram                                                                                                  ,             0,     13.95
(-) (-)                      , Punjab                                                                                                   ,             0,     45
(-) (-)                      , Punjab                                                                                                   ,             0,     83
(-) (-)                      , to km                                                                                                    ,        260860,     12
(-) (-)                      , to km                                                                                                    ,        303900,     12
(-) (-)                      , to km                                                                                                    ,        397700,     03
(-) (-)                      , to km                                                                                                    ,         25240,     11
(-) (-)                      , to Km                                                                                                    ,          4604,     03
(-) (-)                      , Tripura                                                                                                  ,             0,     54.56
(-) (-)                      , Tripura                                                                                                  ,             0,     14.5
(-) (-)                      , Tripura                                                                                                  ,             0,     60.5
(-) (-)                      , Tripura                                                                                                  ,             0,     63.15
(-) (-)                      , km in the state of Uttar Pradesh on EPC mode           Uttar Pradesh                                     ,             0,      8
(-) (-)                      , Annuity Mode HAM in the State of Uttar Pradesh                                          Uttar Pradesh    ,             0,     35
(-) (-)                      , Uttar Pradesh                                                                           Uttar Pradesh    ,             0,     81.18
(-) (-)                      , Uttarakhand                                                                                              ,             0,     53.74
(-) (-)                      , km                                                             Uttarakhand                               ,             0,     37.23
(-) (-)                      , Uttarakhand                                                                                              ,             0,     81.17
(-) (-)                      , Pariyojna on EPC Mode                                                                  Uttarakhand       ,             0,     30.76
(-) (-)                      , in the State of West Bengal on EPC mode                                                  West Bengal     ,             0,     32.21
Sector - Overview            , Roads & Highways                                                                                         ,          1120,      1
Sector - Overview            , Railways                                                                                                 ,           246,    690
Sector - Overview            , Aviation & Aviation Infrastructure                                                                       ,            26,     21
Sector - Overview            , Urban Public Transport                                                                                   ,            26,    299
Sector - Overview            , Shipping                                                                                                 ,             7,     14
Sector - Overview            , Inland Waterways                                                                                         ,             2,      5
Sector - Overview            , Logistics Infrastructure                                                                                 ,             1,    763
Sector - Overview            , Oil & Gas                                                                                                ,            93,    363
Sector - Overview            , Transmission & Distribution                                                                              ,            68,    203
Sector - Overview            , Electricity Generation                                                                                   ,            36,    303
Sector - Overview            , Energy Storage                                                                                           ,            15,     80
Sector - Overview            , Water Resources                                                                                          ,            41,    117
Sector - Overview            , Waste & Water                                                                                            ,            30,      9
Sector - Overview            , Telecommunication                                                                                        ,            12,    151
Sector - Overview            , Healthcare                                                                                               ,            36,     20
Sector - Overview            , Education                                                                                                ,            30,     15
Sector - Overview            , Real Estate                                                                                              ,             6,     37
Sector - Overview            , Coal                                                                                                     ,           119,    189
Sector - Overview            , Steel                                                                                                    ,            18,     17
Sector - Overview            , Metals & Mining                                                                                          ,             6,      9
Sector - Overview            , Construction                                                                                             ,             2,    899
(PAIMANA)                    , Water Resources                                                                                          ,            41, 159575
Tripura                      , Uttar Pradesh                                                        Electricity Generation              ,             1,  21129.14
Establishment of NIT Nagaland, Sikkim                                                                                                   ,           292,     93
(MoRTH)                      , Balance Work                                                                       Arunachal Pradesh     ,             0,     17.81
(NHIDCL)                     , Arunachal Pradesh                                                                                        ,             0,      1.7
(NHIDCL)                     , Arunachal Pradesh                                                                                        ,             0,     49.1
(NHIDCL)                     , Arunachal Pradesh                                                                                        ,             0,     21.02
(NHIDCL)                     , Arunachal Pradesh                                                                                        ,             0,     34.88
(NHIDCL)                     , Arunachal Pradesh                                                                                        ,             0,     99.52
Physical Progress            , Arunachal Pradesh                                                                                        ,             0,     99.69
(NHIDCL)                     , Assam                                                                                                    ,             0,     20.45
(NHIDCL)                     , Assam                                                                                                    ,             0,     85.29
(NHIDCL)                     , to Km                                                                                                    ,        463000,     10.000
(NHIDCL)                     , to Km                                                                                                    ,        490800,     13.800
(NHIDCL)                     , and NH                                                                                                   ,            27,     03
(NHIDCL)                     , Assam                                                                                                    ,             0,     52
(MoRTH)                      , Assam                                                                                                    ,             0,      0
(MoRTH)                      , Assam                                                                                                    ,             0,      0
(NHIDCL)                     , Assam                                                                                                    ,             0,     10.91
(NHIDCL)                     , Assam                                                                                                    ,             0,     31.34
(NHIDCL)                     , Churaibari stretch in the State of Assam on EPC Mode under Bharatmala               Assam                ,             0,     57.17
(MoRTH)                      , Assam                                                                                                    ,             0,     97.01
(NHIDCL)                     , Assam                                                                                                    ,             0,      0
(NHIDCL)                     , Assam                                                                                                    ,             0,     25.08
(NHIDCL)                     , Manipur                                                                                                  ,             0,     88.85
(NHIDCL)                     , Manipur                                                                                                  ,             0,     97.12
(NHIDCL)                     , Manipur                                                                                                  ,             0,     76.18
(NHIDCL)                     , to Km                                                                                                    ,        151060,     03
(NHIDCL)                     , Meghalaya                                                                                                ,             0,      2.5
(MoRTH)                      , Meghalaya                                                                                                ,             0,     93.06
(NHIDCL)                     , Meghalaya                                                                                                ,             0,     49.31
(NHIDCL)                     , Meghalaya                                                                                                ,             0,     38.77
(NHIDCL)                     , Mizoram                                                                                                  ,             0,     17.12
(NHIDCL)                     , state of Mizoram under Bharatmala Pariyojana on EPC mode                           Mizoram               ,             0,      0
(NHIDCL)                     , Mizoram                                                                                                  ,             0,      0
(NHIDCL)                     , Mizoram                                                                                                  ,             0,      0
(NHIDCL)                     , Mizoram                                                                                                  ,             0,     18.9
(NHIDCL)                     , Mizoram                                                                                                  ,             0,     13.95
(NHIDCL)                     , Nagaland                                                                                                 ,             0,      0
(NHIDCL)                     , of NH                                                                                                    ,            61,     06
(NHIDCL)                     , Nagaland                                                                                                 ,             0,     44.46
(NHIDCL)                     , Km in the state of Nagaland Under Bharatmala Pariyojna on EPC       Nagaland                             ,             0,     40.48
Physical Progress            , Sikkim                                                                                                   ,             0,     81.83
(NHIDCL)                     , Sikkim                                                                                                   ,             0,     85.15
(NHIDCL)                     , Sikkim                                                                                                   ,             0,     90
(NHIDCL)                     , Tripura                                                                                                  ,             0,     12.1
(NHIDCL)                     , in           Tripura                                                                                     ,             0,     54.9
(NHIDCL)                     , Tripura                                                                                                  ,             0,     55.12
(NHIDCL)                     , shoulder on EPC bais under NHO                                                          Tripura          ,             0,      0
NORTH URIMARI EXPANSION OCP  , Jharkhand                                                                                                ,           605,     68.91
MURAIDIH UG PROJECT          , Jharkhand                                                                                                ,           191,     70.39
(PAIMANA)                    , Jharkhand                                                                                                ,             0,      0.05
RPR OF VISHNUPURI UG TO OC   , Madhya Pradesh                                                                                           ,             0,     11.2
ADASA UG TO OC MINE          , Maharashtra                                                                                              ,             0,      0.01
ADASA UG TO OC MINE          , Maharashtra                                                                                              ,             0,      0
Bagodara Solar Power Project , Gujarat                                                                                                  ,           370,     51.86
Bagodara Solar Power Project , Himachal Pradesh                                                                                         ,          1091,     76.18
Kwar HE Project              , Jharkhand                                                                                                ,         18630,     88.7
Jamnagar Transmission Limited, Gujarat                                                                                                  ,           540,     17
Jamnagar Transmission Limited, Gujarat                                                                                                  ,             0,      0
Mahan Transmission Limited   , Maharashtra                                                                                              ,             1,      5
(PAIMANA)                    , Uttar Pradesh                                                                                            ,             0,      0
Dadra & Nagar                , Haveli and Daman                                                                                         ,             0,     20
& Diu                        , Gujarat                                                                                                  ,           100,     10
Metals & Mining              , Tamil Nadu                                                                                               ,           135,     66.73
Additional Campus of NITPatna, Chhattisgarh                                                                                             ,             0,      0
Bijapur & Dantewada GA       , Gujarat                                                                                                  ,          1152,     95.9
Mumbai Refinery              , Maharashtra                                                                                              ,             0,      0
Mumbai Refinery              , Maharashtra                                                                                              ,             0,      0
Refinery                     , Odisha                                                                                                   ,           214,     76.7
PRP-VIII [Group-A]           , Offshore                                                                                                 ,          2653,     95.2
PRP-VIII [Group-A]           , Offshore                                                                                                 ,          1555,     36.4
AIIMS Darbhanga              , Bihar                                                                                                    ,             0,      0
AIIMS Darbhanga              , Chhattisgarh                                                                                             ,            25,     52
AIIMS Majra Rewari Haryana   , Jharkhand                                                                                                ,           269,     30
AIIMS Majra Rewari Haryana   , Jharkhand                                                                                                ,            63,     48
AIIMS Majra Rewari Haryana   , Madhya Pradesh                                                                                           ,           168,     71
AIIMS Majra Rewari Haryana   , Punjab                                                                                                   ,             0,      0
AIIMS Majra Rewari Haryana   , Punjab                                                                                                   ,             1,      1
AIIMS Bibinagar              , Uttarakhand                                                                                              ,           264,     35
Rewas Port Project           , Maharashtra                                                                                              ,            65,      0
(PAIMANA)                    , Andhra Pradesh                                                                                           ,           120,      0
(PAIMANA)                    , Assam                                                                                                    ,             0,      0
(PAIMANA)                    , Assam                                                                                                    ,             0,      0
(PAIMANA)                    , Assam                                                                                                    ,             0,      0
(PAIMANA)                    , Bihar                                                                                                    ,             0,      0
(PAIMANA)                    , Gujarat                                                                                                  ,             0,      0
(PAIMANA)                    , Jharkhand                                                                                                ,             0,      0
Solapur-tuljapur-Osmanabad   , Maharashtra                                                                                              ,          1472,     80
Under Deposit Scheme.        , Odisha                                                                                                   ,             0,      0
(PAIMANA)                    , Odisha                                                                                                   ,             0,      0
(PAIMANA)                    , Odisha                                                                                                   ,             0,      0
(PAIMANA)                    , PAN India                                                                                                ,             0,     48
POKHRAN - RAMDEVRA New Line  , Rajasthan                                                                                                ,             0,      0
NATHDWARA- NATHDWARA TOWN NL , Tamil Nadu                                                                                               ,           340,      0
Railway Manufacturing Unit   , Telangana                                                                                                ,             0,      0
(NHIDCL)                     , Andhra Pradesh                                                                                           ,             0,     73.46
(MoRTH)                      , Andhra Pradesh                                                                                           ,             0,     94.65
(MoRTH)                      , Andhra Pradesh                                                                                           ,           104,     43.22
(PAIMANA)                    , Andhra Pradesh                                                                                           ,             0,      0
(MoRTH)                      , Arunachal Pradesh                                                                                        ,             0,      1.7
(PAIMANA)                    , Arunachal Pradesh                                                                                        ,             0,     49.1
(PAIMANA)                    , along China border in state of Arunachal pradesh on EPC mode                       Arunachal Pradesh     ,             0,     21.02
(NHIDCL)                     , Arunachal Pradesh                                                                                        ,             0,     34.88
(NHIDCL)                     , Arunachal Pradesh                                                                                        ,             0,     99.52
(NHIDCL)                     , Arunachal Pradesh                                                                                        ,             0,     99.69
(NHIDCL)                     , Assam                                                                                                    ,             0,     17.1
(MoRTH)                      , Assam                                                                                                    ,             0,      0
(PAIMANA)                    , Assam                                                                                                    ,             0,     12.45
(NHIDCL)                     , Assam                                                                                                    ,             0,     25.08
(NHIDCL)                     , Assam                                                                                                    ,             0,     57.17
(NHIDCL)                     , Assam                                                                                                    ,             0,     14.6
(NHIDCL)                     , Assam                                                                                                    ,             0,     31.34
(NHIDCL)                     , Assam                                                                                                    ,             0,     10.91
(NHIDCL)                     , Assam                                                                                                    ,             0,      0
(NHIDCL)                     , Assam                                                                                                    ,             0,      0
(NHIDCL)                     , Assam                                                                                                    ,             0,     97.01
(NHIDCL)                     , Assam                                                                                                    ,             0,      0
(NHIDCL)                     , Assam                                                                                                    ,             0,     20.45
(NHIDCL)                     , Assam                                                                                                    ,             0,     85.29
(PAIMANA)                    , to Km                                                                                                    ,        463000,     10.000
(PAIMANA)                    , Assam                                                                                                    ,             0,     96.79
(PAIMANA)                    , Assam                                                                                                    ,             0,      0
(PAIMANA)                    , to Km                                                                                                    ,        490800,     13.800
(PAIMANA)                    , Assam                                                                                                    ,             0,     95.86
(PAIMANA)                    , Assam                                                                                                    ,             0,     94.73
(NHIDCL)                     , Assam                                                                                                    ,             0,     52
(PAIMANA)                    , Bihar                                                                                                    ,             0,     97
(MoRTH)                      , Bihar                                                                                                    ,             0,      0.05
(MoRTH)                      , Bihar                                                                                                    ,             0,     98.65
(MoRTH)                      , Bihar                                                                                                    ,             0,     98.78
(MoRTH)                      , Bihar                                                                                                    ,             0,     99
(MoRTH)                      , Bihar                                                                                                    ,             0,     44
(MoRTH)                      , Bihar                                                                                                    ,             0,      3.1
state of Bihar under EPC mode, Bihar                                                                                                    ,             0,     55
(PAIMANA)                    , Bihar                                                                                  Bihar             ,             0,     48.74
(MoRTH)                      , Bihar                                                                                                    ,             0,     10.24
(MoRTH)                      , Annuity Model HAM basis                                                                Bihar             ,             0,      5.03
(PAIMANA)                    , Chhattisgarh                                                                                             ,             0,     32
(PAIMANA)                    , Chhattisgarh                                                                                             ,             0,     97.9
(PAIMANA)                    , Gujarat                                                                                                  ,             0,     35
(PAIMANA)                    , Gujarat                                                                                                  ,             0,     22
(PAIMANA)                    , Gujarat                                                                                                  ,             0,     28
(PAIMANA)                    , Gujarat                                                                                                  ,             0,     99.55
Pkg- III                     , to Km                                                                                                    ,         34000,     12
Pkg- III                     , to Km                                                                                                    ,         60800,     12
Pkg- III                     , to Km                                                                                                    ,         91400,     12
Pkg- III                     , to Km                                                                                                    ,        120250,     01
(MoRTH)                      , Himachal Pradesh                                                                                         ,             0,     66.77
(MoRTH)                      , Karnataka                                                                                                ,             0,      0
(MoRTH)                      , Karnataka                                                                                                ,             0,     65
(MoRTH)                      , Karnataka                                                                                                ,             0,     30
(MoRTH)                      , Karnataka                                                                                                ,             0,      0
(PAIMANA)                    , Karnataka                                                                                                ,             0,     46.52
(MoRTH)                      , Karnataka                                                                                                ,             0,      0
(MoRTH)                      , Karnataka                                                                                                ,             0,      0
Bangalore-Nidagatta Pkg. I   , Karnataka                                                                                                ,          1375,     99.19
Hassan section               , Kerala                                                                                                   ,             0,     98
Kargil Zanskar Road          , Madhya Pradesh                                                                                           ,             0,     50
Kargil Zanskar Road          , Madhya Pradesh                                                                                           ,             0,     94.5
Kargil Zanskar Road          , Madhya Pradesh                                                                                           ,             0,     29.09
(MoRTH)                      , Madhya Pradesh                                                                                           ,             0,     88
(MoRTH)                      , Madhya Pradesh                                                                                           ,             0,     25.3
(MoRTH)                      , km in the state of Madhya Pradesh on EPC mode                  Madhya Pradesh                            ,             0,     87.5
(PAIMANA)                    , Madhya Pradesh                                                                                           ,             0,     60
(PAIMANA)                    , Madhya Pradesh                                                                                           ,             0,     86.03
(PAIMANA)                    , Madhya Pradesh                                                                                           ,             0,     62.99
(PAIMANA)                    , Madhya Pradesh                                                                                           ,             0,     68.27
(PAIMANA)                    , Pradesh on EPC mode                                                                   Madhya Pradesh     ,             0,     13.11
(MoRTH)                      , Madhya Pradesh                                                                                           ,             0,     35.19
(MoRTH)                      , Madhya Pradesh                                                                                           ,             0,     47.29
(MoRTH)                      , Maharashtra                                                                                              ,             0,      6.05
(MoRTH)                      , Maharashtra                                                                                              ,             0,     95
(MoRTH)                      , Maharashtra                                                                                              ,             0,     67.58
(MoRTH)                      , in the state of Maharashtra                                                              Maharashtra     ,             0,    100
(MoRTH)                      , Maharashtra                                                                                              ,             0,     95.84
on EPC mode                  , Maharashtra                                                                                              ,             0,     47.19
on EPC mode                  , Maharashtra                                                                                              ,             0,     97.5
on EPC mode                  , Maharashtra                                                                                              ,             0,     80.06
on EPC mode                  , Maharashtra                                                                                              ,             0,     80
(MoRTH)                      , Maharashtra                                                                                              ,             0,     55.21
(MoRTH)                      , km                                      Maharashtra                                                      ,             0,     71.5
(MoRTH)                      , in Gondia District in the state of             Maharashtra                                               ,             0,     34.15
(MoRTH)                      , Maharashtra                                                                                              ,             0,     31.71
Nandurshingote to Kolhar     , Maharashtra                                                                                              ,             0,     65.14
(MoRTH)                      , Maharashtra                                                                                              ,             0,     97.25
(MoRTH)                      , Maharashtra                                                                                              ,             0,     87
(PAIMANA)                    , Maharashtra                                                                                              ,             0,     93.75
(MoRTH)                      , Maharashtra                                                                                              ,             0,     91
(MoRTH)                      , km                                                                                       Maharashtra     ,             0,     37.4
(MoRTH)                      , Maharashtra                                                                                              ,             0,     43.46
(MoRTH)                      , Two lane with paved shoulder configuartion in the state of Maharashtra on EPC mode       Maharashtra     ,             0,     15
(MoRTH)                      , Maharashtra                                                                                              ,             0,     96.19
Satara to Mhaswad            , Maharashtra                                                                                              ,             0,     68.93
(MoRTH)                      , Maharashtra                                                                                              ,             0,     82
(MoRTH)                      , Maharashtra                                                                                              ,             0,     83.93
(PAIMANA)                    , Maharashtra                                                                                              ,             0,     60.7
(PAIMANA)                    , Maharashtra                                                                                              ,             0,     93.46
(MoRTH)                      , Maharashtra                                                                                              ,             0,     99.15
(MoRTH)                      , Maharashtra                                                                                              ,             0,     72
(MoRTH)                      , Maharashtra                                                                                              ,             0,     93.01
(MoRTH)                      , Maharashtra                                                                                              ,             0,     89.08
(MoRTH)                      , Maharashtra                                                                                              ,             0,     98
(MoRTH)                      , Maharashtra                                                                                              ,             0,     93
various NHs                  , Maharashtra                                                                                              ,           990,     98.84
(PAIMANA)                    , Maharashtra                                                                                              ,             0,      0
- Ganjad                     , Manipur                                                                                                  ,             0,     52.66
- Ganjad                     , Manipur                                                                                                  ,             0,     97.12
(PAIMANA)                    , Manipur                                                                                                  ,             0,     88.85
(NHIDCL)                     , Works & Rectification works                                                          Manipur             ,             0,     76.18
(NHIDCL)                     , Manipur                                                                                                  ,             0,     21.39
(PAIMANA)                    , Manipur                                                                                                  ,             0,    100
(NHIDCL)                     , Meghalaya                                                                                                ,             0,     38.75
(NHIDCL)                     , Meghalaya                                                                                                ,             0,     49.31
(PAIMANA)                    , Meghalaya                                                                                                ,             0,     93.06
(NHIDCL)                     , Mizoram                                                                                                  ,             0,     17.12
(NHIDCL)                     , of Mizoram on EPC mode                                                                  Mizoram          ,             0,     18.9
(NHIDCL)                     , Mizoram                                                                                                  ,             0,     13.95
(NHIDCL)                     , Mizoram                                                                                                  ,             0,      0
(NHIDCL)                     , Mizoram                                                                                                  ,             0,     15.1
(NHIDCL)                     , Mizoram                                                                                                  ,             0,      0
Multi-States                 , to km                                                                                                    ,        468100,     10
(PAIMANA)                    , Nagaland                                                                                                 ,             0,     93.04
(NHIDCL)                     , Nagaland                                                                                                 ,             0,     40.48
(NHIDCL)                     , Nagaland                                                                                                 ,             0,      0
(NHIDCL)                     , Nagaland                                                                                                 ,             0,     87
(NHIDCL)                     , Nagaland                                                                                                 ,             0,     85.67
(NHIDCL)                     , Nagaland                                                                                                 ,             0,     50.63
(NHIDCL)                     , Nagaland                                                                                                 ,             0,     90.68
(PAIMANA)                    , Odisha                                                                                                   ,             0,      3
(MoRTH)                      , Odisha                                                                                                   ,             0,     20.25
the State of Odisha          , Punjab                                                                                                   ,             0,     45
(PAIMANA)                    , Punjab                                                                                                   ,             0,     98
(PAIMANA)                    , Punjab                                                                                                   ,             0,     83
(MoRTH)                      , to km                                                                                                    ,        225770,     12
(MoRTH)                      , to km                                                                                                    ,        260860,     12
(MoRTH)                      , to km                                                                                                    ,        303900,     12
(MoRTH)                      , to km                                                                                                    ,        397700,     03
(MoRTH)                      , Rajasthan                                                                                                ,             0,     68
(PAIMANA)                    , Rajasthan                                                                                                ,             0,     48.79
Jaipur                       , Sikkim                                                                                                   ,             0,     85.15
Jaipur                       , Sikkim                                                                                                   ,             0,     77.07
Jaipur                       , Sikkim                                                                                                   ,             0,     81.83
(NHIDCL)                     , Sikkim                                                                                                   ,             0,     80.46
(PAIMANA)                    , to Km                                                                                                    ,          4604,     03
NHDP-V                       , Telangana                                                                                                ,             0,    100
(MoRTH)                      , Telangana                                                                                                ,             0,     99.92
(PAIMANA)                    , Telangana                                                                                                ,             0,     97.74
(PAIMANA)                    , Telangana                                                                                                ,             0,     92.74
(PAIMANA)                    , Telangana                                                                                                ,             0,     63.98
(PAIMANA)                    , Telangana                                                                                                ,             0,     85
Hyderabad - Maneguda         , Tripura                                                                                                  ,             0,     43.8
(NHIDCL)                     , Tripura                                                                                                  ,             0,     12.1
(NHIDCL)                     , Tripura                                                                                                  ,             0,     54.9
(NHIDCL)                     , Tripura                                                                                                  ,             0,     55.12
(NHIDCL)                     , Tripura                                                                                                  ,             0,     41.9
(NHIDCL)                     , Tripura                                                                                                  ,             0,      0
(NHIDCL)                     , Tripura                                                                                                  ,             0,      0
(PAIMANA)                    , Uttar Pradesh                                                                                            ,             0,     91.85
state of Uttar Pradesh       , Uttar Pradesh                                                                                            ,             0,      4
state of Uttar Pradesh       , Uttar Pradesh                                                                                            ,             0,     93
state of Uttar Pradesh       , Uttar Pradesh                                                                                            ,             0,      3
(PAIMANA)                    , Uttar Pradesh                                                                                            ,             0,      5
(PAIMANA)                    , Uttar Pradesh                                                                                            ,             0,     58
paved shoulder under EPC mode, Uttar Pradesh                                                                                            ,             0,      4
(PAIMANA)                    , Uttar Pradesh                                                                                            ,             0,      0
(MoRTH)                      , Annuity Mode HAM in the State of Uttar Pradesh                                          Uttar Pradesh    ,             0,     23.88
(MoRTH)                      , Uttar Pradesh                                                                                            ,             0,      7
(MoRTH)                      , Uttar Pradesh                                                                           Uttar Pradesh    ,             0,     81.18
(PAIMANA)                    , Uttar Pradesh                                                                                            ,           232,     83.88
(PAIMANA)                    , Uttarakhand                                                                                              ,             0,      0.3
(PAIMANA)                    , Uttarakhand                                                                                              ,             0,     99
(PAIMANA)                    , Uttarakhand                                                                                              ,             0,     17.78
(PAIMANA)                    , Uttarakhand                                                                                              ,             0,     42
(MoRTH)                      , Uttarakhand                                                                                              ,             0,     52
(MoRTH)                      , Uttarakhand                                                                                              ,             0,     20.78
(MoRTH)                      , km                                                                Uttarakhand                            ,             0,     35.6
(MoRTH)                      , Uttarakhand                                                                                              ,             0,     81.17
(MoRTH)                      , Uttarakhand                                                                                              ,             0,     29.72
(MoRTH)                      , Uttarakhand                                                                                              ,             0,     96.46
(MoRTH)                      , Uttarakhand                                                                                              ,             0,    100
(MoRTH)                      , Uttarakhand                                                                                              ,             0,     78.2
(NHIDCL)                     , Uttarakhand                                                                                              ,             0,     52.51
(NHIDCL)                     , Uttarakhand                                                                                              ,             0,      0
(NHIDCL)                     , West Bengal                                                                                              ,             0,     98.54
Farakka-Raiganj              , West Bengal                                                                                              ,             0,      2.5
(MoRTH)                      , in the State of West Bengal on EPC mode                                                  West Bengal     ,             0,     22.33
Sector - Overview            , Roads & Highways                                                                                         ,          1149,      1
Sector - Overview            , Railways                                                                                                 ,           263,    731
Sector - Overview            , Urban Public Transport                                                                                   ,            29,    307
Sector - Overview            , Aviation & Aviation Infrastructure                                                                       ,            26,     21
Sector - Overview            , Shipping                                                                                                 ,             6,     14
Sector - Overview            , Logistics Infrastructure                                                                                 ,             2,      2
Sector - Overview            , Inland Waterways                                                                                         ,             1,      5
Sector - Overview            , Oil & Gas                                                                                                ,            93,    362
Sector - Overview            , Transmission & Distribution                                                                              ,            67,    203
Sector - Overview            , Electricity Generation                                                                                   ,            38,    350
Sector - Overview            , Energy Storage                                                                                           ,            16,     80
Sector - Overview            , Water Resources                                                                                          ,            32,     98
Sector - Overview            , Waste & Water                                                                                            ,            24,      8
Sector - Overview            , Telecommunication                                                                                        ,            12,    151
Sector - Overview            , Healthcare                                                                                               ,            44,     22
Sector - Overview            , Education                                                                                                ,            31,     16
Sector - Overview            , Real Estate                                                                                              ,            12,     50
Sector - Overview            , Coal                                                                                                     ,           115,    185
Sector - Overview            , Steel                                                                                                    ,            18,     17
Sector - Overview            , Metals & Mining                                                                                          ,             6,      9
Sector - Overview            , Construction                                                                                             ,             2,    899
(PAIMANA)                    , Water Resources                                                                                          ,            32, 141119
Andhra Pradesh               , Bihar                                                              Waste & Water                         ,             5,   1303.45
Chhattisgarh                 , Gujarat                   Ministry of Civil Aviation           Aviation & Aviation Infrastructure        ,             2,   1010.66
Maharashtra                  , Nagaland            Ministry of Petroleum & Natural Gas                  Oil & Gas                       ,             2,   6922.37
Tripura                      , Uttar Pradesh                                                        Water Resources                     ,             3,  13221.80
Establishment of NIT Nagaland, Sikkim                                                                                                   ,           292,     95.5
(MoRTH)                      , Arunachal Pradesh                                                                                        ,             0,      1.71
(NHIDCL)                     , Balance Work                                                                        Arunachal Pradesh    ,             0,     18.63
(NHIDCL)                     , Arunachal Pradesh                                                                                        ,             0,      1.7
(NHIDCL)                     , Arunachal Pradesh                                                                                        ,             0,     49.83
(NHIDCL)                     , Arunachal Pradesh                                                                                        ,             0,     21.67
Physical Progress            , Arunachal Pradesh                                                                                        ,             0,     39.5
(MoRTH)                      , Arunachal Pradesh                                                                                        ,             0,     99.69
(NHIDCL)                     , Arunachal Pradesh                                                                                        ,             0,     99.52
(NHIDCL)                     , and NH                                                                                                   ,            27,     03
(NHIDCL)                     , Assam                                                                                                    ,             0,     52
(NHIDCL)                     , to Km                                                                                                    ,        490800,     13.800
(NHIDCL)                     , to Km                                                                                                    ,        463000,     10.000
(NHIDCL)                     , Assam                                                                                                    ,             0,     85.29
(MoRTH)                      , Assam                                                                                                    ,             0,      2.41
(NHIDCL)                     , Assam                                                                                                    ,             0,     30.8
(NHIDCL)                     , Churaibari stretch in the State of Assam on EPC Mode under Bharatmala               Assam                ,             0,     57.17
(NHIDCL)                     , Assam                                                                                                    ,             0,     31.83
(NHIDCL)                     , Assam                                                                                                    ,             0,     11
(NHIDCL)                     , Assam                                                                                                    ,             0,      0
(NHIDCL)                     , Assam                                                                                                    ,             0,     98.41
(NHIDCL)                     , Assam                                                                                                    ,             0,      0
(NHIDCL)                     , Assam                                                                                                    ,             0,     20.45
(NHIDCL)                     , Manipur                                                                                                  ,             0,     88.85
(NHIDCL)                     , Manipur                                                                                                  ,             0,     97.12
(NHIDCL)                     , Manipur                                                                                                  ,             0,     90.72
(MoRTH)                      , Meghalaya                                                                                                ,             0,      2.5
Physical Progress            , to Km                                                                                                    ,        151060,     03
(NHIDCL)                     , Meghalaya                                                                                                ,             0,     98.72
(NHIDCL)                     , Meghalaya                                                                                                ,             0,     50.66
(NHIDCL)                     , Meghalaya                                                                                                ,             0,     41.42
(NHIDCL)                     , Mizoram                                                                                                  ,             0,     17.12
(NHIDCL)                     , Mizoram                                                                                                  ,             0,     18.9
(NHIDCL)                     , Mizoram                                                                                                  ,             0,     13.95
(NHIDCL)                     , Mizoram                                                                                                  ,             0,      0
(NHIDCL)                     , state of Mizoram under Bharatmala Pariyojana on EPC mode                                 Mizoram         ,             0,      0
(NHIDCL)                     , Mizoram                                                                                                  ,             0,      0
(NHIDCL)                     , Mizoram                                                                                                  ,             0,      0
(NHIDCL)                     , of NH                                                                                                    ,            61,     06
(NHIDCL)                     , Nagaland                                                                                                 ,             0,     44.46
(NHIDCL)                     , Nagaland                                                                                                 ,             0,      0
(NHIDCL)                     , Km in the state of Nagaland Under Bharatmala Pariyojna on EPC        Nagaland                            ,             0,     43.13
(NHIDCL)                     , Sikkim                                                                                                   ,             0,     81.89
(NHIDCL)                     , Sikkim                                                                                                   ,             0,     86.04
(NHIDCL)                     , Sikkim                                                                                                   ,             0,     90
(NHIDCL)                     , Tripura                                                                                                  ,             0,     14.1
(NHIDCL)                     , in     Tripura                                                                                           ,             0,     60.05
(NHIDCL)                     , Tripura                                                                                                  ,             0,     58.12
(NHIDCL)                     , shoulder on EPC bais under NHO                                                    Tripura                ,             0,      0
(-) (-)                      , Uttar Pradesh                                                                                            ,             0,      0
Sikkim                       , Sikkim                                                                                                   ,           292,     95.5
Under PPP Mode               , Gujarat                                                                                                  ,          2385,     60
Rewas Port Project           , West Bengal                                                                                              ,             0,      0
Logistics Infrastructure     , Haryana                                                                                                  ,           430,     60
Logistics Infrastructure     , Uttar Pradesh                                                                                            ,             0,      0
Gomoh - Flyover for DN trains, Karnataka                                                                                                ,             0,      0
(-) (-)                      , Rajasthan                                                                                                ,             0,      0
Akiveedu                     , Andhra Pradesh                                                                                           ,             0,     69.62
Akiveedu                     , Andhra Pradesh                                                                                           ,             0,     90.97
Akiveedu                     , Andhra Pradesh                                                                                           ,             0,     42.28
Akiveedu                     , Andhra Pradesh                                                                                           ,             0,     23.38
Andhra Pradesh               , Andhra Pradesh                                                                                           ,             0,     18.72
Andhra Pradesh               , Andhra Pradesh                                                                                           ,             0,     26.07
Andhra Pradesh               , Andhra Pradesh                                                                                           ,             0,     99.64
Andhra Pradesh               , Andhra Pradesh                                                                                           ,             0,     37.95
(-) (-)                      , Andhra Pradesh                                                                                           ,             0,     98.6
(-) (-)                      , Arunachal Pradesh                                                                                        ,             0,      1.7
(-) (-)                      , Arunachal Pradesh                                                                                        ,             0,     21.67
(PAIMANA)                    , Arunachal Pradesh                                                                                        ,             0,     18.63
(-) (-)                      , Arunachal Pradesh                                                                                        ,             0,      1.71
(-) (-)                      , Assam                                                                                                    ,             0,     18.3
(-) (-)                      , Assam                                                                                                    ,             0,      2.41
(PAIMANA)                    , Assam                                                                                                    ,             0,     12.45
(PAIMANA)                    , Assam                                                                                                    ,             0,     30.8
(PAIMANA)                    , Assam                                                                                                    ,             0,     57.17
(NHIDCL)                     , Assam                                                                                                    ,             0,     14.6
(NHIDCL)                     , Assam                                                                                                    ,             0,     31.83
(NHIDCL)                     , Assam                                                                                                    ,             0,     11
(NHIDCL)                     , Assam                                                                                                    ,             0,     20.45
(PAIMANA)                    , to Km                                                                                                    ,        463000,     10.000
(PAIMANA)                    , to Km                                                                                                    ,        490800,     13.800
(PAIMANA)                    , Kmunder EPC mode in the state of Bihar                                           Bihar                   ,             0,      0.05
(MoRTH)                      , Bihar                                                                                                    ,             0,      0
(-) (-)                      , Bihar                                                                                                    ,             0,     36
(PAIMANA)                    , Bihar                                                                                                    ,             0,     73.69
(PAIMANA)                    , Bihar                                                                                                    ,             0,     50.78
(PAIMANA)                    , Bihar                                                                                                    ,             0,      6.05
(-) (-)                      , Chhattisgarh                                                                                             ,             0,     97.9
(-) (-)                      , to Km                                                                                                    ,         34000,     12
(PAIMANA)                    , to Km                                                                                                    ,         60800,     12
(PAIMANA)                    , to Km                                                                                                    ,         91400,     12
(PAIMANA)                    , to Km                                                                                                    ,        120250,     01
(-) (-)                      , Himachal Pradesh                                                                                         ,             0,     70.03
(PAIMANA)                    , Karnataka                                                                                                ,             0,      0
(-) (-)                      , Karnataka                                                                                                ,             0,     85
(PAIMANA)                    , Karnataka                                                                                                ,             0,     71
(-) (-)                      , Karnataka                                                                                                ,             0,      0
(-) (-)                      , Karnataka                                                                                                ,             0,     65
(PAIMANA)                    , Pradesh on EPC mode                                                                        Madhya Pradesh,             0,     29.09
(-) (-)                      , km in the state of Madhya Pradesh on EPC mode                  Madhya Pradesh                            ,             0,     88
(PAIMANA)                    , Pradesh on EPC mode                                                                   Madhya Pradesh     ,             0,     13.11
(MoRTH)                      , in the state of Maharashtra                                                              Maharashtra     ,             0,    100
(PAIMANA)                    , Dahiwadi Village Bus Stop Design chainage Km               Maharashtra                                   ,             0,     65.57
(MoRTH)                      , km                                      Maharashtra                                                      ,             0,     79.44
(-) (-)                      , in Gondia District in the state of             Maharashtra                                               ,             0,     34.15
(-) (-)                      , of Dhawali to Gadchroli road in        Maharashtra                                                       ,             0,     37
(PAIMANA)                    , mode                                                                                     Maharashtra     ,             0,     93.75
(-) (-)                      , km                                                                                       Maharashtra     ,             0,     49.75
(-) (-)                      , Two lane with paved shoulder configuartion in the state of Maharashtra on EPC mode       Maharashtra     ,             0,     15
(PAIMANA)                    , Works & Rectification works                                                           Manipur            ,             0,     90.72
(PAIMANA)                    , Meghalaya                                                                                                ,             0,     98.72
(-) (-)                      , Mizoram                                                                                                  ,             0,     17.12
(-) (-)                      , of Mizoram on EPC mode                                                                  Mizoram          ,             0,     18.9
(-) (-)                      , Mizoram                                                                                                  ,             0,     13.95
the State of Odisha          , Punjab                                                                                                   ,             0,     45
the State of Odisha          , Punjab                                                                                                   ,             0,     83
(MoRTH)                      , to km                                                                                                    ,        225770,     12
(PAIMANA)                    , to km                                                                                                    ,        260860,     12
(PAIMANA)                    , to km                                                                                                    ,        303900,     12
(PAIMANA)                    , to km                                                                                                    ,        397700,     03
(-) (-)                      , to Km                                                                                                    ,          4604,     03
(-) (-)                      , Tripura                                                                                                  ,             0,     14.1
(-) (-)                      , Tripura                                                                                                  ,             0,     60.05
(NHIDCL)                     , Tripura                                                                                                  ,             0,     58.12
(PAIMANA)                    , km in the state of Uttar Pradesh on EPC mode           Uttar Pradesh                                     ,             0,      6
(-) (-)                      , Annuity Mode HAM in the State of Uttar Pradesh                                          Uttar Pradesh    ,             0,     30.04
(-) (-)                      , Uttar Pradesh                                                                           Uttar Pradesh    ,             0,     81.18
(-) (-)                      , Uttarakhand                                                                                              ,             0,     23.38
(-) (-)                      , km                                                                Uttarakhand                            ,             0,     35.6
(-) (-)                      , Uttarakhand                                                                                              ,             0,     81.17
(-) (-)                      , Pariyojna on EPC Mode                                                                     Uttarakhand    ,             0,     29.72
(MoRTH)                      , in the State of West Bengal on EPC mode                                                    West Bengal   ,             0,     29.33
Sector - Overview            , Railways                                                                                                 ,           260,    696
Sector - Overview            , Aviation & Aviation Infrastructure                                                                       ,            25,     19
Sector - Overview            , Urban Public Transport                                                                                   ,            23,    238
Sector - Overview            , Shipping                                                                                                 ,             9,     15
Sector - Overview            , Inland Waterways                                                                                         ,             3,     68
Sector - Overview            , Oil & Gas                                                                                                ,            95,    355
Sector - Overview            , Transmission & Distribution                                                                              ,            64,    153
Sector - Overview            , Electricity Generation                                                                                   ,            36,    275
Sector - Overview            , Energy Storage                                                                                           ,            18,     81
Sector - Overview            , Water Resources                                                                                          ,            39,     93
Sector - Overview            , Waste & Water                                                                                            ,            32,      9
Sector - Overview            , Telecommunication                                                                                        ,            15,    152
Sector - Overview            , Education                                                                                                ,            31,     16
Sector - Overview            , Healthcare                                                                                               ,            20,     13
Sector - Overview            , Real Estate                                                                                              ,             6,     37
Sector - Overview            , Coal                                                                                                     ,           117,    159
Sector - Overview            , Steel                                                                                                    ,            20,     19
Sector - Overview            , Metals & Mining                                                                                          ,             7,     10
Sector - Overview            , Construction                                                                                             ,             2,    899
(PAIMANA)                    , Water Resources                                                                                          ,            39, 139573
(PAIMANA)                    , Bihar                                                              Water Resources                       ,             2,    598.72
Chhattisgarh                 , Gujarat              Ministry of Housing & Urban Affairs            Urban Public Transport               ,             3,  24589.83
Himachal Pradesh             , Karnataka                                                             Water Resources                    ,             1,   1515.32
Puducherry                   , Punjab              Ministry of Housing & Urban Affairs               Waste & Water                      ,             2,    374.66
Telangana                    , Uttar Pradesh         Department of Telecommunications              Telecommunication                    ,             4,   1106.26
Pradesh)                     , Rajasthan                                                                                                ,           668,     98
Real Estate                  , Delhi                                                                                                    ,             0,      0
Additional Campus of NITPatna, D&E Block S                                                                                              ,            12,      2
(PAIMANA)                    , Madhya Pradesh                                                                                           ,          2033,     17
PRP-VIII [Group-A]           , Telangana                                                                                                ,             0,     10
Healthcare                   , Delhi                                                                                                    ,             0,      0
Healthcare                   , Andhra Pradesh                                                                                           ,           105,     40
Healthcare                   , Karnataka                                                                                                ,             0,      0
Healthcare                   , Maharashtra                                                                                              ,            58,     11
Shipping                     , Karnataka                                                                                                ,            24,     33
(PAIMANA)                    , Rajasthan                                                                                                ,             0,      0
Sector - Overview            , Railways                                                                                                 ,           259,    842
Sector - Overview            , Aviation & Aviation Infrastructure                                                                       ,            26,     23
Sector - Overview            , Urban Public Transport                                                                                   ,            22,    235
Sector - Overview            , Shipping                                                                                                 ,            10,     16
Sector - Overview            , Inland Waterways                                                                                         ,             3,     68
Sector - Overview            , Oil & Gas                                                                                                ,            86,    348
Sector - Overview            , Transmission & Distribution                                                                              ,            68,    150
Sector - Overview            , Electricity Generation                                                                                   ,            36,    273
Sector - Overview            , Energy Storage                                                                                           ,            16,     81
Sector - Overview            , Water Resources                                                                                          ,            39,     93
Sector - Overview            , Waste & Water                                                                                            ,            33,     10
Sector - Overview            , Telecommunication                                                                                        ,            15,    152
Sector - Overview            , Education                                                                                                ,            30,     13
Sector - Overview            , Healthcare                                                                                               ,            19,      8
Sector - Overview            , Real Estate                                                                                              ,             6,     37
Sector - Overview            , Coal                                                                                                     ,           118,    159
Sector - Overview            , Steel                                                                                                    ,            20,     19
Sector - Overview            , Metals & Mining                                                                                          ,            10,     14
Sector - Overview            , Construction                                                                                             ,             3,      1
(PAIMANA)                    , Water Resources                                                                                          ,            39, 138530
Assam                        , Bihar                                                                Waste & Water                       ,             5,   1303.45
Chhattisgarh                 , Gujarat                                                                  Real Estate                     ,             1,     39.63
Puducherry                   , Education                                                                                                ,             2,    290.39
BLOCK E OCP                  , Jharkhand                                                                                                ,             0,      8
Real Estate                  , Delhi                                                                                                    ,             0,      0
UTKAL D AND E COAL BLOCK     , Odisha                                                                                                   ,             0,      0
(PAIMANA)                    , D&E Block S                                                                                              ,            12,      2
IISER BERHAMPUR              , Punjab                                                                                                   ,             0,      0
(PAIMANA)                    , Madhya Pradesh                                                                                           ,          1955,     16
Healthcare                   , Andhra Pradesh                                                                                           ,           105,     40
(PAIMANA)                    , Karnataka                                                                                                ,             0,      0
Healthcare                   , Maharashtra                                                                                              ,            58,      0
JHAJHA - BATIA               , Chhattisgarh                                                                                             ,           376,    100
(PAIMANA)                    , Rajasthan                                                                                                ,             0,      0
in Rs. Crore                 , CIVIL AVIATION                                                                                           ,            38,     26
in Rs. Crore                 , COAL                                                                                                     ,           116,    187
in Rs. Crore                 , DEPARTMENT OF HIGHER EDUCATION                                                                           ,            20,      9
in Rs. Crore                 , DPIIT                                                                                                    ,             2,     24
in Rs. Crore                 , FINANCE                                                                                                  ,             2,    577.27
in Rs. Crore                 , HEALTH AND FAMILY WELFARE                                                                                ,             7,      7
in Rs. Crore                 , HOME AFFAIRS                                                                                             ,             3,      1
in Rs. Crore                 , MINES                                                                                                    ,             8,      7
in Rs. Crore                 , PETROLEUM                                                                                                ,           102,    415
in Rs. Crore                 , POWER                                                                                                    ,           105,    376
in Rs. Crore                 , RAILWAYS                                                                                                 ,           203,    580
in Rs. Crore                 , ROAD TRANSPORT AND HIGHWAYS                                                                              ,           923,    730
in Rs. Crore                 , SHIPPING AND PORTS                                                                                       ,             1,      5
in Rs. Crore                 , STEEL                                                                                                    ,            20,     16
in Rs. Crore                 , TELECOMMUNICATIONS                                                                                       ,             6,     26
in Rs. Crore                 , URBAN DEVELOPMENT                                                                                        ,            24,    253
in Rs. Crore                 , WATER RESOURCES                                                                                          ,            15,     15
in Rs. Crore                 , ANDAMAN AND NICOBAR ISLANDS                                                                              ,             9,      2
in Rs. Crore                 , ANDHRA PRADESH                                                                                           ,           100,    137
in Rs. Crore                 , ARUNACHAL PRADESH                                                                                        ,            14,     45
in Rs. Crore                 , ASSAM                                                                                                    ,            68,     72
in Rs. Crore                 , BIHAR                                                                                                    ,            90,    128
in Rs. Crore                 , CHHATTISGARH                                                                                             ,            50,     75
in Rs. Crore                 , DELHI                                                                                                    ,            21,     90
in Rs. Crore                 , GUJARAT                                                                                                  ,            89,    166
in Rs. Crore                 , HARYANA                                                                                                  ,            24,     60
in Rs. Crore                 , HIMACHAL PRADESH                                                                                         ,            27,     33
in Rs. Crore                 , JAMMU AND KASHMIR                                                                                        ,            53,     73
in Rs. Crore                 , JHARKHAND                                                                                                ,            64,    113
in Rs. Crore                 , KARNATAKA                                                                                                ,            79,    103
in Rs. Crore                 , KERALA                                                                                                   ,            29,     62
in Rs. Crore                 , LADAKH                                                                                                   ,             6,      2
in Rs. Crore                 , MADHYA PRADESH                                                                                           ,            53,    111
in Rs. Crore                 , MAHARASHTRA                                                                                              ,           157,    218
in Rs. Crore                 , MANIPUR                                                                                                  ,            31,     25
in Rs. Crore                 , MEGHALAYA                                                                                                ,            14,      6
in Rs. Crore                 , MIZORAM                                                                                                  ,            16,     14
in Rs. Crore                 , MULTI STATE                                                                                              ,            49,    331
in Rs. Crore                 , NAGALAND                                                                                                 ,            23,     13
in Rs. Crore                 , ODISHA                                                                                                   ,            76,    141
in Rs. Crore                 , PUNJAB                                                                                                   ,            37,     37
in Rs. Crore                 , RAJASTHAN                                                                                                ,            59,    133
in Rs. Crore                 , SIKKIM                                                                                                   ,            18,     20
in Rs. Crore                 , TAMIL NADU                                                                                               ,            58,     86
in Rs. Crore                 , TELANGANA                                                                                                ,            52,     29
in Rs. Crore                 , TRIPURA                                                                                                  ,            14,      7
in Rs. Crore                 , UTTAR PRADESH                                                                                            ,           126,    206
in Rs. Crore                 , UTTARAKHAND                                                                                              ,            30,     58
in Rs. Crore                 , WEST BENGAL                                                                                              ,            56,     73
(AAI )                       , DIBANG MULTIPURPOSE PROJECT                                                                              ,          2880,      2
(NHAI )                      , ACCESS CONTROLLED HIGHWAY OF                                                                             ,             4,     12
(NHAI )                      , PERMANENT RECTIFICATION OF                                                                               ,             3,     12
(MoRTH )                     , PERMANENT RECTIFICATION OF                                                                               ,             4,     12
(SAIL )                      , REPLACEMENT OF REMAINING                                                                                 ,            04,      3
(NHAI )                      , CONSTRUCTION OF ADDITIONAL                                                                               ,             3,      7
(CPWD EDUCATION )            , BEDDED HOSPITAL INCLUDING                                                                                ,            50,      7
(N.A.)              (N.A.)   , INTEGRATED DEVELOPMENT OF                                                                                ,             4,      5
(WCL )                       , BINA KAKRI AMALGAMATION OCP                                                                              ,            14,      8
(MoRTH )                     , ACCESS CONTROLLED HIGHWAY OF                                                                             ,             4,     12
(MoRTH )                     , WIDENING AND STRENGTHENING TO                                                                            ,             4,      3
(MoRTH )                     , FROM KM                                                                                                  ,           273,     00
(MM/YYYY)                    , B T AT KM                                                                                                ,           307,    050
in Rs. Crore                 , CIVIL AVIATION                                                                                           ,            38,     26
in Rs. Crore                 , COAL                                                                                                     ,           113,    186
in Rs. Crore                 , DEPARTMENT OF HIGHER EDUCATION                                                                           ,            20,      9
in Rs. Crore                 , DPIIT                                                                                                    ,             2,     24
in Rs. Crore                 , FINANCE                                                                                                  ,             2,    577.27
in Rs. Crore                 , HEALTH AND FAMILY WELFARE                                                                                ,             7,      7
in Rs. Crore                 , HOME AFFAIRS                                                                                             ,             3,      1
in Rs. Crore                 , MINES                                                                                                    ,             8,      7
in Rs. Crore                 , PETROLEUM                                                                                                ,           105,    423
in Rs. Crore                 , POWER                                                                                                    ,           108,    379
in Rs. Crore                 , RAILWAYS                                                                                                 ,           203,    579
in Rs. Crore                 , ROAD TRANSPORT AND HIGHWAYS                                                                              ,           958,    742
in Rs. Crore                 , SHIPPING AND PORTS                                                                                       ,             1,      5
in Rs. Crore                 , SOCIAL JUSTICE                                                                                           ,             1,    170.99
in Rs. Crore                 , STEEL                                                                                                    ,            20,     16
in Rs. Crore                 , TELECOMMUNICATIONS                                                                                       ,             6,     26
in Rs. Crore                 , URBAN DEVELOPMENT                                                                                        ,            27,    265
in Rs. Crore                 , WATER RESOURCES                                                                                          ,            15,     15
in Rs. Crore                 , ANDAMAN AND NICOBAR ISLANDS                                                                              ,            10,      2
in Rs. Crore                 , ANDHRA PRADESH                                                                                           ,           101,    137
in Rs. Crore                 , ARUNACHAL PRADESH                                                                                        ,            14,     45
in Rs. Crore                 , ASSAM                                                                                                    ,            68,     72
in Rs. Crore                 , BIHAR                                                                                                    ,            90,    128
in Rs. Crore                 , CHHATTISGARH                                                                                             ,            50,     75
in Rs. Crore                 , DELHI                                                                                                    ,            21,     90
in Rs. Crore                 , GUJARAT                                                                                                  ,            90,    167
in Rs. Crore                 , HARYANA                                                                                                  ,            24,     60
in Rs. Crore                 , HIMACHAL PRADESH                                                                                         ,            28,     34
in Rs. Crore                 , JAMMU AND KASHMIR                                                                                        ,            53,     73
in Rs. Crore                 , JHARKHAND                                                                                                ,            63,    113
in Rs. Crore                 , KARNATAKA                                                                                                ,            79,    103
in Rs. Crore                 , KERALA                                                                                                   ,            31,     63
in Rs. Crore                 , LADAKH                                                                                                   ,             6,      2
in Rs. Crore                 , MADHYA PRADESH                                                                                           ,            55,    111
in Rs. Crore                 , MAHARASHTRA                                                                                              ,           177,    235
in Rs. Crore                 , MANIPUR                                                                                                  ,            33,     25
in Rs. Crore                 , MEGHALAYA                                                                                                ,            15,      6
in Rs. Crore                 , MIZORAM                                                                                                  ,            17,     14
in Rs. Crore                 , MULTI STATE                                                                                              ,            50,    331
in Rs. Crore                 , NAGALAND                                                                                                 ,            25,     13
in Rs. Crore                 , ODISHA                                                                                                   ,            76,    141
in Rs. Crore                 , PUNJAB                                                                                                   ,            37,     37
in Rs. Crore                 , RAJASTHAN                                                                                                ,            62,    138
in Rs. Crore                 , SIKKIM                                                                                                   ,            20,     20
in Rs. Crore                 , TAMIL NADU                                                                                               ,            61,     88
in Rs. Crore                 , TELANGANA                                                                                                ,            52,     29
in Rs. Crore                 , TRIPURA                                                                                                  ,            14,      7
in Rs. Crore                 , UTTAR PRADESH                                                                                            ,           125,    205
in Rs. Crore                 , UTTARAKHAND                                                                                              ,            31,     58
in Rs. Crore                 , WEST BENGAL                                                                                              ,            56,     78
(AAI )                       , DIBANG MULTIPURPOSE PROJECT                                                                              ,          2880,      2
(NHAI )                      , ACCESS CONTROLLED HIGHWAY OF                                                                             ,             4,     12
HIGHWAYS                     , REHABILITATION AND UPGRADING TO                                                                          ,             2,      1
(MoRTH )                     , REHABILITATION AND UPGRADING TO                                                                          ,             2,      2
(PGCIL )                     , ANAND GODHRA DOUBLING PROJECT                                                                            ,            79,      4
(NHAI )                      , UPGRADATION AND STRENGTHENING TO                                                                         ,             2,      9
(MoRTH )                     , REHABILITATION AND UPGRADING FROM                                                                        ,             2,      3
(MM/YYYY)                    , REHABILITATION AND UPGRADATION TO                                                                        ,             2,      3
(BRO )                       , REHABILITATION AND UPGRADATION TO                                                                        ,             2,      7
(BRO )                       , REHABILITATION AND UPGRADATION TO                                                                        ,             2,      2
(BRO )                       , REHABILITATION AND UPGRADATION TO                                                                        ,             2,      3
(BRO )                       , REHABILITATION AND UPGRADATION TO                                                                        ,             2,      3
(NHAI )                      , REHABILITATION AND UPGRADATION TO                                                                        ,             2,     10
(BRO )                       , REHABILITATION AND UPGRADATION TO                                                                        ,             2,      9
(MM/YYYY)                    , BEDDED HOSPITAL INCLUDING                                                                                ,            50,      7
(MM/YYYY)                    , INTEGRATED DEVELOPMENT OF                                                                                ,             4,      5
(MoRTH )                     , REHABILITATION AND UP GRADATION TO                                                                       ,             2,      3
(MM/YYYY)                    , CONSTRUCTION OF NEW DOUBLE TIER                                                                          ,             4,      3
(MoRTH )                     , ACCESS CONTROLLED HIGHWAY OF                                                                             ,             4,     12
(MM/YYYY)                    , WIDENING AND STRENGTHENING TO                                                                            ,             4,      3
(MoRTH )                     , REHABILITATION AND UPGRADATION TO                                                                        ,             2,      4
(MoRTH )                     , REHABILITATION AND UPGRADATION TO                                                                        ,             2,      4
(MoRTH )                     , REHABILITATION AND UP GRADATION OF                                                                       ,             2,      2
(MoRTH )                     , REHABILITATION AND UPGRADATION OF                                                                        ,             2,      3
(MoRTH )                     , FROM KM                                                                                                  ,           273,     00
(MoRTH )                     , B T AT KM                                                                                                ,           307,    050
in Rs. Crore                 , CIVIL AVIATION                                                                                           ,            38,     26
in Rs. Crore                 , COAL                                                                                                     ,           113,    188
in Rs. Crore                 , DEPARTMENT OF HIGHER EDUCATION                                                                           ,            20,      9
in Rs. Crore                 , DPIIT                                                                                                    ,             2,     24
in Rs. Crore                 , FINANCE                                                                                                  ,             2,    577.27
in Rs. Crore                 , HEALTH AND FAMILY WELFARE                                                                                ,             8,      7
in Rs. Crore                 , HOME AFFAIRS                                                                                             ,             5,      2
in Rs. Crore                 , MINES                                                                                                    ,             8,      7
in Rs. Crore                 , PETROLEUM                                                                                                ,           106,    423
in Rs. Crore                 , POWER                                                                                                    ,           106,    378
in Rs. Crore                 , RAILWAYS                                                                                                 ,           213,    631
in Rs. Crore                 , ROAD TRANSPORT AND HIGHWAYS                                                                              ,           979,    762
in Rs. Crore                 , SHIPPING AND PORTS                                                                                       ,             1,      5
in Rs. Crore                 , SOCIAL JUSTICE                                                                                           ,             1,    170.99
in Rs. Crore                 , STEEL                                                                                                    ,            20,     16
in Rs. Crore                 , TELECOMMUNICATIONS                                                                                       ,             6,     26
in Rs. Crore                 , URBAN DEVELOPMENT                                                                                        ,            27,    265
in Rs. Crore                 , WATER RESOURCES                                                                                          ,            15,     15
in Rs. Crore                 , ANDAMAN AND NICOBAR ISLANDS                                                                              ,            10,      2
in Rs. Crore                 , ANDHRA PRADESH                                                                                           ,           101,    137
in Rs. Crore                 , ARUNACHAL PRADESH                                                                                        ,            15,     45
in Rs. Crore                 , ASSAM                                                                                                    ,            66,     70
in Rs. Crore                 , BIHAR                                                                                                    ,            91,    132
in Rs. Crore                 , CHHATTISGARH                                                                                             ,            50,     75
in Rs. Crore                 , DELHI                                                                                                    ,            21,     90
in Rs. Crore                 , GUJARAT                                                                                                  ,            93,    171
in Rs. Crore                 , HARYANA                                                                                                  ,            27,     64
in Rs. Crore                 , HIMACHAL PRADESH                                                                                         ,            29,     38
in Rs. Crore                 , JAMMU AND KASHMIR                                                                                        ,            54,    110
in Rs. Crore                 , JHARKHAND                                                                                                ,            63,    113
in Rs. Crore                 , KARNATAKA                                                                                                ,            79,    100
in Rs. Crore                 , KERALA                                                                                                   ,            32,     64
in Rs. Crore                 , LADAKH                                                                                                   ,             6,      2
in Rs. Crore                 , MADHYA PRADESH                                                                                           ,            59,    113
in Rs. Crore                 , MAHARASHTRA                                                                                              ,           177,    235
in Rs. Crore                 , MANIPUR                                                                                                  ,            32,     25
in Rs. Crore                 , MEGHALAYA                                                                                                ,            15,      6
in Rs. Crore                 , MIZORAM                                                                                                  ,            17,     14
in Rs. Crore                 , MULTI STATE                                                                                              ,            51,    333
in Rs. Crore                 , NAGALAND                                                                                                 ,            30,     15
in Rs. Crore                 , ODISHA                                                                                                   ,            79,    149
in Rs. Crore                 , PUNJAB                                                                                                   ,            38,     37
in Rs. Crore                 , RAJASTHAN                                                                                                ,            65,    138
in Rs. Crore                 , SIKKIM                                                                                                   ,            21,     20
in Rs. Crore                 , TAMIL NADU                                                                                               ,            63,     92
in Rs. Crore                 , TELANGANA                                                                                                ,            52,     29
in Rs. Crore                 , TRIPURA                                                                                                  ,            14,      7
in Rs. Crore                 , UTTAR PRADESH                                                                                            ,           128,    212
in Rs. Crore                 , UTTARAKHAND                                                                                              ,            31,     58
in Rs. Crore                 , WEST BENGAL                                                                                              ,            58,     79
(AAI )                       , DIBANG MULTIPURPOSE PROJECT                                                                              ,          2880,      2
(NHIDCL )                    , Rehabilitation and up gradation to                                                                       ,             2,     11
(NHAI )                      , CONSTRUCTION OF A NEW                                                                                    ,             4,      9
(MM/YYYY)                    , CONSTRUCTION OF A NEW                                                                                    ,             4,      2
(NHAI )                      , UP GRADATION OF NH                                                                                       ,           930,      3
(NHAI )                      , UPGRADATION OF EXISTING                                                                                  ,             4,      1
(NHAI )                      , CONSTRUCTION OF NEW                                                                                      ,             2,      7
(MoRTH )                     , UPGRADATION OF EXHISTING                                                                                 ,             2,     12
(NCL )                       , CONSTRUCTION OF                                                                                          ,           683,      5
(NHAI )                      , CONSTRUCTION OF NEW                                                                                      ,             4,      8
(NHAI )                      , CONSTRUCTION OF NEW                                                                                      ,             4,      8
(NHAI )                      , CONSTRUCTION OF NEW                                                                                      ,             4,      8
